OFF
# Created by meshio

5516 11040 0

-22.48153499999995 -34.0 2.765348499999324
-22.481535 -34.0 16.23465
-22.481535 20.0 2.7653485
-22.481535 20.0 16.23464999999999
-22.481535 23.99999 2.7653485
-22.5 24.03353158174217 7.5
-22.5 23.99999 11.5
-22.481535 23.99999 16.23465
-22.46405658581393 34.0 2.93035893055038
-22.5 34.0 7.5
-22.5 34.0 11.5
-22.481535 34.0 16.23465
-22.37227540572655 -33.91444829371132 2.152525535582508
-22.35317 -33.89362085836861 16.92705
-22.35317 20.0 2.072949
-22.32139731469681 20.0 17.00375594666701
-22.34597628431411 23.99999 2.05558185691864
-22.34971288408481 23.99999 16.93539620512813
-22.35317 33.92568846806392 2.072949
-22.33564876911855 34.0 16.96934993746855
-22.12528769435564 -34.0 1.576445026708969
-22.16753434405244 -34.0 17.30790134793562
-14.44525304645007 7.971877935901048 19.0
-22.17302 34.0 1.638029
-21.75591209372519 -33.87205248059024 1.036266997994548
-21.9336843917743 -33.96566396261874 17.75253356379117
-21.92705 20.0 1.236644
-21.92705 20.0 17.76336
-22.01670310868368 23.99999 1.382944008248973
-21.96892819057539 24.02008831804295 17.69502041828248
-21.87204918504361 33.9768123768326 1.172246236531275
-21.98690378570206 33.98224145153125 17.66568666161341
-21.45526593821642 -34.0 0.7368542878116676
-21.51420888563025 -34.0 18.21280251479569
-21.44234 20.0 18.274185
-21.44234 23.99999 0.7258143500000008
-21.43315436427377 23.99999 18.28203035817013
-21.4587419605871 34.0 0.7611516165143997
-21.49943453486679 34.0 18.22542113771141
-20.86197 -34.0 0.3269804
-21.00844063383699 -33.97806813960646 18.58326344950077
-21.01150984105978 20.0 0.4186172254059546
-20.98946206904708 20.0 18.5948934292745
-20.85139108037597 24.00796815731474 0.3225984646730957
-20.86197 23.99999 18.67302
-20.86197 34.0 0.3269804
-20.99024592867579 33.96483747757798 18.59441308359355
-20.3273706785414 -34.0 0.1228997280394534
-20.42705 -34.0 18.85317
-20.42705 20.0 18.85317
-20.30100607422002 24.01465735100963 0.1165701771896602
-20.40140841165212 24.09486139901509 18.85932566170082
-20.42705 34.0 0.1468305
-20.42705 34.0 18.85317
-19.73464999999932 -34.0 0.01846748999994885
-19.73465 -34.0 18.98153
-19.58454916068488 19.96795876703522 0.006654211717266015
-19.73465 20.0 18.98153
-19.73465 23.99999 0.01846749000000074
-19.73465 23.99999 18.98153
-19.73465000000001 34.0 0.01846749000000103
-19.73464999999998 34.0 18.98153
-16.0 -34.0 5.329070518200751e-15
-16.0 -33.98165238561086 19.0
-16.0 -21.0 4.235141e-15
-16.0 -21.0 9.45307351853233
-16.0 -21.0 19.0
-15.99778838959041 20.0 9.474017152240073
-15.89156708607179 -21.0 8.856024251884422
-15.92625674893224 20.0 8.98926267278256
-15.92849499999979 20.0 10.00214100000079
-15.65286222355134 -20.96640840403171 8.386766224621526
-15.74603 -21.0 10.47539
-15.74603 20.0 8.52461
-15.74603 20.0 10.47539
-15.48166849847611 -20.9682805873522 10.83406835601227
-15.43871 20.0 10.87889
-15.32135 -21.0 7.998655
-15.32135 20.0 7.998655
-14.89716 -21.0 7.720581999999999
-15.04861 -21.0 11.20306
-14.91744378015962 19.9653427829358 7.730808935972195
-15.04861 20.0 11.20306
2.0 26.28207343667124 14.30463323744977
-14.46862363590727 -21.0 7.559363606892484
-14.5376761166023 -20.96781571282848 11.41948897375642
-14.46840972665131 19.97369358061696 7.559298096647
-14.49148285943305 20.0 11.43363534722527
-13.90952767900352 -21.0 7.491749800368405
-14.0335906612918 -20.96620335988868 11.4960207592653
-14.03234641279825 20.0 7.504033642781103
-13.78820754991569 20.0 11.51095863384329
-13.56589939249873 20.0 7.555006328197638
-13.49534636448625 -21.0 7.570211333342069
-13.51530040156049 -21.0 11.43408660454595
-13.09959 -21.0 7.714148
-13.09959 -21.0 11.28585
-13.16281517114042 19.98029224812085 11.31125576834998
-12.74488003638834 20.0 7.904007663796579
-12.68341 20.0 10.995935
-12.5 20.0 1.724615e-15
-12.5 20.0 7.5
-12.5 20.0 11.5
-12.5 20.0 19.0
-12.5 23.99999 1.479685e-15
-12.5 23.99999 7.5
-12.5 23.99999 11.5
-12.5 23.99999 19.0
-12.3332925014687 -21.0 10.60260865153503
-12.34298 20.0 8.380051
-12.36825151986299 20.0 10.65124797868443
-12.15954574979637 -21.0 8.70025438395524
-12.121035 20.0 10.16388
-12.0022834698073 -20.97904220998289 9.446455801729627
-11.9871056795595 20.0 9.656682596031033
-12.0 -34.0 5.031161e-15
-12.0 -34.0 19.0
-12.0 -21.0 4.235141e-15
-12.01156278172128 -20.97229761980525 19.0
-3.487391 -34.0 9.203178
-3.487391 -34.0 9.796821
-3.476464366265934 -24.00001 9.13945442358418
-3.487391 -24.00001 9.796821
-3.387064 -34.0 8.618076
-3.387064 -34.0 10.38192
-3.363797787373791 -24.00001 8.552225475921846
-3.387064 -24.00001 10.38192
-3.189301 -34.0 8.058346
-3.189301 -34.0 10.94165
-3.16807073143759 -24.00001 8.020342164216203
-3.189301 -24.00001 10.94165
-2.873412565805991 -34.0 7.507427665582687
-2.91919858745889 -34.0 11.42515624082025
-2.899784 -24.00001 7.540088
-2.925844036250143 -24.00001 11.41326032351468
-2.526846 -34.0 7.078214
-2.526846 -34.0 11.92179
-2.526846 -24.00001 7.078214
-2.595224819834618 -24.00001 11.83710351241972
-2.081217 -34.0 6.68601
-2.081217 -34.0 12.31399
-2.081217 -24.00001 6.68601
-2.081217 -24.00001 12.31399
-1.985616500000005 -24.00001 9.330999499999999
-2.0 20.0 1.724615e-15
-1.980767848237907 20.0 7.502230065014002
-1.978810315222917 20.0 9.251029490585085
-2.0 20.0 11.5
-2.0 20.0 19.0
-2.031777516555007 34.0 8.89913143176102e-16
-2.0 34.0 7.5
-2.0 34.0 11.5
-2.0 34.0 19.0
-1.971233 -24.00001 9.838002
-1.971233 20.0 9.838002
-1.866575691721439 -24.00001 8.791292932418315
-1.855551980360062 20.0 8.766905810252124
-1.633013183526566 -23.99238423894958 8.357399170488492
-1.743072087382368 -23.97261947280053 10.47976197331571
-1.6510495 20.0 8.384084999999999
-1.746027 20.0 10.47539
-1.600188029973304 -34.0 6.389830403515675
-1.597758892326442 -34.0 12.64421991661605
-1.519031571618344 -24.00001 6.351983735157046
-1.575712 -24.00001 12.62524
-1.425460940559256 -24.00001 10.89271460765092
-1.4333236179505 19.9750322695002 10.88451098935729
-1.32135 -24.00001 7.998655
-1.363325006402894 19.96436795824969 8.042451018026009
-0.910444849924141 -24.00001 7.721504532275116
-1.049634328631162 -24.00001 11.20230608513217
-1.009691021966943 19.99402655025137 7.777316985349392
-1.084241955678566 19.96590782757007 11.17670962509586
-1.024881 -34.0 6.153416
-1.024881 -34.0 12.84658
-1.024881 -24.00001 6.153416
-0.4941044941513275 -24.00001 7.567167025583706
-0.5835361499999998 -24.00001 11.405445
-0.5835361499999893 20.0 7.594555499999997
-0.58353615 20.0 11.405445
-0.4141459115325326 -34.0 6.027055896271639
-0.4001266115806362 -34.0 12.97353801361401
-0.4445629 -24.00001 6.028348
-0.6956990580040965 -24.00001 12.91752520313157
-0.003621848119361587 -24.00001 7.487437420434991
-0.08488083 -24.00001 11.4982
-0.08488083 20.0 7.501802
-0.08488083 20.0 11.4982
0.1485443 -34.0 6.003153
0.1485443 -34.0 12.99685
0.1485443 -24.00001 6.003153
0.1485443 -24.00001 12.99685
0.4198408000000002 -24.00001 11.448065
0.419840800000033 20.0 11.44806499999999
0.5856457 -24.00001 7.587667
0.5856457 20.0 7.587667
0.9313150799764631 -34.0 6.137949495155548
0.7373772 -34.0 12.92144
0.7373772 -24.00001 6.078557
0.6437489504305474 -24.00001 12.92791840983286
1.090466559893059 -24.00001 7.831172446309849
0.9004078 -24.00001 11.28585
1.04483690000989 20.0 7.803077000001626
1.057035113822241 20.0 11.2322520242334
1.349940778577934 -24.00001 10.96658317161757
1.361689726388532 -34.0 6.280971452582547
1.339597003128092 -33.99816587183896 12.73016549745412
1.314736051218082 -24.00001 6.295146744942635
1.206106168614445 -24.00001 12.77789494912405
1.443913 -24.00001 8.116122
1.455567953355472 20.0 8.130556507635433
1.7397385 -24.00001 8.528124
1.657019 -24.00001 10.61995
1.668409761179218 20.0 10.60152314390526
1.745147388904949 20.0 8.537806244293337
1.916946576275061 20.0 10.09493145707305
1.835075 -34.0 6.519648
1.891983653576161 -34.0 12.43826044633116
1.835075 -24.00001 6.519648
1.802023849516356 -24.00001 12.49701408932713
1.935467 -24.00001 8.996044
1.892072094913802 -24.00001 10.12677700079436
1.96413049999988 20.0 9.1632159999993
1.997783672034751 -24.00001 9.552167057846484
1.986339966592981 20.0 9.707253829531805
2.0 20.0 1.724615e-15
2.0 20.0 7.5
2.0 20.0 11.5
2.0 20.0 19.0
2.0 34.0 8.673617e-16
2.0 34.0 7.5
2.0 34.0 11.5
2.0 34.0 19.0
2.344461957225835 -34.0 6.906140501257949
2.312361 -34.0 12.12735
2.274642377099839 -24.00001 6.844750442872546
2.312361 -24.00001 12.12735
2.749877901202062 -33.99410939706132 7.340812061122114
2.723125 -34.0 11.69877
2.723125 -24.00001 7.30123
2.739321920091701 -24.00001 11.67480581807053
3.05555 -34.0 7.793067
3.149402498485742 -34.0 11.05987766703198
3.076103745367937 -24.00001 7.838537040463897
3.076462457448228 -24.02997013488509 11.16066674053032
3.383913178463203 -34.0 8.540518885063051
3.354600557495088 -34.0 10.5475306634787
3.290876561692633 -24.00001 8.313668383876543
3.328305807184408 -24.00001 10.55755567621289
-12.0 -26.60895164546653 8.900299334840696
3.427962575174654 -24.00001 8.825182147781756
3.439549971428291 -24.00001 10.01972003015277
3.5 -34.0 9.5
3.5 -24.00001 9.5
12.0 -34.0 5.031161e-15
12.0 -33.99842443724369 19.0
12.0 -21.0 4.235141e-15
12.00038893301113 -20.99199918089189 9.490837818627291
12.0 -21.0 19.0
12.04337245976138 20.0 9.119433091811256
12.121035 -21.0 8.8361205
12.13425732508886 -20.98221090012789 10.20130171893127
12.10914230931394 20.0 10.13022140174294
12.17754 20.0 8.676197
12.32337708866037 -21.0 8.415141206610175
12.31150585214916 -21.0 10.56360891630786
12.36390982559856 19.96701559385811 8.354130170661154
12.32875943150064 20.0 10.60122389665481
12.5 20.0 1.724615e-15
12.5 20.0 7.5
12.5 20.0 11.5
12.5 20.0 19.0
12.5 23.99999 1.479685e-15
12.5 23.99999 7.5
12.5 23.99999 11.5
12.5 23.99999 19.0
12.5812669198602 -21.0 8.093963067501615
12.58654543432871 -21.0 10.91068398754087
-6.516304640731143 28.7408920656782 7.5
12.67529456646553 20.0 10.9887925643677
13.09959 -21.0 7.714148
13.08539965608616 -21.0 11.27711256813503
13.07002731169569 20.0 7.732350453148332
13.09959 20.0 11.28585
13.53401732173725 -21.0 7.561876510720674
13.58452991214081 -20.96778382873368 11.44900789970358
13.580155 20.0 7.551933
13.56952733021921 19.98025196006314 11.44577447933044
14.08488 -21.0 7.501802
14.05113704737084 -20.98402186131476 11.4967663327102
14.08488 20.0 7.501802
14.08488 20.0 11.4982
14.583535 -21.0 7.5945555
14.52528041898633 -21.0 11.4327638244886
14.62774351905799 20.0 7.604911506299406
14.59102358843183 19.96795924686054 11.40315167029772
15.04861 -21.0 7.796942
15.03869199424284 -21.0 11.20806058712193
15.04861 20.0 7.796942
15.06930823155519 20.0 11.20080116128376
15.42657457404337 -21.0 8.108445492101618
15.41336420857994 -21.0 10.90533505929947
15.39260713762656 20.0 8.073004136377097
15.43871000000002 20.0 10.87888999999998
15.73459746807807 -20.99904230714305 8.507695317452841
15.76022255033504 -21.0 10.44399331185813
15.68192496827922 20.0 8.429765194961435
15.91568652959644 -20.97428926082065 10.05133649604704
15.89940045962437 19.99068282142933 8.886111206798063
15.90019793507079 20.0 10.20126270402617
16.02661579995241 -34.0 5.031161e-15
16.0 -34.0 19.0
16.0 -21.0 4.235141e-15
16.0 -21.01575360185454 9.154949623257556
16.0 -21.0 19.0
16.0 20.0 9.5
19.73465 -34.0 0.01846749000000265
19.73465 -34.0 18.98153
19.49891086566637 19.96919050241877 1.726501537425726e-15
19.73465 20.0 18.98153
19.73465 23.99999 0.01846749000000088
19.73464999999998 23.99999 18.98153
19.73465 34.0 0.01846749000000059
19.73465 34.0 18.98153
20.42705 -34.0 0.1468305
20.42705 -34.0 18.85317
20.42705 20.0 0.1468305
20.5289242395221 20.0 18.81097225271336
20.42705 23.99999 0.1468305
20.58767874125234 23.99999 18.7866353091681
20.42178019158439 34.0 0.1455653370592385
20.42705 34.0 18.85317
21.0735428015136 -34.0 0.4566305302632824
-5.208909418842032 28.64231351241708 11.5
21.03122431145764 20.0 0.4306980960890908
8.25650499953293 28.62073742061192 7.5
20.86197 23.99999 0.3269804
21.06217616383189 34.0 0.4496651450835865
21.26336 -34.0 18.42705
21.5212468673894 19.99096152442683 0.7932080582405018
21.26336 20.0 18.42705
21.41003989710415 23.99999 0.6982270970431883
21.26336 23.99999 18.42705
21.49012136695326 33.97833846735288 0.7666240236103916
21.26336 34.0 18.42705
21.73474232781791 -34.0 17.98852094048442
21.774185 20.0 17.94234
21.75172623311218 23.99999 17.93563502628118
21.774185 34.0 17.94234
21.96880482116928 -33.99907502497306 1.304781410639623
22.03056280832518 19.99544283502986 1.405560894619681
22.02743607178752 24.04529453210273 1.400458544149419
21.94882019291599 34.0 1.295416565430009
22.17302 -34.0 17.36197
-12.0 -28.55246385860084 7.107306131076799
22.05226053771777 20.0 17.51904175839217
5.573520774503246 -17.79213572884112 4.038715959580112e-15
22.11105209128343 24.00140176602074 17.46309330316601
22.11149163010478 33.97167622963364 17.46237603485077
22.33318796144832 -34.0 2.024708155110202
22.36451843002412 -33.9223056929282 16.8797820851361
22.35317 20.0 2.072949
22.35867257773652 20.0 16.90413093758969
22.35317 23.99999 2.072949
22.36637979045398 23.99999 16.87202923948764
22.34365522970494 33.94920037716439 2.049978342788087
22.35317 34.0 16.92705
22.481535 -34.0 2.7653485
22.481535 -34.0 16.23465
22.481535 20.0 2.765348500000036
22.481535 20.0 16.23465
22.49681194566631 24.01201513648712 2.959486502492224
22.481535 23.99999 16.23464999999998
22.481535 34.0 2.7653485
22.481535 34.0 16.23465
22.5 23.99999 7.5
22.5 23.99999 11.5
22.5 34.0 7.5
22.5 34.0 11.5
-14.12607058573086 11.65077305122658 19.0
-14.25372074315956 -21.0 15.99528232281868
-2.0 27.0 7.5
-2.0 27.0 11.5
1.999999999999999 25.44245206861523 7.5
2.0 27.0 19.0
-6.635451378178331 11.50445972942031 19.0
12.68160580274114 34.0 3.463013543869894
-22.481535 4.553549353301028 16.23464999999999
-10.87973774783729 -17.89411899372459 4.04496063367901e-15
12.0 -27.5 4.633151000000001e-15
17.59898560004554 34.0 16.20067070702617
12.0 -24.87754580509826 14.07242554484074
16.0 -25.97659296738673 11.53179987605989
-7.069852786441738 8.693222172091117 19.0
-4.257586360885224 31.24741598643813 11.5
15.95098856374846 28.95143609985816 1.17649672162455e-15
7.133035294486049 34.0 4.404107286457454
-12.07838385111529 -2.741306301248994 3.117118432762181e-15
4.842499344154584 6.274503763291325 19.0
-18.05919509265436 20.0 15.97452505732942
10.06058784106165 -18.50205418418317 4.082185928848796e-15
22.481535 -14.60257151334533 2.765348500000013
-22.5 -25.5833558908719 15.43297464360314
-6.059461305948314 18.79628664378527 19.0
9.668436053733862 31.76438314327897 7.5
-8.5774975039875 23.20207966085129 19.0
8.867383315539714 -34.0 4.527970181182365
-8.151190251743614 14.7870698071288 19.0
-7.477954308755178 29.52696294504464 19.0
10.1606367675682 27.73760060958442 11.5
-22.5 -16.05843469766489 10.08655441337352
3.044244727237976 -22.05373639280718 4.299663711030952e-15
8.071369734389242 -29.68227516262433 4.766776744227094e-15
2.0 27.0 11.5
-15.12024476623201 -5.8846962270079 19.0
5.483140595875235 22.53506485984046 11.5
22.5 -15.87730913494367 10.8694933428234
7.187658245183352 22.67539338261613 1.560793757068511e-15
-6.264468455688364 21.79007095676619 1.615004697505573e-15
-16.0 -29.04864111351807 7.187688546118078
-2.0 28.66907858410718 15.30965341563932
4.609302865195669 24.43139173567401 1.45327007077492e-15
-6.131978295728247 34.0 15.24569669324615
-14.95978683427663 31.01462733189125 19.0
-10.94133645340911 13.79034683991619 2.104846602667623e-15
-5.044165657906428 -20.99752294638864 19.0
2.365645669274348 -19.11371380906029 4.119639279858656e-15
12.87182052413574 -17.72205012921733 4.03442445421228e-15
-8.997601601083689 28.25459825636605 11.5
-12.0 -30.2027007969226 3.254913698694964
17.12335965836522 10.67485177168975 19.0
-3.426804057019094 -28.16619881476694 4.67394389081006e-15
13.00871165076216 -14.49465428344499 3.836803449746342e-15
16.55283047303825 30.15064619363194 7.5
12.0 -24.47361295840891 3.133616856080837
-22.5 1.642756522817905 11.94133336623728
-22.5 0.4053509107057813 8.038198477138804
16.93870105348186 34.0 2.343291971024875
-7.927274929905632 20.0 11.5
-7.25 20.0 7.5
7.743320613354944 21.02008139421487 19.0
-22.5 -9.892873922655408 8.876433847340673
18.02705527397844 23.99999 16.5605244155755
-13.55731762276559 -11.33442094501101 3.643294962863286e-15
7.180403109964455 34.0 7.5
-11.11077428947543 8.620195621814117 2.421427067471939e-15
22.5 -13.87370355148144 6.044874376395414
-7.11581321505758 34.0 7.5
15.92314622898506 34.0 4.785090845699832
18.81024547463271 27.65625607925614 11.5
16.82139826130892 16.73485499580686 1.924547473824317e-15
1.975517325943969 14.93577663307684 2.034709254450442e-15
22.5 13.31342225478985 6.42301178585927
-11.62353925527446 30.98373840999928 19.0
-12.0 -23.49160952309303 2.317787911052672
-22.5 -13.12973240746661 8.246528584150068
-7.368050306965977 -16.1509876936417 19.0
-18.60434543433875 23.99999 11.50683094037566
22.5 -2.762329812629289 7.022654659270749
-2.0 22.70128686190164 2.429381388097395
14.95261451845503 26.04079949087468 7.5
17.43040310996446 34.0 7.5
-22.481535 1.271872383550854 16.23464999999999
-2.748453735530688 -23.93995700515085 19.0
16.0 -31.86709612209913 16.3447586403641
-10.70762565961964 0.5248776716195742 2.917122340453161e-15
9.07934641843454 13.60130266725796 2.116422219999501e-15
17.43203100744785 26.8618375695992 19.0
22.47951165920996 -29.40267748256583 2.739636073712774
8.932823347393478 24.02720067909065 11.5
12.0 -23.68081355943891 10.33579027726867
19.34076166377975 23.99999 11.5
-4.271387282344094 -27.49872671002453 19.0
17.45093469469022 34.0 11.5
-4.988241056836477 34.0 3.479203125482321
6.847149003326144 20.0 9.934876854572835
-4.952386031568047 20.0 9.531253775652173
-13.77928763746772 -8.845342256719423 19.0
12.54225292867882 28.62568237234198 1.196443361419911e-15
13.60824104820422 27.72523897114857 19.0
12.0 -23.96974034321591 3.552713678800501e-15
13.00879223388931 29.19824962110337 7.5
-19.73465 28.999995 0.01846749000000088
22.5 29.18672814171575 11.52011389828307
22.5 28.999995 7.5
19.73465 28.999995 0.01846749000000073
-22.5 28.999995 7.5
-22.3978065910529 28.96212928249167 16.74113189668366
-22.5 28.999995 11.5
-15.54674193772185 23.99999 7.5
15.98815631898742 23.99999 11.5
16.86554185500312 23.99999 7.5
-16.07837335979967 23.99999 11.51708687871307
0.4760263126433896 -29.06187003223334 6.045089266946636
12.0 -27.53480317487949 3.281326708046613
-16.0 -24.12421993881779 0.006685117600436893
20.10235117472382 34.0 13.8682145065264
-19.43097512363805 -34.0 8.04007303254015
-10.37095139333004 -5.124516005276243 3.263047943138101e-15
-22.5 -29.07072043484559 12.69210093677462
17.3629079186286 30.77636675185032 11.5
-22.5 26.29065764315732 5.090909520336979
20.0712005524575 23.99999 4.831184539425111
-19.28778405256278 23.99999 7.5
-19.50010976121415 20.0 10.45036809801489
-9.521720992585273 -6.861818801718201 19.0
8.332398746026875 7.509271513381877 19.0
6.894682015999555 34.0 0.005096942493010327
12.0 -23.24503348636123 16.91066849754009
-17.76162623210951 29.66142032961634 11.5
12.0 -30.26685449591776 2.384098178546405
-22.24203216043036 -30.17396759394867 1.804638874073682
-22.17302 -31.84555231207269 17.36197
-22.20682791323085 14.07761671047574 1.719648415056136
-11.03428245334754 30.96691283550315 11.5
-22.20958570378632 30.33192000178239 1.726306301641674
9.800809684248598 29.82485565874097 19.0
-22.20738091599641 30.34900355409073 17.27901551992696
-19.60195399425283 20.0 3.219206008154185
-14.84195842525317 34.0 14.76775389017125
16.0 -28.70485094082192 15.2035943825293
-19.31597153237787 23.99999 14.36775950466269
16.01593596604262 -34.0 5.903929089360641
22.5 -6.54652072050299 7.014382176709022
15.63920069562277 3.358144665252482 2.743634768442009e-15
22.5 17.03496288662858 5.654087011193793
8.559712521510003 -24.96690779903649 4.478043918937618e-15
-10.39122602041412 -10.49169142304132 19.0
-0.1828153658016124 -28.39517471257595 12.98277115627967
7.48312970238545 23.19158937727315 7.5
-8.996851736791504 22.30377079087604 11.5
-12.0 -30.29032940682379 14.54279409826706
-20.30271790564148 -31.51080088692304 0.1169811495636945
22.481535 27.18142730636082 16.23464999999999
-20.35113156575602 -31.52375329303123 18.87139539975766
-14.99930329572824 34.0 18.98646169324615
-20.39451955165212 20.0 0.1390206681332079
-20.2180569960641 32.48936714327757 0.0966559618374719
5.387604152739936 34.0 15.0383840782981
-6.368964974230945 25.76673808541983 19.0
12.0 -28.09126371546957 16.71248759213627
-8.110267604958057 14.75052770483467 2.046052480080299e-15
-15.86467858832501 30.54104496399198 1.07916136442034e-15
-3.487391 -26.06830633928362 9.739574964854699
-16.0 -34.0 3.548668432128154
19.08367117143413 -34.0 12.05183231460116
22.5 -30.84928728681297 7.647731204688592
22.5 -10.46619186115562 6.376006329995677
-20.32098981990632 -23.15314686208524 0.1213678268319205
22.5 16.07946232392118 13.26209660342016
-20.4670967054631 -18.36453562160301 0.1634184011875894
-16.03021350270836 20.0 4.553539139556896
-17.39194542112127 -17.98913466322607 3.705829809688004e-15
-5.624021614273996 22.91492876454157 7.5
-12.18320164829077 -19.61661073517898 10.33393477479033
16.0 -24.05255774350719 4.422056154998969e-15
-16.0 -21.06950408924634 10.12716015147272
-15.9046476761959 -17.56062238086531 10.09373514723016
-22.5 -31.2261059979431 14.37785849170161
16.18679212308608 20.0 3.105980662452381
15.25951016662246 20.0 13.83063718708755
-1.419101100676152 15.42225237758402 2.00492120554911e-15
22.481535 5.04878467297868 2.765348500000026
-20.37815600884338 -22.50978002947745 18.8649077622899
-20.3169538426296 -18.07320177740533 18.87960029324616
-16.0 -21.0 15.97763064324244
-12.32604659277039 16.34066331466341 10.58963793187229
14.65920518634265 31.46938051670407 19.0
-12.74203224877283 16.4030898087408 11.04752874871379
22.5 -31.87034042937518 14.28035756979668
19.6093290418789 20.0 2.731581791469837
8.932970953185954 -15.98730889859767 3.928202186828313e-15
-16.0 -22.29959710383489 7.322490372427151
-16.0 -21.77129849636772 9.902457808708325
-12.0 -31.38562288827247 7.219554892818072
-16.0 -21.03399421010127 11.08114185011457
-16.0 -23.62263734960341 12.60210828364793
-19.73464999999999 27.07352939649482 18.98153
-12.0 -23.58172916752975 16.58357631614259
-13.46036399412399 -18.29767896900836 11.42224683300176
-22.481535 14.11930347731591 16.23464999999999
6.808518212164254 -34.0 16.88604766898614
4.399506624393689 27.54488482177517 1.262623505386702e-15
-12.95717809810678 17.71784700175332 11.19816260516954
-13.31871403326566 18.76400490177346 11.37390060276859
-17.73258404525294 20.0 6.847237341118077
18.84136864559449 20.0 8.250653936194649
-16.0 -27.22959604701549 4.001096892265948
-5.502276582340871 -9.57654614454632 3.5356561728313e-15
-14.56843790142618 -18.23581546101091 7.589931975743383
-16.82400059032742 -11.86104259786427 3.471339270100299e-15
-14.51880480826986 14.2489914053212 7.574731716632865
-12.5 20.77034814299075 12.37962490261441
12.64469148521613 -11.1815446623452 3.633933990121435e-15
-10.61944096953637 -9.659459724405778 3.540733165465208e-15
-12.0 -22.23984410439234 7.243372560820998
-16.0 -24.29093777613297 4.19999035977575
22.5 31.79226759459013 13.88869414509133
4.565658370082867 21.94318163140264 19.0
-12.0 -22.16857469183952 9.308206946492499
16.18599626868029 28.08826775488925 11.5
-12.52847388437838 -21.0 8.097856319695495
6.761052616935141 -13.02284302576141 3.746681000246163e-15
-2.246808353142612 -31.31784648524245 4.866926550706361e-15
22.481535 11.07819843157661 2.76534850000003
2.7739330777866 -12.17109567997208 19.0
-9.45907846179793 -34.0 12.71141654389212
-22.5 16.78615119080938 12.81940938035732
17.99951617064083 20.0 5.109231472263041
4.387668725214401 18.05328368965099 19.0
22.5 2.608720081027386 13.65065935744225
-22.5 -16.19828976705838 12.90605203992403
11.2495219622189 9.445375882520175 19.0
1.057936212779251 12.8206951805308 19.0
7.026860045122119 27.73204930585428 1.251162704086816e-15
-22.5 -18.28345538513247 7.825198854876964
-14.83008161627107 4.733877445297839 19.0
-5.060917379144739 -1.131434781244291 19.0
-13.68098306054639 30.3167359699709 11.5
-15.30823157377171 15.96843067593692 19.0
5.150553188468669 30.46191438400505 19.0
-11.0164172911756 27.57168324924335 19.0
-6.10615638664687 25.45502977760303 7.5
-12.0 -21.0 10.66705909259351
17.47476904540301 20.0 13.79283109517207
9.615018878318534 34.0 15.81378413947331
-16.0 -31.31425232551791 3.250715902258807
-19.5629248569967 23.99999 3.834618268503553
-7.987250169449849 -34.0 9.020210676672647
-3.028628719467532 -34.0 5.122697715560983
-6.049673029023067 -30.85280481461962 4.838450976041039e-15
19.72744331970669 11.12957861165893 18.98286600445183
-7.075770398883265 -34.0 11.4346690159172
-4.625239186176917 -34.0 13.66696513031301
-6.479561492599663 -30.26239689771367 19.0
9.512675250695338 25.88414218856485 1.36431419230326e-15
-8.259123384013183 -23.91422588134075 4.413585775851143e-15
-22.5 26.26509852187328 14.01444935842431
12.28210029287091 -13.99553889140489 19.0
-3.487391 -29.99989603147425 9.253854193728516
-8.668421296405308 -23.81928587840195 19.0
-13.51851093837863 16.51069542411479 1.848979169622446e-15
-3.387293800588407 -25.55443160753995 10.38057982143913
-6.495404233232849 -34.0 6.16490313150804
-3.104551289336883 -26.04247706934625 11.09335917441209
-1.481665237396624 -25.55319880212166 6.336968578272316
22.5 -30.78047099827328 11.08995412021387
22.5 -18.87580618862773 9.62028643385804
-1.49161572124905 -25.58071102725514 12.65903234345695
-1.556072 -22.32717294555498 8.24356
4.566517647243025 34.0 5.952053643228727
-12.0 -34.0 4.377944172358231
-4.905179626071707 16.03525434072488 1.967385660024325e-15
-2.0 30.24357359158006 4.518015647406111
5.065237384391891 20.77578128339111 1.677111853806888e-15
7.934983973104459 -34.0 8.171618442690708
-22.5 19.97825461118897 10.66166190897293
-3.640896978385172 22.56127430323487 11.5
22.5 -33.98386852598426 11.54345861013368
-12.82404605363195 30.08316103314759 1.107198636338229e-15
-1.767013055484525 15.67095944753894 19.0
-12.0 -25.01224773623672 14.20917005261755
12.0 -23.63735342018595 5.58140668546188
-10.56181801815814 8.620628714346138 19.0
18.25537680708426 20.0 16.77239127594323
-14.97127260267754 27.15901634985019 11.5
-5.829135833364032 21.89680474720311 11.5
12.5 20.0 16.09777269584395
-7.113712603559579 25.21544196634821 1.405261083099251e-15
-1.058022556715645 -26.70997884315497 6.166733487087088
-16.0 -31.58610496609117 16.2786970265111
14.48247818958263 31.40361269170922 0.007165343746505686
0.1062781929101533 0.9269252737229365 19.0
-3.917441131522176 4.702307927549976 19.0
-10.22123336515921 27.84407028798213 1.244303242641541e-15
-7.938339607347928 0.7462248872133657 19.0
-22.5 -19.06034964134518 11.81372751129046
-1.172867728659879 -34.0 4.13261476902408
-0.9853148969511891 -34.0 15.30940698812541
2.0 22.88770684025503 1.5477938415542e-15
16.0 -31.64656817362756 4.006671165042844
0.6784360613092087 -26.02819957449029 6.071009192087364
0.5827345335524471 -26.63186026671568 12.94124460581739
10.41145020455333 31.01301416459764 11.5
2.0 22.8184246354786 5.358111042683266
-2.0 26.83745005341937 3.143751471444062
13.92324694680896 17.02361322974042 7.508668018726517
2.060772975908014 -34.0 4.48467136223548
1.855503144830934 -34.0 16.19250109176781
5.728635329672166 20.0 11.5
-2.831144994617818 12.7601481627291 2.167928079844301e-15
8.051453641451989 -7.253746248543884 3.393425696448095e-15
0.8542119945688897 -25.08751370294882 12.88566014073496
-16.97054106867285 16.34943138844406 1.432822370838636e-15
1.188643146737807 -26.33398575689068 12.78324288051207
2.073568267184384 16.11601928431276 19.0
-6.778257089604201 -13.46549251134655 3.773785464696117e-15
1.975596204175364 19.23294967304617 9.965308140660628
-4.352779255134359 27.27430080243772 19.0
-2.0 30.08185529680857 18.96933180521351
-2.984270787775652 -8.224286565780497 3.452854152557138e-15
1.763485865197286 -26.74831261982412 12.51644459034701
-12.0 -34.0 14.49560586066005
1.583046968509581 -25.11332446745391 12.60742024016535
2.0 23.06648277533728 2.393631823120987
-12.0 -24.88120305879118 11.05629796930353
3.30147054315676 -26.2775619342678 8.339382185848448
3.377658027939198 -25.94480929505639 10.36801429945188
3.991119821092682 22.09906360874215 7.5
4.120907746024058 -34.0 15.2216864885887
3.45077157219539 -25.26384934336764 8.921604109095217
6.13387136744103 20.0 7.5
-10.14341975693645 34.0 3.849552679188971
-5.863102649344066 34.0 19.0
6.281426909233137 -25.3807573507479 19.0
-12.03255338758845 -21.0 13.39316314885222
-14.99050796158569 26.4244058115548 7.5
14.45681834648358 32.07532309681597 7.5
6.410179187095677 17.63665266792152 1.869328290834479e-15
-18.01478420323703 34.0 15.46140619890513
-5.367204417254764 18.97262083205682 1.787523832023896e-15
5.84484648258142 26.53849353832465 19.0
6.377004101971551 15.99465566267756 19.0
5.336273987501409 30.43408885681822 1.085710572180349e-15
-12.23162643011516 34.0 11.5
5.221965181408372 -34.0 7.507859981353454
5.71388480187316 -34.0 13.54225642932089
7.927619235537835 -34.0 11.17118368202517
16.0 -30.24942166870657 7.628617335488219
5.632727001064536 25.39419576093183 7.5
16.0 -28.07900476643766 3.456725944838197
-5.97292384102909 24.80207283909753 11.5
4.166840745031921 -28.41152252986963 19.0
-14.8641365008601 20.0 13.50305573387921
5.98487328633063 -31.45983395465597 19.0
18.77339134268735 -34.0 15.08188424748213
-16.0 -29.82098385791365 13.33107395060014
17.65036312699279 -31.73735521413292 19.0
8.208337188968954 -28.47049734970305 19.0
-14.37271309674641 1.376376562836828 2.829930292702916e-15
16.0 -25.89910019132658 15.28793305261993
12.0 -21.99296326211247 7.794361367169238
-17.62578165011901 26.25274350749151 1.341743791761831e-15
6.464419671245933 -20.94679766384066 4.23188329638564e-15
9.263401562205843 -34.0 15.44174971026798
12.0 -21.0 8.57405468996742
6.169307388451768 -27.65857635938253 4.642860996430437e-15
22.481535 17.03431605169758 2.765348500000034
12.0 -22.49964419770325 12.16445781787771
-11.70446636536644 15.94049063620944 19.0
11.72631482504782 15.3916816708153 19.0
-15.9719305353215 34.0 4.543154093900109
5.933291631782547 -21.17656908321 19.0
-22.23356152433656 16.10580693457644 17.2158100235112
22.481535 20.0 12.1833437528958
8.288477723602858 -18.80730913920977 19.0
16.0 -22.26069270008232 11.35697064426698
-21.90955440145176 28.39114708222767 1.216159259583941
16.0 -22.47067893646379 6.983410899025034
12.17597832306023 -20.45567860070063 10.31938015438972
22.5 -28.3996364264805 9.499013334951407
22.5 -13.31744966593602 8.936047245110826
-21.15584561828356 15.12783866750934 0.5070650418778285
17.37952414405316 -17.66809056548903 4.031120077536213e-15
12.0 -21.0 10.84600875345079
-20.63059405888981 15.88736803598005 0.2311412740609625
14.56824207779066 23.99999 5.619427297414739
10.70541442877948 16.75618181045019 1.923241583027749e-15
13.18907783782503 14.45806848185695 2.063960443085796e-15
-7.08870271253465 11.54690400442761 2.242217860423911e-15
22.5 0.112870061327552 10.3903975903966
-1.542173756371853 -19.05767995676666 4.116208195881502e-15
13.17846071543137 -19.34962750937158 7.682455132550277
-6.406297763794515 -7.957791285578908 19.0
19.98803141592512 31.4026277450715 11.5
13.44811844215241 18.33665910838059 7.580389285142943
-8.92394443191922 -34.0 3.202606205928975
13.47346107503013 18.25320816166416 11.42506987072888
-3.357779841410553 -30.35973811939151 8.535192841435094
16.0 -24.46299287821145 19.0
14.6146515560339 -18.85367329951109 7.604085023232666
-21.58253309327797 15.75653065894465 0.845552121100229
22.5 -25.36431395323002 8.630294378079476
13.47224578138714 -18.24145157023485 11.42480794546527
19.56076807447235 34.0 5.117700620027604
-19.95745769813433 34.0 5.137413853027433
12.98219400752297 17.28597402418643 7.786431515993834
-20.55841215073733 34.0 14.83527862628217
6.073947879616054 -34.0 2.647158454296834
-10.02528413208439 -34.0 6.639884946894299
-3.19882546307046 -28.48635879177345 8.085303154343475
-9.52594115757447 -2.819759015942974 19.0
-12.0 -31.91640793333161 17.27923529191641
15.48165875500414 34.0 8.673617e-16
15.70457962473099 34.0 19.0
-3.449033236332392 -29.90154965138299 10.02052039462113
2.0 30.80746525371768 16.2649200385598
2.0 22.93365099294069 15.90367958752764
-9.934371832699835 34.0 7.5
10.09894459517213 21.24886925885418 1.648143421928266e-15
3.469921627639598 -30.08001725132688 9.146602425586071
-3.257044652515557 -29.6028263540994 10.74991466718985
12.72090528726292 -19.23472424047689 11.02893479904372
12.35516680740491 -18.77529300530013 10.63504297582647
-19.27771636309481 34.0 11.5
3.354003166494591 -29.55123046301964 10.45886279495483
12.0 -26.62260462339115 11.31934562391658
3.310892938937009 -30.04098184395718 8.375569441585773
22.5 25.75113539529539 14.46715080964123
5.93319373805886 30.3365063805477 11.5
4.195086750407121 -30.11502360739353 4.79327493015057e-15
-13.51752072953434 -18.42648456313652 4.077558624008606e-15
19.06467886935102 20.0 11.19024035803638
20.91129568899871 28.56910328760755 0.3572067899625016
20.52528935223167 -22.02354076048706 0.1875226031008013
20.2658456023013 -17.71038005989914 0.1081289355840832
3.430495750258657 -32.55617025764381 10.16508655921693
12.10200192686339 -18.43477445909002 10.11001274832303
12.2454816810128 -17.70423896975662 10.4454207013536
-13.50235934359404 11.14253306389551 2.236467848345494e-15
22.5 4.039188442684644 6.34524445108074
20.32101494538401 -21.94676932240488 18.87862536242873
20.38920764606375 -17.71167111220321 18.86225464505528
0.4115663211719042 16.87418236142178 11.44984835200541
14.46619479869382 20.0 3.664511157011424
12.26830235237114 14.07532870293148 10.48627141353188
22.5 15.93168709698724 9.027187168279616
2.0 30.06372981029551 1.108389095565523e-15
12.0 -30.06372981029552 19.0
-12.0 -30.06372981029552 19.0
-12.0 -29.91971718295574 4.78131586707511e-15
3.550621209780678 22.29096700801682 1.584333478714163e-15
3.209926704242427 -32.63713458427662 10.86541253166219
-22.5 -30.27629615073062 9.215909979424048
2.253798670622055 -27.43161940884843 12.17066260977782
12.0 -21.0 16.47253205998182
20.46845561462498 -30.74125621890128 0.1639812802219459
-12.0 -27.5291397970381 16.01090885522956
-16.0 -31.45409378628964 19.0
19.99779094459926 16.61570813405397 18.95622030605787
20.1880114337872 30.58858089251702 0.08944269544727493
22.17302 15.58944412620033 1.638029
22.1483331315518 30.24967086149129 1.597743848590964
-22.5 -28.52434174403903 15.04449596629322
19.73465 30.09025987172417 18.98153
-1.099368229987661 -29.91571458701967 6.183347687639928
1.284686538349239 -30.37421393366172 6.246167717568113
22.5 -31.67474482147107 4.871044419943643
-22.5 -27.79149323447916 5.818159218119629
3.465860975579466 -30.88656621682542 9.901105056108886
22.5 -28.52222328857103 13.49715160050475
1.398514183450697 -30.36340236228397 12.70045999124838
-2.0 24.27111147696809 7.5
22.5 13.32611599130901 14.02126076012604
22.5 31.04400617074133 4.649867791181748
22.5 -8.89799166734148 13.81091956998045
19.31257821322159 26.78195579664263 7.5
13.36743915803811 -21.0 12.7498719131422
-13.11758277385286 -21.0 6.753746098856324
-10.6542981923318 34.0 15.55741409863012
1.293368644146392 -27.89299998822618 12.75117141094201
-22.12991503671128 -27.99936906669447 1.567688366224968
-0.7084444048981383 -30.40096729850391 12.91477832941518
-3.401074213679669 -27.90102648889754 8.699782859015034
-13.30058282907713 34.0 3.756440339730371
0.3650344015999084 20.0 5.345680541096206
0.4305366604772572 20.0 14.38186035836333
-22.17190131807242 -27.58922124473506 17.3637955386385
-22.5 -15.25782270580792 7.84580521978641
-22.16373385034072 -25.96815343703405 1.622875439887022
-22.18552403166969 -24.25923213736881 1.668216363051798
3.365830597216894 -27.74801987903801 10.41343854720335
-22.5 -24.59423472540986 11.44458038026941
-22.19729572971168 -20.05708658126584 1.696635718657807
-22.5 -22.37085774102695 5.213783498289564
-22.5 -21.65152109427153 8.276269342826291
-4.65627853249469 20.0 11.5
0.6175067318718062 -31.0194975833704 12.9367914384158
-1.793292729137446 -29.92999580970607 6.508729005141452
-22.250211558503 -22.81022371928701 17.17561333819526
-22.20801549980889 -20.85503647742733 17.27748350109973
-11.10759519060661 11.33860916698013 2.254972241035562e-15
-22.19345166413668 -16.05955392377501 1.687355335644318
-22.5 -18.47351074387558 5.037126111042444
-12.0 -23.94094304890454 7.295580707473029
-22.481535 17.12170366183044 16.23464999999999
-22.5 31.92531554689091 13.86639778555598
-19.17145559420551 -34.0 0.8530883862113463
19.68277092750156 23.99999 7.5
-22.18033788069702 -18.22759439275262 17.34430309645991
-22.22695368209069 -16.35376895417021 17.23176274485215
-22.15944557150641 -14.55244128190228 1.615877632024642
-22.2519187809575 -12.34796110608227 1.828507255975779
-22.5 -14.40092431348079 5.11943013118559
-22.5 -10.9263253680211 5.346081576695877
-22.09116550196675 -14.23797296135167 17.49554554565828
-22.19284568772046 -12.34806385189087 17.31410661890991
14.42953134978942 8.31717360295685 2.439981815201541e-15
-22.19287897481205 -10.18536762047914 1.685972743132143
-22.18517511167899 -7.845362623751493 1.667373996788367
14.7136367902361 34.0 14.81716278335556
-1.483104276161584 -30.79449821229721 12.66245249093532
14.94690984205409 26.26946871110076 1.340719669599234e-15
-22.5 -8.905646331666361 12.26556659520924
-22.20215245752274 -7.709144301294796 17.29163811864673
-22.24921045358463 -6.301164497466083 1.821968783919123
-22.19819746682992 -4.285208397934286 1.698812701768899
-22.5 -6.766815314114282 5.826490272016094
-14.59174471005883 -18.80088088301628 19.0
-22.5 -6.259790205124578 9.394808253703479
-22.5 -3.219167213764138 7.6568780630581
-22.5 -5.160399163914949 12.7864627773593
13.93630370540522 5.801814926787054 2.594003116563732e-15
-0.5941058210943799 -31.82869274625468 6.060576934536821
-22.2209430741523 -4.711695023431659 17.24627361692858
-9.975097829633507 21.72364653120817 1.619072023077731e-15
-22.18516746899716 0.0711899409385861 1.667355545746567
-22.5 -1.482696262392054 4.999812481798902
-22.5 -2.093047948497681 11.94077857567591
3.090876645850935 -28.81596498456164 11.12877917591626
-22.1683172276479 -2.661355064764059 17.36964429277721
-17.76082166445214 -32.66003297048173 18.99914819457732
-15.66961773369606 -20.60343559824845 10.58844362942052
-22.19183066207549 3.678042349186889 1.683441895641817
-22.5 2.411700750328812 5.235873191879667
-22.5 4.084747402086483 8.16781517855744
-22.5 34.0 14.13849118712221
-3.055179098939766 -5.466592094292395 19.0
-15.43056695615934 -1.639763081629081 19.0
-22.09710641670066 1.532297061556768 17.48585077082783
-22.15798049172755 4.049623522715308 17.38651245731382
-22.19686022370936 7.666535037917576 1.69558431554636
-22.5 7.410076911605863 5.315291959399535
-22.5 8.026555803266465 9.070348068925606
-22.07221804752943 33.60269747182999 1.47353580289304
-22.5 8.931067216037473 14.01928953192599
-22.19556087744678 6.245066821815059 17.3075515796883
-22.23089782256356 7.883915302061695 17.22224075998145
-22.17662876236564 11.62428900897064 1.646741311562944
-22.5 11.28031621994706 6.805609256325611
-22.20549610299717 10.65104523577163 17.28356585503453
-22.18443840504733 13.72275361045537 17.33440356800896
-22.5 13.49463736385147 9.90426011239719
-2.859527970677443 -30.06137775320826 7.490231956133924
-20.10233214450554 -28.00281974194061 18.93112356666365
-20.25752778980907 -26.51295005327919 18.89386644058521
-20.31465869327801 -24.14110776288132 18.88015127950995
-18.93793850687799 -34.0 2.418841145420686
-20.3374723040595 -16.35035354565304 0.125324902019043
-20.28461033151441 -14.19970562392085 0.112633926680826
-20.26234886654182 -11.86120791306997 0.107289447665809
2.0 30.84734110466848 4.62665090023151
-20.37697831746721 -14.2374254330815 18.86519048540367
22.5 -34.0 14.68091780323468
-20.46261276400009 -10.15229792508909 0.1615610904036139
-20.32610470015084 -8.201401181888137 0.1225957949896691
-20.36430742894095 -10.55929011282878 18.86823232907412
-20.35161560702204 -8.317483377346562 18.87127919813074
-20.42705 -6.254991285500221 0.1468305
-20.14044669253779 -6.182810083328263 18.92197357718629
-20.29302642896245 -3.862691776924557 18.8853444406801
1.832917294445219 -30.52794974516688 6.518560104493176
-20.38549672799276 -2.07281663181465 18.86314550859831
-20.15908108829182 0.2045593767720106 18.91750010094508
-22.26846040901128 33.60976576675156 1.86844222612927
-2.605850588284359 -32.8546550607609 7.176059124951735
-20.3053942192874 1.759440451408004 18.8823753604424
-20.23646331169763 3.584099882634909 18.89892329585483
-20.3845521170379 5.750124456077035 0.1366277103833535
-20.19156895076923 5.566021424728373 18.90970088476236
-20.28934122150772 7.985999114329001 18.88622913199021
-20.2614279422882 9.36112835998727 0.1070683543840347
-20.4468218344927 7.655544469378177 0.1550202682485895
0.01717416310062747 17.68287463414926 19.0
-20.36857604457133 10.03334066474261 18.86720758156648
-20.42705 12.25200730969063 18.85317
20.71374701201591 20.0 6.939491822436287
-16.0 -31.51406169385015 9.969688399363873
-12.0 -25.71735311021181 4.804013669925368
12.0 -34.0 14.91772550881146
12.0 -34.0 3.903633590456942
-12.0 -27.79930069064497 12.29830355554244
16.0 -23.43627227704538 16.73403004279601
-14.52616002951323 -16.03204525017197 7.576984271563551
-13.51774694249401 -16.60205500157472 11.43461387757085
-9.537412226182942 18.03733002778961 1.844793877918377e-15
-17.34396977939953 -13.6615325169996 19.0
-2.899382120875123 -29.46092857217661 11.46040772329502
8.741481633404696 21.49581452454008 7.5
-14.37034840837114 -15.50179114375014 3.898472797876939e-15
-14.42018222183554 -13.74468651979553 7.544738182929827
-14.58358613633617 -11.56294912505427 7.59457116063105
-13.39564921018621 -14.47898081748228 11.40481546227078
-13.50666309626837 -12.46634930270671 11.43222511184579
22.10139552211756 -34.0 16.44618926235963
-14.03781284442749 -13.36181640897982 19.0
6.63492921761748 -10.15324805844687 19.0
-12.5 20.0 14.92258783601356
-2.0 34.0 15.25
-2.0 20.03582009942178 14.69365995895701
-16.20037266673346 -7.708192676435569 3.255829321456507e-15
2.0 34.0 15.16180367838565
2.0 20.0 14.38352182907129
-2.0 34.0 4.19503402194368
-14.53705483919699 -10.12479404322745 7.580320834320809
-14.42687622424174 -7.587654157911908 7.546578357492229
2.0 34.0 3.823996729226216
-12.5 20.0 3.558130309177325
-2.0 20.0 3.681251610144935
12.5 23.99999 3.750000000000001
12.5 20.0 3.698625683420437
2.0 20.0 4.617080260713888
8.601221129189998 -31.53567630751728 19.0
-16.0 -25.15199009022061 2.206597137626245
-17.76082166445214 -30.11412675677137 18.99914819457732
22.4907675 20.0 5.565562492360199
-14.47361324039539 -5.517467275367616 7.560891685765981
-14.48663766753174 -3.681322221177776 7.564880449202806
-4.86846598874568 22.35066372957279 19.0
-13.43088192151241 -4.461425692317182 11.41589292271423
2.647929069323989 -30.38999063557193 11.77722739151709
15.31631016687945 -11.73882015443862 3.668057273342492e-15
-17.12401675437629 0.1718238312345264 2.575518206516021e-15
-15.84852974568317 -1.638669358542945 10.24864058049004
-14.46406491348664 -1.819113029290903 7.55796748673152
-14.60442827382413 -0.001402119716928496 7.600954117446499
-13.43796864829971 -0.4791559267086747 11.41742023820632
-9.54164166935464 25.08422316139317 11.5
-16.71734792473304 3.879252794002785 2.35967787517994e-15
-20.98365280892047 -34.0 14.36263374773531
-22.5 16.28154517481768 6.202027118720239
-15.81958209463687 1.641041427703161 10.31267842787374
-14.5861842605873 1.977157825306207 7.595366842691286
-14.42213719463589 4.116803612310767 7.545127017804122
2.0 24.375 11.5
12.0 -21.0 4.462261894400725
17.34213996976771 32.20419653339088 19.0
-17.58161841051551 5.999651646841976 19.0
-16.90540682152321 2.653872776959556 19.0
22.5 3.147420313487281 9.874493376804102
-15.90857097500998 5.661171942737653 10.07866631971069
-16.0 -22.88767915551022 2.299212179150389
-14.54131217466481 7.346949271285514 7.581624653972498
-7.623256165386634 31.37270368933696 11.5
-17.805832046878 -14.424378510423 3.384982986253044e-15
-17.67294527999042 10.5821499434528 19.0
-3.133517052670855 -31.06302202997865 7.958488385507905
-16.05470469908479 12.62480046822485 1.813768100196737e-15
-14.65492185553403 7.777256414770251 2.335315402278056e-15
9.17751853783666 -22.59454855233966 19.0
-14.50521029384078 10.41280289924225 7.570568362534564
16.0 -21.0 16.21889438819609
-13.57983314712106 11.60255584572513 11.44799455739926
-22.4173525 33.96284423403196 2.41914875
-17.32204618821911 28.75596056314306 19.0
-18.4506528082588 23.99999 1.525491843604894
-18.01960747783963 -19.96448012716398 19.0
2.544146199089627 -29.2519535697651 7.114487073573707
-10.00738348587416 -14.03752951134673 19.0
12.0 -21.0 2.231130947200365
19.79106402307226 23.99999 13.97951833541959
-22.5 12.80582908438971 13.57209067082301
7.021874042091556 2.8272067043996 19.0
-12.7214828808278 -6.941224558536788 3.374289261610857e-15
20.62031904769926 26.11893687897001 11.5
-12.51989975321222 23.99999 5.535452198915217
-15.33945912943817 -2.479070177182681 2.987001235830738e-15
-12.48729951816866 -4.356579433403478 19.0
-22.5 -33.99823616690378 12.76625316748619
-12.69483083684134 0.3979421627690698 19.0
9.315234998194057 18.00236434959947 19.0
-11.17706036170646 4.566783469468611 19.0
-21.94806980071771 34.0 2.55548997379337
-11.77344445207744 3.86405578337542 2.712656646106967e-15
22.42302671501206 -33.9611528464641 16.55721604256805
-17.46020274790312 31.72080593347427 19.0
-17.87684636726277 -25.91056450381958 4.070710363189049e-15
18.00620352701442 -32.45430156925095 4.936514278455564e-15
8.318267055171123 -34.0 5.031161e-15
-10.58587853178915 12.09425904918419 19.0
-10.05760065088162 31.47004608119464 1.022276518326265e-15
12.5 22.0121418586378 5.54320838823516
-22.4907675 20.0 13.47799329742092
-10.0826279938679 -13.37611694656696 3.768312789595048e-15
-4.411096946579257 -15.83973281650549 3.919165757777811e-15
-17.24606299308313 -4.416329580092839 19.0
-6.075191987274653 -34.0 16.32893860146887
-7.897195460068787 -7.120894734158085 3.385290887155292e-15
-3.486275702084761 -8.962510079775942 19.0
15.13750669982233 -16.60574552599758 3.966070509570746e-15
-8.17861539807265 -2.539285022190104 3.104748196819972e-15
-22.5 32.0408150023494 5.31590700051907
-6.159691096900293 -3.910139573433728 19.0
2.429042467121953 -32.08389950907383 4.913833745170227e-15
-7.402203668420683 5.361876679774843 19.0
-8.717804822668187 5.560079020634753 2.608805172113218e-15
-6.506416262029393 8.457816616241143 2.431369914187673e-15
14.60475435388195 -0.543853152694314 2.982563231220026e-15
-5.285548477533657 31.52312624480687 1.019026299481725e-15
-15.9336572436696 23.99999 15.83219374441082
-2.0 23.35375710539297 16.18644190836629
22.25014875 -34.0 17.08014
-6.132044103438975 28.75394491058149 1.188590058953137e-15
17.748328629266 34.0 18.98359868225296
-12.0 -22.84810293286099 5.441699863435913
16.0 -21.0 2.935024143611738
-2.258107968593958 -31.07214378974345 19.0
-12.5 22.07527540136195 4.871623977196814
-3.745045446972384 -24.23106565471977 4.432986606343848e-15
18.36746054895568 -31.05064064575314 4.850564844900972e-15
3.789117491667531 -9.735509573980845 19.0
-20.29005954451534 28.46396660538795 0.1139421606433128
-21.14457056044719 20.0 4.391954508580771
-12.00602437271882 -21.0 15.7886724703861
-3.509906979531363 -12.39161139220875 3.708029209317958e-15
18.01795380467778 -34.0 17.39617396121172
-6.14103503288244 -11.88264349496394 19.0
-3.448873234736414 -14.2084667305688 19.0
22.481535 30.36286461272164 16.23464999999999
17.16674775314096 23.99999 2.966522219520652
-0.7758420361030076 -12.09407564412042 19.0
-4.192883759386834 -5.450439872186626 3.283005024647834e-15
13.92149788005205 -21.0 2.288031337329317
-5.041715015219274 -1.539644661028056 3.043537876884686e-15
-1.507392743142852 -1.781815401536647 19.0
-7.419570318110059 1.871804087375825 2.834646882237481e-15
-22.5 0.04159966635721801 14.26839127939742
-2.534680105237596 1.014793196933379 2.887123665718918e-15
-4.096098503566788 1.830667530556955 19.0
22.5 25.86199927258515 5.043306442250441
22.48444579520874 17.26882345164174 16.19766012208335
-4.626928764926171 5.201077428146199 2.630787680210386e-15
-2.767776553248952 7.85428857208047 19.0
-16.0 -23.59945695033595 8.944126039993748
-17.93993706375033 29.76778297705236 0.009233745000000982
-2.920179311896062 8.878712848928581 2.405597452347091e-15
3.42029848421859 23.77498603209397 7.5
-2.579275654314461 12.19603810982677 19.0
12.0 -22.51852567955402 2.392522480481492
-8.750167449304348 -19.24871776587209 19.0
-2.0 30.37417749733891 1.089379436115749e-15
5.066572043431258 31.20501829676963 7.5
-4.390152699134369 31.00040897214843 7.5
2.068644613712208 -31.31934467035867 19.0
9.897574585245696 26.06222656165549 7.5
-9.689766235164747 25.96660600093167 7.5
0.4473433229340706 -22.75073187684767 4.342342352969868e-15
1.20223258573318 -26.93259218101506 4.598407309840893e-15
12.5 22.01254015230807 1.999506017359241
-7.446209742666065 -17.01362364257876 3.9910458416807e-15
-17.72529816201046 -1.454676020423744 19.0
2.431947761979558 -24.52199396148982 19.0
16.06966745214048 20.0 18.97264099514794
-15.76376541670664 23.99999 19.0
-16.117325 20.0 18.990765
15.82017773967382 23.99999 19.0
-0.2987077630556758 -15.1715612050649 3.878252045509921e-15
16.117325 23.99999 0.009233745000001178
16.117325 20.0 0.009233745000001362
-16.04949180115332 23.99999 0.03524327799174068
-16.3885144794317 20.0 1.77635683940025e-15
-1.099294609266888 4.483125262109239 19.0
0.1856821886970597 -16.80554634715863 19.0
-22.5 10.44317782968111 10.81657243337689
22.5 -12.48645358399163 4.701731289925503
-12.03165344076573 15.45816434207176 9.187810928133672
1.78549555827713 -20.53240312167116 19.0
-18.80098749999949 -34.0 0.0138506174999629
18.25651743601468 -28.04916269109399 4.666777346288631e-15
0.9572965958537729 -10.72245209565836 3.605822677314752e-15
-0.6224735891998331 -10.42099337500481 11.39352075640524
-19.4412021701122 -34.0 4.746590739389816
22.22322125955486 -33.75882122047794 17.23173216618528
14.75111651934012 20.0 16.3352845171692
0.5602225038680985 -9.448205709880336 7.582187834483315
0.560775197128276 -7.815839047894372 19.0
0.3080753068566349 -6.341510258382382 3.33756735080331e-15
-0.6201674477626 -6.075662653760226 11.3942269916592
14.72383713537184 17.28662913476361 19.0
-7.994002537147352 -34.0 5.031161e-15
-1.223636840043615 -2.821074882993237 3.122002849797597e-15
-0.5935254936516773 -1.909176063978386 11.40238585257012
2.367625631445788 -2.760828620566357 3.11831383008478e-15
-8.403388534803764 -34.0 19.0
0.6926855185146366 -2.202578995659096 7.630678859704678
2.289820060227225 -3.456076095587409 19.0
-8.194592877041575 -27.78982064261186 4.650897386763992e-15
-0.6820831632057356 4.776885766861543 2.656761928860101e-15
1.171657998562001 0.4487983159820823 2.921780857535872e-15
-2.0 21.52227939187663 4.667931996257609
0.7725716915036228 1.33189444992691 7.662779557488242
0.7029597930335344 3.232851324591199 7.634807376179261
-17.85980708625218 23.99999 18.990765
2.903499317531556 3.464630633823336 2.737114383253415e-15
0.8270302555516107 5.226099269100796 7.684662667428586
0.8201889978727758 7.988522633350234 7.68191364169621
22.40755000578529 -33.67211270107228 16.70054911148119
12.00032858600501 -21.0 13.65779261940379
0.211976993273201 10.80985751480416 2.287348942750946e-15
1.807817691452913 7.629348426301085 2.48209896128566e-15
-17.867325 -34.0 18.990765
-0.6115017631762134 14.39496462992782 11.39688078030187
16.0 -27.95400639837901 10.14709300797812
19.73465 16.41773963684859 0.01846749000000111
3.798564532743049 -24.9443543696809 4.4766629204118e-15
-22.5 5.344466070367821 12.20665695719253
-12.5 21.97620293102234 12.9845256044363
3.788467017324004 -14.1641059171155 3.816563199309081e-15
4.34844458975876 -16.62745074809666 19.0
4.881522476939196 -10.35559307205904 3.583359040312783e-15
-22.5 -26.20557007541537 8.97622085621202
11.11253080569856 -17.01296711846665 19.0
-12.10382762408366 -17.1294558330578 19.0
22.5 6.091718921590347 4.499442587532443
4.055111491804515 -6.367555845732972 3.339162183101576e-15
-0.2510060919482866 -4.615724181332008 19.0
-14.94606166167604 20.0 2.141052319959988
5.211680548453408 -6.961995295843181 19.0
6.322894358701273 -3.684637072327885 3.17488078464983e-15
4.812501328103545 -0.1583623054319396 19.0
17.90215872607024 20.0 18.97708549757397
20.21106745488732 23.99999 2.260459067250491
5.992115196244121 -0.03111937000854859 2.951167341158783e-15
12.0 -23.93438701099305 7.601846245130353
-15.44614675948795 20.0 15.80597739772552
-17.63773705028505 34.0 2.579696637242458
-17.2202739936378 -34.0 1.491296935945146
15.27888594985235 -18.08218434842668 19.0
6.354936318577799 8.05281062504255 2.456169379335474e-15
4.826607535125155 11.22104385666783 19.0
5.865617284354371 12.12798519288845 2.206636898674111e-15
17.86027057636322 33.96676883240762 8.693965197854824e-16
16.0 -29.90779603604192 12.20576739487638
1.39398233005284 -34.0 5.455864264857939
3.6157102394191 20.0 7.5
9.427254841712218 -11.30178851767503 3.641296802929869e-15
7.211764455101271 -14.16974484672441 19.0
9.72005981994371 -11.81658650373848 19.0
22.5 18.7491873767547 4.217547021284474
-22.5 -25.38769652368181 5.437146305349185
17.86134460438916 20.0 1.724615e-15
-18.85642414740322 -34.0 15.38280086868166
-16.48381477068602 23.99999 3.119949488049399
9.739533523781947 -8.059000213455874 19.0
9.863830075509984 -0.5873839172405049 2.985228721858881e-15
0.3818324697115674 6.979433822202973 11.45625672221603
9.074958964434849 -4.100300481511443 19.0
7.682180337347972 3.56027587052494 2.731257801460354e-15
20.75962685333503 -34.0 14.322542314849
-8.561408119026128 -27.62218741446237 19.0
16.0 -24.19395577465395 9.364602081331759
9.85687370978026 0.03230772561928674 19.0
11.08343817985326 6.620114064131723 2.543896744366625e-15
-0.03704540214692287 -24.19023392136352 19.0
10.30051361685941 4.23580631040765 19.0
9.125529800022383 9.861197658006697 2.345437607035002e-15
9.170411845514085 12.14702739492439 19.0
22.5 -22.69346555761779 9.27720701038223
22.5 8.082890349496363 13.10648134999984
6.21627222134493 -2.645668897412577 19.0
-17.90922662674457 -32.16191850297027 4.445470849517073e-15
22.5 -10.63684739639894 9.58221962925461
12.29654855436575 -15.99841101667319 10.5368342322015
-17.05209461401955 34.0 0.0156740847303712
16.0 -23.44978318405219 13.93005042759886
17.79600606012043 -34.0 1.335525435856264
-22.481535 14.69009802017248 2.765348499999933
2.0 23.02755586851227 7.5
16.0 -24.45576521021052 7.439001520376316
12.25457724072135 -11.93949595948879 10.46170243495906
1.542676927859354 -33.27296008283194 6.372223552683272
15.02990320408766 -15.51044155713786 19.0
19.47484379824064 -34.0 4.760958142911468
14.3203302513306 -8.357350459655908 7.531951919695321
12.2787314083982 -8.161443476732119 10.50494020549521
-21.28537357710329 20.0 15.06622382048646
22.5 20.0 14.50566993023167
14.12619174289922 -5.88838130199158 7.507092059041544
-16.0 -22.39719524747165 14.3487896082657
12.2110637015988 -4.053380538137286 10.38380993851839
13.30890606584177 -6.282501395143029 19.0
12.26130207241206 -1.957651845442808 10.47374038772262
9.61526131365291 20.0 9.868458362630472
12.28140455645757 0.7909353233977736 10.50972534087832
13.57106825379008 -1.210302064362246 11.44610658574343
13.8161636605106 -1.921446395586059 19.0
11.78919856598907 2.870858631185953 2.773472433270323e-15
12.32449904668024 2.041631114272872 10.58686770837978
18.92604159956107 34.0 17.7142187851968
12.27126140420886 4.89094576554553 10.4915683381072
1.967669838658662 -34.0 5.031161e-15
13.48095810362397 2.278228382014309 19.0
13.59040619587705 6.44657263420638 7.549723680416932
13.56140088713514 8.345557133730878 7.5559748531957
22.5 -22.2262190142972 15.99524054416357
12.32917484005752 6.071714802764582 10.59523772898352
-22.5 -34.0 15.3508662538695
12.56967608482728 6.873310965254255 19.0
12.58235109365343 10.50458865665515 2.306041269711272e-15
17.53073545896726 -17.1921365167508 19.0
-22.45444679328483 -27.65689740426506 16.42634669926174
13.58422411281757 10.0933511578754 7.551056032010958
13.49435570783592 11.82927585468888 7.570424311517693
-16.0 -24.36189390172686 10.52097733203752
22.5 23.99999 14.29469359131209
-22.5 -11.34813529250992 15.73614347395331
12.25251905358986 9.931846222837452 10.45801812572918
13.46959851232575 14.46557488552214 11.42423739475867
14.84496786795581 4.755841787145876 19.0
-22.13797610363756 -0.625613738109184 17.41915693158077
14.39859570157017 23.99999 13.06563782571465
-16.0 -29.06341720959543 1.842819881125177
1.85647249465688 -27.50682756778477 6.535473509686821
-22.5 -23.69603944083714 6.835606567957898
-15.70270743497183 13.29765315012772 10.53948668825631
-10.97534641030232 23.17671762994733 7.5
-22.4907675 -23.22045422960025 13.82220634176008
17.3825793214029 -13.97567725546621 3.805024994932459e-15
17.15357080736798 -12.55094018394842 19.0
-0.1982834324221446 1.021099094623779 7.516323487111856
19.13175856195458 23.99999 0.6349885926198704
17.56108069472516 -10.52976191990071 3.594023558466668e-15
17.38803241355584 -8.268216680831168 19.0
-2.820650844687228 -34.0 2.217486427468904
-14.19986402841893 26.13544059406586 19.0
17.79769759990765 -6.296055938141858 3.334783862556282e-15
14.07281717725275 -13.11664210253259 19.0
17.39969258869746 -2.168344974248022 3.082034669141926e-15
2.0 30.5 19.0
2.0 23.38488676808803 19.0
-2.007513975814874 22.27426236347994 11.5
2.0 21.4661093344465 7.5
-2.0 30.5 11.5
-2.0 30.5 7.5
-2.0 22.14142356914128 7.5
17.7565196143623 1.594365608069264 2.851635089937471e-15
2.0 30.5 11.5
17.26590252535042 3.459799951237503 19.0
2.0 30.5 7.5
17.21890443078168 6.535070766272527 2.549104144620315e-15
-9.345313391627634 -31.49201761234428 4.877591450752177e-15
16.97560153721095 7.202816114626351 19.0
19.61817198535659 31.35831537063099 7.5
16.56141432849548 11.1534785266306 2.266308223620785e-15
-0.5975803510765494 20.0 16.54685455368437
13.65398289797905 11.09938594434227 19.0
-13.96177123569919 -21.0 1.587260677290908
-19.64053565355579 3.418873585564596 18.98893802036576
16.07776056707952 14.55683201101395 19.0
-18.43556714281092 -3.116274411671924 19.0
-19.13955649799508 33.42941532288846 9.022998943036428e-16
22.5 5.174948349776443 14.29436918313152
-13.90411578688585 17.98421533796846 19.0
12.28632205943616 5.732868470860202 8.481471590342236
20.27714053949619 -27.81926656716093 0.1108405969634389
22.1313062767742 -28.26175038349653 1.569958654848201
-17.85886581247794 -34.0 17.54583189989021
22.5 -28.66854983225869 5.639711905508028
16.92045914378655 -4.778712114947464 19.0
22.5 34.0 4.564123615330796
19.73465 -27.98595743166489 18.98153
20.32820439056661 -27.82351429407019 18.87689942440335
20.29147415193473 -26.08990454761433 0.1142817761931747
22.5 34.0 13.95086249589618
22.17302 -25.53168885310462 1.638029
22.21189263308274 -24.07876255585056 1.731875714295554
22.5 -24.83009844723693 5.439212988085658
22.5 -24.87136302067749 13.16633649297513
20.20277521263482 -24.02304880643713 18.9070106474791
-14.27834014982441 28.52461649538114 19.0
17.92721278896092 -2.479146754779823 19.0
22.17512928702236 -22.32261292289422 1.643121262624275
22.12737099020933 -20.12996918877306 1.56353687577822
22.5 -20.86793010350658 5.620071360110177
22.5 -19.51600752502048 12.85997187661216
17.88063289997621 -34.0 0.009233745000003842
20.34067844621101 -15.82493846233034 0.1260946249222291
-18.62409022148379 27.76011137500034 0.009233745000001105
22.5 -17.08725761071695 7.048432340093918
20.32179007135356 -16.15315573243988 18.87843928139586
22.5 -27.11369496301282 4.486238712714419
22.17579673115377 -16.30582154279532 17.35526638682543
20.32610051995417 -13.60383514528336 0.1225947914180965
4.846040585643902 28.18423959762064 7.5
22.18686054478697 -13.8338427929407 1.67144298689287
22.18125172750375 -11.52109939466415 1.657902121986853
-20.38238693413428 -34.0 17.22032892738651
22.5 -15.40711140095419 13.84997580679402
19.98686741549163 -13.87456364505855 18.95884266894948
20.35709278716072 -11.48192969574461 18.86996431593426
20.37013305236306 -10.50813414803477 0.1331660159860746
21.63533454046527 28.71949764998701 18.10491125730237
22.30723250588502 -8.681271388641292 1.962046224865473
0.06105738930858551 -10.33074073351092 7.508001376889379
-12.0 -22.59228231767885 14.26419282194736
22.5 -8.000642887803782 10.11012249297209
-22.5 9.74428767520682 4.413276757272268
20.27197093103615 -10.06591601560044 18.89039914011674
20.3070923482424 -7.902291404277712 18.88196769820129
20.3505428844248 -5.835171078582547 0.1284628555437756
-22.5 -31.58758681063082 5.519458392857794
22.29102114783003 -5.609608936008346 1.922908595971338
-12.00066401459773 -20.99999953544096 3.471459793080796
22.5 -5.679349115940681 13.21461148303105
-22.42133177527141 -23.93899078449354 16.64314597242502
20.2647067153226 -5.003813915748037 18.89214302796985
-22.5 28.12951048747652 4.424791694421231
22.23277181821766 -5.597192075493135 17.21771654022078
22.5 28.37326511931341 4.630503486962774
-22.5 -3.887214602433232 4.648290198169391
-9.875 20.0 7.5
20.38010533833182 -2.440631748626689 0.1355601384374676
-4.563860481429484 20.0 7.526335631562765
22.18263749713496 -2.21698842192108 1.66124766141514
16.0 -34.0 2.623557025757208
22.5 0.6653039237584508 5.944246287166534
20.32857987314895 -1.887842649652072 18.87680928397523
-0.3452324807885822 -30.38631842809892 6.024128476257864
15.99664481070261 17.0105710736885 9.539418167983868
22.17302 -1.799054006604102 17.36197
22.18669851300553 0.2220732480789831 17.32894719191581
22.5 -1.767789813271555 13.9396855571414
20.31672310885171 2.009804586199304 0.1263771611326736
-22.5 8.102322531287244 11.30597277700972
-12.5 21.81751016096092 1.680898339906438
22.17302 2.475681280015117 1.638029
22.5 32.06502424236457 3.091580939592862
-16.0 -30.55255774350718 4.820066154998968e-15
16.0 -30.55255774350719 4.820066154998968e-15
20.33639790059147 1.793875853732047 18.87493244501147
22.16539227255469 2.245711909095522 17.37441742659379
22.14224055220174 4.042832296477563 17.41219792434745
14.68892762590371 23.99999 1.371447673256994
20.40854408433094 5.397339946200411 0.1423876442369703
-22.38632406875606 -18.64135367053141 2.211040070654672
-8.896108295048023 -34.0 15.52201392557127
20.30069857953664 8.049033676365532 0.1164963546050027
22.22536597575128 6.551064622241171 1.764403198022459
22.16466081352786 8.89537281084727 1.624388100450779
22.5 6.795222216670123 10.27092836678623
22.5 8.9592014698436 6.433461203023771
12.60642540125726 -7.709757435480533 3.421348329157737e-15
-16.37851663264708 23.99999 13.57279107979909
20.33240001828812 5.968181840339669 18.87589219877732
-22.45416875402419 31.92786312949568 2.493622136097045
22.09060147296848 6.185019254276149 17.49646596522009
22.13231361770714 8.092627032129007 17.42839734800395
-22.5 -17.92585977188796 14.57484996050125
-22.5 20.0 4.216136785989454
20.38544098133748 13.07661798149294 0.1368411067884042
22.19501260808894 11.4083830534477 1.691123782736837
22.5 -34.0 5.407992029330162
-16.0 -22.77474218917208 8.908833344792656
22.5 11.55772415762086 10.60668263118007
12.00663743247418 -11.55843502458571 9.343640528220746
20.19837507932193 9.347416782960611 18.90806696784995
20.28486668973581 11.87430834734691 18.88730331286714
22.17302 13.08628546602289 17.36197
22.5 9.987815601961472 14.41884969913982
-20.71382236402103 26.43209488535902 7.5
3.523328782340553 22.13582004507263 11.5
-22.5 20.0 6.598253184907545
-22.481535 17.36991493810994 2.765348499999967
-2.0 32.07750093037692 2.195928359895468
-16.66458872085672 23.99999 5.616937316615913
-22.481535 26.72572551152649 2.7653485
-19.13236143123094 30.86147166109128 7.5
-18.73979507745343 34.0 7.5
-22.5 -30.8329905489595 3.198158689814522
-22.49268212334427 -32.60595030960707 2.907005105113408
-22.4557816000374 27.748989084153 2.500339852537965
-22.48153499999999 27.47106849272071 16.23465
-17.92619276452781 -23.7310397323578 3.925024055420954e-15
-18.60098076142775 20.0 5.19665863542672
-22.36726963037125 14.06863210339516 16.85099668274798
-22.45022193801494 30.38474429939562 2.477183126683007
-22.19797527131044 26.95218171889815 17.30172272496067
-22.5 30.30575709093688 3.420337817118798
-22.20322293953618 32.14569970997685 17.28905374985803
-22.18081050886159 16.79878133300351 1.656836927360979
1.016873135632768 -33.1936123079027 6.164151217102297
19.22134337704908 -34.0 8.255085378277121
19.24920119276247 24.51861469605146 0.009233745000001146
-20.98189943731719 -32.23024076095429 18.59952777623531
12.5 20.0 5.739911948893636
-20.94260484596451 17.26602252079379 18.62360732638608
4.086780018129614 -34.0 5.683494949147995
-20.2887999573022 30.91036626160088 18.88635907087288
-16.0 -23.83186088076439 15.97440845174825
-20.17395404858691 14.94118224868315 0.08606783218910757
-20.26627902548753 20.0 16.26357232188868
-19.72758083716437 14.06863210339516 0.01715694837701544
22.5 -15.92914519659711 4.945323074638355
-19.73464999999999 30.14706879298964 18.98153
-5.342653794515579 34.0 8.673617000000001e-16
19.79899879910074 20.0 14.23852903110722
-2.0 23.56352356308776 5.647379252039896
-14.36953922803909 34.0 0.01288067946074137
-16.0 -21.0 5.057353923916104
17.29650861112324 17.17110306393626 19.0
12.0 -31.96129576553193 16.64275232065452
12.07745832330173 7.451165205339588 10.04054963741991
-16.0 -34.0 16.17232855054516
-16.0 -25.65097127797954 19.0
-19.73465 -21.94640948334415 18.98153
-19.73465 -18.5125558920926 18.98153
-16.79899571586514 -16.97706352313334 19.0
14.49779157518499 17.9054361914264 7.568296361362264
9.419850444722988 25.31200798358741 19.0
-0.1185686789775827 7.923673529885994 11.49388588625428
-15.92725233403943 16.89507734337798 8.993086583902315
-22.5 25.1768617582082 14.95972427534341
-21.44799259190142 17.6485924254531 18.26935717867354
-21.76594487635448 -34.0 16.74494337813304
-22.5 32.43786031862186 3.691197839483748
-18.63756949571945 20.0 1.240237276735566
-2.0 20.0 5.625
20.23523849650788 20.0 5.060989347983073
22.481535 28.77214595954123 16.23464999999999
-12.6454178458325 16.33374525768167 8.037501989410163
-13.07987712086435 17.50817851695515 7.726285690428956
-15.96358727506596 -21.0 2.59570644671834
2.979080363652745 10.89977242744531 2.28184324211745e-15
-16.0 -21.00334442786975 8.308299440001266
-15.00279163037124 -19.36768462718182 7.773840707792325
-21.86294672552047 -24.61843365482571 17.83841448641838
-17.98853907156794 -23.84824583690256 19.0
-15.73731798519233 -19.43174238892987 8.511720382387374
-13.1316400671378 14.94048050167146 11.29872867737829
17.35253205461639 -22.79050072196582 19.0
-12.03880774522173 -19.47761885506448 9.853921890429099
-16.0 -25.26904556365564 14.05903753977205
17.93150369569946 -34.0 19.0
-13.00361403836223 -20.34300435476746 11.22675464399054
-17.86732499999966 -34.0 0.009233744999976942
14.9338610790254 17.37355719724519 7.739086419903463
-21.03397806716938 30.97264553100805 0.4323855756903713
-22.25615878535483 32.21777145502628 1.838743518604069
-9.052413570538828 -20.26897776756261 4.190378797046046e-15
-13.51647001386584 -18.49194852446461 7.565658939114155
-0.5681338150955967 20.0 2.153592702845253
15.46679010650044 -4.193524140238782 3.206041131358466e-15
-14.87035613624162 23.99999 4.474272913347324
-22.5 18.53692978167771 4.467313993959499
-19.8844388542987 -34.0 0.6846557825562329
-22.5 33.08048123169652 15.11171936402544
-11.56708962714935 26.47382770771824 11.5
17.11298656040731 25.72019106927443 11.5
-16.0 -21.0 12.9286422816542
-14.62229378226879 -18.23638882715253 11.3935753843294
-17.15792377932939 20.0 2.347180024077103
0.6991188173215166 -27.24271519838351 6.073657757638562
-14.08488 -19.09212314208174 7.501802
-13.98900873383641 -18.11358232302372 11.49412651077644
-12.5 23.99999 15.17751728916639
22.21772502002962 24.60829042556315 1.745956323404272
-13.77961080738745 14.79365793171802 11.48522936952695
-13.50368666995533 -21.0 5.503241690194044
-12.5 23.99999 3.383179261646873
1.285509353291723 0.0932245121344657 11.02328804825422
-16.0 -25.50775953881199 7.355132625144096
-14.33989688683851 23.99999 13.36310330602912
17.66859144345057 14.61153494244865 2.054563332367663e-15
-16.0 -27.31912946033271 15.76647873447529
-12.0090487957788 -21.0 7.725494304887436
-22.5 8.035163529963073 15.8723290329378
3.398081580835471 2.856687018097525 19.0
-12.0 -21.92324352157453 10.67853696485258
-12.64234970259874 -20.98024040430103 10.95979761682926
-22.5 15.53584223999559 4.373693298031633
-17.82891984768937 20.0 3.836388000347188
-12.12606086205868 -21.0 10.1781041546841
-17.99622743487507 23.99999 1.479685e-15
3.493160554832192 -25.55631710892973 9.580357774844243
22.5 -5.083564834412698 4.722317581566992
-15.20707389304178 29.91165782213032 7.5
-10.69457990619996 30.1481452692216 7.5
-19.17424814122174 -34.0 17.23311702862874
-5.882166594875922 -34.0 3.207175473347386
-19.91991682144475 34.0 2.23306327957502
0.2496000423116336 -26.54933122983358 6.016093865215355
-12.0 -21.0 8.482855913937376
-12.05040211275379 20.0 9.046469821255045
-16.0 -34.0 6.765678952564422
1.992794 5.809421787215516 9.560207827054276
12.0 -22.04653849305606 5.966734440111765
-16.0 -27.24843987763558 0.01337023520086955
-22.48153499999999 30.73553424636036 16.23465
-16.0 -34.0 12.30458442622132
-22.5 -20.86480447917434 14.20674224009189
-0.4682977165844442 -19.29034681958972 7.559263691350987
-16.0 -28.90818757257928 19.0
13.60931143374628 20.0 14.65200375679972
-12.0 -25.90349708773311 19.0
17.43275010302092 20.0 10.20791510581153
-3.479363250281736 -26.6656745907943 9.156360568843327
14.37689516557573 17.92576024291231 1.851625557082983e-15
-19.52164332890429 -31.32006594096346 18.99829638915465
-2.415903818976977 -28.91573727522567 6.980572313381863
-2.526846 -31.79754215720173 11.92179
12.0 -30.75 4.832156e-15
-8.838889205840134 22.93322162152517 7.5
22.41962805718029 15.95250555544284 2.349755576507427
-2.081217 -25.74059816183599 6.68601
-22.5 -21.99551025593618 11.98901809054057
-1.837496505282377 -20.3561261574738 10.27303727806483
-2.0 23.70408970546218 0.02696518865887199
-2.0 25.20470042796309 13.73949474094665
-1.783217817290281 17.19772965026979 10.39311489545615
17.46121669663665 29.94192349580016 19.0
-22.5 28.25426743895001 3.150012951217934
16.60121447011728 -10.43919688748657 19.0
12.5 21.91947084400276 12.82907068440664
-0.615253885362079 7.883029503599207 11.39573172633579
22.5 28.31117086558088 13.9426839309571
-1.352918716370812 -23.45962945352925 8.031593269454051
-1.522049075472018 18.44474330459572 8.208061050896271
18.47873113593802 -6.915672120745526 18.990765
-1.247054301801152 16.94531779508326 7.943706393584307
-0.361341484630468 -27.61235704066241 19.0
20.83446555735473 28.21658307642575 18.68441272818575
-0.2197208189532254 -21.0607016058926 11.48093219966634
-18.55877815797496 34.0 8.881784197001252e-16
21.73642281604329 32.10918715505965 17.98655336267015
-22.49076749999998 -34.0 4.106457574551613
-22.4907675 -30.34679378351274 16.10774455861346
-0.8793790838735309 -26.34097008988134 12.87793853362137
-18.04560955892368 20.0 18.96809629602983
18.18975235972522 23.99999 1.77635683940025e-15
-22.39325083620048 26.45020779826782 16.76010729962902
2.0 27.97122603430762 7.5
-18.68654955675256 32.85534823548983 19.0
22.5 33.16234684779192 3.538873503793238
-13.94958833371867 27.18981701822068 1.284364654697741e-15
14.02625216919867 26.51317247778915 11.5
19.29018579611861 20.0 6.476894683054894
13.99438846711703 -21.0 15.19272227633289
-19.30631268847571 20.0 17.82420617998292
-22.42923209362168 -12.48190257805478 16.6102399603701
1.406758244792266 18.07078818813658 8.083421928457291
-0.4118099388135329 18.2650320246647 7.543666090759166
0.8479565957890705 19.06977566152996 11.30692632497241
1.616938935592708 17.81004040284741 10.66958882480557
-18.35459226241565 20.0 9.991790800896296e-16
22.5 -11.71866302701431 12.77721974351426
0.8698553076589994 17.43204199919799 11.29812682504117
1.177063684009481 -25.24156478654795 6.213208762588425
1.910785541392055 -29.19744975517565 6.575643242686469
1.757621699655982 -26.01550744232042 6.480596750747642
-22.5 29.84139456574449 14.18933467452905
1.891548521851539 -20.05678123353932 10.12825882620857
-21.79483159405804 -0.02161997100963831 17.91816620348341
-0.02236320798972624 -34.0 2.44975694483412
-0.1638104229119075 -26.29061380945102 12.98357864025697
2.263697393791543 -25.45254549347129 6.836655572788685
12.12643636025288 5.987063367287394 8.820833278755849
3.041248057863317 -29.29814713112361 7.771906665143476
16.12366691318586 23.99999 14.33381061030347
2.420614530285327 -26.0492359928024 12.01440120699554
-19.73465 15.23880158685844 18.98153
-12.58284214912517 -20.28577139364743 10.90742470680349
5.684281620876941 26.18490812292598 11.5
10.00113366152816 20.0 7.5
-0.7555298821502736 20.0 13.62389773673212
12.0072 19.96739820702474 9.560931048381347
-18.73460611848129 23.99999 16.73242465519214
10.42240959988822 20.0 11.47169832031053
-2.0 25.40304446032232 19.0
2.0 26.282774531748 3.571676736759897
-2.0 26.74835499467781 1.311397172231497e-15
-21.80493142892047 -32.09443938087095 1.093661339438447
2.971565725938889 -34.0 2.274970467823596
-12.0 -30.48498346978769 10.23990954137216
0.3555675344855622 -30.54163994307807 4.81939763288377e-15
-21.92464132639141 12.9441114017542 1.23382380190944
12.0 -30.99495364275383 4.773427090858589
-21.77175805465625 -33.39919420893593 17.94518155743712
-21.67010869700717 -34.0 2.616815910238357
16.0 -27.04733752277684 4.60543343191391e-15
4.348048315613106 -34.0 19.0
12.0 -30.03679852519984 14.18489051537994
22.4907675 -34.0 4.086670264665081
16.0 -33.99556177329726 13.9782985730466
16.0 -28.98953391562223 19.0
12.0 -21.70444133941285 8.712546765985184
12.0 -21.63573075058503 10.3860733559138
-22.36818639503983 -33.15390084896183 16.86450446015031
12.0 -21.0 11.78704137100772
18.70504247966068 33.03436232698931 19.0
12.07689671885009 -1.895315455422647 10.03896018898338
-12.0 -21.76234385221156 11.64290743149164
12.46520155498223 26.4999925 7.5
-19.73465 31.4999975 0.01846749000000096
-17.08137508585503 10.13098166339545 1.865635480184397e-15
19.46344254889521 31.63681662368598 1.012064779645895e-15
-19.73465 26.4999925 0.01846749000000081
-22.5 26.37295458758735 7.5
19.73465 26.4999925 0.0184674900000008
-22.481535 -0.3689661013242331 16.23464999999999
12.0 -21.0 7.543555356627479
12.5 20.0310760649165 13.35556361529726
12.5 23.99999 15.16911487392528
1.70380243262884 -22.08199523730899 8.463796225970299
17.48843321470167 23.99999 5.361361869639338
-0.02463200016922118 -31.51092694546614 12.98949206746392
-6.29177673120016 20.0 11.5
13.98991538573655 30.29035345171387 11.5
13.06142145971399 -20.34192722701792 7.737649281721902
-14.22770428458486 20.0 4.156262087957542
18.7516007628346 34.0 1.35153230486854
-16.0 -23.6377561299477 7.526655308898643
12.36039517332439 -20.44399432353653 10.64151814178362
-22.5 -31.51160256712129 12.58430328338089
12.69100799067525 20.0 7.997376789513924
21.92705 16.62993177115201 17.76336
12.34298 17.67417636213209 8.380051
12.0 -26.92098153824678 6.817908362415915
16.0 -23.89395441052339 2.704857631070949
13.09959 19.110589575113 11.28585
22.5 -3.829314693844626 9.992745049885773
14.1701601904827 -19.36433623779984 7.512722314929055
15.98249624282125 -21.0 5.485978540647718
16.0 -21.0 13.43778877639219
22.5 -30.2211425057534 3.786837074008277
-22.36574203209318 -0.5227737119130103 16.87468559881117
13.56912151001158 -18.48129294447642 7.554310918224698
14.00977623151013 -17.41435767478068 7.504992336819747
-22.5 28.19064709496923 13.91378614222066
22.5 18.05419759289318 14.55415776710462
13.53544147319442 13.9484912200248 7.561569580120447
14.11696310819138 14.10990567630214 7.505910312180938
22.5 -22.9727958530524 4.171292657110452
16.0 -21.0 7.652423002904369
-17.91048754278256 26.00771885806069 19.0
15.99527511580695 -21.0 11.49556742625643
16.0 -21.71483463658047 9.187626004262665
-14.88223111284119 17.37639502269416 7.713054962539141
16.0 -21.0 10.51102183337188
12.3008389170213 15.94433675583282 8.455485678190342
22.21875747991759 32.16018248003423 1.748448898783002
-22.38015987071906 31.0044722631933 16.8146331362907
15.34732023079874 16.84925810636797 8.02575213434631
13.13153309554041 15.58207644404941 11.29868569298498
-22.5 -6.319151145230006 15.43709177041185
2.0 21.1686327618993 6.450781633455549
21.40216458194056 34.0 3.126929159761744
-12.5 22.56306612624663 6.417734045966361
-22.5 -32.29565462177284 10.62339076949567
-3.586362515119859 23.48382650506599 7.5
-15.0269611061337 -17.64043791664759 11.21397521647825
1.169873970101665 1.085479347714383 7.880065789704228
14.69608946811983 15.18343346288983 11.37097595323465
-20.70606622193056 -34.0 3.082165582542156
19.73465 -22.10785044819242 0.01846749000000229
20.31672310885171 -19.8912782399625 0.1263771611326733
19.73465 -20.09884326060259 0.01846749000000223
-22.5 17.01474174290693 9.40898696793181
19.73465 -18.51255676743563 0.01846749000000218
18.58829155805954 25.15279433714007 19.0
15.83267154229274 -18.02610908637497 8.716277982094818
-15.04016804732299 8.129758840306206 11.20731637178221
19.73465 -22.10785044819242 18.98153
19.73465 -18.0882412757938 18.98153
22.5 19.96965866479756 8.252839136045193
12.32306361723807 15.44247951332447 10.58429818209052
16.0 -22.58357544723767 12.61938411043185
2.747390842312544 -30.77112220777776 7.337132351163344
0.6527086014822977 -31.34803459012005 6.067714618396273
20.34279139707278 -30.31597709344015 18.87339758683926
19.73465 -30.14706879298966 18.98153
20.27239948508641 14.81765775225707 0.1097023760137699
-18.86795457714532 26.87965990698854 11.5
-18.61599945690799 27.33947176392533 7.5
19.72023663941339 14.06863210339516 18.98420200890367
-1.902560739786057 9.522185384611795 8.898265674729782
2.0 22.92881029846179 13.4462800966699
19.73465 26.18051974344834 18.98153
-22.19301897080572 -26.37232358770126 17.31368827708673
-16.0 -22.31917210163867 9.307799474901556
20.90734766991808 -31.86625147994556 18.64521276646217
21.02335257789624 17.37392241995842 0.4258743603615677
20.68979302360416 32.27004665887329 18.74433813275478
14.38302008632385 23.99999 11.5
8.035823034200247 20.03388807417776 11.5
21.41361302546813 15.8602811920127 18.29872041715172
16.0 -26.67095188457724 7.512426347034504
22.0939982747833 29.92498010856275 17.4909228409348
-20.36431237319433 18.13259590849069 18.86823114212927
21.29877990708918 32.06001740002824 18.39679821713494
22.14063315716362 -30.70342990033451 17.4148209771358
22.21871979198428 15.58464380107587 17.2516410878168
22.08681019959924 28.47225854865674 17.50265281409465
22.05929031635161 31.24332800804333 17.54756156693754
22.16983581207231 27.52928899389296 1.632832897746249
22.35469742269999 -33.02838330425106 16.92068805513268
22.36682994721872 -30.22451211384456 16.87015426897752
22.48735659041748 14.53764690328348 16.1606702441667
22.481535 26.72572551152649 2.7653485
22.38561288069069 30.76229778393136 2.208077878529608
22.38171207355454 28.36942827432887 2.191830502142363
-22.5 25.60157287156088 15.8437219395789
-9.489544570954138 -34.0 10.82994119398566
22.481535 -34.0 7.544816123173302
22.35971857329099 31.19826083344548 16.89977420906324
21.80968333361699 30.33625986597364 1.099225112173721
-22.48153499999997 -34.0 8.839352002917984
-22.46772998271738 -28.19256858755119 2.690884377661177
22.38074870585696 33.21688798232366 2.187817948576996
-22.5 -31.84728919242251 15.8389421323749
-22.4851642968664 -25.57622618859493 2.811469266512191
-22.48209681152657 -23.69774073991834 2.772487948547365
0.003386983852422854 -31.39955048850443 6.009319235345547
-20.45222280878247 30.26655334323913 0.1572574267563697
-16.0 -21.64895474918374 7.026845158336475
-11.05007542619936 23.20614376950348 11.5
3.111150577993625 -31.28125669351526 11.0839284841451
-22.30886225149591 25.95710478366375 1.965980773636434
-22.5 -21.83507384425246 15.47452071506391
18.77864899756602 32.86831056324264 9.366576117531287e-16
-12.0 -23.24051719304873 10.89822866276826
-22.48153499999999 10.00047651603571 2.765348499999875
2.927582539716136 21.34236812553857 7.5
-22.5 2.886003500710487 14.38664377029248
-22.5 -18.12298083784146 15.95442476512772
-18.14509835138836 32.57739991846342 9.54470730541644e-16
13.38347225301332 -10.34232857413662 19.0
22.5 -32.75141157039697 15.20022326070988
15.0001387492851 9.425595581149338 11.22749885575827
-22.40520617102946 -13.35467990186543 2.289686517892582
11.4271891334472 20.96011491554391 11.5
-22.23901998951937 27.71968914337917 1.797366859793313
-22.39332134075898 -10.8235271948336 2.240184631753809
-15.57366709222322 -19.56948518678354 10.7304047148382
21.37512537291584 -34.0 3.945059869251675
-22.48153499999999 -14.06863210339518 16.23465
18.29350330847558 -14.64669200615726 19.0
12.0 -21.0 6.001720028788235
12.65302409232696 5.602128860331504 10.96919220323357
-0.6531881015621728 1.466181705674476 7.615886433384857
-22.40495356622311 -8.135792964946656 2.288634385545938
-22.5 -12.76395872405502 12.30118138358899
-22.49755546417749 -8.746576901478004 16.03106473494458
-19.7346499999995 -20.09804586199311 0.01846748999996217
20.15465108929279 34.0 16.46413792210764
-22.39358409256695 -5.579378258335858 2.241279027700986
-22.48153499999998 -5.136034407259425 2.765348499999686
-21.78490791769384 25.74638411753118 17.92978521107615
-22.5 -10.20538492273074 14.21462744459639
-22.42754269663752 -5.777456728330606 16.61727655244924
-22.37868046883379 -3.762311213252865 16.82079506725505
17.14784818503063 31.50997115474472 1.019831815492075e-15
17.78336042550401 26.60269600303723 1.320315406498637e-15
1.297859379087887 16.78260039266583 11.01241902454226
-7.97613200276362 -10.91045387453386 3.617334466434585e-15
-22.48153499999998 -2.00980458619932 2.765348499999725
20.22787616153372 23.99999 16.66688709161828
-14.8418377136678 -21.0 14.14776095302853
-22.1280992215457 -1.854017904125978 1.564725236696027
-22.48153499999998 -0.04854641496084097 2.765348499999749
4.332388499135581 34.0 2.05713564530774
-19.31529171478577 -20.21836752206653 19.0
-22.38494093103965 -1.883412548708092 16.79471930224387
-12.38402028938822 26.91141794797724 7.5
14.63589121047795 13.44731202690627 11.38941126364491
-22.12089280300723 2.151067007086294 1.552965476135528
-22.48153499999999 3.971062757437782 2.765348499999799
-1.991855890156837 -15.06289866941635 9.404309894285156
18.3324888352826 9.24987564189722 19.0
-22.38262159326638 3.098859701582628 16.80437969228676
19.07879181958444 23.99999 17.96579694343529
-22.48153499999999 6.029413758597921 2.765348499999825
-22.17302 6.029413758597921 1.638029
-22.48153499999999 7.990671929836401 2.76534849999985
21.29082288475314 -34.0 15.82251794285079
12.5 21.76676406743885 11.5
-22.4127653373131 7.113673830344652 16.67882647265628
-22.21638528077242 9.27530816742993 1.74272191098274
-12.5 20.0 13.21129391800678
-22.48153499999999 12.01028110223502 2.7653484999999
-22.38376478462283 11.10061554479097 16.79961812865242
21.97668246092451 17.92911044409149 1.317636500419501
16.0 -32.45067658762196 1.723587602670812
-19.73465 -28.91391596329166 18.98153
-19.73464999999978 -24.89430679089327 0.01846748999995926
-19.73465 -26.12745962059104 18.98153
-19.73464999999982 -16.85508844609598 0.01846748999996666
-19.73465 -16.85508844609581 18.98153
-19.73464999999984 -12.83547927369735 0.01846748999997036
-19.69026415788058 -13.04584132996009 18.98502374175984
-19.73465 -14.69397708477103 18.98153
-19.73464999999986 -8.815870101298707 0.01846748999997406
-19.65664571190382 -10.44859178564059 18.98766994971718
-17.29647644235739 -10.7617759467851 19.0
-19.73464999999987 -6.029413758597937 0.01846748999997662
3.284575345024169 -27.83241271414044 8.299728512006093
-19.54172603307316 -6.820883136290339 18.99671561972784
-19.73465 -4.796260928899947 18.98153
-17.51899428112591 -7.326527688230531 19.0
-19.7346499999999 -2.00980458619932 0.01846748999998032
-19.52716888366318 -0.824748307281681 0.002138253089117358
-19.73465 -2.00980458619932 18.98153
-19.49009322410181 -0.6713931896434104 19.0
-19.73464999999991 2.009804586199304 0.01846748999998402
-19.73464999999992 3.242957415897212 0.01846748999998515
-19.73465 2.009804586199304 18.98153
-17.97909660637497 0.3213425565026498 19.0
-19.73464999999993 6.029413758597921 0.01846748999998771
-19.73465 7.262566588295911 18.98153
-19.54642130711157 4.827942584929887 18.99634604073151
-19.72424772590599 11.27199131671586 0.01653902781984026
-19.73465 10.04902293099654 18.98153
21.30084003023213 24.68304013113768 0.6049603864087895
-22.396631493486 9.159134110109008 16.74602635447483
-20.50988316775815 23.99999 16.30758945782925
-19.73465 13.44328712201931 18.98153
-16.0 -26.73684994413391 11.18374410927328
-1.97412651119935 -28.47490080987941 12.37992785351125
-13.4255196062185 -17.09376311432998 7.585259818837153
-14.05094432389204 -16.89695581698356 11.49675810174986
-20.84271489480557 23.99999 18.07785711754184
-2.0 21.17432367543526 6.424847729769622
-13.41538177890102 -14.20592746207922 7.58744463954376
-13.5347832736312 -12.76331926866959 7.561712216814805
-13.9164585401752 -13.89069563926109 7.508956594898638
20.28610985413244 25.81264399388718 0.1129939284675214
-20.24074101874491 25.65953384565755 0.1021018874916481
-20.28910930297467 25.56325953430594 18.8862848076376
-13.98521188873084 -16.20921180643059 7.506035931716213
22.35536331730433 25.57478342360161 16.9179145041305
-21.43855884403591 26.87928552639638 18.27741444690162
21.86234427535545 27.02935463357942 17.8391198573701
-13.90039940665707 -14.15436593280396 11.49036157521425
-14.01347825690403 -12.9915272208789 11.49516620016942
-13.85485474499881 -15.65721830417161 11.48842642096127
21.37134035366255 27.24312713672348 18.33482507675369
21.36821715780953 27.01216319179033 0.6625066384431681
-21.43342895123878 26.74359487087472 0.7182034963417692
20.22878059245151 27.08768110969712 18.90076765198362
-14.63953124976985 -21.0 5.441953885908225
-13.31828181893319 16.94284791137154 11.3737269260982
-19.85138063022477 20.0 13.3590797664916
-13.57546486874599 -10.12028323074016 7.552944855860508
-13.50268385602554 -8.445461420703968 7.568630017844421
-14.03942780804915 -10.10319337119363 7.503732822954519
-13.95627007125852 -8.027816094461441 7.507265388935385
-13.97573629247342 -12.29170872208431 7.506438457930601
-14.0639260413741 -10.12619585287464 11.49730968397447
-14.00974349236704 -8.774355957148073 11.49500751317484
-13.89056174787751 -11.8581160451224 11.48994358139163
13.57805384603622 -11.04550730757177 11.44761215034591
19.9542170591626 18.03767269563715 18.96424722317182
0.1485838503056927 -30.4621138099088 6.003158064681764
-21.07913971975099 34.0 16.55146405573682
-13.41435 -6.358204185946761 7.587667
-13.57639023320422 -4.217130754954283 7.552745428964963
-13.99432003801982 -6.404550765444069 11.49435218361065
-14.02212349566768 -5.045003047479383 11.49553352907148
-13.83523655573641 -7.863560395994146 11.48759286064915
22.5 -18.23916858198196 4.417406463602398
-10.5983811487369 20.0 11.5
-13.44923574429594 -1.708036263855323 7.580148712884197
-13.91022826870458 -2.291597351631498 7.509221258727863
-14.08517232798946 -0.4422885064880339 7.501839433238474
-22.47575385997176 -33.36656094586382 2.691882311029689
0.5617462614481649 -28.83392224705137 12.94393250861525
-13.97553091242695 -2.325332989460719 11.49355384951447
-13.97194162101447 -0.9091666725371645 11.49340134355023
-13.86048728988667 -3.697185641234714 11.48866574304201
-14.91051453432204 1.881000896561499 11.27268673990868
-22.5 13.34014114453689 4.666585783946725
-13.55923830663322 1.787932270041594 7.55644187033815
-14.06238865266656 1.69791351110414 7.502757439283466
12.12818023006108 -7.153475289032308 8.815897684325769
-14.02619686163412 1.689599217474881 11.49570660295515
-14.08587246245163 3.354492667114876 11.49807290416357
-20.49246907989219 23.99999 1.967066374149545
-13.7677059234027 0.3502053618046439 11.48472354104924
-15.49453171583965 13.83757109559415 10.82064725030194
-20.27871406081051 20.0 8.639710261693285
-4.121952436667202 -34.0 16.13260046323852
0.866814059497753 -4.576240432295069 11.29934888153219
-13.54787209856224 7.361061386741 7.558891421506404
-14.07160980875136 6.499986803741148 7.502365721765091
-12.0 -23.63372060141015 12.42227961903858
0.6199582230306995 -30.32019607538102 6.063520712898186
16.41199777788086 20.0 15.79780809243471
-14.08239244991958 7.648829058465779 11.49809430609555
-14.05001376938874 4.414973606711476 11.49671856327402
-12.5256686375195 -17.69550606733252 8.153797753264119
-15.90328737563963 8.520920596427109 8.901040338687285
-13.54517590757821 10.48840192730249 7.559472482290574
-14.03119192195108 9.838033676499112 7.504082685903839
-14.58273726871967 12.07878154514808 11.40568929982449
-13.95629199860958 11.09909196996509 11.49273640429606
-2.898146209289862 21.18763074711289 11.5
-13.84449458648093 8.623619911942384 11.48798622656554
-19.73464999999998 32.07353439649482 18.98153
-13.97879002825015 12.33667785516768 11.49369232659645
-4.607557606518856 15.75094380388659 19.0
-16.56066010293732 34.0 11.5
9.278308027333598 30.04559739951894 1.109498742848472e-15
18.52886712390916 23.99999 1.25150969523974
-12.61458791917773 5.719053909346982 10.93536432558483
2.0 20.92733559976035 12.69548284258932
-22.5 -34.0 5.447566649103902
-19.98458725597781 -32.58732437887609 18.95939005666979
1.528793221069936 1.550288213624156 8.221245046121496
-12.75293045034209 34.0 7.5
-10.30295822191813 34.0 19.0
-22.19669175390013 28.64564023171247 17.30482140601586
16.0 -22.09236346404546 10.14486503918196
-20.18825018350571 27.23435913823725 0.08950001390596515
-0.7311004293454257 -0.2841516798405768 11.36025475511078
-8.73966057243845 34.0 0.007018160168084389
-17.59705673276077 14.53648309367876 18.990765
-8.12604379353256 34.0 11.5
-4.806777069607524 -34.0 5.031161e-15
-4.638862964042255 -33.98867874759125 19.0
-5.194019618625301 -20.26187648063316 4.189943968619952e-15
-1.975238388799666 17.11084083492509 9.790940108768213
22.5 -8.498592006536843 15.44947846504974
12.0 -21.93433208040631 9.621928584163902
-22.5 -6.914910318658034 13.88922606016536
19.68632528042778 20.0 1.290613556047835
-14.52756020417755 9.06512482642194 7.577413078561952
-0.7011944330249245 -34.0 5.031161e-15
-0.6943930977846016 -34.0 19.0
2.365187381744618 -32.26554032739111 12.07223238821292
-21.93307758978528 -34.0 16.10347750559271
3.061537603127154 -27.19145413478097 7.80631308005012
14.61640293568382 17.93954283671799 11.39537941636666
-1.516071331706748 -21.00273967849538 19.0
-1.439644720666402 18.46790209785464 10.87791579139918
-12.02356906520055 8.313134766932867 9.234966588705278
-19.48668191324451 0.7678702998101983 19.0
0.7812405531707749 -15.85985236261978 7.66626297017523
1.101565626879843 -16.45818963374135 7.838006449485579
-19.50514107659848 -3.326273081167908 18.99959533055711
-22.39854412802003 -32.39574454021426 16.73805994448434
-19.35296075888216 -27.69608662450339 19.0
-3.419477417401478 20.0 10.47598185036868
1.886441691194492 -31.5819031934648 12.44235927328341
0.7256727188438891 -13.86092066589366 7.643934121646456
1.119898778926955 -12.92556907601382 7.849294679339518
1.096240536028673 -14.82378738577503 7.834727643453389
16.0 -23.67195984909941 11.81396795823384
-0.5331991343584142 -7.854727043691167 11.42086026224318
16.0 -22.9169222463626 10.56171197446806
0.6139621257791499 -4.659586208866173 7.599045402447349
0.7976877474409831 -6.666563253972775 7.672871953844135
12.09916732857272 -10.29785464789406 8.898011563649252
-1.067159250566906 -1.329471766319461 11.18934431912165
0.7723159567572819 -0.4656737623136848 7.662676795477021
-0.6729287683969951 1.744130473581665 11.3780693076267
-21.14315432551143 -33.4877763237714 0.499287918592866
20.48682908468765 -29.21373051576797 0.1715918265165367
22.22626419222938 17.30724785147553 17.23342731843243
-0.6967823627909836 5.957802350212851 11.3707643570185
-22.5 6.371978588849812 15.93487296008218
-1.09271944388619 8.85463701477735 11.17043951337114
-22.481535 9.476064807926289 16.23464999999999
1.904996864659211 -13.38146401957979 10.09019709693385
-12.5 21.62318717719954 11.5
-0.6496835935528948 9.673469290053431 11.38518793517231
-0.9953230841182583 10.67178570253136 11.22992916093339
-0.6143027819847894 11.84030487167805 11.39602299326519
-0.9618246681588897 13.05950082056868 11.24681867061857
0.7915432667386352 9.549798083092648 7.670402914325992
19.63415645006389 -28.38881349935176 0.01055841849559413
14.79462227657187 23.99999 3.131968790845964
0.1161117930409987 -27.69389242055312 6.004530722295113
22.48052332960498 -27.76506855157843 2.752492286856389
4.636534110342248 -34.0 5.031161e-15
17.95131599963731 18.73463517933043 1.802096250775032e-15
1.732953223924115 5.412635091999766 19.0
-21.11180243511009 34.0 3.497532802671158
-9.166601475498076 18.60464928537618 19.0
19.51262850421493 18.48016462940921 0.0009938920745985748
12.0 -29.65353341665919 9.003279549320263
16.0 -34.0 9.85082163590773
2.263212848875093 -31.97660988683732 6.836297205120323
19.60488120480642 -24.08847625008107 0.009233745000003415
17.82562136812749 -19.13949137933283 19.0
-20.53634127907703 -34.0 0.9183914921896226
-17.36697664786411 34.0 18.98399584662307
22.4907675 23.99999 5.13267425
-22.4907675 23.99999 5.13267425
-22.5 23.99999 13.75964168903028
8.08738377329028 34.0 19.0
-22.5 32.20088932642616 15.95483135933448
-22.5 29.2384782096331 15.80045745230947
-20.99225151319732 -34.0 15.96752062025525
15.78000261681541 20.0 5.51143661122508
21.90877330273148 -29.50498579103094 1.215244709305471
14.08488 -15.5747195620708 11.4982
14.1714603947339 -18.33174346155115 11.48711241913611
13.48798170647572 -13.47852271913702 7.571798025004051
-17.86732499999968 -28.69775433531262 0.01591886260041105
13.87183380121517 -14.2310675226317 7.510852000365588
13.90048422860774 -12.70529128132102 7.509634957396242
14.08488 -11.05983848628638 11.4982
12.27105409687366 -13.85908713274936 10.49119724243915
-13.52415579610359 12.97013582695809 11.43599509935325
13.69491512129615 -8.118959426227946 7.527200101870291
13.99930027458655 -9.711156950446103 7.505437345529262
14.11606833488298 -11.05721109004327 7.505795734501613
-22.48615125 20.0 14.85632164871046
18.76375238552493 25.03723939210291 1.416171866443589e-15
14.08488 -9.447652869787927 11.4982
12.23334569215196 -10.21679576059569 10.42369637168037
21.45572064605182 32.09248169605355 0.737242650044352
-10.29899621566704 20.0 9.681950166605237
13.5615522432272 -5.388427682801391 7.555942233198754
13.59713404109489 -3.57351018017706 7.548273707128948
14.08488 -4.333746914411101 7.501802
14.09865819546594 -4.350616488221892 11.49643554908872
12.3629928787266 -5.91511868656297 10.64473531782794
14.0163313455757 -7.548972877966996 11.49528751143718
13.59216160229677 0.1764222827171409 7.549345358333748
14.08488 -0.4576057117083963 7.501802
14.13961704103128 -3.080052192108265 7.508811197833199
14.08165774537739 -1.441657217203332 11.49806309315896
14.04126696159772 -0.6560741641170029 11.49634697346574
1.922898260734313 -1.999979992290836 10.03953226032207
-2.0 24.64123718414554 11.5
21.33880783147201 23.99999 15.22711179166954
13.50013932503951 4.515158199503011 7.569177836579345
14.06689790840331 1.621704860131103 7.502565862187883
14.01154894698114 3.825100714265897 7.504917033548662
14.63143725032475 2.036215833149502 11.39077525890317
14.1690565708731 1.274083113926043 11.48742025547158
14.23998610926214 3.018852464449466 11.47833694053701
-21.38085376402366 -22.5430546350953 18.3266997695973
4.18806346761371 20.0 9.658693837888785
14.17599825215879 0.2973000437869686 11.48653129610817
-16.0 -21.87968137167554 3.788479548658584
14.1510960338732 6.249532413179605 7.510281107975198
14.14234175798281 7.981929639603131 7.509160103798755
14.17697870024869 4.93356250439097 7.513595440019065
14.1234349395302 5.845254478160026 11.4932626119105
14.20063757586486 7.121636540284335 11.48337595713262
12.27561796752845 7.836713263503126 10.49936691298084
14.1867940688264 4.925893169283382 11.48514877191592
17.7774138698369 23.99999 18.990765
14.06354116216413 9.372365600543635 7.502708453582919
13.9952420924506 11.22447383285631 7.505609733255602
14.10741877028394 10.10710696746427 11.49531366021299
-1.54489918230416 -27.7628449668156 6.362378285245261
1.6430745436433 0.08546223840616918 10.63722009265916
12.35780761032178 12.26759057807404 10.63831352678067
14.08118086608218 8.204455913800711 11.49804283155784
21.31028607633178 34.0 15.12762230714329
14.01798773134158 12.69290006344458 7.50464352009877
14.14516153405067 12.18668464393463 11.49048028024773
14.11350468061607 14.4831416370052 11.49453429182196
0.7427285618746855 -19.53802301864992 7.650787678927901
12.36080621992891 34.0 7.5
11.78936403199911 34.0 0.01019388498601979
12.00059675578708 34.0 19.0
2.683873257035791 -25.40547360647612 7.260275510914225
12.40186938938044 34.0 11.5
1.770077108170532 -31.6796664881581 6.486876654383526
17.8232966741407 20.0 1.836852215435908
-19.73465 11.74615502650792 18.98153
-0.4220261843158826 -10.92678875929402 7.545093019168816
-22.35444522777934 0.797989698452705 16.92173848484084
15.69315554791332 -7.844644340422145 3.429607770180065e-15
18.60152037948301 -10.70266896300637 19.0
-17.46569467134771 8.164305903424543 19.0
-22.36519427945901 17.37342408709321 2.123031710407663
14.50851370682048 -21.0 13.56159886343432
17.54249883737512 0.1433593585297324 19.0
0.3208242510773097 4.590704552026688 11.46940548134737
0.2656525910248239 -25.39156694883589 12.98185230502375
19.79129120988808 -29.58257461878078 0.02896811997007089
19.58022849142961 -27.32316631415704 0.006314165195790972
0.9004078 -2.072247899485681 11.28585
-19.52016856200549 8.56804074423825 18.9984124724473
-1.980455879719695 -8.4215028478484 9.270364229886209
22.16856951829749 -28.149537278743 17.3692325883261
19.47511240961285 -26.06910205196973 4.545533613213561e-15
20.37397266981738 -23.84826176636496 0.1340878221176828
20.31356562162643 20.0 16.81914079411376
22.481535 -26.12745962059104 2.765348500000005
-18.03707098270545 18.16495692938438 19.0
19.73465 -26.12745962059104 18.98153
-1.45985995998546 -22.63124418834119 10.85682398019598
22.11188651442587 -24.19667439418584 17.46173163668171
-14.21639345215376 17.21845846544062 7.518642585214423
22.38206782073033 -25.8733792445813 16.80668623804088
22.35776236643535 -24.63137700812071 16.90792210431501
22.37021740443579 -27.81065723167716 16.85604500108749
19.50981506443045 -23.78126263492446 18.99922742706145
22.11795042874473 13.41792419503464 1.548163976386155
22.481535 -22.10785044819242 2.765348500000008
22.37280515640202 -22.60430752772638 16.84526662563215
22.32702137073284 -20.85952711504658 16.99017829220579
12.0072 6.642236166190759 9.456969399026848
19.73465 -15.30178493309316 0.01846749000000208
1.774524135195513 18.06763422074199 8.590392429575918
20.3940875967337 17.60785632377357 0.1389169654344076
-20.30619267580689 16.74141770210405 0.1178153640349297
22.481535 -19.1561200956941 2.76534850000001
-20.24719029554155 15.9193239851788 18.89634811670767
-20.69445112221111 -33.58934177810046 0.2575917559234337
22.38403964839576 -17.36362237718853 16.79847327977109
22.33884145838942 -19.23196600319876 16.96164211388993
19.73465 -14.06863210339518 0.01846749000000204
-15.29959221821202 17.80700706308032 7.98256338367017
19.73465 -11.28217576069454 0.01846749000000196
1.992794 -14.82525612597379 9.384887242759927
-20.90781096943853 25.47122236408356 18.64492885858443
-22.38659428088941 18.35318377931139 16.78783285189146
-22.39469345498881 15.61796893639694 2.245899668555245
19.73465 -11.9075207420704 18.98153
22.36608226317486 -14.22411573145763 16.87326848527485
22.35955442839505 -12.3397084141593 16.90045789719894
22.37743413397405 -15.54851179178162 16.82598623906624
18.94805872695787 17.13730290861758 19.0
19.73465 -10.04902293099656 0.01846749000000192
-19.73111541858219 17.03431605169758 0.01781221918850801
20.10475026434759 -8.066278389568302 0.06945355396966828
-17.92812444780804 -27.82727494936567 19.0
-14.43747617115885 17.78824730655716 11.45017453127421
-15.99573640174852 16.10228531578394 9.449909611658027
-19.47567753423558 17.0233357516435 19.0
-13.80128297575396 17.77811197485689 11.48615020167849
22.481535 -11.11690175089687 2.765348500000015
-12.5 21.08606005398786 6.499246188598217
-21.27122476646501 16.09323801523879 18.42033278284907
19.73465 -10.04902293099656 18.98153
19.73465 -7.887911569671784 18.98153
22.31973618086992 -9.925698229334301 17.00776627319486
19.51831723955548 -6.740488706244633 0.001441608516169259
19.73465 -5.404067487161946 0.01846749000000178
12.0 -22.64670177027432 9.07225908218312
-1.996728080746635 -29.90503410009953 12.36601159447999
-2.0 20.0 13.07502560165333
20.93966199425243 20.0 1.84960814156703
19.73465 -6.029413758597937 18.98153
22.5 18.55950862134835 15.95136364894342
-16.0 -22.26287284675964 11.36868462195208
22.43369239063772 -5.298865584129619 16.591662153645
3.12695526697111 -31.90707552546011 7.951033361866908
-16.0 -23.29356759473545 5.837828182450387
22.42536212503261 -7.527243616829903 16.62635896056707
0.3167002841813735 -20.96374448591229 11.4702942967987
19.73465 -2.00980458619932 0.01846749000000168
19.5 0.2833226409432825 2.931913160275547e-15
-3.118027464681681 21.06773968242526 7.5
22.46118197523915 -2.338898086994163 2.522833127768632
19.73465 -2.00980458619932 18.98153
22.481535 -2.00980458619932 16.23465
22.481535 0.04854641496082016 16.23465
22.16301376798721 -3.565070593821922 17.37829882655452
-22.5 -3.289376313339641 14.32672143418854
22.481535 -3.9710627574378 16.23465
18.87003405487643 -33.00858558594638 19.0
19.53145040557009 2.0569264504082 0.002475218625025531
19.73465 4.796260928899942 0.01846749000000147
15.46988512263148 18.32937172266675 8.153635377505376
15.93681870090323 0.7377444189624498 9.970170859774075
-10.74070250682852 21.41867867191683 11.5
22.49586194762779 25.49906980940641 16.05258564793608
22.40320432336138 3.783779364721578 2.281348558234974
-18.51956246737144 34.0 1.124745775212578
22.38433511035356 1.413326431836229 2.202755796488828
19.73465 2.009804586199304 18.98153
19.73465 4.170915947524076 18.98153
22.481535 2.009804586199304 16.23465
22.481535 4.06815558735944 16.23465
-20.32843065735996 26.71352915104056 18.87533689937217
19.71876512570009 6.67182583631257 0.01552261669178746
14.08351691805649 -2.685098309361407 11.49814208550695
1.700977888801503 -2.127204017885523 10.54125981861251
19.73465 6.029413758597921 18.98153
19.73465 8.190525119922693 18.98153
-20.24365677262313 -34.0 1.673579813179896
22.481535 6.029413758597921 16.23465
22.481535 8.087764759758059 16.23465
-16.0 -27.29078381331275 13.50621813542245
22.39245712511044 9.779641802794004 2.236585059554647
22.36740100501586 13.13106428261938 2.132223013503171
22.15747692753718 9.989495390243496 17.38733420643108
22.5 9.938515232030909 15.86593732082607
22.481535 12.10737393215668 16.23465
2.0 20.0 16.69176091453564
-22.5 15.78002883249616 3.140114165068369
-0.1362368051094136 -25.31132298548484 6.015250408264866
-22.5 5.274227055448378 5.78775889227326
12.94362101759999 -2.527621999312426 11.18981509309124
-18.98690569475048 -33.2610199096552 4.245703401669472e-15
-0.7364532290681653 20.0 6.460358076359128
2.730890343558943 20.0 8.399541418894987
22.16851904417459 17.24496454795256 1.630684136179277
-21.72118530967324 -2.524866339003527 18.0043939991148
13.65729574650084 -6.876239127333442 7.535307762911486
-21.86122555813815 -32.51426446342805 17.84042969289526
-21.87712928501598 16.82001212035351 17.82180902082125
-21.89366022615736 32.08757214860035 1.197549547310569
-21.92553627055583 31.94799673974298 17.76513233046098
15.02817543275332 18.49167849558174 7.786639038263739
1.300715653074528 -27.53572551751601 6.251076552906444
-12.01338218953243 -11.32337287905109 9.294386001796386
-20.75055915598742 27.10178682211213 0.2808324822041239
-2.887586806787111 -28.52751695619295 7.524982093876168
-3.487391 -28.09963358870897 9.70472634787008
22.48052332960498 -31.70133874128291 2.752492286856387
-19.73464999999937 -30.14706879298966 0.01846748999995254
-22.23195222333984 -10.13298287644586 17.21969521468243
22.481535 32.18143230636082 16.23465
-20.30930527315686 -20.5871919181124 0.1185626289269576
-19.73464999999948 -22.10785044819242 0.01846748999996024
22.5 32.93655517261058 15.28846968181617
-19.73464999999953 -18.0882412757938 0.01846748999996409
3.388762271016567 -32.17795795363629 8.674631113349179
22.40635270992013 32.46576181466123 2.294462003644411
-12.0 -21.0 6.165367340485106
-15.98767681394713 -19.38145567901209 9.355222481437057
12.1034770206625 -9.17660175421602 8.885814040546517
15.09784593116964 18.73110638600773 11.16664483524404
-10.92944985258191 20.0 8.455066547906497
-15.93574710669299 15.41853596052462 9.025713885551294
-12.33528483723006 15.8296454595656 8.393825732070036
20.32710491004517 -32.11010204374125 18.87716337178621
-16.0 -22.71288887750396 10.11840452974453
1.09828419089639 2.27253973562671 7.835985978399264
-22.5 18.89482224693082 3.318042561378435
14.3105142572597 20.0 1.741275869655231
-12.56851674526614 -19.48813803037096 10.89481684370718
14.16019266772796 -12.55482367799203 11.48855537668688
-14.48829567005734 7.764761759624836 11.43461140247635
0.4626689665072318 9.730829459145447 11.43883448552102
-12.12657262571916 16.10346331738845 8.820447612880313
-14.5627623300484 5.670124166166943 7.588193817791577
-14.43511193640038 14.36695391312497 11.45089856222399
-22.43138083816945 -20.87372000479998 16.60129011672369
19.20589412899759 20.0 18.06604306274982
-22.19763669053806 -19.578430046339 17.3025401301759
0.8094027873583853 -16.96791533962691 11.3224182971327
2.359130226190359 -30.5819056313707 6.935381580579469
-12.70217592801404 16.84813541163705 7.987547566121605
-15.96348989645081 -5.735865129076496 9.867730626569807
-12.0947695475144 -13.06845082003844 8.910458400904002
21.39750919933524 28.55945963178419 0.6875247308559721
-12.17754 17.63722473573538 10.3238
9.079186977436953 -34.0 19.0
-13.41435 -20.16070837848947 7.587667
-12.92707604549813 -20.29413609242484 7.820368961433887
1.965366135466182 10.74128714077831 9.170422504863419
-0.1147975304566843 17.17014429878279 11.49436882488542
-5.737698017969881 -34.0 9.267613287745162
-21.3784145360347 25.54165533749883 18.32878308944606
-13.55123174318503 18.29051707451323 7.558167378680575
-16.0 -22.82047836831725 8.08277035227663
-12.21847206838641 18.48268534081342 8.602926519315986
15.17499328031082 15.53477052870028 11.10958623266005
-12.342716167909 17.23705439164949 8.380523272838625
2.772475473957436 -28.01540957848394 7.37424613615042
-13.92817085826615 -20.00369121070661 11.49154156076549
22.481535 -16.87934580451972 2.765348500000012
-13.96501148028486 14.8769807316297 7.506894051218137
0.4797978144942721 8.588086774737022 11.43514280100013
-16.0 -21.0 6.631308562224321
-0.73472195 -25.28469324090029 6.090882000000001
22.19260698806038 -32.3093793659457 17.31468289010703
-20.22472373298201 18.3404521474279 0.09825649601616471
21.33320181413019 23.99999 3.646746604124592
0.8788441275641851 -5.331865073093527 7.705483059547022
3.334578478456877 -31.45527493158905 10.53346495180841
10.57660037499825 22.2319979081396 11.5
-12.0 -25.91536832509194 4.536120345703053e-15
13.98689523518478 16.93237674796057 11.49403683284156
-20.96891062353653 25.17022343730846 0.3925127636722567
20.3995133403599 7.592649794777412 18.85978060301005
-12.0 -21.8670955667946 12.6452384741568
-2.113393665277116 -26.84305540693906 12.2856711784653
-19.98696570008166 23.99999 18.33873083102796
19.69554966624288 34.0 2.924082315196979
-11.1731874444749 20.0 7.5
-0.9994654819068198 -23.41353239496366 7.772161387601396
22.38586691534429 -31.05139496847514 2.209135966378675
-0.5495609091007265 19.00473773855395 11.4158496146074
-1.113283560677254 19.08154267668121 11.15522990096682
-1.078447995319359 16.77030139150525 11.18099494851845
10.42996493233721 22.94455469840667 7.5
-12.26421908227648 6.305012650794612 10.47896205401462
1.381996453885351 -21.42961539170904 8.061628961994328
21.86188103930156 26.49676016441427 1.16034085213049
0.8947327129690336 -22.68884086972846 11.28813040481264
1.925043776968231 16.93079847121712 10.03345998366927
0.5856457 -7.844476835397224 7.587667
14.71439198268016 6.86711199224152 11.36537093158742
19.9702484005918 -34.0 17.26269256849371
1.662112731406094 19.39319550978981 10.6108317838846
-4.534584363542516 -17.87707378309195 19.0
1.918579230598673 15.02734604322506 10.0517560531048
1.762955768329109 -21.5313063956977 10.43031409830411
1.321522195226828 -19.76577173861222 10.99159382838877
0.8531242667558873 15.27407267929916 11.30484981377909
18.83090704800904 -34.0 0.7805277877102768
3.495181974832075 -31.97894222351452 9.443391936657726
21.87217447105732 25.65933349411468 17.82761030039683
-19.54979546237584 25.69483477526591 18.99608045092656
-19.73464999999999 28.61029909474223 18.98153
-22.5 18.47994900761676 14.60290605430085
14.08488 -5.663960958339285 11.4982
-19.46791279748068 32.51154846503209 9.585029644368976e-16
20.37929061086738 -32.8986942349113 0.1353645406256421
1.997675939428043 -20.4681844764109 9.472526258634815
-18.02587439408315 16.32076126239162 19.0
2.226572220104115 -26.98260875876296 6.809197928553388
19.65303259401362 32.81138296737795 0.01204401406188291
18.7019446999197 20.0 0.7898266837966001
2.0 25.61945121012852 8.881784197001252e-16
1.05557883454976 -2.213111944253223 7.809691106835642
12.0 -34.0 7.716262113206138
-15.33634512910733 -9.969829922764768 10.98569451977512
11.99415942993746 -34.0 11.7769020101346
20.36038461042065 28.53610238009022 0.1308256334706173
12.0 -25.76035616338957 19.0
21.21361202169959 20.0 3.330289549245029
20.90023528825258 8.094655765397649 18.64957120219366
12.02865282745035 18.30555039653905 9.205276816656902
16.0 -23.92475104296742 5.293470638418713
20.26709451220117 25.62085080618499 18.89156980022766
1.622699442209688 9.266868931830079 10.66245448550298
1.973235566918141 2.744659601628451 9.761677864765602
0.4637396364819519 18.60672815311251 11.43860373002738
-21.45440816007908 30.1400922372287 18.26387770705951
12.34298 -19.56486347507549 8.380051
-16.0 -21.58491995506463 10.39462953743358
12.74143180968208 -19.84247941331548 7.952997333731112
12.36463324687726 -19.69608777714742 10.64676686194133
-2.488460344924471 -34.0 17.22448827496112
12.1014330872074 6.644750957308139 8.891598891301419
21.5567120704702 -29.69895333296861 0.8234985973050184
12.14553904021303 18.0664054318382 8.766767843155332
12.62211976024559 17.85502108245035 8.058007305736723
12.35233658560235 19.35360126610334 10.63153783556861
12.17754 17.37240148174739 10.3238
12.37492746396492 18.08131012933641 10.65951592447216
22.44615850661094 18.70400076842542 2.460258398763806
12.36843231945705 16.7006085677833 10.65147189326779
13.65324242025781 -19.85811576219518 7.536181328605938
14.00611475435691 18.97437809877412 11.49485342990304
15.90871579749588 -13.43736595137555 8.92189019125014
-20.12781698990521 23.99999 17.6669979897174
0.6238996408178413 15.52371549852575 7.603038598704486
-3.2706356261508 -26.41006439671348 8.288547960404054
-13.30535782640768 16.59660801508545 7.631463667645603
-16.0 -21.0 14.26375271201112
-1.971629490811979 -22.71415819637171 9.833343374233307
12.5 21.29110273476673 14.1558488273939
-17.46702130809433 7.408743837119486 2.013334194452579e-15
13.86080995765885 -19.57250586035674 11.48867973383184
15.12683823871506 -20.11045116646769 7.854798026677167
0.1360739522923042 -19.46139599888217 11.48881200411969
14.55168425986983 16.59157441343687 7.584801131048711
14.63948917099392 -18.74944366793413 11.38830941250246
-12.46567672300633 15.26584532526002 8.228095561933568
1.876126192825343 -5.238471133405355 10.1719073649598
1.992794 6.852802491537657 9.380723181594218
20.59035421558591 -34.0 2.631797584516423
12.56994723559658 -17.49452673049085 10.89607582575223
-20.77402544937581 15.91296575720523 18.70944787362032
-3.403199687801917 -27.58129623933865 10.28781796568009
-0.3516312682648501 -19.61082842648289 11.46403956033643
12.0072 5.383228345771051 9.464559294659283
-1.418723596494743 -28.12856289675198 12.68832253027127
-2.915703322134788 -32.00974666923247 11.43141306237777
14.98166028343824 -11.6867676847443 7.763186434753012
-1.112605555561418 -21.79819296872916 7.844268991159772
20.88512848603962 26.64677501291242 18.65882858314566
0.589397826711711 -22.06291823605766 7.589174718809297
20.86197 31.40009080918724 0.3269804
21.92705 -32.41216351093583 1.236644
-13.06850877931831 0.2605045283420928 7.73328544979576
21.81272457796953 16.01464867212197 1.102785956401587
-12.31670984433755 -6.284224131032637 8.427075912468638
20.85050844222943 15.67733488802287 18.67776753893214
-2.081217 -27.49134616905731 6.68601
-0.5063107746278536 15.63408226757434 7.570905203048687
21.40492706204719 30.31011480197315 0.693860266556688
21.8961801286892 31.69118835521433 1.200499977905792
-14.13702803631787 23.99999 5.799008420999452
0.9857144524117326 -22.7502171343976 7.766673670327676
-1.994539252918568 11.09219322925744 9.435838357344492
-15.9954587372945 -6.974446681735332 9.446647503103216
19.76297060494404 -31.79128730939039 0.02371780498503677
22.33032512938308 -32.4919412618915 2.017796676221419
22.35978825344994 -29.39333947226962 2.100514898818953
22.481535 -30.14706879298966 16.23465
22.481535 14.06863210339516 2.765348500000032
22.39373063582296 18.14040636848847 16.75810886216597
22.481535 30.14706879298964 2.7653485
22.35637908671742 29.65333846693066 16.91368367202093
20.57026067036866 -34.0 1.413430957503534
14.26375521902845 -19.65070477557927 11.47529304211859
-12.17065377242335 8.736982300166282 8.695686772867077
-15.90244260548024 -8.127988423897808 8.897795687895728
22.5 -32.95538918934923 3.776700566207011
-18.14920337663625 18.38682374166977 1.140470656171222e-15
-22.48153499999996 -22.10785044819242 2.765348499999472
11.35268100897462 21.10674954341122 7.5
-20.35007789235134 -25.17435383042054 0.1283512213641833
-21.95403246038463 -23.99245605435621 1.280675202429097
-21.62633537807782 34.0 1.967348527230655
-22.49893233058726 -18.28490919995978 2.986432156555391
-21.4609692452405 -21.06480209314653 0.7417254355622108
-22.48153499999997 -16.12698310455533 2.765348499999548
22.35686783546002 27.56032707133463 16.91164796012898
-22.48153499999997 -14.06863210339518 2.765348499999574
20.91905814993747 26.14498241514178 0.3619635642958433
12.08273961939981 4.687538243030546 10.05549671948354
-21.30331980938214 -16.27049314002149 0.607078345441579
-22.48153499999997 -12.10737393215671 2.765348499999598
-22.36832040035368 -14.8704631301836 16.86394630789903
18.22631922970256 20.0 6.829906399960086
-1.024024377616594 -2.53037601338416 11.21545830430826
-13.3508651507441 15.56717548623678 7.613177316491091
22.4785380324288 -8.728394108572168 16.27273494127167
-22.48153499999997 -9.155643579657994 2.765348499999635
-20.2959470235747 -0.8852589823331911 18.88464330656335
-15.73323942424579 8.898798839888705 10.49431393828027
-21.30101083166041 -12.02423349979505 0.6051062665077628
-22.5 -7.480659537654859 3.019459261600312
-21.90572524154691 10.56732650668896 1.211675883582484
20.60475529760438 18.35323179271685 18.77956195860519
21.17227446392669 17.6508959392523 18.48286680985563
-21.44233999999962 -8.08403180281826 0.7258143499996539
-21.95778675434396 -6.037119101063319 1.28680162955788
-21.40246795179143 -5.312603643688131 18.30823931137224
-21.5535875756029 -7.682369003285594 18.17916957568143
-21.92022202393953 -8.668256425785362 17.77135444709582
-21.57210474716761 -9.378288670722867 18.16335424753728
0.2522486380400233 -34.0 4.774532079588126
1.458224213431274 8.988526402714383 19.0
-22.38578551608689 -0.7950646802290429 2.20879692773196
-12.0 -22.77200026694343 8.382923122897287
-22.481535 -2.00980458619932 16.23464999999999
-21.33809206285163 -1.934916886514042 18.36322210421379
-21.39702133488228 -3.351173902463099 18.31289121155001
-22.36545899634116 1.922325755945318 2.124134291148089
-22.37747810590738 4.313219624060153 2.174195468270172
-21.29284875781527 1.693609394976311 18.40186395148379
-21.3041280741059 2.87750858811909 18.39223040201028
-21.3300934351933 -0.6247464934044533 18.37005365085024
-22.37883402167112 6.171802649157272 2.179843036323148
-22.38876690441969 7.991076270044836 2.221214803496844
22.5 -2.095914852170964 4.591015726940224
15.92324301209787 19.04697882073983 10.02231313156119
-21.35815257311134 6.119667789500362 18.34608862616681
-22.40358417701479 13.77413684787454 2.282930698818622
-21.3379329945905 4.321270629940381 18.36335796279988
-22.3735236820822 10.13710016572024 2.157724771299026
-1.801054300136098 -21.71447612969131 8.646343728950518
-15.92257391237387 -3.668296790772061 8.975117383177492
-22.21165645764169 -25.04712388188995 17.26869346290579
-22.3702811179604 12.35185472042374 2.144219063913897
-22.481535 11.11690329280137 16.23464999999999
20.95962554742507 20.0 15.3295999536727
-21.40214604266698 10.69512419231112 18.30851425068562
12.32837172960004 6.51563945520008 10.59380010107018
-21.54475254999284 7.906565708090618 18.18671548131269
-14.08488 18.60600684593288 7.501802
-14.03992524293713 7.071990427141304 11.49628991029564
-19.53115861527667 -27.83758102987134 0.002452254063654672
4.461463127550466 5.769551119385508 2.595978705035453e-15
-1.779278969084911 18.63757357942925 10.40182858263731
19.53210603237299 18.42261629056571 18.99747283861952
-19.37385596467013 18.35041837571451 9.895213743211719e-16
22.5 18.65531834308715 3.114515157509226
-19.5052316193876 18.61041531540741 18.99958820366465
14.05703802280715 7.574807116514895 11.49701705278067
-15.37281409086877 -1.74230800687663 10.94764386906203
-1.871663897712467 -15.50579085026685 10.19745072232353
15.97406142832879 -19.40403759599926 9.195263706519235
-1.053290325492079 7.801179281007794 11.19960204022857
19.82869765588781 -34.0 0.8826550060412814
15.76299964410138 -19.14857865104235 8.562150160940224
1.428538677130877 5.163308981002384 10.89741065026566
12.301690367295 3.445225329831548 8.453961538969155
-12.0 -34.0 8.735312019805914
-11.97813754860392 -34.0 11.53255777752139
-15.99803005610978 -17.70275765850102 9.476856343245133
-15.90649589026549 14.08938063980073 10.08663642231692
14.68277092750156 23.99999 7.5
-15.996287353687 -15.38562813177378 9.543617722595993
-14.42136 -16.10191326265327 11.45511
-15.79010670365586 14.42459481389826 10.37788373887453
14.0954392548448 15.56576660091745 7.503154135679678
14.09796715984687 18.49140011786871 7.503477839444608
22.5 34.0 15.28581479211529
21.54585022828122 17.88686643023923 0.8142215869806018
-13.79893225966915 16.52663674119338 11.48605032173508
-14.4203185714038 -14.06863210339518 11.4551838768267
-14.37083840462571 -11.9787825079497 11.46157985123834
1.657019 16.70987591262955 10.61995
-15.99578624129876 -9.709102358025776 9.450495145819326
1.103744719296002 4.827613895295578 11.16064841504937
-2.88973049909063 20.0 8.49960544973779
-14.83266012049345 -0.9382832629216864 11.31194037503546
-22.40507367884267 25.01085054298419 16.71086338498424
-15.99250201401849 -8.278063634690847 9.411910783464169
-14.52332915530096 -9.28995572228053 11.42388263389534
-14.44689511363879 -7.740159973810563 11.44729004366351
14.2685015087903 -21.0 5.250519414649736
-19.2236469429872 -26.17958260104843 3.753421791684305e-15
1.343556567364982 9.207648529334922 10.97220179494686
-13.92488712936601 -5.982962398623249 7.50859854586326
-14.46897303536043 -6.037463688243562 11.44052882903545
-14.40451309642079 -4.126008668327427 11.45726743305762
-14.47582124533366 18.38694269145472 7.5615678928094
1.037095506513332 -8.09949085041184 7.798310409462664
-14.44176765857973 -1.616183259488952 11.44886029219447
-14.34882293056926 -0.2397474568565361 11.46439917713317
-14.01803574469828 3.826889337168343 7.504641564319668
-13.56308211786139 0.2852564240818936 7.555613483929443
0.4130231386795498 7.882242469626069 11.44953437230013
-22.39713423769498 -17.01396470007917 16.74393234936415
-13.55743892339834 3.743975334062721 11.44316820443664
-14.32981863155221 -21.0 3.597434881833721
-14.56693474197272 2.750807531888629 11.41052871706443
-14.58309953320177 3.963946836977286 11.40557835877006
-15.93299506872496 7.059434927054399 9.01514367059743
-14.01971940040243 8.111785919558958 7.504570042112674
22.37737507818075 17.46012407294916 2.173766344195485
-13.5465231594508 5.960255456056395 11.44081566342787
-13.4447413716324 7.976048586684971 11.41887988037684
-14.64923530652331 8.306009128210574 11.38532472422704
-0.0645369529069278 -22.993161704843 11.49733562298875
19.4605945221576 9.604738335797663 19.0
0.5940445780000414 -19.9565486284052 11.4089551016579
-2.466386239148647 -31.31172776035694 7.025002561684845
5.304417423128054 -34.0 11.47437341928454
-12.09893107908298 16.77961607846254 8.898680209703096
-14.02948564519602 11.39316197084866 7.504155169059965
-21.14893708523672 23.99999 3.230108748455164
0.6845650389152439 4.894773346353182 11.37258151062978
-13.59540916137873 10.24055210012069 11.45135146512194
-3.00731802704284 -25.47213059964319 7.732582291482601
-2.184281852992445 -25.26423939134247 12.22328217949542
-14.03994226415669 12.82442346505935 7.503710968702417
-16.37827223614929 34.0 7.5
22.42086141370044 16.12217635316315 16.64510509898658
-22.39926150928054 16.61685955882333 16.73507194382925
-15.90898878805358 0.5337443310717234 8.922938711985955
21.66855453206058 24.52149402918511 0.9339843027700727
14.97003870287397 -17.34196297608398 7.757326917474125
-15.77630677203685 -7.2332407970333 10.40841187787653
13.24163373206894 -21.0 6.328598388180457
-0.9125644827454751 20.0 12.15475034036072
-21.37617885884849 -34.0 1.692019177924549
22.5 24.74868120714277 15.3394465071008
-15.16348166363376 -21.0 6.72640621483455
22.39740582291772 17.20408786379629 16.74280115613662
-1.038715769922023 15.77894012002694 11.20805107607
-3.250751340379981 -27.56099139464107 10.76772667247722
14.6367625131807 13.32398561018447 7.610856559247043
-15.44822523772401 -5.572578385022775 10.86896207856761
-12.04208450837958 18.94268576310137 9.126967158589286
-22.1752687765362 25.54018929886735 17.35654098034346
-16.0 -22.33431702158668 8.45734585805001
17.11831019661757 20.0 8.672225898365832
-19.73465 30.24999625 0.01846749000000092
-19.63631703945121 27.72883436196434 0.01072846180649927
-0.5673922759838468 15.99693419171342 11.41038891748116
19.65459934499262 25.23662263847865 0.0121673209361091
-1.858912038403917 0.8995522284834969 8.7743390732717
11.25056683076408 20.0 7.5
-22.0603161109869 32.70570307046885 1.454113683125897
-1.900425392947959 13.54914748096542 8.89006495262653
6.855327070544989 34.0 11.5
15.06397698578975 -20.40507971930676 11.19052708085225
-15.43885063252797 -17.66673609727405 10.8787432681233
-21.48374182104504 -32.02873934987088 18.23882412518689
13.45620614952837 -15.76563390071288 11.4213510156714
-14.54493512409537 -10.65185930060527 11.41726595166828
12.68462886510004 -15.48656960853364 10.99700772956947
-3.213941877636348 -31.90224219376326 10.87190875194352
-14.05537579325489 20.0 6.171679792762729
2.080081361414011 -25.23398518681543 12.29914366757218
-1.998867369803618 -31.78824621970643 12.36469438946919
13.77027746135648 -15.41302870425824 7.51516601731633
13.60995006344543 -12.88507978261024 11.45448655901344
13.96097626736059 -14.18912463706581 11.49293559025727
12.65572150301135 -13.67987204393736 10.97156620852919
12.58818089229374 -11.45039998124687 10.91212336267653
12.23871941420253 5.452605182514942 10.43331573692021
12.0 -22.31777739321785 11.03497361299353
0.07673718678742367 15.694752783871 7.508667446234208
0.5413928813004982 18.50238388666821 7.578129705122659
12.6720878761964 -9.832828330882533 10.98597033943754
13.6297659508194 -3.548178917843019 11.4587573634844
12.71998120738387 -5.732965328885651 11.02812151149387
12.55261105672961 -3.793729919400602 10.87957143870605
0.3710719048324047 1.84063951532271 7.541422407732107
12.62327761494689 -7.380318295977105 10.94301217242283
13.69927714346023 -1.43843617612302 7.526260006577559
-21.44703168991688 32.16990168883 0.7298214838766083
-15.92214682538381 18.84171139711145 8.973476998363997
-3.34583587415633 -32.42134581009822 8.501387747503438
15.04414094124614 3.474498550632777 11.20531326725946
13.60647711165851 -0.005543938861990227 11.45373805364806
-14.98245111178735 13.5652069086591 7.763585164714967
-1.998345850915581 2.267809823623136 9.48056439515129
14.544118960919 -5.086681156244477 11.41751589613663
1.062380220400302 15.81251565184574 7.813878908617297
15.7373836778038 2.049011752457833 8.511817576051577
5.481370927066365 -34.0 10.1964047909348
-12.0 -23.84728231115516 9.360100289669232
15.81593870925771 4.039937621732216 8.679261693399058
13.65182299853111 2.009804586199304 11.4551838768267
0.3412599371976284 -22.40647138860384 11.46500109255362
4.841142454830916 34.0 18.99704105233874
13.48302577033485 16.39213902507318 7.572866119585384
13.58042963979451 7.958859699186934 11.44812419153859
2.0 20.0 12.94176091453564
-21.00110213641103 18.67632584766451 18.58776044796079
12.35264535018074 -11.73392924317002 8.3712387678559
-22.3855797078489 5.343569552614195 16.79205870092961
2.0 20.0 6.058540130356944
13.60725794945215 10.02125434367786 11.45390634313605
-12.36009406927224 -9.388966419881992 8.358855846375333
-20.30835494259354 34.0 17.81461873584988
15.44298378300293 13.50420416380044 8.125566731536868
-22.20913403908058 -29.46578752449101 17.27478311197932
-22.45290296163863 33.49035731475238 2.488349943804927
14.70683919104995 8.201761525327957 11.3676839230862
-22.481535 18.56085183091522 16.23464999999999
22.37841597246322 -26.83711905409342 2.178101806215614
22.481535 -26.12745962059104 16.23465
22.481535 -24.0691086194309 16.23465
14.51687628862009 9.36741074101159 7.574141102659165
-2.0 22.69755571853395 13.87100560400902
0.4589456695401538 11.39913532601119 11.43963694683018
12.33553984021986 3.690272004390913 10.60663155634134
21.31612813307325 -21.64057217775279 18.38198127353759
21.27076736195675 -19.93722809054659 18.42072344739346
22.481535 -20.04949944703228 16.23465
21.35754936320563 -23.15188199055175 18.34660382162014
21.26336 -24.29525034521173 18.42705
22.10963808224616 18.44080952924979 17.46540077597762
15.48181365510702 0.400016029035287 10.83391690381855
21.26973533082696 -18.35736188321277 18.42160489469849
21.35255720501684 -16.75335798276866 18.35086757322103
22.481535 -16.02989027463366 16.23465
11.16451236119944 20.0 8.24003780038095
22.481535 -18.98161908522745 16.23465
2.7325524632061 -32.43257454612384 7.315178334875231
21.26336 -14.06863210339518 18.42705
21.22229281268138 -12.34497025198591 18.45221578904497
22.481535 -14.06863210339518 16.23465
1.312223577047773 -22.34960439328215 10.99977736607077
21.33189448850268 -15.44985914089942 18.368515389513
-20.79508359251195 -30.32514652797208 0.2992751217411688
22.481535 -7.990671929836422 2.765348500000017
-12.67522895163942 12.43798089990563 10.98873481641498
-3.46220607216015 -32.21049536008542 9.056300772045892
21.3186252414947 -9.49274255545526 18.37984851859935
21.26336 -7.988372478641919 18.42705
22.481535 -10.04902293099656 16.23465
-0.6603254891844507 3.723296196771647 11.38192894951665
21.30832585850253 -10.81887615219349 18.38864511699637
-1.077097161006213 -21.62750072222799 11.18199405130191
22.481535 -3.971062757437802 2.76534850000002
21.38694696800319 -6.994837351358569 0.6785036157070403
21.9186506418101 -7.965817977050961 1.226809602410961
22.37070118455214 -28.00279657807301 2.145968696691301
21.2896623530389 -6.95425571744244 18.40458542743719
21.29085861269571 -5.961076861893721 18.40356371421538
-13.48919519704724 -15.73003231574897 7.571536982080175
22.5 -6.826693232444832 15.46433266099642
20.12817572976417 23.99999 18.06345053567137
-12.35691937301628 13.14019418071647 8.362787592460174
21.43815762224577 -2.795855430264666 0.7222422154641164
22.38450028309217 -2.044500155530287 16.79655466710247
22.36379534028717 -0.5797100632991388 16.88279386245266
22.36135772743657 -3.652631428774875 16.89294688595004
22.3272775 -34.0 16.79831
-21.33891574728511 17.25765859147802 0.6374805440454208
22.481535 2.009804586199304 2.765348500000024
-21.42043709379813 -32.68750385511056 0.7071072574613577
3.156921930404052 -25.41645346715595 10.9826715200564
-16.61603919107482 20.0 13.45955794767106
22.37926673553773 2.423467301927314 16.81835317841315
22.37166264597479 3.770323810303903 16.85002535309406
-22.3272775 34.0 2.20168875
22.37085923190558 0.9612319058457981 16.85337169331411
19.73464999999999 8.815870101298568 0.01846749000000131
21.46207084263715 6.285468905143365 0.7426663008633526
22.481535 8.087764759758056 2.765348500000028
-20.29831 23.99999 18.827275
22.37928866770876 6.199498985766407 16.81826182762798
22.32307644246869 7.699074157184711 16.9997021789704
-16.0 -22.25021435212512 12.86347253648703
12.18282503924059 14.24384242336121 8.66673651141838
21.93623190367458 10.58602012015842 1.251627446787899
21.50355332869813 10.53696644199451 0.7780961519672872
22.40891344528944 10.28300274298874 16.6948701812444
22.3664484479558 11.88617156175911 16.87174327068456
-20.42717893800189 23.99999 18.27095762291019
22.40259162946095 9.029813642325305 16.72120149330524
-18.97560114469373 24.76694152499539 19.0
19.73465 12.83547927369718 0.01846749000000122
22.37252807190402 14.22257736095873 16.84642072416685
-22.4067315796489 -31.9741816295621 2.296040046052097
21.43006156840407 25.60640411265098 18.28467188370718
-22.44684029157447 -30.11340602158692 2.463098123090379
-15.43882068574672 13.18172575779639 10.87877451372115
-21.93821099966111 27.5979210836455 17.74514674775796
-22.5 -32.69641578532859 15.02768819788566
-3.419885067249083 -32.14220345725099 10.19051017386774
19.86075870774582 -15.98140246042617 18.97018633447474
-21.48727269704318 19.97314117134546 0.7641909980050816
22.1715823304349 -29.53303927285735 1.635682945609672
-15.42256764455081 -19.92458195050557 8.104264693416484
-20.27070454317429 -29.30593040302563 0.1092954584325528
13.4124759117064 -19.68400625526764 11.41157693516529
-15.90721540163988 -20.99893572724634 10.08387288242028
-15.8108952166694 -18.97841310223423 10.33189549542205
13.697289561862 -16.98758656333989 11.47331033981568
15.92245413655151 14.59974353104644 8.974657340037368
2.877918614768621 20.82467284361194 11.5
14.56454407136606 -12.99429632086411 11.41126084381443
-15.39472501272936 13.57070232393625 8.07521391058488
-12.48009154235792 14.56762665415824 8.210243331364163
-12.97204402974321 -19.1936106463008 7.792681099695121
-12.72236373599312 -11.56121591712448 7.969779694722609
12.59654568525412 -12.58992496659659 10.91948526084786
-22.22356018020165 29.11211800420512 1.760043627661953
-15.9205658930878 -5.943866628754938 8.96740484587539
-22.5 -29.42059002270419 4.389016863680404
2.498981948959007 -24.79634437805316 11.93263477104894
-12.6703105816758 17.46198945851805 8.015593175452192
-1.449194416676695 17.24350747738986 10.86795200209557
-14.0227025219011 -17.34320696679136 7.504443318203032
-3.41331952962737 20.0 11.5
-15.76820348416209 18.10611636189341 10.4263379303704
-14.23260454938325 8.926098648671491 11.47928223123834
21.96865507541176 24.62373246638268 1.304537048721989
-12.03017994585872 17.96849074297884 9.803595870515899
-12.92134468145689 -18.20359033056427 7.823897899139514
-20.31819848540458 -29.85670322551469 18.87930149740883
14.57912661360311 18.84453676389225 11.40679503860275
1.709636892740756 7.027268182953783 10.52575945886293
-19.73465 -24.03693455196759 18.98153
-21.47421765880616 27.92325428911285 0.7530407969247092
-12.00051558041891 -19.97010109621145 9.496392335384614
-12.12084191515518 -20.20198338881348 8.836666979146637
-16.0 -21.44893066867479 9.095368111547701
-3.520491875944185 -34.0 12.56857503116139
1.508297807707901 7.107269734400564 8.195861744134556
2.703773470793739 -27.79157274242898 11.7189608599274
-16.0 -21.00167221393487 8.88408200861614
21.6572443111681 18.01994796962442 18.07925848681604
-20.35615379725783 28.57695024448948 18.87018973505043
21.68706249993753 23.99999 1.897287391134693
-0.6576721042296276 -3.115139533820209 11.38274152500189
18.99396560347935 -34.0 2.192450751867293
-2.587274578705588 -26.22547099204123 7.153053220892118
-20.35376250070352 14.03320074342378 18.87076380294416
-12.84166785991227 -21.0 12.16992651601257
22.35807353268934 -31.77876386187782 16.90662605014971
-1.0574712176334 -22.97972693295139 11.1965097727794
-0.627556527757049 -22.06544890195639 11.39196415179079
-1.477047541493876 16.26689024085973 10.83889111190323
-1.747119429886012 15.16109028250708 10.47297328023886
-0.6180787586598131 17.41224649626651 11.39486663407449
22.15665853298435 -6.769842710242191 17.38866971641018
-13.09959 -3.412576999901987 7.714148
9.990183916927265 -32.03186490514776 4.910647546291978e-15
15.48669929518371 -18.39777965309881 8.171179152764857
-12.1254993418307 -8.63475797699343 8.823485278855653
-0.7457123 -17.84292263141733 11.35578
0.9135408807313942 -18.54427059695948 11.27776350725413
-22.40096392772968 26.8587466638452 2.272017014835371
-15.43340475327296 14.91391966271055 8.115572047334332
-15.05631116245852 11.18439824610903 11.19736417800421
-1.817171519851477 17.9477573717228 8.681998926487292
1.926715024007461 -22.21830602425795 10.02872999178343
14.66564184394738 9.282194555781208 11.38030033279083
1.230778586796898 -26.16739495671348 6.229658679974186
13.0802812840647 -13.20149899032826 11.27396102881585
1.918726986595558 -23.05191263960999 8.948665091529254
2.705690629507573 -26.62259723736694 7.283039324067455
3.034267585643699 -25.50977654240419 7.761578758051408
-22.5 33.07904143514629 15.92873647597249
3.485323047083446 -27.09515222172059 9.67244195237053
-22.20580714732746 17.67002610925464 17.28281492858364
12.0072 19.11141484800882 9.669612
12.0072 12.64833386118674 9.553474635337508
16.0 -22.63281554741864 4.196196345944765
-20.14726141702661 20.0 6.667132416422678
1.767226707250082 -8.835294541543995 8.577329584078015
12.12770705014721 -19.49478768642858 10.18276318307303
-22.38128576841335 32.4306981362439 16.80994360335568
-2.072110678395996 -32.36746219863749 6.680403047350182
12.17001602353653 16.6850799417867 8.697491764179372
12.03062900526418 17.82263491882338 9.806249729845938
12.31282136433008 -0.3105361622819993 10.56596378171151
-12.00518755232717 -4.391143740579864 9.515382795609
-1.962496936849502 6.911901248834213 9.871552431555342
-1.519764493797864 -7.555938390239793 10.79432186990952
-15.72054676185521 -12.94989886916866 10.51309301158451
-12.62277760256866 8.936867358674586 10.94257210890536
1.347522122343317 10.76785499047692 10.9687117851443
-4.903707401533329 -34.0 8.067467948816326
-20.9547129453585 32.04189204105713 18.61618753713389
-1.974655540014036 18.3283246806448 9.20221250670157
1.277057795567915 0.4790688079551835 7.969271964474347
1.992794 17.3555517740288 9.589230059246518
22.15409190073027 -26.74829917351089 1.607141269279257
13.23723273401036 3.123165839111483 11.34115897508461
15.49200231677201 -19.79700789893602 8.176712283738285
14.86841377610507 -21.0 6.577546451624067
12.70647680524674 11.3595100466587 11.01623621632048
12.69070165131849 3.888236218992368 11.00235242058195
14.67157579837267 14.88604798860617 7.621518215044711
0.9924741087401542 18.79927650350009 7.770835778085948
1.993045900890799 7.853759645379107 9.581898069272011
15.16150339838764 -18.65085675462925 11.11956342332348
-1.99639807763209 -2.754880062663375 9.457678820792022
12.61405459575032 15.7740049092594 8.06510568936075
15.67894682259094 -20.42078906490921 10.57464103711737
15.50552907262049 -19.13059745484133 10.80917292908675
15.80029255868023 -19.27603783260047 10.35535064185469
-12.32425878668284 -3.061664880563693 8.413562922382871
-0.8126373066428453 -20.02089001148883 11.32203719409403
15.23819510078684 15.56969093401407 7.937155314640374
-0.610789045691457 -21.71553650473159 7.602901708390443
15.57160596477019 15.34699454645853 8.266545801740689
-16.87481073635769 20.0 8.207981616193715
20.03346335515712 32.14551649090267 18.94765658962706
22.19431824144343 26.40478281398066 17.31055156442643
15.76708396058398 15.94776562056675 10.42881453477338
-17.35276897691193 25.59513101599948 7.5
-15.59646952526494 -9.770077749843983 10.69666801339382
-11.03033039196571 21.53671850050132 7.5
21.50676830594262 -33.97409391868106 0.7808420376624521
-19.08364670768693 34.0 17.13606407972668
21.45215842132295 -31.67031240397438 18.26579918607927
-13.47168644962325 -3.347735180836949 11.42468702326329
-22.42633343601079 8.15550364840751 16.62231330451376
21.8371977681927 28.52479641939176 1.131440417550327
12.5 21.07063211315459 6.694973014797068
-15.40625982616417 -18.64789857995522 8.087249244106747
1.29739282083712 -3.458224532238049 11.01282963361906
-18.74773583222607 -33.33001648524086 18.99033909728866
22.5 -12.38997990859174 14.63485779846145
-22.35317 -28.5419468239491 2.072949
-22.40598449047251 -30.70931407208899 16.70706971779988
-22.36016441260994 -28.41616083399131 16.89791722136305
-12.60228098698404 -5.442391214003156 8.075467981625373
-22.37933340468179 -26.73591963107544 2.181923032450229
-22.38399469817782 -24.6310234430277 2.201337934863517
20.28354766282247 27.08465178502142 0.1123788037349207
12.6267996726976 -8.601789971331172 10.94611195392813
-22.42735858656967 -26.2346063773453 16.61804339852348
-13.78079495153702 16.43864469555448 7.514719625454314
14.93419682597097 -21.0 12.42351216965606
-22.35512496080639 -22.83616918741681 2.08109166969248
-12.75432852510395 12.13963485963521 7.941646562942993
-1.972487454107403 -21.51769183897824 9.82326261121387
-21.35934632619202 -23.51450078290947 0.6549301339175212
-22.36844814140269 -20.03018586497907 2.136584474711569
-22.4533756284167 -22.09093208724221 16.50967851312333
-22.38141353145553 -19.22187425351482 16.80941145110311
-22.41283424923808 -17.26470804092007 2.32145847006581
0.8552298930208799 -13.68236456026246 11.30400371569423
-21.50257823677026 -18.18579656505359 0.7772633339494296
-22.39813744442603 -15.22674854228477 2.260244338954752
12.33046680682299 -12.38198168937265 8.402450251127892
13.86186959502581 20.0 13.44008975083529
1.724163438065799 7.422699233853677 8.500243679812101
-1.739210824942 8.802595817022048 10.48547494643495
-16.0 -21.91436228163894 8.832010274812216
-21.30448779921188 -14.45662644671369 0.6080759159752754
0.9973959883573214 -19.86935962098208 11.22613101268639
-21.49616051304835 -13.24182826660139 0.7717820087569334
-21.59612154836638 25.375572907599 0.8571579091382754
-1.941555474410354 12.44287361434899 9.951977113718199
-21.79393708237403 17.36643989542343 1.080788596935402
-4.135269217476222 21.10662556078968 11.5
-21.52999748279887 -10.09357911277528 0.800681887088886
15.32883994924717 -15.8387962525292 8.006469954074545
-22.42601528596676 -10.10228913003606 16.62363844721307
-22.40617727508702 -7.972443119162694 16.70626674093644
-0.1496815961163447 -5.207211045175946 11.48990152193387
22.02139957332513 -9.750370591951995 1.390607912221441
16.0 -23.02000374177053 8.351523187729951
-21.55241113330041 -6.00747104424417 0.8198252021447269
-21.88135822831173 -5.96332022171822 17.81685761748449
15.89087798510645 8.78030959680324 8.8533775059408
-22.36911266434034 -3.104571244878485 2.139352300422747
1.333739769616685 -0.9629477332993908 10.98084137265
14.50684524974614 20.0 12.51993840497049
-21.82228419335694 -1.474773797811672 17.88602368411981
-21.85085878750476 -4.072797682085312 17.85256749165865
-0.6333346885471903 -4.338504813260448 11.390194641566
-21.73673678944233 1.67232931888724 17.98618575099344
-21.82405122161357 3.316720208104684 17.88395478203384
22.11528462935496 -18.04731020949716 17.45618636957033
-16.0 -21.4449328851853 8.606307530442365
-22.48615125 23.99999 3.949011375
-21.82610437984129 5.547842146826035 17.88155086838718
-22.48615125 23.99999 15.0509875
-13.04593053206583 13.40472733652244 11.25281021267475
-20.28776915451056 -32.7229600186031 0.1133922893149053
-19.9388761534281 -34.0 18.03926935773383
1.278787523677591 17.66624928219584 11.02920380314166
-21.10212877463088 33.54141239668042 0.4741477872634429
-16.0 -21.77039204215587 9.365015183039551
-21.8878610292724 10.05613407388218 17.80924389743123
-21.93938918700032 7.966680068448384 17.74322410428078
-22.481535 25.36285775576324 2.7653485
22.49924531403935 25.20139977746114 2.99040952111041
21.38185966350645 -34.0 1.918195628209678
-21.92112381513291 29.86576996973873 1.229705320061433
-21.96612480962 26.62756060418085 1.300408046263058
1.960748525267381 17.84872038102899 9.143491560207183
-17.95467281435097 13.28582336216883 1.530877188831121e-15
22.34112343025087 32.53337931150112 16.95613295373462
-13.62097422133002 -21.0 13.69071525269595
19.94876174568577 23.99999 0.4758099299459562
-14.93434786521764 -15.8019460937868 11.29801092599948
-18.98917511950611 -34.0 18.23869676857069
21.29660513257647 -1.789231661348656 18.39865566995585
-1.843247563171261 -16.13572385936486 8.73968545629598
-14.92226405233016 -12.37937576854637 11.26676271749138
3.475672626819864 -29.17570171255447 9.785826339505213
-15.04861 -8.008568826844469 11.20306
-20.49178286655971 -33.01757546728994 18.82635673339756
-15.04861 -6.002791146802807 11.20306
-14.89066519804197 -3.864597061707236 11.28269463240353
-14.9923967478134 -2.009407235435223 11.23140231718038
-14.90800033597065 0.2301750278295884 11.27395438062253
-13.51830725620008 3.473331128820234 7.565262991839734
-15.86270587574129 3.993052626267175 8.782719782798189
-13.57559673861946 17.29281961240475 7.552916436355902
-20.89779332167323 32.34583102341369 0.3489326466412094
-15.96124667014059 5.826784057406179 9.123654346403193
-15.81176598224387 5.733434985632389 8.670030807782172
-12.0 -21.56968643509023 9.507462937016259
0.8962948174011167 -10.31772836406694 11.28750270863013
-20.84125182637854 17.52654526192125 0.3183986449505924
-22.4907675 -1.931699815662701 14.22080641257099
-14.53734726570515 6.135006747825315 11.41958968212581
1.613213122382104 0.8793172291303506 8.325797992230095
14.02140487440112 -6.643885211623275 11.49550307503652
12.00413508390439 -17.95084851015023 9.572183154711626
1.16586146833808 -32.40001667298327 6.209778140679617
-14.19168772256472 9.798617126919279 11.48452208521959
-1.983332167714336 4.697386042262721 9.304159488984366
1.575387599806374 6.487566487321875 8.27895157613721
21.30788106090715 18.98255656088548 18.38902501410453
21.5893243150234 18.95252822830129 0.8513524478911756
-1.840552312559774 -17.28997365316878 8.733722908495508
-0.2919212400513619 -25.19286398593145 12.97813545462052
15.95520911066988 12.73856783656942 9.899535935971823
14.99411812656209 16.25909622957163 7.769467589595783
-1.900153134420291 -10.02972355197876 8.889019353623214
21.4648746994775 -30.87734663002409 0.7450610519933689
0.3796604354774479 -13.01261069100662 11.4567248485703
14.69281051680263 0.9345856772020307 11.37198010996145
-13.35830702984569 -19.84571098505467 11.38981025522583
0.4556801838312596 -15.84497854221001 11.44034073864699
12.0 -21.40726155594641 9.88126279042104
0.9416844744827161 -15.43599509867649 11.2604345216667
-14.13031787018649 -4.427715085786386 7.507620418665969
-0.6964297921103079 -12.29410576625253 11.37087232864599
21.83750763112132 -31.05797929406446 1.131803220894253
-1.792620252493557 -6.1209338300563 8.62768557077933
0.4471861531113178 -9.958026291009094 11.44217140944005
-19.72872007974374 8.03921834479723 0.01736815087067083
0.3710969774838546 -8.290330347562557 11.4585704826342
-19.73464999999983 -14.84528385989667 0.01846748999996851
-1.951459983762047 -4.858284566472067 9.91393932056485
-22.3442535096163 -34.0 16.7573263413693
-1.883066554250384 -1.789608248578361 8.82777471844623
0.3757022957600877 -4.823697740177096 11.45757792422005
19.73465 -7.993605777301127e-15 18.98153
22.5 -24.28654781793132 3.387494252243365
12.9234828684747 18.79236488610398 7.822581366332571
15.72180144391168 12.81240216405008 8.488763318126864
22.481535 -12.05882751719587 16.23465
-0.42136 -16.82448413414794 11.45511
0.3307336944630763 -3.518728670910658 11.46726975460232
-22.48153499999999 -16.07843668959449 16.23465
-12.27193671522571 -15.0204232335594 8.50722208687601
-1.903934535515671 2.306937099226491 8.903541687415025
-13.14457097201448 -7.149495736812788 7.696073154653186
0.4852829551211468 2.753770511972622 11.4339606194102
0.9642697078646477 3.282997518547862 11.24652801110439
-21.81659141779048 -34.0 1.163250740391575
-1.884195009958785 5.503224716382956 8.830271136060746
19.73465 -4.019609172398629 18.98153
19.73465 -20.09804586199311 18.98153
3.455723332046871 -26.5189842235174 8.979783451368993
0.9416757499824234 8.152296367484164 11.26043989364375
-12.35770052595729 -12.06280067316986 8.361820162895302
-22.48153499999999 -20.09804586199311 16.23465
-1.907908286580194 11.03786486367306 8.91880273428865
0.9221297945962423 10.18988363936656 11.27247501546126
-22.48153499999996 -20.09804586199311 2.765348499999498
-1.666658821915183 13.86847298547084 8.407179943140545
-21.82911120461456 -31.27342493075725 17.87803036665087
-1.935350994307804 2.343706390468448 9.975805121990463
-12.65029565635583 -8.530707790658376 8.033208887842278
0.9466419057863408 12.92963941186555 11.257382059484
22.481535 -28.13726420679035 16.23465
19.73465 10.82567468749787 0.01846749000000126
15.46977054395243 -17.0939231537504 8.153515827013765
15.3589344326051 -14.73577904276998 8.037870301070011
15.39422337055103 -13.09566679987709 8.074690501085549
20.84096355485884 -25.38168640713185 0.3182792388863799
15.39388509934099 -11.45009888015701 8.074337551568275
15.55166116148229 -7.507287523076357 8.238959852602338
15.4566677091434 -5.387111527133115 8.139844432335392
15.24065590052263 -2.003271091000517 7.93897527246506
15.48904175118599 -1.088683090177994 8.173623252914986
15.34987538327759 -3.490339774918684 8.028418160325486
15.52698233994322 0.2599974471398525 8.213210164510024
16.0 -21.65557381355197 12.26824029076261
-0.6611398767694106 6.919847446902658 11.38167955057971
-22.5 13.42062843153416 3.194783437401693
1.834812945023942 0.9271761841644093 10.28883282378874
0.2808545433463069 -0.3726113816997945 11.47801992824108
13.5028775188164 16.28667246599024 11.43140982802029
14.65241176526039 -19.70954859216211 11.38435195516166
-16.0 -21.93631220242995 5.853086288157443
-15.94069269268403 -14.13703512820032 9.044709229222194
-12.0 -21.39818537148704 11.06708119300726
22.36292619957045 -8.665260932239807 16.88641396402756
-15.67525720083319 16.75469015940951 8.419900086303265
14.56026924168284 6.271848751860047 11.41256998157436
-20.31485717372536 -30.42979262392183 0.1198955158739033
-21.77163430902263 32.68415962516658 1.054675370720142
21.17714368297213 23.99999 1.421967117159794
1.951017760279926 -16.6698168143063 9.086739543025653
-2.0 21.37213973271682 12.92192220254394
-0.8349317610388054 -34.0 5.235555840975138
0.4432212549254725 15.54276805321995 11.44302594170461
-12.5 21.89863921077582 7.463569843498926
12.5 21.999995 7.5
-14.43202439304463 -8.938100762556891 7.54815499708433
-12.0 -22.8337120524751 10.06717529200645
-12.63991300204162 15.81790991260297 8.042346961021206
-12.28035004707627 -5.236296995326237 8.492161795687561
16.0 -21.3748229668423 10.19921645892923
22.41114264441367 -24.06840674002067 2.314412712784986
14.56471926836507 -3.08084216573174 7.588793135053206
-13.04758501546399 18.65302911994905 7.746168710862031
15.98212848652826 -20.66291390901644 9.709962019342202
22.38210577477517 26.12242383408292 2.193470319670465
-1.636831802051896 15.23001523481608 8.363049049336345
-1.628134956050716 -34.0 5.263975266710218
22.38884595805696 -22.28856453157628 2.221544072326273
-15.9968331240793 -3.850875439814615 9.462794326448645
22.09391565539466 -19.82498831089994 17.49105766467918
1.996297378815972 -22.17413806684863 9.426925961118656
-12.12297230414836 -6.006737083231274 8.830637437262725
22.35317 -15.96705179626309 2.072949
22.31592603575707 -18.8130413581637 1.983034234923482
21.78874453095394 -16.1821966323516 17.92529316226647
-3.091386718091412 20.0 9.494237278932577
22.39090658232747 -12.64125884157126 2.230126844287881
-13.35176651642958 1.007468433363101 11.38718208094425
22.12734157809694 -12.12255059896123 17.43651104877697
21.67801674620929 -12.03964935403675 18.05493735101863
-9.964049958503525 -34.0 8.637158985068938
-14.53082924577305 15.5138976656297 7.578414230739555
22.13641637547575 -7.670707295246842 17.42170219842984
21.80921770677374 -8.06296670199082 17.90132241024195
21.82452489959412 32.93723880142493 1.116602375693518
-19.40340071939977 23.99999 17.97919197110812
21.4521006485947 -5.777875571228623 0.7341508399075671
21.41445782303749 -4.449814608340066 0.7020004113468741
-20.29825487504197 20.0 1.567689751902936
1.53845174779494 4.465072928655243 8.233207005428147
2.325680040354707 -28.13683527920774 6.886543822195571
21.49526185054481 -8.901754936008597 0.7710144684835152
-21.45294154751762 9.27501194025733 18.26513032595105
-14.12381309600137 5.24839048050736 7.506787468103337
21.2880811694364 -1.19297348288932 0.5940631480517667
-1.898659553771421 -4.433289420129679 8.883283311299012
22.39568783772878 -0.419479221808686 2.250041403864176
-15.8905784172643 4.750239198649911 10.14777315101568
-14.51944925802199 1.660805679135688 11.42507082627
-15.66119098511126 6.781028344876599 10.60091118937923
21.43100951310583 2.10372211670601 0.7161370740767241
15.89323125893164 -4.534111541754822 10.13758396701112
21.38347854239428 3.416158334322812 0.6755412618426117
21.31666812214024 0.6722346745997125 0.6184790298849667
-14.86887188480203 -6.16847843318558 7.70631933590943
-19.91912324979907 34.0 0.8758565123925215
12.05296957487962 14.48316243755414 9.063463479791523
22.39848456881852 7.299545290242044 2.261690157848419
-14.55397180322188 -20.00503905842364 7.585501696930598
21.74858009756996 -1.948532521636981 17.97231916748065
20.8419276797334 27.15889407791603 0.3186785927899471
-15.99316655150115 5.680580076683833 9.580282212704532
21.32425750587342 8.665410794446426 0.6249610602830933
13.02782543336612 16.02779045788193 7.758335157420095
-14.45423605842496 -6.48595480746031 7.554957375247501
14.3783658430883 20.0 5.480026161977065
-16.19294497261485 20.0 7.49373014834428
-20.86305453853657 -31.60950801410434 0.3276449965905665
-21.86009624472664 -30.03536688757663 17.84175193483679
-21.41133473425603 -30.70783718764359 18.30066628253409
-21.92705 15.21495344644917 1.236644
-21.41468972369013 13.90770112599793 18.29780082013693
15.86083639311226 17.97434046770207 10.221415877228
-21.89178927866669 30.11611272362014 17.80464455764391
1.931448602881284 7.207854556216707 8.984670815003849
-15.69772531328875 18.03800502620929 8.453142153083828
-0.8387034032887783 -28.17245189069498 12.88670494530271
-22.21148694330627 9.146456041251003 17.26910270617395
-15.4316338069625 16.63263459406543 10.88627309336607
21.34397945294127 34.0 16.48029731936909
-12.00669946618438 -18.94480165552938 9.359402287717064
22.48001749440747 -30.55200811192437 2.74606418028458
-16.0 16.96897518636663 9.5
-13.5526468629673 4.743381932183983 11.44213543030056
-12.84952485219118 -18.66738320434842 11.1318771855249
0.5550201087316884 -3.542640386587832 7.581066622819459
-12.34132368574511 16.51998670428066 8.38301588661345
-12.00721 16.32896963116906 9.334022406056983
20.88368345446521 25.17326075082296 18.65971409204313
12.03437347273179 6.381361087682214 9.828087427541062
-0.08495640782602588 11.42252570590268 11.49819032139635
15.72287186865339 18.85877496750295 10.50965296491348
-22.00040882319425 34.0 2.062788767851611
-2.0 20.0 6.5625
-12.45353636508366 -19.53045759929217 8.24313095457667
15.7777064083708 -8.955263065913147 8.594684390549627
15.95521323876952 -17.14652953311256 9.899520080533737
-21.49915384138273 32.82267743128943 18.22566087516499
21.04468848110094 -29.90778772065241 0.438948832174509
-13.49851673581011 -2.861355214261772 7.56952808113239
-15.71877045432032 -18.05002836025266 10.51572109766938
-15.43810406984186 20.0 6.638734080467121
-15.67487599947333 17.30480346685877 10.58066390949685
-12.6136599715985 18.50067050849805 8.065453009445607
-22.03023644687129 25.446667323907 1.405028323199699
-22.18006551107356 -30.80390095044758 17.34496065403211
-15.96476001390645 -7.02582711901772 9.859384043716428
-2.936907485703464 -27.01206794630609 7.606541933460577
20.3789552834863 34.0 17.8964984810063
-3.184746605954393 20.0 7.5
0.5479639581670412 -23.19040231435021 7.579545892827299
-0.985148201707133 18.65708435612219 7.764942782312978
21.62751924319737 -34.0 2.687804672020802
-1.187703806677114 -20.11236913965636 7.899811160398412
-1.583110910073216 16.37589516700432 8.283565715438275
14.63413779854211 -19.87104526803924 7.610052733814039
1.589469781806671 -20.18152156850144 10.70360914220043
12.1574267175633 6.422192309718298 10.26687554858372
0.532717933372099 -21.13837784057622 7.576260094578741
-14.96270611173997 20.0 12.10549687056247
-0.08488083000000002 -18.00659996105469 11.4982
-12.40712775152652 11.13637435628414 10.69688040604433
-2.0 21.11332991312588 11.5
1.776699594577911 18.99430257966543 8.594286635865002
0.05207273793613809 -16.65515751597934 11.49238107398157
19.73465 28.13538980758625 18.98153
19.04808552002696 31.9064682995007 19.0
-15.12615626953224 -18.64478010591784 11.14570635370667
-12.96884844731339 -6.101022561925346 7.794648696107925
-21.40972849531932 34.0 1.486524708643758
-17.24424091178375 20.0 10.14742869144702
12.33761030654635 11.04022118289441 10.61033784625061
0.4314043749291385 14.27242301786265 11.4455727675624
-1.097096853109553 11.7554244460307 11.1672018981456
-1.983051658240041 -22.07103937211049 9.300863612361114
15.55928068047217 17.68490444943768 10.75168972759157
1.579762834095426 -20.4591106638334 8.284370246708077
-5.028417246822782 -34.0 11.34396802171309
-12.63388034231015 15.34817357399652 10.95234368840374
13.44884171489217 -2.315123632900754 11.41976380134297
2.847201329159581 -25.52170300991461 11.5151926465102
-14.63909546991653 9.163465895409438 11.38842998080219
-22.14840280255866 -33.07287775608647 1.60601142468733
14.4801455483848 -9.56170198151639 7.562892221451232
12.1350990846928 18.41353942316604 10.20368406024375
-13.97654802561001 -15.07020401833417 7.506403975259782
12.04108213208998 -20.39643417447834 9.86721226338776
21.22376455189617 34.0 1.861240378656302
-1.175428966669913 -2.687851527162756 7.890732770010772
12.65580375372019 18.95652751439501 10.97163859780958
-19.86563292058247 -33.52643246531775 0.02877614448978363
-1.976010695074087 -17.26560027065512 9.781865785225033
12.86319707298325 17.04003142951994 11.14029559302361
15.943866437194 18.77019690354991 9.056899163397784
22.21792558735803 33.57325690017125 1.781539503505493
-21.97474993973416 19.00160007962847 17.68552010566373
-14.57647827717365 -19.88104174225253 11.40760607377321
22.32162574057157 18.93843931702862 17.00320447854907
14.10584825108201 6.55670567808548 11.49551478263456
15.99377491250906 18.29640398634254 9.573134932989628
-15.82749427754148 -20.68447892596175 10.29517513682925
-15.73194272826236 4.678956100780999 10.49623242852108
12.31903234370288 -18.61241532422187 8.42291852068282
15.77935211231157 -20.14324072849274 8.598325008492303
-20.09297541493289 23.99999 0.9555966383801415
15.7014215728839 17.60572940688172 8.458610850489682
15.99217707474931 -8.198843534491894 9.591906999672677
-20.35340643553724 -28.76008121132154 18.87084928191985
-15.85269052460457 -20.62209414511472 8.760563873617102
-0.4041934029195965 -28.58683779488942 6.02663311695872
14.69103041523662 3.093243466183087 11.37252525406057
0.03966749380831011 -21.19985375497891 7.507092745658582
-0.668759043415796 -15.01720537534165 11.37934624872556
22.0361615992545 32.902341527388 17.58530452646761
15.94718960274282 14.04759107141488 9.930337714645983
21.3455813285453 15.86037471077676 0.6431735623284346
-20.43422741310239 32.68197674874951 18.85019701423159
21.92705 14.99367882445483 17.76336
-19.5 -32.06679988066432 4.045424642312798e-15
21.72010849531337 30.37766534110504 18.00565477322353
19.73465 -32.07353439649483 18.98153
22.481535 -32.07353439649483 16.23465
-20.80910394120411 -28.43839134366472 0.3050825447496706
-21.35720551644586 -28.86076533446794 18.34689749764501
-20.89371552660717 -26.84276530497341 0.3464338062528419
-20.19514504054641 -26.95626220564652 0.09115531461555183
-20.86527976182024 -25.56175206587551 0.3290085957230087
15.81488589697463 12.61519750278551 10.32306733261413
-21.8208214142849 -26.40438217565895 17.88773635999927
-21.33830688884661 -26.46172322260511 18.3630386235136
-21.41075829633282 -24.24268446038617 18.30115861230911
-21.77065865596004 -28.10688156984671 17.94646877412275
-22.16330533024622 -22.02469340193764 1.622176161364713
-21.84829162981666 -22.17347216281335 1.144429677389138
-21.871054088471 -20.00560637897442 1.171081126636772
15.77121006598339 3.176746086345947 10.41968678525638
-21.85927968586822 -22.72745836093751 17.84270799217156
-21.44543843086693 -21.06977040201171 18.27153866166905
-21.63761926197068 33.54709196735878 0.897763708444877
12.666084870856 -0.3110177521464728 10.98068706294195
-22.17528615890102 -18.60469807585285 1.643499984342115
-22.17302 -17.00917014524723 1.638029
22.44360757741638 18.74448903088473 16.55036391208054
-21.79994087109438 -18.2424632510286 17.91218407281934
-21.31914780516669 -18.21543094135485 18.37940220227508
22.37823371251971 -25.56182786440953 2.177342669503829
-21.43462496075355 -17.07937223669876 18.28077433665443
-21.90606286308342 -20.00704138752689 17.78793251669989
-21.4404282627622 -19.50164222843232 18.27581779535622
-21.88317969120839 -15.99011307948684 1.185278401670189
-21.69067639348532 -14.28113626409928 18.04011496741568
-21.23222392145631 -14.1191924175347 18.44613004992499
-21.72292163871387 -12.84363792938814 18.00236104080719
-21.18422789589564 -12.83780699785486 18.47554180011099
-21.87162979516517 -16.22833189888084 17.82824802709148
-21.40553825106376 -15.74640221161369 18.30561699995049
-21.9350902864758 -12.49662004613812 1.249764504074024
-21.30768717985078 -10.62434970784276 18.38919060594542
-21.92705 -11.0659162648034 17.76336
-21.37266304148365 -11.73667157138459 18.33369538252096
-2.899784 -32.28685469108181 7.540088
-21.89937996838611 -8.484333528552295 1.204246513663545
-21.81742906688433 -1.875638864889158 1.108294212317738
15.19055599201939 6.922245543120573 7.90192239117184
-21.39704096040184 -0.7566983901771529 0.687124811823465
-21.92353365140657 -3.833858934322507 1.232526879459637
-21.55088831560936 -3.954224487962982 0.8185245760450071
15.45937043077824 2.890961199130199 10.85733350929792
-21.79539318158732 2.002757322864483 1.082493472268597
-21.85567063555059 0.7276296726400986 1.153069394205419
-21.39477589096855 0.4998644330134852 0.6851902345986696
21.98737258604901 17.68064733416933 17.66492164241894
0.975898238133899 11.41168784772675 11.23936792219679
-21.81443900178973 6.893751154640251 1.104793291379182
-21.91413336473676 4.057877483919167 1.221520543681148
-21.32083847666098 4.563475331385195 0.6220408954757418
-21.92705 8.53499403473089 1.236644
-21.40705816843588 8.189242987302919 0.6956804270438547
-21.47127014016607 13.11003350368636 0.7505233454298585
15.45292085371278 18.8008657900113 10.86406280984041
2.861470609783083 -32.48105981920198 11.4940805069844
-0.4882511392578077 -32.73066121152208 6.037763526945473
14.40744951178375 7.87369589377851 11.42939262785423
0.8902452848202481 8.775248873928735 11.28993357588139
0.8094566782166424 -21.67257189653629 11.32239664231545
-13.52650852753121 8.832137456517 7.563495521664556
-13.14836119929017 11.11718242859215 11.30544772933734
-14.97403124375911 -14.05014624577003 11.24066207214628
12.0 -21.38615376442313 9.094548689236959
21.8784985267632 -31.88319206808982 17.82020586190378
14.89931225435326 9.166008161703349 7.721667151154938
22.18068015428706 -30.60636585392567 1.656522223994056
-4.108873468698522 -34.0 6.773311012616275
12.04895795410993 -20.63786819758825 9.086858933037998
-15.01026785126872 -10.5566352790272 11.22239183543823
-21.0962117768411 34.0 2.359361543499026
-2.498611782827589 -29.0081358890139 11.9466390559973
-1.147039678058202 -32.23630761966024 12.79749307170184
-12.918470265968 15.41167931547119 7.8256677453973
-20.89299031295041 -32.90719115158579 0.3459894010911437
12.00090323774364 -21.0 9.003446285987842
-14.97946060169459 3.597429575491988 11.23792462895082
-20.88154033402957 29.0213490487939 0.3389729450628718
-15.04861 -9.315254801120904 11.20306
-14.27053735100039 8.251809691067484 11.47442451481631
-15.90771443673119 -21.0 10.36479285444147
16.10168425192933 20.0 12.02168313391256
14.20979166405267 -8.40579094568361 11.48220367450063
15.7368433735794 18.81944737293104 8.511018184062388
-12.31768378014048 10.51231107220095 8.425332517931071
-12.29854433206866 11.84065053765535 8.459593101760117
-12.76511794466225 9.86742547358929 11.067846590788
-12.76793791576275 11.12841938696823 11.07032846214888
-12.94096819351893 8.474870907598937 11.18818166758733
-15.01943168730742 12.2744113454391 7.78223050473948
-12.69863495073735 13.96802800121904 11.00933455902351
-1.624724832695925 -18.00301004201614 8.345136050270801
-1.580379805407167 -16.32007614417378 8.279524879627724
2.864061347013439 20.0 10.37884218904601
-1.872867783066896 -14.7738416937777 8.805212563955484
-1.616857920947106 -14.85104296117669 8.333496474860803
20.2932700187243 -6.598669820472537 18.88528596317288
-1.635815690357604 -13.57955220132889 8.361545650154007
-1.660316199014112 -12.32249848287837 8.397795645984132
21.44354185458405 13.78077603068719 18.27315850820768
-1.885754 -11.94080258651525 8.83372
-13.94433374495896 8.142919356279346 11.49222830818627
-3.337396251160159 -25.23766360749164 8.477501023598327
21.75692624685561 24.03003817849302 1.037454420280298
-12.62916002425976 -4.315938297889461 8.051810966552775
-16.0 -21.39923260277583 9.737681735964333
13.51232545882646 -17.27781104129745 7.566551502604237
-1.646987974516283 -10.35527722726846 8.378075725502363
-1.707443130743739 -8.565730154077828 8.467522813800782
-21.99524347957264 15.36543534325807 17.6520774014487
1.014587681257228 -8.900955973999748 11.21554549183506
2.004536053255363 -34.0 14.18963491028148
0.3867220407494881 -11.42668971525728 11.4552029003987
0.8382569092520774 -11.94885784247559 11.31082392367695
-15.08563190426809 18.35469337335721 11.17567839653531
-1.522429593142251 -5.590632759453612 8.208458076654523
-1.670569965095071 -4.541204526213726 8.412966717854069
-15.96092828798232 -20.64973516013164 9.122431482514878
-1.594836912664797 -2.374715496833426 8.300915050956496
-1.02223139702844 -28.212739741797 6.152844967415549
0.8480337224020552 -5.634886973086651 11.30689533339493
-15.42782267202342 5.42963236869026 10.89024952037093
0.8740848427788985 -7.439201303607128 11.29642728242798
0.4055404074709684 -6.582936379158983 11.45114708338249
-16.00691496567223 20.0 11.75887877965395
-1.791557065161598 -0.2786496651375128 8.625333542637438
-1.616872532462362 0.9765931387804532 8.333518093488177
0.8322711791966817 -0.6381606251578447 11.31322915333264
0.9004078 -3.528165515220635 11.28585
-0.5879990398590833 -32.13201882458758 12.93689224029571
-1.61050325836944 2.110220491199117 8.324094364269069
-1.726236565658087 3.549413708525986 8.495328846190969
-1.906270448944545 4.092637234712882 8.912512678237535
-1.721586208765888 4.847896235659352 8.488448359736005
-17.54474283464558 20.0 8.910656850437913
3.221925634948228 -34.0 13.23380152847754
1.349385343829338 -32.12411836119258 12.7252303051409
12.35501851664288 2.85947777051101 10.63485932240419
14.07588895420166 2.733952312964371 7.502183931093942
-1.681672560250247 6.273359427344836 8.42939368407429
-1.640550438192258 7.66641175234609 8.368550998151846
20.7305089860617 18.76741390263233 0.2725274235563268
0.4804812278163501 -2.68350045420857 11.43499550876049
-16.0 -21.03475204462317 10.55628991669764
-1.673409846229727 9.284800656809722 8.417168495079702
-12.5 20.0 5.625
0.3506418007435849 6.076625174779876 11.46297907213193
0.9177995224714455 5.794544480990101 11.2751413140123
-14.50009468718431 -2.837169142017657 11.43099803305683
-15.41484067847199 19.08523880805774 8.09620243784587
-1.661219776647602 10.86558496131417 8.399132544164715
-1.723542065934796 12.13750864946998 8.491342169624248
-12.3474687213347 -8.491315293483533 8.379718898551136
-12.14156682554793 -10.06070703227935 8.77801021944049
21.47613571657491 23.99999 16.69652860540236
0.5129073741060319 12.43807490458239 11.42800688334797
12.08198428313654 -17.90368216738789 8.94664394603686
-14.41445244741989 10.86141446506408 11.45599458880372
-18.83620143066928 19.28560221746164 19.0
-1.349483976086619 -32.00393168208501 6.283853323133441
-14.77287192897937 -21.0 12.30829242950902
21.5307967741733 23.99999 2.449478074221262
-12.0 -21.32439131120059 10.3835596154704
20.31785735574027 25.20103573670962 0.1206157923624284
-17.40733640664825 20.0 11.52823462431651
14.36188442442248 -1.784118848752758 7.537273022453316
14.8650246983745 -2.352069758919813 7.704379612201232
15.14943917914429 0.06420137519462621 7.871513226122798
-14.43426456157781 15.8206266357746 11.45115806504848
14.95440355861042 -3.661758507362158 7.749443790264059
1.869209081675605 18.00713647433012 10.19148429095802
-3.487391 -31.98957891010456 9.6886741189951
13.54818687560872 2.309514222406435 7.558822713561098
-1.905209383004994 -9.037821130350304 8.908437692971331
15.01608865445078 2.007452893270624 7.780544971633288
15.92317397595722 2.166239310387326 10.02257828946668
15.94521721874117 3.776525702448575 9.93791335844256
-14.04092161536343 6.426719663936466 11.49633224531951
16.0 -21.85828803895773 8.449111292335296
15.36247751605685 3.853737041669921 8.041567126448122
15.32135 8.154017133937778 7.998655
15.89784920828268 6.052830128549408 10.11984708650263
15.92354866757554 7.003970360051909 10.02113915275111
15.92515788306132 4.912038572686029 10.01495838708783
-22.4907675 34.0 3.872693374156636
15.34892213201405 9.657406901292546 8.027423545462252
15.4658804584118 11.89110501778341 8.149456942388126
15.948201595045 11.61478306587704 9.926450797494084
15.97951636019313 8.851619688537747 9.740650372679887
21.76995424599056 -28.28550887149106 1.052708267108361
-19.30532203359628 24.87500467639872 1.426105866159044e-15
21.82831857717624 -25.06204321035868 1.121044207179169
21.43485328916798 -24.7061109896697 0.719420011684624
22.11474219220526 -26.25272638871194 17.45707155413559
-20.90185380095598 -16.09686197781738 0.3514208760552575
21.76076276835579 -24.16279507489164 17.95805524560678
21.6902330842107 -21.792794343895 0.9593666589190566
21.87418914803505 -20.1480996027616 1.174751814506141
21.34282985458393 -19.90607050439991 0.6408235509857058
21.83789653835368 -23.36128591482897 1.132258573346409
21.36237105216092 -23.22609663680994 0.6575135275586494
20.24104941205838 -19.48825922666132 18.8978223312046
20.84526335166935 -21.80387658021813 18.67994012944166
20.79721872327584 -19.81825817737515 18.69984089235229
20.78341580024347 -22.93916472270865 18.70555825780865
21.2030652501011 18.78997815138572 0.536000856747845
20.786484584246 -24.1225601046224 18.70428712417935
-0.1701706699446289 -13.73991423782538 7.512723577504171
21.97163739494245 -16.33600194304204 1.309403732971403
21.43358257122427 -16.21470124207667 0.7183347019113728
-1.556072 -3.702938211443534 10.75644
-16.0 -21.88942569860143 8.024629725889536
20.84986291506261 -16.52641750279419 18.67803492539196
20.84851163058292 -18.09631094758966 18.67859464648783
21.8202910744164 -11.02243283298858 1.111645196921184
20.38397301241693 14.37199425823341 18.86351130019771
20.30357214721776 32.58073820843462 0.1171862338285348
-1.896861874442437 7.008950728073623 8.876379389020563
14.0398846770026 13.41461149821216 11.49628824309229
20.70268726252895 -13.82939249848549 18.73899715707581
20.82277339944834 -11.8602696760806 18.68925578494753
20.69134301984943 -15.15866549574619 18.74369610244212
-15.99424284377369 -6.048395218404499 9.432362719442159
-15.45355823833717 4.645807968416964 10.86339778131913
20.80679304254188 -9.185123670302215 18.69587507423453
20.82639804015491 -7.858275286923607 18.6877544076292
20.81596543602 -10.61225142612529 18.69207573944863
21.95579125544553 -4.054712397719774 1.283545283965529
21.93304816901602 -4.612333199752065 17.75357179387186
21.82474976845674 -5.931239061350716 17.88313689753451
22.19093605337556 27.36370110737445 17.31871687796781
-21.23081465238148 18.32462497769027 0.5530054697918706
20.79068873671102 -6.809084585107357 18.70254570491472
19.74881030247202 -32.89564365469519 0.02109264749251971
-21.40745360382075 20.0 1.979818163232968
21.94063947039536 -0.6284627555880631 17.74118380972479
21.57170337420324 -34.0 16.97841715242708
-1.860022812309278 -7.833331553368662 8.776796374451044
22.17302 0.1976321200579818 1.638029
-0.535019101620795 -9.144620864854703 11.42030291349562
21.90216902505282 0.641879616771238 17.79249156638894
-13.09222692846603 20.0 6.78743653421642
1.994071641638167 -2.069622357634497 9.529535903077788
22.19819163625179 4.669705559757531 1.698798625526663
-2.566179337425922 -34.0 13.94458271857995
21.82088449507387 13.2485054075443 1.112340004137548
-15.39393996260593 12.45536024810399 8.07439479546696
21.83020015638831 12.44960996832005 17.87675538160874
12.10612434840965 4.089309658544977 10.12167999287977
20.12026474932285 23.99999 1.049072624419289
21.41510840827747 13.19327006810614 0.702556070864218
0.4026590698312676 20.0 6.625754701059297
-20.94183226840046 -30.84901185137902 18.62408075846817
1.509108351946597 -21.4218186535717 10.80313610147408
-21.44605267087315 31.17975057073357 18.27101404551892
13.67190090499299 3.015091277726029 11.46783846832077
22.20805305279698 34.0 1.722606159713928
-15.77303653983352 -20.16072283645755 8.584353730966425
-14.9045875682528 18.74598125226691 7.724326926456149
12.0072 14.85410411018869 9.404608644332422
-13.00295690917839 -14.00870214803628 7.773647301624833
-20.4068840849293 31.53788871720888 0.1419891155696993
-12.34298 14.41653809159893 10.61995
-15.75524601712164 15.7294851524186 10.45500237348837
15.63596376789796 16.45989210162718 8.361764587638032
15.95998480475693 -7.333520626132263 9.118807687853046
-1.890874964300883 -12.93002380099654 8.853386877709491
-15.07851357141687 -19.4427435909336 11.18094315455668
-22.18062677741094 -32.11436362553299 1.65639336098564
-13.42208164785407 14.34826833120684 7.586000739192948
-1.749392365871566 -11.70632462528812 10.46794499477868
1.671087423186051 9.937329631754677 10.59476631582306
16.67807802644021 20.0 7.378829606769975
14.24397614677606 -16.9630488049057 11.47782597193123
-22.20310995775804 15.50682376204955 1.71067248836041
-15.92735636333143 -12.63636557550544 10.00651433998226
11.00358372557061 20.0 9.081039048884758
1.945606736450151 8.705956702895595 9.055181231037544
16.0 -21.39179185135774 9.717319819366585
-1.696279970166758 -32.60143046011713 12.55100377936044
-1.57771685673353 -19.65571711063291 8.275584884761964
22.17666827640719 23.99999 1.720361049613979
-1.969323520304755 -18.37728630060304 9.845335265192567
-1.944204147491886 15.46469603531887 9.94180501177668
-22.41264134482937 18.78352336925962 2.320654997752092
1.785997185780619 -19.85718692419534 8.610929896790886
15.94851807768425 0.7154944959945269 9.07476550115956
0.2908067085461003 20.0 12.77457577462924
-22.49310344263755 -32.97215922672778 16.08764024831294
0.5330729543913328 -17.79189452628821 7.576336608126297
-12.0 -22.53974646229668 11.66698885645449
1.229024013432233 -18.0882412757938 7.889480541931327
-20.05666675002902 33.39260586730541 0.05790977939956124
19.73465 14.62660945527289 0.01846749000000116
0.9924286375589847 17.12757260725204 7.77080778021938
-1.32135 14.81728171464369 7.998655
-20.33929260595345 20.0 18.02216469375079
1.926793430751638 16.065411030882 8.971495379063782
1.992794 15.3464748962961 9.456475097926589
19.54017507745966 25.057583478414 18.99683770006103
12.15432064442441 -20.26470523740821 8.741913673062422
-22.5 -23.75200282015164 15.47541281514756
12.63134280051269 -20.27066929312629 10.95011038455427
13.04546567890683 -20.18391215597292 11.25252398826549
12.02639303712629 17.31673451414869 9.218455734084195
12.0072 16.33906653398257 9.537004508017555
12.08945609108399 16.34197579356299 10.07450562403595
-15.91998785978237 18.4257077931194 10.03481570429817
0.6360160987356984 -34.0 14.5079393759964
-1.554869237582573 -21.01968875318649 8.242305057856358
1.189266 -20.17834892628048 7.892006
-21.68121366165281 15.55622982418143 18.05119428408976
-0.7183675256527954 -21.16722904231944 11.36415409334205
-12.50741302645542 0.6478604117955218 10.82359510662277
12.0072 15.5097249308796 9.525550441448052
15.45075582167789 -10.25700079637703 8.133676015499416
15.16277497143239 16.77818772711788 11.1186229609249
15.55276846239447 9.283581281058577 10.75988472801463
1.147358530065886 20.0 12.11218128127754
21.70055907961392 20.0 16.69376830128903
15.98885435076744 -17.84208780180691 9.369056635861819
3.266923034184313 -24.95792637408933 8.260677172515352
12.10697928166439 15.30966506569885 8.875901752477567
-1.760307847087826 10.93766385130149 10.44379730393326
-1.066074414402958 -8.269445256191679 11.19014668460827
12.06631169121566 14.67678728857343 10.00900252825783
20.83566451726061 14.38443133185578 0.316084303970954
20.88352714423955 -30.13487768598496 18.65980987825157
12.71367299882229 -9.799712862642256 7.97742866288071
20.38323044656571 29.65568139961315 18.86368956466826
-22.16715807110944 18.2088700232767 1.62846323861554
-20.88806978997253 -29.321576242958 18.65702616522698
-0.5210696321236239 12.87590290071696 11.42457481415782
-0.5079029716584844 10.68538025501545 11.42860698653335
-14.52736320035761 -14.99305999561599 7.577352745648597
-20.83411345546248 -26.93249550402252 18.68455857375709
-15.52296519743525 18.48074588011782 10.79098058515724
-20.75914210543135 -27.99384660986259 18.71561276466142
-0.946749539050962 12.62566200800017 7.745582625533753
-21.62449285897168 18.82607930130777 0.8823946453465372
-1.551623074903681 -7.079045623978164 8.238918066134772
-20.86197 -21.90725177780688 18.67302
13.60932751607987 3.259584891590428 7.545645790991839
-20.897521087282 -23.78515467806418 18.65123445243092
-21.91285961531311 -17.9392119503581 1.22002917279569
-21.77277888414276 -16.8131454760767 1.074059650350803
-12.8723834227253 0.5880710462154539 11.14595191153473
-0.2183243414164877 0.2751481445111921 11.48111103456141
-20.91622586062381 -18.72584026818969 18.63977225083426
-20.91585292399085 -17.54200376534872 18.64000078473796
-20.18519879566471 -20.20845465577976 18.91123013947439
-20.85558809775277 -20.21558488311458 18.67566347394886
-21.84251708921631 -14.11491996692741 1.137668550303708
15.11083380494824 12.39766376450332 11.1570389325579
-15.91284546047549 13.40485879617252 10.06224863467914
-20.8636585569523 -14.51380792619283 18.67198525983817
-20.76669268390947 -13.09260647074008 18.71248520852964
-20.30849454923555 -16.25045208160573 18.88163107806555
-20.91379864952393 -16.10390021054283 18.64125963496001
-21.8856166119343 -10.47988412647353 1.188131672928509
21.35965846482578 25.51271866360253 0.6551967289644387
-20.93060025220489 27.88867674889652 18.63096368784764
-21.01109793115942 -9.268134689039233 18.58163506956506
-20.31371016123645 -12.34683274151865 18.88037898936478
-20.76167428454364 -11.44374263954211 18.71456390034825
-20.83673595829899 -5.172057881315911 0.3165281097189527
-21.07580652020086 -6.646469547727779 0.4580177190729142
-20.83709735159153 -6.287642591763461 18.68332260188261
-21.01501034957827 -7.58285319930453 18.57923755702492
-14.57253163461285 13.31429724894025 7.591185691786646
-20.42314788819274 -2.140569844035696 0.1458936903743145
-20.92063541177556 -1.023394707742306 0.3629300978072685
-20.42705 -4.197379512240664 0.1468305
-21.00283925742928 -3.886321779998354 0.4133039607088381
-20.91364822797642 -2.393954394214707 18.64135181261277
-20.8603200380303 -1.228473883328228 18.67370343752608
-20.86703404200231 -3.941250786789158 18.66991677766933
-14.91250653162981 -4.947005410152586 11.29035277920151
-20.4566392345336 1.96078806226979 0.1590867715954773
-20.88525152706869 3.070464952520035 0.3412471346444785
-20.28018565856248 -0.6273140658677079 0.1115716618312755
-20.86674011933748 0.08937052685996194 0.3299034911962745
-20.80566350583728 1.166967578025421 18.69634294427346
-20.82829071275004 2.544971677141113 18.68697043593783
-20.80154302772593 -0.0852699754357431 18.69804970444029
-19.96901209637284 20.0 0.7130884151832392
-20.87362259044029 6.036301191457831 0.3341210147561546
-20.42705 3.841838832556578 0.1468305
-20.88259454961458 4.436835478176585 0.3396189599898563
-20.86253380114383 5.362650638925921 18.67267450517614
-20.85118057296073 6.481186125063758 18.67748913290059
-20.78775576089037 3.840854812120831 18.70376058487906
12.05922777049478 13.64391122326203 9.026966180737698
-20.86677759815039 9.81523116334899 0.329926457914778
20.18375103982161 -8.806441974856938 18.9115776957597
-20.93580058781625 7.819611153687754 0.3722231970859746
-20.89784950078363 9.493143683040307 18.65103320210332
-1.644701971103246 -33.00568803668978 6.417238567978329
-20.91551254092083 11.23216795537596 18.64020936996363
2.0 21.85727560081997 11.50083086001128
-20.95222583204039 8.131398513047522 18.61771162907154
-20.2621118312112 12.45358066501209 0.1072325407932419
-20.86197 12.98105672451065 0.3269804
-20.91405341084245 14.22577669990991 18.6411035183614
-12.92061494737304 -17.31254299874124 7.82434721384105
1.889597083902612 -32.82902046103187 6.559972336132923
-12.96949200004027 -15.33048991945419 7.794252445325895
-13.04194061431835 -12.81781107374579 7.749644103436154
-0.1496123621816356 2.518796703547801 11.4899103881298
-1.824679890944418 -6.886775860346166 8.698609263705862
20.29928677215707 18.72438692410694 0.1161574112819722
13.68594765176892 -9.0349966364433 7.529132755023609
-13.15190246601033 -10.82341820235368 7.693127117380059
22.5 -12.63113727988223 3.058436764790242
13.23032014935194 -14.45918234749276 7.66161629323871
-13.03879969329518 -8.978028371851854 7.751578043515566
-14.53443618942118 8.206037048853727 7.579518866267225
3.45580035806377 -27.82884564400971 8.980688447397782
-12.95780360488188 16.40210264452337 7.801449269344729
-13.52346671485405 1.79515019847813 11.435846590105
3.904745149662579 20.02300653148023 11.5
-13.09959 -4.756481879920059 7.714148
-1.704155425504606 -9.505591892961125 8.462658453518305
-21.51394822614886 28.89835277306137 18.21302514141108
-12.01708581008896 -7.169314752436848 9.272783013112662
14.61798622235137 -10.83682766685112 11.39489454550282
-12.98954791910303 -2.381719573199575 7.781903537021992
1.492865229451811 3.332949559031526 8.176748697357123
-13.06495209654382 -0.8821450956021266 7.735475384313887
-20.76357640700302 34.0 1.285407271903684
14.53843992398216 16.85590073846914 11.41925506289765
12.5 20.80311608860846 12.40742488870261
-13.07376265854827 1.634801299075299 7.730050510890817
-12.24501574234441 2.009804586199304 8.488247361493261
-15.43302730266388 3.357260461740776 10.88481916060675
-12.23719547806287 5.360315668533744 8.569410665338458
-12.23991319122807 7.178542210851298 8.564545820784408
-12.32186947644102 3.443214831037423 8.417839909029848
22.17302 25.46777339316505 1.638029
-21.94519729589384 18.75021853091876 1.26625758036488
-13.52530443765186 11.90354785082549 7.563755017157882
1.408580285842555 -22.80719430534489 8.085025515195115
-1.791883040331564 -22.55770032647146 10.37394532125581
22.10995778816515 19.23200062096694 17.46487905886243
16.0 -22.69203141395961 9.400499790909434
-1.985217163767064 -5.411852195754598 9.326307455432662
-15.40345470756723 14.56431664988251 10.91567434354459
-1.968928943565762 18.39114460085581 9.84685061823511
20.20704143779405 -25.01386192571983 0.09401137307902799
14.50081814470572 -17.35474630128726 7.569223255859577
-12.52638711127675 -18.65605677511281 8.13192215104112
-1.898325605168045 -23.02143638000463 8.882000793796847
14.97238341508104 -1.184431358314737 7.762035653315271
1.789431135227362 8.276380787279496 8.617076877810204
-13.44527651009818 13.04550436265746 7.581001974296796
0.3543939423487292 -14.58015280775491 11.46217039409974
-12.38612380145646 13.26380219622749 10.67338223461313
-14.59879769159242 -17.17117458892821 7.599229737533374
-13.97023001474482 -6.89905180703197 7.506672366285205
-2.0 20.97934259195884 7.5
-14.51152323052507 -12.54292098386896 7.572501715208098
-21.31992377041411 -34.0 17.32274132245714
12.95562561004984 13.52132513637642 7.802790312773507
-3.027522869083091 -27.87354837804914 11.23124658372046
15.99517112190832 15.89499681584871 9.443268487178754
13.09959 -0.3531027508922584 11.28585
13.31529877040261 -16.1703183467768 7.627469066878596
-22.41275859052731 29.00156284301504 2.321143341553192
15.99809362895525 -15.16336678476322 9.477603221428687
12.14830771738103 17.39742501572695 8.758931783637124
15.99993195262653 -9.597255182924442 9.50079944902079
14.56262651974423 19.2340774100496 7.588152225545718
-13.13328606813579 20.0 12.20788824441737
15.98571603470383 -6.045007138742678 9.667814002017295
15.99264334786008 -4.443065477095898 9.586429028036006
15.99256536755126 -6.948467465955124 9.587345173338186
1.963801962375398 0.513605223724074 9.838702128485888
-1.08483304323061 18.01340945264486 11.17627244548562
13.1707081179016 5.470209893473932 11.3144273908762
-21.23373345980884 16.17282100117307 0.5547940917719335
-1.851217316878363 -3.133059885543499 8.75731648371661
-1.994417558544636 7.736125865558886 9.43440849604219
13.79084857124437 4.134573834314986 11.48570722124961
0.3487220937145198 -32.83638225553155 6.028787108347631
-15.99842312736315 17.89771004674093 9.481474295164155
13.62042310402103 6.168619067988963 11.45674375333791
13.59342993158814 11.41497973904863 11.45092606981274
-14.20979136027285 -21.0 6.547346534882541
13.64986594314521 12.48108745951761 11.463089399465
21.03202463681133 32.71896804300535 0.4311885291013489
-21.4547219626237 -32.90259961546373 18.26360969149362
20.88139335706942 -28.1498645067839 0.3388828787505054
20.79106286850767 -28.07202513545811 18.70239073424617
20.89778338807928 -26.38322052762113 0.3489265594138318
20.42705 -26.01832224541749 18.85317
20.82830469722218 -27.03253845432282 18.68696464337217
20.8497528141829 -19.56798249966506 0.32191987207939
1.363656198920592 -14.73820423511542 10.95451249003486
22.09567224383981 -22.04034324851564 17.488191148291
21.74710518382051 -20.02577697607101 17.97404605108956
-12.14113235346234 18.91353277585157 10.2207593693602
20.86197 -17.70668707307871 0.3269804
20.84757246374539 -16.427869520765 0.3210167406683671
-21.2695536285029 -27.58650795259356 18.42176008480782
20.86197 -14.06863210339518 0.3269804
-14.18433993914693 20.0 12.39660340326016
22.08400468782885 -14.40085259483146 17.50723103245265
-15.38373949509652 7.347217933547487 10.9362446210415
20.79198767488725 -8.506788654873375 0.2979927496945874
22.03029487629505 -10.0854080990508 17.59487823028797
15.81831422838276 3.066097480943604 8.684516804804954
21.93047657560753 -5.743423823594243 1.242235641461266
-0.1200367038021937 8.629236142143203 11.49369788891201
20.27274773898731 -3.399453626404867 18.89021265529805
21.71990345163967 -7.102528647533443 18.00589484594598
21.75060208705277 -1.38131390666496 1.030049770959284
13.66833031981565 5.370599207895303 11.46706892059113
13.03578082682434 6.368092842307215 7.753436831692436
20.42176791526867 -0.1074471630501037 18.85443804651256
16.0 -21.0 9.900003559741874
20.86197 -2.420480899482278 18.67302
-0.154177590960392 -3.846020176000735 11.48932575845398
21.81764758453513 2.322547125494374 1.108550063944685
-0.2414106975624352 -7.300523902130649 7.521846041370117
21.80881364810561 0.7759397675804962 1.098206839955424
20.86197 2.009804586199304 18.67302
20.49409179149433 4.25191428017496 18.82540034411454
20.86197 0.9073825666087281 18.67302
21.92705 5.821679286576298 1.236644
21.83768708034943 8.16582786426309 1.132013329216386
21.79077490335332 3.968191088334624 1.077086156220974
-12.68323437568988 11.46741115604283 8.004218572014947
20.90300493330973 6.738501502992699 18.64787397606768
20.86407476266138 5.614186269707433 18.67173021083779
20.93361910362557 12.34644573869944 0.3708864009218872
20.96829232105134 10.27881709839494 0.3921338728263033
-12.00210821037966 -18.06598369728643 9.474680636396348
20.86935433261789 12.83078778031321 18.66849491393901
20.86197 9.624401226876863 18.67302
0.4069966889430622 -17.21563646593468 11.45083321920595
-21.41297668658299 29.7265356162814 0.7007353848494168
-20.90558511645408 30.00482796660729 18.64629285135601
-15.68272910504729 -18.58626682510171 8.430954933004534
-12.07086524473765 -18.54842271891468 10.02188995909114
-12.14682535421583 -18.15690327539411 8.763127247855325
-20.8441334884807 26.46383622005522 18.6804081347149
-15.92793198786072 -20.17294829011075 8.995697044611305
-15.89477571900335 -18.42897877529801 8.868348187887003
21.73041662590991 25.13639996767633 1.006415602025332
-12.0392695329062 15.90439822951234 9.932468027649929
-14.95485738876063 -14.68485747371535 7.749672608159538
-12.80298598282729 13.41915538212174 7.898821732613414
-12.12054296011436 14.03898115419763 10.16248743264292
-0.8200754599388101 -9.970055071981491 7.681715035835782
-13.09640646284 12.46967400860644 7.716108179852537
-22.26070619131379 18.87794376680709 17.15027708672665
14.64087774981058 1.436113400745121 7.612116860773653
-12.4972670691364 17.61791957952617 10.81102965912989
-13.06637756639711 8.834122621081939 7.734597688484883
-15.03461772820239 5.09808590255567 11.21011480273665
-14.88549597408304 16.32032112239898 7.714701082079768
-12.0194027223226 17.50970932644568 9.2592686079514
-1.614959549308902 -3.439233232450661 8.330687718318902
-13.5808335557248 -7.328884882532318 7.551787840840299
-1.861710144361087 -20.81512979463981 8.780529162033504
13.36258952903324 20.0 12.35791660412263
-2.129738034262518 20.0 8.2326459232514
-1.879935158114753 15.58625426007726 8.820847311005398
-0.5764917276803786 -22.68103575435675 7.592398143316311
0.02805796325770854 18.89698814096074 7.506599579058818
-1.982909258163161 -18.79940403308882 9.299190467146612
1.641782633362133 -21.2705529505712 8.374083236339189
22.42116498437677 24.87107543885678 2.356157081060058
-20.98837899778084 20.0 17.32514685321132
-14.97599349356019 14.49761349441203 11.23967271991907
-0.5875157307110077 -20.643224104721 7.595774247919366
0.1147120802977531 -19.7482812862877 7.510280599240459
1.041395458633036 -21.65181660055005 7.800958009164201
15.33043546860884 4.784038923096402 8.008134706414658
-14.14893566799491 15.93673690670549 7.510004468399003
-13.5844332039402 -11.32024403719 7.551012074424951
0.4422858835706786 -18.58510494065163 11.44322753704566
-20.8862044663127 31.00704512836137 18.65816922723801
-12.0 -21.76771365108064 7.983314197202811
0.4601392373756968 17.12176307046664 7.560618053102671
1.748707231139498 16.55832643358672 8.54417858115703
-20.75710535256412 18.86073612833018 0.2835440076770262
1.550107156864351 9.95920245177794 8.247642077459346
1.476792779527654 16.23465965755737 8.156843177869016
1.189266 14.76359590891288 7.892006
-14.74304308557942 18.89412365327858 11.32661726563711
14.08920279592229 15.66678909730987 11.49764641798534
-12.80824324296074 18.81003779562257 11.10580139208267
1.881464161835612 4.915070406928734 10.1567997539886
12.00431541311011 -18.91468718137524 9.584405775967229
-15.99643132400817 -20.34869404877726 9.458073825029
0.7682580209857939 6.784016705016011 7.661046193272012
-14.50736091305996 13.38311085295424 11.42877280038771
-14.04715753530639 -18.35129273082976 7.503404461786887
-13.56457298671993 7.039787072389277 11.44470572179263
12.75915389459995 -18.95369432763725 7.937399616234046
12.94156649048989 14.78433961290357 7.811446848419475
22.48410689332789 -32.80927220217254 2.798031880841091
1.862642745010971 9.239316338070617 10.21006844902345
22.2310169305063 18.67282331190554 1.778045791650287
12.0603089072076 0.3560399864105697 9.979342628066386
-15.45256356461354 -3.204307938145138 8.135562200245735
20.86686702494512 23.99999 17.49119791606994
20.96082030622764 25.03539774676509 0.3875550815625278
15.91863494539414 17.14965287556507 8.959988330397135
15.78852766290086 15.97721240790544 8.61862311514553
15.92893885536625 15.60738009518479 8.999564289935394
15.76696259480682 14.44621094259714 8.57091698046759
13.68887345914402 8.84784990860932 11.47149646550171
15.09016317365893 13.78108133501622 11.17232704483949
-20.33722425872199 6.833895838333888 18.87473406490233
21.3433259012648 -29.98422030767392 18.35875193598814
21.77322110607897 -30.24260923769864 17.9434685626794
-22.49756124565502 33.06749131905502 2.969008536952009
21.13589288766124 29.70717093462376 18.50516127736607
-21.33015657772182 -28.18037762506616 0.6299994091644197
-21.27798466878994 -25.53376599339842 0.5854398096614603
-1.98818770278379 -11.0223491291684 9.361210127181252
-14.99635648799819 7.465827003602342 11.22940584467784
-20.96091442224215 -22.15101474564824 0.3876127551077759
-20.95006199724187 -17.56471517460589 0.3809624753700588
15.95431403659232 2.853706804315046 9.09702701507534
-20.86296572845585 -20.0836232678876 0.3275905744793499
-1.830556545114318 -21.41317128867917 10.28839015250963
-20.85244966578279 -14.95002741308191 0.3230369454400879
-20.83140408456864 -13.20578954669988 0.3143195736218892
-20.95129715522792 -9.978808404989064 0.3817193703614808
22.11167940352707 25.12667553954018 17.46206961384832
-20.82324622919839 -11.67384144206701 0.3109404767094334
1.980908033080719 19.03170549276861 9.261066358824634
-20.91784394037593 -8.219681108893983 0.3612195063323758
-21.01234505554311 -2.377262887959557 0.4191290381994134
-21.44233999999979 -2.00980458619932 0.7258143499998211
-20.96034676073453 1.597979285221813 0.3872648966501593
-21.44233999999983 2.009804586199304 0.725814349999854
-21.39568287436917 3.27248507011652 0.6859648816820264
-21.36093257565003 6.116368687958913 0.6562849365691322
1.993597197157003 4.975807166952269 9.57268630239152
14.42710802779295 -15.64113435681601 7.546649347910459
-21.33044747049969 10.40083738735368 0.6302478583000872
-15.94858952856441 -17.01083902864753 9.075039934568798
20.5094483202125 19.17560193640465 18.81903945326432
-15.89277800892585 -15.35886782539917 8.860675246895632
-21.58151142389346 19.06480148185609 18.15532010049461
-12.10630842069688 -16.97710408183051 10.12220095279788
11.45827034517404 20.0 11.5
-2.3040315 -32.89877107860087 12.11789
-15.92289356391889 -12.73881973835812 8.976345122612942
12.33876948516134 18.96644913488916 8.387588035344592
-14.98251154141158 15.22384186844093 11.23638636710341
1.313624807898529 20.0 6.941133953815062
15.74812304984509 -12.86461025034558 8.529240234291962
-12.07700637784302 -12.95269914907257 10.03927054498992
-15.8907569338194 -10.24404293669748 8.852912563908978
-15.89960779993224 -9.159646189362029 8.886907573580872
21.00633273511025 34.0 17.36466927992358
-15.90079386272216 -7.06406220858733 8.891463084363725
15.50199238273497 -16.40857653373667 10.81286300812971
-12.06022400423427 -8.70692724576226 9.978843093644807
1.946653955244726 -21.11984077577583 9.938714372073134
-15.74999161814542 -5.62901409969841 8.533373871644809
-15.92642720005144 -4.536253515402667 8.989917353055898
-21.8982633030907 8.909052118629127 17.79706453022488
-12.06861605598455 -4.938019262318775 10.01552432303423
15.36432132597916 20.0 6.968487885867242
-15.90313494319602 -2.574072242716939 8.900454865771
-15.7025591805038 -2.206117161680442 8.460293965995957
-15.96586810250965 -0.8591528004582933 9.141404658754722
-15.77544934106659 -0.4760293666157089 8.589691317663302
0.8890229233859236 7.123952630760378 11.29042475405758
-15.91591559644899 2.131613877906378 8.949543669669817
-15.72522722827211 1.47168559587767 8.493831841471238
-13.03188592428694 3.988153586935084 7.755835016195296
-12.51145368738792 -0.4558181237424215 10.82859933748906
-13.60664387805396 5.547037279250745 7.546225413615703
-12.67342963424265 6.902920580545178 8.012848007430387
13.42819950304828 17.3657526356571 7.584682179627108
-12.05540911016215 6.633706659461724 9.950757779562034
-12.0293055654478 3.252133633666389 9.798495602867074
21.43065991498968 -28.39417639625325 0.7158384851931382
-12.05199778236643 4.829081374346702 9.93085947834356
-14.98293869963249 9.282939632921877 7.763831002997272
21.39784170541099 -32.95820724057543 0.6878087215680375
-12.09135879126182 3.798341188990529 8.920111707293868
14.07912878395586 17.96219760747286 11.49795564289202
-13.68921758165609 9.326719469639254 11.47156884585056
-1.401570474539942 -9.438103470187398 8.082355698346149
22.1863153335892 -31.59823118108568 1.670126732359774
15.47019980954965 13.64545067561658 10.846034451437
-15.47669212697474 11.63638893503457 10.83926055685023
-12.046316137683 8.462595865820088 9.897718401291629
-15.41493592024528 8.283931099137146 10.90369518120284
13.78066211223835 -2.290714309427694 7.514724887200828
-0.488877107707949 -18.05529576160244 7.565566136742837
0.04211421793831074 -18.14984202996269 7.507196681180736
-13.78869381309645 18.971407464813 11.48561529877722
-1.359793967383171 -18.50526734760072 8.03876679110597
-1.210699700208951 -16.55199968008531 7.916818770980065
-21.97215971313707 31.13339454535351 1.310256075486935
-0.1817141314467995 -16.10255888913503 7.514201746645352
-1.309112445220846 -15.01225069351048 7.98960418552013
-21.54050240820201 31.07669871293706 0.8096540577139525
-0.2116858846250833 -14.59383792589885 7.518039704665733
0.08885413491535829 -12.60278561157662 7.509182167659136
-1.281937792992251 -13.5102452462221 7.96950599267731
-1.28867625768183 -12.00182072199856 7.974489716540873
-1.308581031799376 -10.48549425069253 7.989211155672531
1.667641209884737 -22.55568909307609 10.60093533322031
-0.01128520545763884 -8.281417539731939 7.504928302459416
-1.362651536891077 -8.524416213266553 8.041748331227193
-12.01819639882785 17.04542802558243 9.733695748696677
1.082934620719435 -9.356065457172278 7.826534822598484
-1.140044589694343 -6.12961078196939 7.864562719108346
13.46505195462632 13.05691214025343 7.576739804519665
-1.245712529028479 -4.152019311610154 7.942714027326605
-0.1887781068500211 -3.034297993944906 7.515106306378421
-0.1426348035273611 -1.247131854355286 7.509197540881099
-1.466126529932815 -0.5134557951230789 8.149712404347254
-0.1425026293788137 0.1960306777198824 7.509180615650517
-1.974063037866578 17.01179380644466 9.19525083818059
1.189266 -0.8052207506056384 7.892006
0.9994892062664975 -3.809017209581096 7.775155168069823
-0.1640250318545878 1.71915034181386 7.511936613162855
-1.286387932979834 2.652376466542417 7.972797286744133
-1.427542888966346 3.856351113919491 8.109454880165911
-0.1351411508844721 3.912384381147666 7.508237959901914
1.158230798993979 3.733055886868146 7.872896766540369
-0.17550748269902 5.500625537444732 7.51340696973659
-0.01937026211127457 7.039148805170058 7.504584853610956
-1.398330130191195 5.733929924939467 8.078974777372698
-1.286384939827663 7.372915704041436 7.972795073028608
1.941844563197453 2.973119336197314 9.033239387682753
-0.03988361571661679 8.338209754463097 7.503713457407363
-1.147778871135571 -7.616400332724735 7.870282942447318
-1.32135 8.991951576794659 7.998655
1.189266 7.435688582601948 7.892006
-11.70424306090275 20.75949709100487 11.5
-0.0214532345189323 9.811013374994747 7.504496370065889
-1.32135 10.47417228407939 7.998655
-1.365587936298894 12.52764831784354 8.044812121144506
15.02897256152441 1.017684621873663 7.787040944853114
1.152895374172557 11.48220074430514 7.869611597596269
0.0594382465359734 12.4443350861821 7.507932596577184
-0.4032908676246283 12.87814173388626 7.542575202368314
0.2060527737908492 14.20577797823928 7.514160702663562
-0.2898563836733325 14.18508002091195 7.528049632746844
22.38906106756905 26.52615925155856 16.77755831501607
-1.835552448628306 16.97865856778844 8.722661997291116
20.20653340007187 31.6372821508776 0.09388940460352929
12.32047511182503 8.892965990267484 10.57966456338844
15.51273232220338 -14.3027179836621 10.80165726862812
14.72014123208811 8.732034460038452 11.36361026273065
15.38466738575946 -13.1550640139789 10.93527648699518
12.29696397789025 -12.79920542527719 10.53757787144704
1.013146492626244 9.245958590247184 11.21643288159899
2.537998174523327 -24.00001 8.569164109065417
15.46357245087544 -11.68067422928691 10.85294924412324
12.01237863875265 -6.019906484383295 9.300186590700928
11.19936611646065 20.0 10.21049109734635
15.41520578062669 -6.026414836009508 10.90341361675411
15.44490621169464 -8.019874724821245 10.87242505349345
20.89935871805282 -33.08262915486153 0.3498919090940141
12.63207266843517 -3.41128373770794 8.049247464502766
12.65675765002438 0.9133564033503596 8.02752150104907
-1.556072 -21.23551418627365 10.75644
15.44916174436854 -3.81641566474449 10.86798495485747
15.72718642817077 -15.81905626535347 10.50326947916722
15.0615207945376 1.950985908930598 11.19351110554328
14.60311986424827 4.411375171429071 11.39944726740934
12.51605476956188 8.255605226781446 8.165704179786502
20.19496531533056 -33.02602952680576 18.90888553467684
-14.26739319961925 19.0445813889956 11.47482715831077
12.69939111175526 9.289808169374504 7.989998563139558
1.909117662062276 -15.58665470247454 10.07853434581318
15.01286927511429 6.105594914705009 11.22108021625799
20.49130358747414 -31.89851586251262 0.1734452276697031
15.13650530152223 7.254325890140805 11.13805215288163
15.04861 4.803271032869818 11.20306
12.54142275473341 10.33520652135795 8.134286850903125
12.60246314450872 12.3179802596449 8.07530765954007
-16.0 -21.0 7.588536611422945
-0.7157169434531225 -18.86200607726016 11.36496581050852
15.16714546782919 11.08065895887415 11.11539051781732
15.14646701850316 8.191242513499084 11.13068441236175
1.701606251186683 7.86121912916138 10.54013499604726
21.68037352878635 32.98905265582198 18.05217794274569
-21.32475660090399 0.5059159322882998 18.37461178680753
-11.81087928303313 20.7598456676576 7.5
21.37605112664428 -27.28334942206857 0.6691975669704608
21.38176210231477 -28.17400775961256 18.32592396708936
21.35280489153465 -26.07325499761028 0.6493431482297298
20.88654094022234 -24.17485706012939 0.3420372767711494
21.10065924353419 -25.92909243835476 18.52675229718701
15.91117357953315 2.94706371969901 10.0686700893649
12.37088539067627 -10.06447321355511 8.345491186496188
21.44233999999999 -18.0882412757938 0.7258143499999925
1.189266 8.494310024646492 7.892006
21.47185065249814 -14.13061594847833 0.7510191562512966
-22.38631762602399 33.0079737742178 2.211013235825564
21.30455994407288 -32.88310683313253 18.39186154625824
20.89098787234784 -5.51142904765949 0.3447623214140313
20.86197 -3.922048789952698 0.3269804
20.81185612145548 -6.744770907309501 0.3062225360056842
21.17195228964685 -4.268161722459933 18.48306423681598
20.14051119968313 -0.0637269758842578 0.07803895338940778
20.96707497668596 -2.035274463559826 0.391387893879964
20.74869839549732 -0.3566199538591235 0.2800617293847227
21.05781176339709 -0.3483507659646676 18.55300904172306
21.32417254191186 -3.063599635106575 18.3751106256601
21.76838392725084 -3.224002773334526 17.94913211069012
20.95019335932293 4.003755901332772 0.381042973008693
20.82112612986608 1.518659883036356 0.3100623021423762
21.26352955781145 2.091493832233263 18.42690518239553
21.10900903883024 4.107829163246585 18.52163557990713
20.82157961829805 8.037590890328623 0.3102501433445987
20.93499155419151 5.869587572259205 0.3717274277144652
21.34668924443728 6.053038532851163 18.35587933874788
21.764721060989 6.18557127722336 17.95342073008333
21.7502118923919 7.967999043027914 17.97040860170542
-1.98321253414315 -7.057265159919979 9.697246742258388
21.33827720663156 9.976321611492258 18.36306397479197
-21.84999719083243 -30.18993724652747 1.146426635342612
14.593893194573 -11.397358146785 7.597727723035361
-15.49672223891618 -18.7896580721913 10.8183617224328
-1.078200176738066 -4.585628697392625 11.18117823986066
1.935757880264191 6.972502627006849 10.00226350036507
-1.289237801047905 20.0 7.15643857508012
-12.01838483137966 18.95308044448719 9.73479487721783
-19.16921031364013 19.16275710048284 9.583630290907425e-16
-15.40146510028594 15.56745870130123 10.91775024173472
21.92212843422761 18.92734712312205 1.230881579411178
13.64378873866579 1.01858537662147 11.46177961446411
-15.01814332228173 16.27735300752641 11.21842107963399
0.08917428191589125 -11.35249639046901 7.509195767331146
-15.99084219376638 -12.27417762721658 9.60758974009655
-12.59603974750516 -6.370710617401813 8.080961076296473
-12.00721 -8.258358417136687 9.398184346919649
-12.09348229995988 -20.44602355739189 10.08590056826094
-14.00923910119307 5.464612079574279 11.49498608201936
15.45930914927937 -8.935963098681976 10.85739744862594
-1.973819682433577 -20.10183422308034 9.192391507012596
-13.07950715378476 3.203755245361828 11.2734843729563
-1.995235210093224 15.87787365633291 9.444015581976563
0.01401961476045707 -23.07519354139801 7.506003237581917
-1.183164125356466 -20.29629087643304 11.10354490451572
-1.859086115700546 -18.96329191017395 8.774724174455875
-14.08488 -11.2207148837104 7.501802
0.001487417438189448 -22.18992933347158 7.505470876595049
-21.68140336683681 -15.29358433924047 0.9490283748156304
2.864300921498552 20.0 9.441300341929223
1.911035487623683 -21.09333176680892 8.926896003477351
1.262102529020615 5.169681885667252 7.9561097653614
14.12899112022725 -7.066560988078743 7.50745052543162
1.946591332687297 5.100126942657539 9.060923618469513
-15.28035019127914 0.9839143202055327 11.03166368341707
22.09909129716809 -8.792208028772425 17.4826117125247
-15.75769767240712 -20.12195613976607 10.44957883405307
-0.6531081122990763 17.09375238453769 7.615861936646369
14.11854385310022 11.14257102869615 11.4938889698345
-1.056309787683278 -33.0148243551707 6.166045233977331
12.09906409884903 -19.13557604386764 8.8983037299835
15.68193432122727 -14.81652387743353 8.429779032853887
-1.071018612462071 -0.3034117674005721 11.18648986156581
12.59074424571418 19.33357016130058 8.085621799982414
15.97607327273518 -19.39028999669372 9.781101205038727
-14.93111282665732 -12.38128377874635 7.737700770838909
15.75651062789043 13.86072623503273 10.45220480793522
1.992794 8.419907655984662 9.528795298995586
-21.76865386165844 -28.35599146868446 1.051185710711608
-21.75136794975325 -26.5078284429008 1.030946482127555
-21.71845270025548 -25.12485279440605 0.9924076267787355
13.11950787061327 -0.7432313457865547 7.706144339455341
-22.15142294998136 -33.06923588996669 17.39721348459967
13.50468209257414 15.24307500917928 7.568198787364408
-20.18192100469783 19.04125377784616 18.91201702412617
-21.80182660680354 -0.5413510986182146 1.090026055116619
-12.3658997723574 -18.49343521612443 10.64833541372196
-12.52511281295122 -20.25358168956982 8.107266704689295
21.72387386296363 -8.865542520060178 18.00124614141085
15.4754037241944 5.212886315645385 10.84060483872185
13.0708597938183 -9.249176972605682 11.26815992705298
-12.41768005951095 -6.207145154882012 10.71246366292865
-12.34298 -5.02856134417803 10.61995
-12.34298 -2.157578155098019 10.61995
-12.0377557134165 1.813421625949768 9.847785380833582
-15.65142929660277 2.420017522460899 10.61535382232992
-15.80954836649615 3.801539649903837 10.33487499057021
-12.43502071584735 1.947742811852379 10.73393951777762
-13.0249425568971 5.831961394530865 7.76011021330539
-13.0694886818046 9.821768270058389 7.732682100434806
13.50540312648037 17.33275566647479 11.4319541577442
-0.1968401328808627 2.861953607668449 7.516138668992697
-13.00220706714655 7.714730089759183 7.77410899727013
-14.48606022481556 12.21088156540572 7.564703605924477
14.08488 19.26238838565083 7.501802
-13.06807302659965 11.34305703089387 7.73355375315045
-11.98606548520361 10.89204636005812 9.448692770062188
-1.80568631938967 -19.16694103657055 10.3434091214544
14.97670016862429 -13.19915110666531 11.23931641943776
-1.983159577234822 -17.7072726205785 9.302131618345571
-12.00721 12.66364848826532 9.475179780248594
-1.529608796987342 -16.47105585030099 10.78405069868951
-1.671615249005331 -15.16269667296397 10.58548672089206
-1.754422376197261 -13.86974924320709 10.45681739244144
-1.810735029252538 -12.91698590017695 10.33224015120734
-21.25574068628645 19.27448955035057 0.5682799451479068
-1.74039062876802 -10.46019385696311 10.48372935476691
-1.764285393253348 -8.805482009830085 10.43499800748214
-1.824575378486078 -7.077380639994246 10.30162194319042
-1.793700638382347 -5.973831483724176 10.36992435370138
-1.766495662458363 -4.626341530843899 10.43010835613371
-1.780367743937395 -2.700111325522361 10.39941994869647
-1.993257951828049 -13.23967030886512 9.420783570613281
-13.98376496920782 -3.341251023562897 7.506097397298148
-1.746032877442707 -0.7326306133612128 10.47537699767178
0.3632765840061408 -1.690243146202796 11.46025596817127
-1.741271219295661 2.14363908170311 10.48242646741046
-12.5 20.9999975 7.5
-1.799551430284595 3.302386501855903 10.35698098352308
12.5 20.9999975 7.5
-1.811794811084085 4.759200468089279 10.32989565685801
0.9004078 1.258029750266971 11.28585
0.4213385523129963 0.877907072313544 11.44774219784575
-12.09441386462393 12.17291454241248 8.911465073813202
-1.746027 6.029413758597921 10.47539
-1.740976918145186 7.448436598044738 10.48286190389985
-1.758107206483923 9.989118713383707 10.44866565448163
-1.71826580736233 12.07627222460349 10.51646437651453
-1.681155967135647 13.55103826195402 10.57137064692441
0.3565447625181541 10.52291841786258 11.46170683989384
0.455562194665178 9.156188753953575 11.44036616819008
15.9389490287138 -16.48394926191695 9.038012045830571
14.49588055433608 -14.20914174717529 7.567711106440158
14.45858354565654 -12.39770127309254 7.556288804102671
15.91109048984749 -14.82830663575524 8.931011071447811
15.99598282573686 -13.59381186559174 9.452804695234102
15.94942627731407 -12.231727476063 9.078253776183283
15.92984316705216 -10.43196641395342 9.003037631879216
15.9512963000319 -8.834278946883707 9.085436286862887
12.02731038598053 -19.63817044841748 9.786895574599987
14.66834816490076 -5.921417171167498 7.620529744208686
15.97218524675989 -5.911863073701405 9.173221605494927
15.92844887037598 -4.396339084321632 8.997682322196745
15.76932638407302 -1.703846184630208 8.576146143138985
15.53239932187555 -2.709997599457388 8.218862200809179
-13.97811849017654 13.60072531510672 11.4936637935102
12.72471098389894 -1.932143652467314 7.967713814218127
12.75668916185297 0.1823696350795991 7.939568898531889
15.70428060388251 -4.187255260553069 8.462840849764047
15.81501891461379 0.1571611140001856 8.67722692833515
15.02349115134979 -7.269930613489537 11.2157247427067
15.91343795873337 -2.048694392470534 10.05997293392917
15.07174597571233 -3.633400991575478 11.18594850546055
15.89169650338795 -0.5458935333814274 10.14347874272622
15.91216068094698 -3.491916897307249 10.0648787745418
15.74805033534819 -3.526509721323947 10.47092062435068
12.06728184117152 1.439575137552669 10.01174823891956
12.0072 2.308716207228532 9.506824386486334
12.09428182049329 2.991411093430923 10.08816336489315
14.67486491074069 5.50548832547706 11.37747583078812
12.06036064916888 5.304830233816289 9.97964438667918
12.0072 4.696723581959333 9.508414428902393
15.79206679490234 5.931771829039352 8.626452365077386
12.34298 6.613483592949626 8.380051
12.3498442587428 5.12544529369485 8.371549864690872
12.33303080585819 8.998920894235203 8.39786056267118
15.75373565365945 7.485009529877651 10.45834359190815
15.89409553397024 9.988890364195132 8.865735686863404
12.28273446454489 12.03361105031461 8.487893567353051
15.74329267055605 11.32207062794007 8.52056006085375
-1.994741542971054 -23.02816469545349 9.438215186351002
13.10203585022185 1.676754714025957 7.713165176318753
15.80301306706514 8.937448117143727 10.34933234695121
12.46614301681023 14.13692744270752 8.22751807398195
21.78394848322014 19.23872868510646 17.93090855246956
21.84131545204079 -28.25028686838003 17.86374118204782
-1.591499028642951 17.49804634055685 8.295976448106664
1.984195102087682 18.25463902770683 9.793369215581546
21.85418593911232 -26.56414981568602 1.151331035780537
20.6245970437873 33.37588335045088 0.2286572271764405
21.65511695776991 -26.29316427629962 18.08174927091448
13.12103111139478 -7.334143977253383 11.29446568105608
0.321277433804722 -5.591296341772154 7.530690785037583
-14.9682028109722 17.15654595790802 11.24360072600966
1.286761042568435 19.31929071074057 11.02218646023706
21.7331739545909 -22.20574105121572 17.99035724990888
-15.93776707787229 -7.927412602873838 9.966528279984095
-1.940225794473371 -11.3183066699162 10.02324286661591
21.7374222664919 -18.27775221351452 17.98538316909221
12.94796236339386 18.22692989498213 11.19248819342668
21.8375938869488 -13.53018695843441 1.131904213622823
21.99062368656691 -15.39585686471927 1.340386424615443
21.69543176963928 -14.5732041616349 18.03454719700364
-12.40275282757902 19.17420956427978 10.6939767579322
-20.92636595929597 28.15548382300674 0.3664417317563626
21.711856761938 -10.00102348156157 18.01531620808123
21.5599077793115 -4.735529011099572 18.17377155389176
1.718143106150399 -19.33160710326059 10.51053260726648
21.55789955575371 -0.6198330962126306 18.17548675723382
-13.14118809059679 -9.873615623659534 7.697432508524678
21.68141217599161 1.890564616798132 18.05096185615426
21.77418499999974 4.069829380137261 17.9423400000003
21.44046639147064 0.6516932149328944 18.27578523001364
20.51670557551984 20.0 17.9817431532126
-14.00480844313813 -9.114517566618941 7.505203464117731
21.40495294098925 8.480917277067725 18.3061169073398
21.77418499999975 4.759019443869768 17.94234000000029
20.39717729850776 10.6002159986633 0.13965873361159
21.71651188348709 10.03961874505049 18.00986581947131
21.35954167370775 11.78953293213795 18.34490220945729
-21.89365340509572 6.990230058770198 17.80246196942379
-21.34926380366057 -30.70527366463514 0.6463187341206001
-20.95745632366683 24.70394554138472 18.61450640715431
1.589765908561396 0.9223032459312392 10.70324239168954
-15.92848086680577 14.72909929852984 10.00219528357009
-16.0 -21.5654049474798 11.96544927266607
-1.514137032077559 -19.50496328794788 10.80019334925659
-1.800664253092371 -17.96478925427965 10.35451914967484
1.62182966308336 -18.79882526263306 8.33646946544409
-13.16477942487062 -11.8739049108357 7.687952728532658
-14.07602287113757 2.565539461626584 11.49782366806639
-1.060736823362269 14.67269315128089 11.19409446859172
-1.43705233260755 14.64056427911406 10.88062059041935
12.27219141386547 13.21353547102306 10.49323312509827
1.657019 15.44443960161949 10.61995
1.317255394560717 14.65030672221821 10.99534895881356
-13.34125227982504 17.77043248184419 11.38295714561021
-13.87841502073768 19.26214031283156 7.51057269518881
15.08643252707524 -19.6162995269846 11.17508625151567
-15.47369007018286 -20.25898386343471 10.84239281532131
12.00466209545279 -20.29724578300138 9.390173981397336
-21.39722976493764 33.00005167448943 0.6872860682289065
12.28277881654155 -17.6228087874933 8.487814175027113
15.9398952885336 -18.43322696649016 9.958354128358105
15.7802678407035 -18.19559638115491 10.39964922178588
15.47710066976773 16.10446534819308 10.83883429521933
-21.34521878440891 -26.74228669907134 0.6428639163551364
21.06600474454551 -30.88478192427422 0.4520112688986199
21.13144641441655 -29.02418951672412 0.4921134037795145
-13.09959 -17.18833319840857 11.28585
-12.35822460409198 -16.76053535307954 10.63882996038663
-1.947500747783838 -13.35725962936768 9.929144576457576
1.775981314476224 4.420561408679331 8.593000870241452
-12.90434142732099 -14.32120521363925 11.16562943939386
-13.0347574562595 -12.89570841788212 11.24593060572705
-12.25699132040134 -14.21268864018746 10.4660238185255
1.092075843805432 2.781131178140841 7.832163327019093
-12.31045436683034 -12.78952378800094 10.56172667877662
-13.06994065728711 -15.82313054348078 11.26759398637778
-12.28559859463176 -15.59201336272238 10.51723298356018
-13.52099679214083 -10.04902293099656 11.4551838768267
-13.01454229626203 -10.40936334165352 11.23348350901186
-13.40630020325577 -8.305327672273817 11.40909535045047
-15.8005879296576 -9.918251360145248 10.35469722367093
-12.25835738696897 -10.18633253298962 10.46846918007047
-21.48905884309117 26.06143947695408 0.7657165306946415
-12.30579585689233 -8.771067708883786 10.55338759682462
-12.28509826058681 -11.66644523402945 10.51633734811886
-13.46123425916586 -6.140043315860376 11.42243439057531
13.69732086787426 10.69631423704333 11.47331708702082
-13.03076948121953 -5.023283040282505 11.24347508664995
-12.16602002361205 -6.247439879615019 10.2911962547746
-12.27455756750298 -7.389013077991633 10.49746871745653
15.98914319332815 -12.42078287585687 9.627550308262016
-13.42742314818529 -2.068447454710704 11.41514749562995
-13.04948812493881 -0.8123685198957373 11.2550007321942
-12.13861719401253 -2.210190846467711 10.21364098516032
-15.02281989420744 -18.22511132870317 7.783938814273224
-12.18688879154557 -1.049760355312074 10.34053503757387
-13.07381839260945 -3.287490203212574 11.26998162746492
-12.14366511104883 -3.435819179241625 10.22792755966604
-12.34572099777977 -3.236449491700505 10.6233446391254
-12.00721 4.092702634117499 9.466859754352042
12.42566774995197 -20.27444595460972 8.277645222903317
-13.08662840973905 1.910398794183682 11.27786914960945
-13.58636511279573 2.430462990919832 11.44940231201831
-12.21842119319795 2.009804586199304 10.36399679078956
20.09731363221158 33.27675909142733 0.0676681851971165
-12.57517512031577 8.826647288137186 8.099324635781148
-12.64957313113921 10.80507486737908 8.03384480310087
-12.48039271499117 10.00129757246455 10.79013130480793
-11.29839477360089 20.0 10.64118662304197
-15.92901052992908 12.45497783983798 10.00016092355144
-1.977778898223118 -16.63993904902674 9.238910744196895
1.760950297352841 -16.72549423841705 8.566094423774652
1.614901188491232 -17.09203857559611 10.6721125575606
1.49376349600377 -16.34972673213326 8.177861188759486
1.939674647234814 -12.19901230662858 9.020583948140954
-21.46045137744145 20.0 16.33653657537295
-1.637856937669854 -11.44941111056027 8.36456579996374
-21.35185282433412 6.947397309478658 18.35146917760736
-1.903305296122453 8.314333057134391 8.901125116341822
1.947733940094259 5.732666557494191 9.067587562699511
1.941257870066375 4.227863869344436 9.029817660953338
-20.93195169161338 26.12443477363249 0.3698646241006852
1.966245011300052 9.65347936902219 9.175548307047368
-12.31009388950174 -20.32033277639626 10.56108139734006
12.07509883089132 2.184814223063018 10.0338718208325
15.78662036286094 -16.87862067313475 10.38559620436595
1.331453283933497 1.075356670449523 10.9828536653786
15.94801933065924 -14.55906378912166 9.927150848834035
15.75349901297647 -13.92178201672433 10.45886708723139
15.90553010900322 -13.01339634800215 10.09034584949853
15.77014804621214 -14.96260652068234 10.42203618002839
14.6692852448745 -10.34118839207465 7.620816727298038
14.91933261026213 -9.03026550757063 7.731761270515787
14.55609861634156 -7.545352882774825 7.586153038776187
15.91483496477499 -10.08370990773087 10.05460723427631
15.73265290880199 -10.07820947753509 10.49518170078543
15.88346683558915 -8.56541992471362 10.17135292672323
15.68159498784197 -8.892001684914389 10.57072301835657
15.91544415766587 -11.45139345268554 10.05226741183765
14.63501277115459 -4.20451561311193 7.610320696368427
15.91148685702284 -6.076300636404486 10.06746683550081
15.7314211207596 -6.01731372946524 10.49700415829919
15.92033157753712 -7.32188230702781 10.03349553374598
15.74603 -7.628610710788788 10.47539
-16.0 -21.0 11.95703098178838
12.59630829514165 -1.592003618590095 10.91927633256438
13.04676718830764 -1.345164548252884 11.25332536769507
12.70284507903296 1.116855581718113 11.01303991502543
13.10907519600237 0.5048429238472245 11.28966143598418
12.0072 3.528644532952175 9.511469088100407
15.42114194136842 1.577837054315793 10.89721999982478
15.71764060906879 2.296415679849762 10.51739272858085
21.29906428723967 32.94701842341986 18.39655533093702
-13.0190445300603 -16.33062196670887 7.763741769274166
12.7648634490099 2.997121598236064 11.06762260782912
13.21733263013688 2.351211386841864 11.33316251702794
-1.895704916797394 -18.20814656462122 8.871936135136487
15.41147457000792 6.284856454177371 10.90730665305496
12.09552708956804 11.90489830725122 10.09168771548925
12.50912128540181 16.91425336384352 8.17429104826233
15.76496987956719 4.288075966386835 10.43349129411712
15.55791877515496 10.35707459224042 10.75370469647661
15.81771772610386 10.45225274884093 10.31680277452256
-1.796360784025332 19.10987118233412 8.63596053339777
-20.31857632378597 17.2228165534891 18.87921079143453
19.65812333987592 33.09204131961485 18.98755364122093
-15.70635355765788 15.49597506495414 8.4659078304893
20.80919477785697 -33.13623937019852 18.69488024158251
-15.92508253257836 16.7961137335016 10.01524779747561
13.08915846447957 7.653281863722523 11.27942698224862
12.75009159875507 16.03174037913722 11.05462182491753
20.44225214902649 -26.97994945327813 0.1531274411084941
-0.0564644947029166 18.34978318474528 11.4969926378604
1.93322444971228 -19.30447625186651 8.989696957004519
-0.5805226335259087 -23.02560219508269 11.40636786255214
-0.9765670993739112 -18.77296020435026 7.760616290841196
1.147796267885908 -20.90779821644798 11.1335243506046
1.418578656543506 -18.88532270462666 10.90617627567588
1.669576959805009 -18.11974234478714 10.59747017483028
-22.30341134717779 -34.0 2.170896763354146
1.648925409443839 13.53688456994362 10.62997384426289
20.26101680262812 33.0485243098853 18.89302884884587
13.04754022246954 -18.72445386284218 11.25380134864097
12.14720205802512 18.91419830630425 8.762061080407387
1.705937674087842 -16.33106552850811 10.53238137754028
12.63297490470552 -17.72096352926781 8.04845338036843
15.99758846507402 11.8131868363115 9.471668362303925
12.65798158501815 14.81379890657745 10.97355531856118
13.0298449935488 14.08236266975517 11.24290585111331
-13.58136833786564 -0.6525885831294858 7.551672589015797
-12.0710649481203 -16.33981992901881 8.977548437205256
14.26687472907165 -14.94313744145121 7.525106823144051
-12.15605901350872 -11.48640176774828 8.736993647077924
-12.09109097807976 -14.48599820946576 8.920869686612905
-12.11916107418812 -7.4220739262687 8.84142418594948
-12.71468064421042 -17.0268287347812 11.02345645803486
21.00379556562193 -34.0 17.75589788220974
-12.08705206264564 -4.495438091766216 8.932300843013719
-15.97259916315333 3.631387634830592 9.821916498291548
-12.10571007065522 0.07470527571648056 8.879493941962128
22.4770573545196 33.09166522923926 2.708446998324195
-19.73464999999998 33.03676719824741 18.98153
-19.66083130256158 -32.88157718814288 0.01265779020559804
22.49728151824898 -33.29638360353259 16.03454599203235
-12.02106283823218 2.290997979470834 9.249585254956417
19.65686311179182 -33.02298572090886 18.98765283752484
13.57131493085665 13.42964105654109 11.44615975063576
-12.53895170498409 7.01882553035397 10.86265476325114
-15.38861645746622 6.308147533245553 10.93115614079126
0.8007384305881537 4.309377928914907 7.674097811261967
-12.70111694247287 3.619703035727197 11.01151897297202
-14.34830616914059 0.8077837541222195 11.46446535417181
-14.51819254868928 5.102422130128906 11.42545568502757
-15.90315005976177 10.31789283141159 10.09948727695712
-15.91552406175618 8.751754321333301 10.05196051169772
-15.99676136212798 8.483176587715118 9.461951239507124
-12.10245609259696 9.902232808093753 10.11129812455723
-12.14285816240546 10.97556557729821 10.22564374005629
-12.33810206267434 12.11516093460238 10.61121812657765
0.344548586211052 -15.78616019517625 7.535706145621545
1.241940758573354 -16.87427154165512 11.06163194298824
12.07818914818509 13.9142986203304 10.04261801217167
0.249143293684014 -14.31824841422853 7.515991164721018
1.997824322459662 -13.58926293673165 9.551210244098227
1.997149229665731 -17.27347528735085 9.567100313341104
1.997910477438023 -15.89285036437484 9.513320876498192
1.723583878580523 -22.98939771619355 8.499206232636244
1.91873606629788 6.540548883300338 8.948690789620102
1.993983847312174 -10.22769863656193 9.464573647444679
1.997493062867469 -8.856540211279398 9.557743316444324
1.997487148179181 -12.23538848481922 9.559146519987891
-12.51337060923578 12.59960237218042 8.169028414926613
0.2780704079736286 -6.882099237136245 7.521378877723334
0.09453869668892059 -4.485495319807701 7.509423644779059
-13.05393720007243 4.355381922192727 11.25774016480261
1.992304607169615 -5.459975691684004 9.672466283567143
1.996819627852663 -7.030099881421084 9.574858351464636
0.2759702363916674 -2.514155407744859 7.520926252189892
0.3461136712152202 0.8911751788909363 7.536043450173696
1.993027109182863 -4.087401107366528 9.489393771185206
0.3723606407924005 4.241168491552667 7.541700153991684
1.993888477888098 -0.3738005620317217 9.64385060899861
0.4294731204981389 8.531838414240573 7.554008941909319
14.00969532873435 0.6181399994993093 7.504995773492893
1.992794 3.588667313367754 9.509688978475173
0.5502484985732972 11.86820605940793 7.580038253227245
12.60274716185565 -12.8081677659802 8.075057687690695
1.994299098216986 10.80983394416218 9.634185588845487
1.992794 7.315816299170191 9.427419826988752
-1.357877857493015 12.87632025171944 10.96322822394135
1.993812624565901 12.51290728096879 9.645636014727787
-13.44863750587391 -5.626391770202575 7.580277640281658
12.12251829584301 -16.60117797290806 8.831922396066727
12.12400999826218 -15.21297491657016 8.827700499387992
0.2277608474173596 3.345279635515321 7.515082849929651
-1.986846565195308 -21.07360740527754 9.34545228499945
12.31181620008177 -3.383606310500156 8.435835784154882
-0.8354169100842518 -16.62120834930275 11.31055198436307
12.29045287989866 -1.526999361477841 8.474077211977344
12.34664263759578 -0.08904155936087166 8.37551495627602
12.27531631813494 2.031461434673716 8.501172426073564
12.08221942497812 5.314701524897452 8.945978434908636
12.08494934723208 5.909618912444802 10.0617506735573
12.00622536019197 6.081473407937022 9.422586687715663
12.06407565520454 6.83091640124213 10.00131026559092
12.0507415490032 8.318768309577406 9.923545888472365
12.58102739276194 6.486265898982829 10.90582753020687
13.08523405655242 6.500110073543739 11.27701060340101
12.62913621135864 8.118434363289989 10.94816835386265
13.16547862236017 8.550097656005402 11.31232602286222
12.60869433833204 4.63975719850235 10.93017735416114
13.18359154641004 4.229386631461866 11.3196043385117
12.10314310041481 10.93519924481973 10.1132424885999
11.99519852650768 11.31426167420156 9.399868819210976
12.08791107872126 12.8745973696827 10.07013294237861
12.76410030580502 12.9146409193284 11.06695096149058
12.62460252111148 9.926924335120038 10.94417822928956
12.55609 13.65422266879947 10.88388
13.21987836087837 12.88986147681355 11.33418546792444
-14.52890988373449 7.17806483719345 11.42217357345045
-15.35724069310382 16.10855206096345 8.036103066609543
-13.38718170259635 19.22217275082467 7.598584122327839
-21.03939800539651 23.99999 17.41457499802361
15.76828356179992 9.67801276989276 10.42616078302459
13.11461815146358 -17.4078668175402 7.708109190668237
-12.06713716584363 -15.44966205781157 10.0113387799613
-12.40336523823286 -10.7476746260136 8.305266074179718
-13.03161073083865 6.44156968119456 11.24399306995417
15.44040879072007 -6.973182684826764 10.87711753132522
-12.04906916114492 -11.402864874791 9.913776808277794
-12.01965597198623 -6.411806030395271 9.74220945013347
20.05430049906808 19.09946520422402 18.94265430946457
-22.263095 33.08322916561092 17.14451
-12.04511673307446 -7.352697299795345 9.89072226500314
-12.30128411300589 -1.851494505718616 8.454688754773679
-12.03725753574695 -2.072175900001689 9.844879506662991
-12.0243507182073 -1.090710257293317 9.769593940878819
14.06264730774542 -18.26918002409499 7.50274642367045
-12.02833849300132 -3.502733062765021 9.792854661863323
-12.68081649197261 3.553694174271172 8.006346621132053
-12.02591915795181 0.3579743798420267 9.778742661948227
-12.69388711047128 5.262354857975378 7.994842793236014
-13.09959 5.369228207897695 11.28585
-13.01012823416875 7.423716410827767 11.23076563501092
-15.42172125288946 11.49918490401951 8.10338157502085
-15.32703275521192 9.208639265100407 8.004584342046591
15.41556591291051 14.51337166490953 8.096959141749098
-13.15139092795584 9.671013101481343 11.30666516510311
-13.06707339432987 12.30212988888707 11.26582852425227
-1.195883804408794 -18.76382080006871 11.09413718765343
-1.521461141679442 -18.02069233798579 10.79255165209356
-1.210867265907351 -17.22538702472869 11.08305513418215
-1.211778979533231 -15.4806854461765 11.08238081342166
-1.046522362242929 -13.96871783635101 11.20411508349137
-1.462980249470298 -14.15832081227508 10.85356838892274
-1.093267445539639 -13.05456518090683 11.17003420091204
-1.531387992550556 -12.75620558782853 10.78219435376475
-1.095723884691915 -11.54046628270401 11.16821737173427
-1.436303098165056 -10.88814861741309 10.8814023131167
1.930032791886704 -14.54815556778111 10.01933998852265
-15.31303411690296 -16.51397662194985 7.996688077762624
-1.001026045378726 -9.637104466834069 11.22705379454115
-1.447552452261257 -9.169581719507002 10.86966516526452
-1.048615 -7.012561997715828 11.20306
-1.525111689906362 -6.265290496176543 10.78874280903337
1.93594577314493 -10.46382299000675 10.00116765357578
-21.03456542338192 33.04673497833799 18.5672542951014
-1.070527987275486 -5.399738928079159 11.18685273729734
-1.442948228409632 -4.913145999133988 10.87446903716942
-1.155948083767663 -3.515700259882426 11.12367440718055
-1.444871546243511 -2.415144026888978 10.87246232055352
-1.431569707852094 -0.6178316225289109 10.88634095239058
-1.469865189118852 3.393962302068461 10.84638490497181
1.973029832994326 1.593997988846979 9.784882460865093
12.04479388266629 16.44085313322463 9.111143466489136
-1.419381722711949 7.626241418559452 10.89905743214459
-1.465146156114685 9.244167078230767 10.85130856437621
1.992794 6.431569099480575 9.495970867031668
-1.097242080953159 9.7550539751152 11.16709448486673
-1.389205012037589 10.25881567270661 10.93054266337197
-1.439910877148305 11.23829346882395 10.87763809385733
1.978796459585288 9.452727007224372 9.751249790963735
20.94893480398403 19.38650362478908 18.61972835637173
-1.521302057532503 -1.450554920235321 8.211731855621554
12.06207476312084 -17.25022316431514 9.989641082503494
12.00314984134402 -16.8648090084646 9.425798487494157
12.07742718220734 -15.62109884119185 10.04046150214314
12.00382562330781 -15.35007875397679 9.409878941599434
15.99637967091978 -16.42819886676691 9.54253314111126
12.05476783123641 -14.05121382157396 9.947027127127715
12.10119596296824 -12.83679543077323 10.10773171573985
12.00190512352351 -12.51504516994629 9.45512058179583
12.05513062525943 -11.33820682259421 9.949142938326164
12.06006580977017 -9.317625898939609 9.977924886185855
12.00227766452392 -8.764938864550762 9.446344550662317
12.06453 -7.466081902357285 10.00396
12.00516832029986 -7.085763720848071 9.378248730180553
15.99374768577883 -11.31032494967734 9.426545413310022
12.14366678269083 -6.072990441015733 10.22793229073386
12.06864150954997 -5.055446536891612 10.01559636151191
12.00533637749763 -4.789080456635535 9.374289769426586
12.04309804170359 -3.29523552082418 9.878969028562944
-22.27900131979715 31.20670888886317 1.893890202365681
13.1307254744604 0.8688110183938464 7.701636734447749
15.08176679346307 -2.384127715857844 11.17853705368714
-1.41293650957877 4.795140519429479 8.094214828769305
15.01723173297317 -0.9581380672217001 11.21888069640256
15.98447310229967 -3.179108154014788 9.682416492057886
-22.39280759147697 -16.38321193539955 2.238044798211088
12.9684405281994 2.560564899516613 7.794899861647547
12.62039638322469 2.117724714144984 8.059524099502104
13.09959 3.519320666435426 7.714148
13.03675074890603 5.102005698039818 7.752839627504921
-1.898960813655518 -11.21573039940307 8.884440288960091
-0.6266462821013238 -5.206575294606414 11.39224290640725
15.08273513225471 0.54020930800014 11.17782086500543
14.50552394959534 -0.4626601672331141 11.4293353580598
15.12501250884607 17.79343566451658 11.14655228538378
12.00706342344037 8.910169067717945 9.418925191931269
14.7300190235675 7.546715381323036 11.36058525570846
12.0072 10.25330781612331 9.587895893687147
-21.94897634654555 33.10718679254848 17.72757914770127
14.66443199604745 11.66070417613338 11.38067084055066
12.1104465611852 -12.95239860976104 8.866088470883968
12.0072 13.91493958568505 9.533459983840567
13.89083448754378 20.0 6.721107295293859
-15.00864268701612 -17.38465268339636 7.776790768442065
-15.38259807781738 -17.72610041246269 8.062560762175641
-12.6385036155468 -17.73223745934255 10.95641265543589
-12.00721 14.28028948041349 9.669612
-12.03738775276626 14.33760462445293 9.154363042378174
-0.9708630350713804 15.78731824387143 7.757740368308045
1.999090661305966 -18.84081078645669 9.521403657309524
1.915191095470338 -22.11537473229358 8.938657533115958
1.832211754905737 14.31881759982318 8.70380284772306
12.62126132791809 18.09681669119759 10.94123762763008
15.51947906571468 14.67978665587694 10.79461791328593
-14.88558517568041 -15.67312838169858 7.71474605688317
-15.30725392043593 -15.59259409336302 7.988229824018823
-14.92238113970886 -13.57842819454441 7.733298317122274
-15.39023626978321 -14.20373668361444 8.070530391535687
-15.32135 -12.76829213162983 7.998655
-15.09326775162994 -11.39959650772083 7.829969971894585
1.794967090323834 6.028358721635202 8.626986578412842
-14.96547401547282 -9.734994564951249 7.755025434938951
-15.35606431422773 -10.0223408501084 8.034875642152107
-14.87850435315782 -8.315241465736108 7.71117595712863
-15.38862914909114 -8.235143411688629 8.068853534458778
-14.91263130455001 -6.96452408763969 7.728382520405673
-15.29801659304764 -6.491459568418087 7.981398083095322
-2.0 20.58755380483775 12.24569806105615
-15.01758497738039 -5.192672651472902 7.781299406885219
-15.46789212783841 -5.463160383829102 8.151555902429557
-14.92557055745295 -4.012628813267693 7.734906398594302
-15.34520980999943 -4.029609773270892 8.023550137900092
-15.01752510517959 -2.930321074165803 7.781269219752485
-15.34985295631064 -1.823584683412842 8.028394760204742
-20.36386065339022 8.883074980170221 18.86833958448705
-14.92183820012483 -1.481577077091941 7.733024570891595
-15.06244316657641 -0.2636996159510065 7.807172730841192
-15.48812894599109 -0.2451705780322797 8.17267083916133
-15.13021890255717 0.7473621512552668 7.857298297431675
-22.37345718125032 -33.02619377335626 2.157447786560275
-15.00111116549986 2.587481547647773 7.772993429498638
-15.41140540606314 1.981594005277023 8.092618101661095
-13.44212130825658 14.04772362048008 11.41831521018364
-15.64497229002466 3.663007213322983 8.375092894353704
-15.93599863430064 17.89613395366261 9.026679969926066
-15.68057402235856 7.460331261381988 8.42776644074476
-12.19181972475142 7.4204013547585 10.34936177759389
-12.41641104516064 3.386618072695232 10.71089202876095
-12.2695706486833 5.076823499655926 10.48854175899153
-15.98879474893666 10.25021641211408 9.63164397879431
-1.992082335612831 -14.18251922746346 9.406970539836353
-15.99868904124409 12.70983798147501 9.484598353477383
-15.42658172499606 10.0316909997718 10.89154428829442
-15.04594620084096 13.8095055880995 11.20440306836437
13.43379494490409 -12.70822449566201 7.583476259906499
-0.824852743667977 -16.92173443321985 7.684123686439155
-0.5232440455724771 -13.83282576153107 7.576091022920297
-0.4917324472653568 -12.75057213869931 7.56644058543414
1.917467929600986 -16.40449587725332 10.05490127614987
-0.4112826307456657 -9.248000609346878 7.543598567641108
-0.6675197085555683 -7.402639882475974 7.620275492804122
12.28491833181769 7.010096742621714 10.51601526213618
1.863316157510693 -9.300333282453888 10.20816254547673
1.89564831894499 -12.12855505195425 10.11665551052248
1.884640809496318 -6.206672083355858 10.14780915157817
-0.6664465063249615 -2.81205360346987 7.61994682426324
-0.5818925699815065 -0.7636136692657196 7.594052153071439
-0.6451482927693284 0.8303402114647049 7.613424239261925
1.347310778055246 -2.24854441301482 10.96889778524797
1.912068131455385 -3.637595586909491 10.07018387699484
-0.5631406929765099 3.400986766449188 7.588309384487595
19.77285706684825 -6.930234979604858 18.97852260803457
-0.5637540149524238 4.471371237839401 7.588497214547173
1.49827651854591 2.009804586199304 10.86937058839387
1.805954134828022 1.959543428936303 10.35334333422398
-0.5666082304130355 5.982207244953297 7.589371318983457
1.927072391731283 5.916330350373109 10.02771856355393
1.495729135758986 4.095189488925415 10.87114511255164
1.88821294997451 3.763348282673661 10.13769921864765
-0.4719217547102856 11.3030125195693 7.560373554235123
1.301672723172597 9.74446203684973 11.00906297266329
1.892579009060768 10.32558041298735 10.12534232372646
1.368170349287061 11.9924912851252 10.95053967182522
1.92552641606153 8.193282068361722 10.03209401027246
15.42381094980884 11.57419650788487 10.89443523428687
1.929332734187988 11.83276502977326 10.02132130376619
15.11760657352854 -18.33545008311256 7.847970473403838
14.89499324885153 -15.25005715246119 7.719489539665257
15.01257828394316 -14.0102933250433 7.778775068087817
14.96076736925545 -12.79084300324339 7.752652377790335
12.00125277491224 -13.86614286087882 9.470488102998035
12.00344148354348 -10.58555873620788 9.494905245698884
1.379684674506221 7.053116339023376 10.94040613235738
15.10845808102373 -10.42787136364839 7.841204432967442
15.39435592922387 -9.154253365954283 8.074828811761131
15.06669726446003 -4.942716333163945 7.81031897578656
12.0263668572827 -6.010492769998706 9.781392924450694
12.01161560046757 -3.425332194144366 9.304636569287796
12.00579386633724 -1.963638414888432 9.478985184091973
12.07448475007711 -0.9191386738460601 10.03213385421344
12.0072 -0.3887507323707702 9.51708911512977
15.99440873726298 -2.051032630380927 9.56568849453038
15.03137187996037 3.754661180763641 7.788250663940399
14.15474870526772 9.16343999046029 11.48925253652524
16.0 1.190649453250394 9.5
13.15886271820109 7.554168316874389 7.690330257368177
14.67505518458733 12.42328249167227 11.37741756070584
12.0057420741452 7.333372631221106 9.400843902082922
-15.99220086793602 13.73024240167819 9.59162746735799
15.46587371082283 7.353143237390427 10.85054817663381
15.4286596772787 4.028889265522508 10.88937621350735
12.05242133385761 9.629450351165135 9.933342377335148
-12.83786591047541 14.40544931522803 7.879317008330506
-12.42581363128608 -1.139892271994576 10.72253683452364
15.51081499454188 8.332977848116276 10.80365775237174
15.51999043567738 12.53179078479149 10.79408436478617
-15.95115428796112 -19.25471617857989 9.915109927889304
-15.99715076035674 14.748832521334 9.466526039323538
-12.12280236136426 17.50447992774796 8.831118418500344
0.3521423435393974 0.100741960396487 7.537342739741328
-22.42223866919612 33.17724106493779 16.51875741392532
13.54628305589812 -6.943083384214127 11.44076477429824
1.93309118956477 -18.21660458157463 10.01068405923071
0.702304511549946 13.86904412756079 7.634544064118103
1.589555658266913 14.18375223539181 8.29649853164964
-14.02552613145365 10.5246165436158 7.504323370409435
13.09959 -17.2361630897246 11.28585
-15.89720300154876 -15.89485620506669 10.12232907379871
-15.30012041456984 -16.43874297058043 11.01704151783007
-15.90927523702898 -13.9033332404238 10.07596135039898
-15.99923534952996 -13.47180204463485 9.508983433721676
-15.92737574931878 -11.54249079364923 10.00643988118789
-15.99820181986144 -11.11342439922662 9.47887428971099
-15.36322321898025 -12.92710739392582 10.95765070497502
-15.37212712791501 -11.37904803786529 10.94836062616571
-15.36463600978443 -14.83577171603244 10.95617664026837
-15.99400317941414 -5.122071905915259 9.429547050579036
-15.92444069955858 -3.785165429977486 10.01771298596359
0.8018555031440711 0.5763586676231522 7.674546685042975
-15.97480159994311 -2.18430150609511 9.79604134918414
-15.98883217709709 -2.533663203901892 9.368796131073777
-15.98553045662395 -1.11984705100642 9.669994250962546
-15.89935427084147 0.267002424126126 10.11406635727977
-15.99591351387765 0.8075274603679539 9.451990392914778
21.74841019126582 -33.06086338955168 17.97251810007029
-15.97123 1.488726348588184 9.838002
-15.99612517521463 2.316576729841469 9.454477071523163
-15.98297665686802 3.367594796041438 9.300003232466006
-15.60017552258567 5.274086033654411 8.308815091191317
15.74603 1.197544277172312 8.52461
-15.08229456831229 8.856336555092337 11.17814670851377
-12.1916238345584 3.118896007313978 10.34901111946609
-15.73922594934003 12.27232151421164 10.48545674267207
-15.74603 13.92131958925651 10.47539
-1.923080177877361 -14.41621267286988 10.02293060399368
-1.961412083520833 -12.39209023726837 9.875718758735454
-1.932116919661336 -10.18472806640919 9.988225430566759
12.40646498476785 15.04905128648686 8.301427150603942
-0.5809397854697824 8.830229763288237 11.40624011348859
-1.971233 -8.432351818523301 9.838002
-1.944077156255439 -3.651282335801069 9.94229271552986
12.56837430069924 13.2835380861331 8.105310233052506
-1.9613489425352 -0.2379336544989865 9.875961248662591
1.996484112229308 -23.08812082797506 9.47644180363513
-1.965305842939811 1.310200070319704 9.860764962428254
1.657019 -3.421501109930414 10.61995
-1.971233 3.680860388962799 9.838002
-1.986392903722914 6.184755243373548 9.340121940113628
-1.933966990731855 9.570181547631687 9.98112032134826
-1.946149836456883 11.12111421709556 9.934332686620191
-1.938162955841618 13.69635787402419 9.96500591857913
13.85343787796707 -16.4451766764606 7.511633441729341
-1.988443037850072 12.85121059785446 9.364210214355412
-14.95298383769617 2.685695060679149 11.25127402280304
12.98207067586783 -16.11416847949823 11.21348973208424
13.57943271414236 -11.60119809476419 7.552088665769047
-15.00225655173255 11.36309152418084 7.773570924993709
13.04203469689846 -14.46223064573737 11.25041142695548
13.08986847128082 -11.97464834023737 11.27986415530709
13.50011376899348 -10.13426159886266 7.56918334437313
13.60064248247631 -9.661324471767719 11.45248054950871
13.13720275031845 -10.36210748084666 11.3009639301699
20.90355900691694 33.176533915927 18.64753444223484
13.06639441540804 -6.147165440131449 11.26541045601493
13.08357785818405 -3.87914818510849 11.27599083104831
13.03545717161482 -3.416638015548184 7.753636113933849
-15.94477196158278 15.5413254617012 9.939623527267209
12.00629883342848 1.016896133352226 9.46622059018278
15.48665534896164 2.773383633021201 8.171133299622742
15.61834129971123 4.354107682301404 8.335691758179829
22.4530682353695 33.25855471336444 16.51095885131586
12.62652770188017 5.440388809877973 8.05412774931442
13.092367077636 8.92580674221252 7.718595325783481
15.71962823326815 6.055886839176321 10.51445199484095
13.11909177857065 10.56726335750929 7.706311539028484
13.02502313757094 12.31288503753669 7.760060597860234
-15.89829758307004 -19.42821879668395 8.88187520337721
-0.8269801298193783 13.97813173063341 7.685196289664685
15.20608434930167 -17.52478954641755 11.0865911074975
14.77997688636382 -17.30631182935884 11.33850288251739
-15.68135519622799 -17.09503884256254 8.428922204674022
-15.63256165310081 -15.79467440073907 8.356731083933372
21.43384695930616 33.01529513905528 0.7185605136035975
-15.74527315101639 -14.2740816464655 8.523490225274564
-15.67428465155847 -12.68097449011609 8.418461178250736
-15.51539285415365 -11.24449889542255 8.201117786283657
-15.85357338885582 -11.43340043587873 8.762516941452958
-12.65797616432547 4.81579756389657 10.97355054778111
-15.66811409335809 -14.48055873469207 10.5906682983876
-15.6687916157271 -10.25353685348294 8.410334110865978
-14.51429137525431 16.7341908200308 11.42665039308151
-15.71055912807546 -8.357987626490322 8.472130064464139
-15.64865732031148 -6.85899892939173 8.380544977750803
-15.41701176857144 -8.776381535120455 10.90152930162259
-15.74922716207925 -8.6781823067193 10.46831725420228
13.22399529716362 9.50109207195218 11.33583977629068
-15.74400302992346 -3.963575494783186 8.521611053169032
-15.44051849747696 -7.007145213196399 10.87700306649579
-15.40521113649573 -4.203176504183642 10.91384173684473
-15.71163964219032 -3.796268712239945 10.52627129112661
-15.31161161600739 -0.6385635609322411 11.00854256221673
-15.64438999990971 -0.9378101610898391 10.62576861668444
-15.33056702192059 -2.687463606201508 10.9917232282364
-15.66922032303567 -2.376043848252994 10.58903160723744
-15.93206573686834 2.713636300291878 9.988426312300621
-15.35254316603901 2.053959011751697 10.96879396062137
-15.91107153645861 7.065848169954393 10.06906202216497
-15.99333021960048 6.622890496374737 9.578359371379905
1.884569136086251 -19.07635512488824 10.14801200288626
-15.09474102825592 12.19889076374384 11.16894123846966
13.00879035667766 -12.50558298426335 7.770055508696341
-15.69597384856118 12.38839502693899 8.450550822479054
-13.23549662186551 15.85137382958396 11.34046135320101
-1.978893897266222 -16.05857562669141 9.747989186784253
-1.985616500000004 -12.06668840023297 9.3309995
-1.99541980865113 -9.701239413247048 9.446184542840426
1.677453745350351 -13.7892182977282 10.58337005309808
1.696166178755429 -15.40811849304349 10.54987319230399
-1.986277279698624 -7.488527771941953 9.338763403045668
1.428821612977847 -8.664147002628818 8.102840000628884
12.63892238871763 -0.847551856569515 8.043218828346529
1.699968940725185 -10.49215606411792 10.54306592220841
1.665892153148369 -8.821109944634236 10.60406629479814
1.036262111607292 -10.94960005611786 7.797797265119875
1.624096966671106 -12.27669128053965 10.6607236631371
-0.196047388684216 -6.12441978527859 7.516037156113904
-0.3920826867830955 -4.317848421343669 7.541139966755011
-1.989012232246918 -4.094951667556106 9.370898025921733
-2.0 -1.190189867539523 9.5
1.353576720984016 -5.07128640777543 8.036616623899178
1.652767765844864 -5.424005841832034 10.62521511797211
1.235994036455472 -6.676624426439375 7.93313156055345
1.658666842304667 -7.164970123887818 10.61700022093625
-1.978093280739866 0.05992842801977183 9.242604615822135
1.718983255434974 -1.207058215454452 10.50902866798598
-1.981878317258474 3.394214509394326 9.287077314689794
14.97957638194979 2.831782631929542 7.762135746620572
1.150156045060247 1.746182643546545 7.86792491673605
-1.978409478894589 1.277023761551661 9.24631982048354
-0.4045042165390391 7.272828893757005 7.542730574734084
-1.971233 -15.19714759885589 9.838002
-0.5109096518454979 8.417431237489462 7.572313610729657
1.147449177138608 6.265092470858904 7.866258223130652
1.697603374389205 5.584490245150686 10.54730048884868
-0.4928352531955766 9.864491279393473 7.566778320117898
0.04957420076533098 10.98591004737485 7.507513577229983
-14.46490916842091 -2.752104068168507 7.558226041920007
-21.12131130179897 -33.27060952956329 18.51409680808318
-13.77646402684239 -21.0 12.26907004316788
1.212892308254733 9.640677862976869 7.912799622940062
1.189266 13.45707571956261 7.892006
1.513359036937079 12.57255843143412 8.202130010486643
1.742517755479349 11.62314514620585 10.46689989431023
1.793503605722473 12.25057745322694 8.624366850834976
-12.29559786529609 -17.68479211809353 10.5351324275111
13.11537084252243 -11.01514218558103 7.707806734454569
15.08062021816416 -14.23456402155087 11.17938506706727
15.11949178653945 -12.13494648344795 11.15063544188334
15.09470684731628 -16.06786119628709 11.1689665188801
14.73781403660614 -15.22011772104148 11.35819808553696
13.15154607384461 -7.9599496064349 7.693270327564047
15.07877996341839 -10.48741132939431 11.18074612957118
14.63645856830516 -9.818655052134522 11.38923751413673
15.11643992490733 -8.913681928688277 11.15289261548615
15.12748742116957 -15.09465807798573 11.14472182665423
13.09959 -4.54529988755332 7.714148
15.08510829020517 -6.1558496783877 11.17606566436831
14.54833853419325 -6.31886377996252 11.41622368027928
15.03011264318671 -4.606317483470447 11.21238623417803
15.09652595749352 -8.13130302641158 11.16762109501506
14.64463952704498 -8.062568254346738 11.38673215069715
-22.24758515074533 26.8168605224347 1.818044960933435
15.98860227291279 -0.5719554307148442 9.633905267672226
12.08860843747383 4.062213864870882 8.927895906993244
15.92768087397404 1.920216895712112 8.994732549284251
-21.84730218358701 -33.02645357601251 1.143271183204776
15.99737623315957 2.21035397591038 9.46917498033256
14.64186073568378 6.04290505194548 7.612417902659709
15.04861 5.483057737099672 7.796942
14.56602771144718 4.056723948974682 7.589193849024764
14.77897275480469 7.976268645785114 7.660992841577326
14.96793546695358 10.14511637071098 7.756266481060251
15.04861 11.16442156310449 7.796942
15.06212389193264 12.68529383252797 7.806936601757749
13.15503910250959 0.1478944186606528 7.691866712878015
15.07975206829125 13.91786446192202 7.819974045249078
14.95088289079215 -16.24072070166921 7.747668694888665
-0.07650355183281898 15.9386368662286 11.49784406358575
-0.003918747693576266 14.38005856560692 11.49476005773096
15.95711661803489 15.98357174216972 9.892209474022975
15.99324689950886 14.80193920731557 9.420661984042185
-12.5557665388225 -16.17581673409411 8.116522594928044
-12.29581077743615 -16.83572904911752 8.464486303344978
-15.67221558919809 -16.7357916977584 10.58460004504042
-12.58283099830464 -14.34077716512779 8.09258647700266
-12.61247149985431 -12.84783573393994 8.066499017666711
-12.30814624471263 -13.33151886287917 8.442405190602834
-15.72545761059762 -11.83985888877447 10.50582730280869
-12.7104733831914 -9.928582359292621 7.980244736776138
-12.68841708358845 -7.36366961625974 7.999657121483231
-12.37091008783234 -7.710699103509676 8.345460599964794
-12.59423060070746 -3.120411076813894 8.082553358513378
-12.30990512822543 -4.123056424681923 8.43925669980992
-15.77569039687115 -5.6493894216347 10.40977541990381
15.3894305804664 -20.26617595325945 10.93030670860506
-12.59212664752328 -1.55279513333983 8.084405108324194
-12.682632270519 -0.05205171038234369 8.004748502122068
-12.34136062532248 0.1822912334681419 8.382949762894405
-15.35107088936902 17.48179606644938 10.97033009114488
-12.60078074825922 1.6656945726766 8.07678838494791
-15.96885612308441 4.618859073821273 9.15288125178456
-15.63825024796717 0.7512115172507805 10.63485251478641
13.22976147920945 -7.024436472454907 7.661840785417807
-15.95569899223687 9.732070762273771 9.102346447087019
-15.75530713988957 9.74372284295131 8.54513284199002
-15.97123 11.1298372783262 9.161999
-15.77161909942037 11.05612910296189 8.581218076446222
-14.84168171012462 10.21450554009718 11.30739175447266
-0.879240841729408 -13.79055522064688 7.711545529611704
-0.937765994725841 -12.39411679110892 7.741053227514745
-0.9274940012252822 -11.04847880729204 7.735874208485184
1.31971498132471 -13.28403642042276 10.99318432310343
1.36850800654463 -15.99869268283699 10.9502425060703
-0.9272605655290869 -8.92833121632533 7.73575651293634
1.344853753263103 -10.09792973635941 10.97106016621522
13.6801961851198 19.22841658890217 7.530372300931391
1.311835360876264 -6.303365851169552 11.00011902776793
1.37352304262846 -8.186359156120716 10.9458288678309
-1.04720653009721 -0.4022417278985202 7.796231865941921
-1.198072762174341 1.088579307705238 7.907479971222883
1.316237353582174 -4.673865151181474 10.99624491739034
-0.7848141809676683 2.327710418699205 7.663936711230313
-1.007571306827936 4.640793557446965 7.776248249758626
13.58927345726696 1.204039869732952 7.549967806236376
1.346087178166705 6.218365641657879 10.96997465232679
-13.02696246248023 -19.52862440673171 11.24113098794133
-0.8607689626434861 10.25682884204456 7.702232224137695
1.398973532918579 7.847699735427817 10.92343037352734
1.664776002447183 8.602919683568981 10.60606430028752
12.35611106543971 -16.26654031757005 8.363788652055575
12.82135130308631 -16.26978092766786 7.885466210052188
12.86832440005756 -15.18048938361782 7.856543752525663
14.52278255147404 -16.24413631917416 11.4240500276309
12.2625465476182 -14.02049678445497 8.52403096366696
12.56266935883382 -13.6160767225763 8.110331316743633
12.68341 -11.70549479084861 8.004064
12.64558636063496 -10.939401273772 8.037353674677723
14.56365859231068 -14.05141326121601 11.41153201580324
14.68039747594302 -11.95797245129587 11.37578152000795
12.32904478809198 -9.093190002322089 8.404995736857542
12.71395522328909 -8.648475593100795 7.977180268996793
12.78778824105946 -6.938753241159279 7.912197702979571
12.4404863351824 -5.985145805567086 8.259292942947987
12.75624763986437 -5.913976412008367 7.939957494753997
12.74294475748149 -4.660867071070523 7.951665744785888
14.64796690722108 -8.938518359408747 11.38571316295893
15.94891298598261 3.715567491789002 9.076282291861283
12.15568236149614 7.973316854953332 8.738059667928018
12.10056635080445 9.0626958605254 8.894051975438005
15.96175929143591 6.44204525920399 9.125623257204731
15.90071620667021 7.595150443574077 8.89116481770787
15.91564268036571 4.990915728178624 8.948495434980412
12.05624384768189 12.18245847680795 9.044368181242756
-14.55599146100253 11.33158763458628 7.586120222185183
15.9389731857397 11.51390557268473 9.038104829781707
15.99371067109377 9.511003545718074 9.42611055058621
15.99744120475153 12.80804065912587 9.469938291526612
-12.17552420577778 14.9775855518514 8.681902209579638
-12.73258957917608 -1.056648472523564 11.01144419376935
-21.59101987741681 23.99999 16.65323099081942
1.966665978381529 14.08062610539171 9.178003482058958
14.53819642426056 -1.190703806420352 11.41932963304516
-12.00250825613257 -15.11903307680851 9.489652091050244
12.71905629598723 9.012631298081226 11.02730749212102
-12.01221601887629 -5.641575131401456 9.301188202805754
-12.09980697578936 -1.573923644435045 8.89620119958146
1.901866101748825 -17.28471650457494 10.09905783554103
12.37752304263207 -8.189191422680652 8.337270695467877
-12.12828551418171 -2.810436738644544 8.815599703526441
-12.06374548365149 1.315255976435026 9.000620035136505
-22.20203292428257 33.11853909153151 1.708072302964058
-14.97114619757627 10.34737773874186 7.757885308332282
-12.08054453203935 11.17873679914143 8.95071880728086
-12.11656260388429 13.25470692599418 8.848778516816395
14.18636025901405 2.07549867050448 11.48520432607907
-0.5416241699254117 -15.33262362479879 7.58171994213052
-0.9162313754962665 -15.21234276211847 7.730195724267858
-0.6203659550851639 -13.9487132739581 11.39416620056152
-22.30017174223622 24.73810094752512 1.945000055972125
-0.08488082999999991 -10.65059369959057 11.4982
1.315296771368643 -11.5897199673499 10.99707270597562
-0.7054844836237415 -5.899091772097353 7.63190221782456
-0.8311307408596131 -4.593898870055934 7.687288979224946
-0.1355912078966796 -6.958286257438271 11.49170595704463
-1.048615 -1.656306864673294 7.796942
-0.08488082999999999 -2.634381552922591 11.4982
14.50496095306663 -7.137785423339643 11.42950777194972
-1.030836905576699 3.482393723448787 7.787978492641609
13.21770559378963 1.481404651692664 11.33331238499972
-0.9830086536710353 5.868694667347103 7.763864047207372
-0.8963264208913148 7.105331649181108 7.720159878871735
-0.9318330746417809 8.951538252963122 7.746122477382468
-0.9775557702472484 11.55372815631212 7.761114767136641
-2.715988019409561 20.0 11.00580499009417
-21.35212703149178 34.0 17.37558467895871
13.5253122250562 19.13969359998572 11.43624505149051
0.02171868527533537 12.96334662089516 11.49367076646242
12.41854964593212 -15.05588361027549 8.28646073637456
14.69025649472472 14.35333138095843 11.37276226199782
12.0711089972406 -13.82274243179591 8.97742376700811
12.10772181966375 -12.03332954769919 8.873800181364551
21.13216965798282 20.0 17.42977217560182
12.31216194675133 -10.96192944318163 8.435216880061539
12.115227941743 -8.266576484285341 8.85255594962683
12.38665029090892 -7.181053944290378 8.325966929757865
14.97258848605531 -5.377100363546539 11.24138950019687
12.15111682646583 -5.986602948157234 8.75098129152627
14.53498368132946 2.990130515446969 7.579686537035609
12.50991732813632 -5.070391311115227 8.173305178228658
12.09685548095794 -1.923228893403087 8.904554679515494
12.08347251068276 -0.310835955380381 8.94243188413106
12.12042161087111 -3.424381795825216 8.837856547010954
12.12234680155015 0.8878695298194401 8.832407768468194
15.45334905506998 -2.22154657805158 10.86361603703716
15.74603 -2.05486948682384 10.47539
14.5878101064838 -3.834256198218533 11.40413577747175
-19.80738826272772 19.07715484884843 0.02419215711929042
20.65544726734737 20.0 1.049026497540135
12.08015121473959 2.728444988935657 8.951831995125962
15.74603 0.7975823457851838 10.47539
15.48918542023426 5.903443101462589 8.173773156068812
15.65364129317768 7.451863968342709 8.387918875276826
-13.35323995400777 8.815245189563091 11.38777415231574
15.64887227674696 9.154655460169595 8.380863010527126
-1.556072 -20.34538845355213 10.75644
11.81001862129923 20.0 10.8015283300478
1.993291395441502 13.81242625225719 9.633615565972391
-12.002593589815 -16.89628701676637 9.472940089013719
-12.00626648992456 -13.0527161293286 9.418337537609416
-15.71785978029109 14.90702279706106 10.51706845993466
-15.94172605642806 -10.41737700766113 9.951322411698941
-15.9605063926018 -9.192661112412612 9.879189836544604
-12.00721 -9.694032151101272 9.35903005691649
-14.03290584347968 13.77933471855857 7.504009877995406
-12.00721 -1.957040072470903 9.359367933225055
-12.01243759071404 -0.7186917817333285 9.299895788037423
-12.00721 -3.238181474276182 9.342401042052234
-14.86144876054741 4.274937566910022 7.702576650085176
-15.3037466287766 4.332585585343782 7.985635901886096
-12.00721 0.8143465018166118 9.359785020817977
-14.94123361559299 6.165778112679309 7.742803599779996
-15.32135 6.029413758597921 7.998655
-14.96942842013387 8.105054070653399 7.757019217308828
-15.34756613396578 7.517284241338031 8.026008707774754
-12.02307422628869 6.353916843217386 9.237852953344968
-12.01691009062833 9.811380317593784 9.726192703094949
-12.02065469838402 9.791283890159187 9.251965909342148
20.41540406690512 34.0 1.167686012167591
-15.902525879604 12.70365672903721 8.898115532824653
1.998687882911609 -21.3565402167598 9.530884097085236
0.5856456999999999 -11.66566621373587 7.587667
1.77055980831841 -13.38073300974193 8.583296040288348
-1.992947454740748 19.1237530703285 9.582864893896396
-0.1231999176668738 -13.75482432963036 11.49329280325565
-0.2137366458846555 -12.29513271566658 11.48169854136151
1.735403710121037 -15.19128356695984 8.520364459120913
-11.74169483056841 20.0 8.062386379804714
1.510137061666528 -14.54388748521193 8.19813963616034
-0.1826369092015143 -15.29212098089637 11.48568121777407
-1.976353403676982 -20.51766429436681 9.777839081251875
1.455741196996613 -10.51634455104159 8.130771067624183
-0.06375544578307576 -8.881875173327488 11.4973024180697
1.78336200903544 -11.65733942623205 8.60621276810673
1.822458 -6.233545181520672 8.676197
1.784373278274011 -7.421497072208457 8.608023002331587
0.3489372634098366 -0.9611352064307432 7.536651986130609
-14.93720986649528 -16.61640663900335 7.740774854444236
1.760142256571173 -1.284532403481332 8.564647981005244
-0.1744388538196048 -1.197115600859735 11.48673107237994
0.3232649804628673 2.509070831748694 7.531119137832237
1.814612153691277 2.139653995085634 8.66215245185269
-0.08488083000000002 3.860562544675901 11.4982
-0.01741462239879546 1.627098897420414 11.49533347467545
0.3755471217458363 5.512990791629051 7.54238689913848
0.3686606794360994 6.814768919055297 7.540902744390966
1.790255771486871 5.097724662877113 8.618553027507122
1.768184009680092 6.794366267199745 8.579043214391533
-0.1765746232194226 6.131037418794204 11.48645756271978
-0.1171006541529717 7.218110917628785 11.49407388359656
1.749940207047775 3.669438599825572 8.546385683976393
-0.1189467157594158 5.381919777924519 11.49383747432754
0.4348534300741576 9.725672331494994 7.555168497401283
0.6572055042849436 10.75217655041741 7.616421909202105
1.823210387497337 10.4183610072665 8.67832646653683
-0.1716023006373102 10.18293631773466 11.48709432540575
-13.93040637982635 -19.04736200959067 11.49163654619073
1.91358511102027 -23.14134494969075 10.06589049554705
15.9331446113604 -15.95538206723025 9.984282510258945
15.0939043894976 -7.630093215682412 7.830440816413907
15.08270950051315 -6.464422927567917 7.822161302438255
0.1055206546329731 17.98903087407417 7.509890152432785
13.25275162030668 -2.168129032819444 7.652602584769318
15.95986271413628 -1.451897815912666 9.118338753877879
15.95214278443475 -0.4458288022882577 9.088687521837535
12.6764446279172 6.725058701035167 8.010194424637564
12.81073 8.07402069945581 7.892005999999999
14.47165585323645 -13.3816112984528 7.560292231045278
14.58557368789476 9.842751253064955 11.40482066558167
-15.74722564828254 13.86328004215502 8.52725500708949
-15.93282307701222 14.11605945980943 9.014483073107472
-12.5321385104117 -14.46889702891546 10.85421683709334
-12.57302394864626 -12.40669789858415 10.89878365704962
-12.60462681873239 -10.25936658442934 10.92659750882075
-12.62742017128221 -8.701478262703374 10.94665805798796
-12.69929231631964 -6.422909376591562 11.00991310992143
-12.6860800692376 -5.217021173313736 10.99828494194486
-12.63063523086734 -7.500168777262811 10.94948764879704
-12.6135315969555 -1.836199378517726 10.93443465085492
-12.67274057195384 -3.445558276393136 10.98654478039811
-15.98447933274573 4.434053656595772 9.682343294170222
-12.73193111324637 2.238460222250993 11.0386386863401
-14.99419046613429 6.42634807536141 11.23049793731255
-12.10506895595292 12.79518055282626 10.11869302957244
-1.797909042538919 -16.75869133923274 10.36061434340389
15.94118256020712 8.070175474305694 9.953409902659727
1.909020036953905 -17.80182819468219 8.921191715762422
1.916836533736949 -15.65501828300465 8.943314582494862
1.928486597603648 -10.19069760279572 8.976287513655848
1.73929902677597 -10.38749656372343 8.527337315860205
-21.9273677895885 33.25665347207946 1.237162583461312
-1.971233 -6.11019670435067 9.838002
1.956078034230335 -6.613236553278238 9.116252202569592
1.946568349775244 -5.140868956987429 9.060789576940259
1.689696706661309 -5.260314084269833 8.438546107664576
1.942630166888294 -8.064973865996041 9.037821205681436
1.574905132786491 -6.94359165165233 8.278354047029206
-1.92498304055474 -1.773396609833721 10.01562275114088
-1.817457633022563 0.6850613702040533 10.31736812181179
1.929512435062006 -1.818835781704099 8.979190919876093
1.934310608281892 -3.496604026383305 8.99277108879946
1.389354502142781 -2.798938740442262 8.068104814226093
1.71352074472454 -3.167323679653865 8.481192603208394
-1.944225561608544 5.707122394607509 9.941722771888656
22.12403569360727 -33.32852095715909 17.44190580820009
15.34093725228116 17.72514604015791 8.019092184815602
-13.76021684469838 15.64110733833285 7.515593789698968
1.973016298435325 0.04880732954824296 9.215039981580414
1.844312612827322 0.4051150498089058 8.738051651832865
1.443913 2.352447535346176 8.116122
-1.945585343274593 8.176643055143634 9.936500595614163
1.317732988293896 8.703274316521815 10.99492863761778
1.532395074022608 5.877587460955088 8.225705893999761
-1.215636697866835 17.78250329222584 7.920470141755964
1.563226058082231 10.94077367894567 8.26388966541808
1.936680976156032 7.862196982166179 9.003124182879136
1.829662740387126 9.068237181608684 8.696588425449312
1.564215846446514 8.915547183471654 8.26511550539066
1.955769517379957 12.29174047131977 9.114452862680487
13.59397414102611 -0.6672579152546341 7.548954723196363
13.48729208840388 -14.35599481366178 11.4280507896572
1.466445414000368 19.1571490435026 8.144028100694975
13.66271986997664 -8.29417879506597 11.46585973253892
13.540236181829 -5.698072689210427 11.4394615262366
15.36887268823362 -0.7733390166422325 10.95175621358038
15.39921600299394 1.37952710010031 8.079899774468432
15.99752588700501 3.197430076029429 9.529066914860364
-22.1950667218637 19.1993065991599 1.691254424773574
15.98948745255918 5.912504679429409 9.62350580674639
15.9987927350329 7.629440640736031 9.514183454063614
-19.51998601679814 25.68749858819936 0.009233745000001119
15.99960749510899 4.5315621099612 9.495388701923376
12.04612073181995 10.07467995332233 9.103405387761883
12.17709396583292 10.32384608374234 8.677459389967604
15.96244366543865 10.43133984712561 9.871749049691463
15.98973105299543 10.84286494541734 9.379356470055948
13.2460247741847 19.32253589235476 7.655305654487054
-12.55609 8.016008169896882 10.88388
-12.04933089931239 -14.19581184045879 9.915303529017804
-12.05910773961682 -10.2111431938637 9.972331913562513
-13.73380944744209 15.57971880759228 11.48117918493663
-20.20901355219111 24.83735975401671 0.09595575760196928
-12.17615365009406 0.5568252376441157 10.31987636356148
-15.74603 7.792930583614723 10.47539
-15.70369174125791 5.619588344248486 10.53803038544675
-12.16902133418308 9.992672033377982 8.700306987660776
-12.00077640448785 -21.64398038468889 8.718453801523331
-1.842231292603632 -5.264183737341025 8.737437219411484
-20.32703246040479 19.06672149906567 0.1228185294419753
21.71067601997532 24.74654343872733 18.016698664474
20.49755453561426 24.72390639989583 0.1760344571425883
12.0444227138628 19.18919337237874 9.113308093428493
-1.646646303482359 -23.17141701573595 8.377570202383284
-2.542580796384906 20.57525718451356 11.5
12.97387950171845 -13.34634733512605 7.791550955768747
13.09959 -11.61121206023099 7.714148
1.542427792718866 5.228642723125926 8.238131285179664
13.13886721165447 -9.175274442388826 7.698365114603924
-1.91049872014752 -13.89919751694944 8.928751200473892
13.18245172417734 -6.137574456125401 7.680851412963292
-1.645297522263156 -18.83167229710239 8.375574598363084
14.62012235202941 -0.585133390103973 7.60576046821069
14.55115322323622 0.5275142649710141 7.584638499749417
14.52339003213321 -2.068668756236963 11.42386399077604
12.61555255930444 3.743622210199344 8.063787288481487
1.999999999999999 20.83531616910428 11.5
13.10186776558004 10.55822531779433 11.28676527446487
13.12356290626356 11.83909100925205 11.29548303210133
14.64104585068473 15.61710209704453 7.612168342087455
15.5727206670061 -17.67780066546792 10.73180497177266
-21.5708414138229 23.99999 2.077658939996825
-13.49051454862264 -19.25962421955806 7.571252646339295
20.88139054096771 -27.21192231137066 0.3388811530657713
1.342302003950461 -23.14706634352234 10.97330591243825
-14.07275691913189 9.060499451613527 7.502316992166823
15.71933227503958 -15.99147191439871 8.485110128447431
15.68053908662599 -13.96640064613307 8.42771475255967
15.74603 -11.79606860894271 8.52461
15.66825476646326 -12.72230766024629 10.59046016943305
15.45049267214411 -15.41709673633992 10.8665963036465
15.74809640841933 -10.19708055074752 8.529181298264497
15.80938281674161 -7.810058710291344 8.664758781099255
15.42378270806593 -9.939393616512564 10.89446470089747
15.71270539914444 -11.62475955612043 10.5246944802614
15.77584633443495 -6.216932497724406 8.590569544386948
12.62961112546397 7.231492820926722 10.94858632825845
15.38528589798869 -5.056126366232718 10.93463114938041
15.67872834925973 -5.204948653755576 10.57496427321832
22.15361315303928 33.03204532182734 1.606360027087323
15.65809093976021 -0.6583521499411482 10.60549777469147
12.25822966821882 13.43171592490058 8.53175839697576
1.896509708603917 13.69451072968934 10.11421759081244
1.893617027971649 -7.951292523606661 10.12240450489384
-0.3902274509421809 19.28640578509398 7.540902399161517
-13.00152273246903 -8.127975432399351 7.774530358473045
1.899665374440571 -0.4059717764487054 10.10528637151844
-1.946445177911794 19.29379017271107 9.066802268085798
12.17298720870763 -4.786400091642644 8.689082555583498
12.36078848952402 1.20421847887675 8.357995832098053
14.21365646593661 -20.1712328441086 7.518292108142567
14.50754113722994 10.3659773696899 7.571282189161282
14.52618558737333 12.0575813805425 7.57699209872223
19.9693 19.36795867880386 0.03693498
-15.03382415920843 -20.26441972440384 7.789487085487986
12.10998918790414 -11.3042566106575 8.86738295342381
15.95868859436483 -5.235194550233452 9.820421779920643
21.75502449443672 -33.22814357893382 1.03522775141103
-21.92705 24.81293825997355 17.76336
13.94484769051479 -13.46830593312499 7.507750439630764
-15.6443074056236 -9.442138504488915 8.374109183251807
21.897755 23.99999 1.399381675
-12.5 20.66853775551125 11.5
-1.343547679804922 -11.31413290333126 8.02181568699408
15.11057178234823 14.69160518844489 7.842767683811717
20.02897345944491 24.72589891570293 0.05126124074472367
-21.89257962680525 17.97555551581102 17.80371918879008
13.58331525965576 7.115779415253565 11.44874611262506
-2.648227056043511 20.0 10.27219823884253
13.65031279930499 15.29447602513057 11.46318570780835
14.64232929078107 16.07145714218472 11.38743964497215
-19.61116345027291 -34.0 12.66544161461415
2.727253713937216 -24.00001 9.09339653858164
15.98140843475353 8.42877167910578 9.281579157286336
12.72982827121688 -14.40728062918207 7.963209942224152
0.7646904946523934 2.178091702147981 7.659612652517978
-22.20773772376558 24.5820583622747 17.27815411090689
21.66401951275687 34.0 17.05830921887093
-1.837699880623229 -19.8563717071302 8.727412637496306
-12.0 -21.42993106257923 9.964856578463571
-13.45363079920651 -9.3699276886083 7.579201526995686
12.06032836550194 1.888792989638915 9.020547598196739
-12.77252122461744 12.68370795950939 7.925634643982242
15.86765729047203 -20.17939840266115 10.20632672255199
15.45100692301686 19.21586658426845 8.14766029064492
1.229857036021862 -17.77512605898974 11.0722665982601
-14.63232181001049 -4.603544163157373 7.609496582777162
15.72784229235016 -4.312590328891832 10.50155899115929
2.379670329017622 -24.00001 8.042175098563826
12.3037647850659 -13.09147018593714 8.450248225833375
-15.96224205305156 -20.26161189956048 9.872523413926972
-0.8316370717328941 17.85125859669147 7.696709208040394
-14.53474296528884 -19.18985357498645 7.579612817145172
-12.51118158468618 19.31203414316165 8.171739442378867
-15.7074012504593 -10.72472679104909 10.53254208495691
1.518441495792001 7.927766817747045 8.20842456945317
14.58315792113886 10.77863071066403 11.40556047785811
-13.34110065693142 -19.07815418617498 11.38289621898807
-20.40459396916303 26.45801362282961 0.1414393100798154
-14.49801247575673 16.2619992357465 7.568364012715719
-1.915205089297035 19.22619031221054 10.05317450400388
22.09529824515997 -33.224257874628 1.511199116004116
-21.50112475001623 24.69109676226049 18.22397754212073
15.11579907879179 14.67669230831109 11.1533665887883
-13.90342718387376 -5.147107244018271 7.509510170882446
-13.4960257505979 -12.00012320772735 7.57006491766561
-22.42303741481065 19.2265276491496 16.63604172766538
14.02088058334051 16.37261787089635 7.504520634490873
22.45786296076565 19.17907030821383 16.49098810017766
15.97315781044203 -20.22971404479624 9.815353276154763
-1.975695108051947 -6.599947282941225 9.214427024599926
-0.1574437971454843 9.376389838039177 11.48890748345492
-1.51345633518988 19.25529220755331 8.199095529731673
12.99595466755259 -10.27173332651271 7.777958749007934
-15.11786623480316 -20.20266640276984 11.15183770886378
-1.564160138301412 19.28688051897771 10.74447310642199
2.381145667424207 -24.00001 10.78546592688241
22.23755220072521 34.0 2.055270937870834
15.92661498044948 9.682721501399921 10.00936188519955
-1.135392020404713 -6.300053994012362 11.13887806311607
11.78446747258468 20.0 8.061294830800554
22.40058024290871 24.79512556286435 16.72957922027786
12.09559245935109 15.5382351487823 10.09187272452749
-19.95469684531969 24.76934388794043 18.96420945777518
-14.4506320797329 19.16300011750829 7.553853647745055
1.942666686977044 -24.00001 11.40361039191888
15.98201454869539 -20.28168900412292 9.288700016461238
-20.53336401266893 24.66452233535442 18.8091332360381
15.74066521126478 -6.688824835200077 10.48332732298396
-13.50813698263392 9.638909975569502 7.567454805093537
11.63171144837712 -3.953313989578191 3.191332501390238e-15
15.15540936552804 -19.29200762078643 7.875928655491522
20.36145721182699 24.73146060932089 18.86891656797888
-20.68718362535687 19.33344716680492 18.74541898232309
-0.813828174594782 19.40677609282796 7.678565227604492
-15.73457390037907 16.4600690656738 10.48954703037541
1.664089363399651 18.7027525681959 10.60729344307686
-1.178136932048327 19.30438240442263 7.901021693640804
15.05789689250899 10.24465558126414 11.19619136336103
22.27203781680835 33.31548307501345 17.12292015883272
-15.0201425544615 14.96301165091391 7.782588918842391
14.62424588216635 14.16108525739634 7.607023309644612
15.88164341274992 -5.283037246024188 10.17538669351514
13.84552963912827 17.76209907769646 7.511969376211113
-21.17021706521601 19.39202657400409 18.48412757460031
-13.06841437911165 10.53411438491207 7.733343574257287
14.0075990121417 14.82389155758563 7.505084823032562
-2.692384792695243 -27.16631487897005 11.71677185336416
-20.72687043900129 33.21789667810859 0.2710202868666398
-0.4049937208883372 -26.71796395288496 6.02666711420445
-0.06221489051144465 19.29280907054139 11.49723696247561
2.032404520101883 -29.38035062608402 12.33440538692531
12.71607652637207 -7.798742449553487 7.975313249040199
-2.706659764813685 20.0 11.5
-12.75093100298162 -10.73056388662025 7.944636820043083
-21.9134086111142 24.72940921530331 1.22067196512108
2.179678406142307 20.0 10.63578697253215
-12.0 -21.0 11.41851087203566
14.16737319026434 -20.27078298128302 11.48763583104942
-13.54336422208972 -3.486572752396537 7.559862921764948
12.0 -21.0 10.25004843684239
-12.0 -22.14397379903009 9.991941581119885
12.00417647802813 -19.61849546680946 9.401613778985068
-12.97495837284498 -8.721907075410137 11.1990304070675
-13.0635266323345 -6.822299248592631 11.2636446736378
-12.93153802678822 -1.920139932565871 11.18237522344579
14.08569761471054 -11.90187062112742 7.501906697352095
12.97115827583622 18.07784594522261 7.793226479527527
-12.89023400582976 19.34220306331306 7.828781619397801
12.90018999548818 19.349237828606 7.836923344466047
13.28163090354793 -15.12796505639002 7.640997931625217
0.4976419537424325 -23.23154208437759 11.43129695376623
1.18482364136032 4.554504222768122 7.889270716657045
16.0 -21.53665514817725 10.78261018823637
-12.20382610118238 19.35150616160995 8.629143544241069
14.44456234467023 -16.63932687556425 7.551994776177366
12.13343004560659 19.2837564155084 10.19896035914355
-2.690321431205352 -25.54650606397519 11.7193273060264
14.64779988253257 -18.05843575300009 7.614236781259774
-12.0 -21.0 10.11328928497041
-20.94538950654091 7.340126366953282 18.62190089881694
-0.110734549571185 17.16286620632077 7.505112633508647
15.96609132877765 -2.719158832597344 9.14226204141569
-21.90921570513061 13.17276317259403 17.78424105253474
3.101843461634349 -26.68498877918939 11.10451800788279
14.52053535040787 2.254168196767381 7.575261699497657
-20.83575822922072 -25.67159607505802 18.6838772852614
-20.84644883842908 -23.99070947751682 0.3205513194682097
20.80053308625422 -5.55711128430713 18.69846803644648
20.72976538232621 -4.156041888882665 18.72778101782841
-1.520449001405485 0.9574232778856544 10.79360768072783
-1.513957259972941 4.893990320283143 10.80038091662744
-1.522425780713154 5.960733150825648 10.79154518444521
15.83259337175642 -3.11379539285117 8.716105053629343
21.93866979882507 -18.29724885475353 1.255605714645693
-1.107489485850515 0.7555114675155785 11.15951530905177
-1.456478949250704 2.017955250538854 10.86035159809691
-1.094590854018083 2.757485006800788 11.16905538279822
-1.109531132932866 4.769639709083236 11.15800526798828
-1.115777704676489 6.526508255169226 11.15338518456619
15.92258817697906 13.21132262854479 8.975172171645124
-12.60886407507641 -15.93848724063015 10.93032674036041
-22.51205591451171 -4.413895131923519 16.07002037971482
22.5076925218358 0.4114099013679569 2.906441905837633
21.20979100467422 -31.94900680229149 0.5027476177159327
13.11339352585646 -8.330558653509549 11.29139667032128
21.08631332268133 -22.13699607071251 0.4644562040790117
22.36315077468176 -20.67294951210381 2.114520243394225
21.19810534186535 -10.40028798840731 0.4992440869900874
13.04356741773941 -18.36080472398228 7.748642441721609
15.70914834318152 11.55261949342735 10.52995722283025
-1.976615982850143 -19.61272931297123 9.774753869527093
1.916285664956913 -14.00955459297942 8.941755470152588
1.980630420364456 2.024460935985502 9.259447258819295
-15.72237011009067 10.58766423923935 10.51039532774803
-12.24958317670369 9.10751576253258 10.45276268605414
1.233676108962914 18.486041600186 11.06890550452321
-1.991248736216276 14.43418307663486 9.397176072925134
1.562185157840117 -0.6599726531464896 8.262600524051807
-1.994227248740446 9.38461901427424 9.432172430267997
1.471789992810134 -12.19598816985654 8.150647291804951
3 1963 12 0
3 0 12 4483
3 1677 1624 0
3 0 1624 1963
3 4483 1677 0
3 1 13 1686
3 3079 13 1
3 1 1296 2028
3 3614 1296 1
3 2028 1513 1
3 1 1513 3079
3 1 1686 3614
3 3560 14 2
3 2 14 3610
3 1448 1112 2
3 2 1112 3560
3 2327 1448 2
3 3610 2327 2
3 3 15 4419
3 5401 15 3
3 3 1275 2106
3 4419 1275 3
3 3 2106 2730
3 3 2730 5401
3 5095 16 4
3 4 16 5316
3 4 2638 3005
3 5316 2638 4
3 4 3005 3016
3 4 3016 5095
3 1696 501 5
3 5 501 2086
3 5 503 1459
3 2086 503 5
3 5 1459 1696
3 6 457 521
3 1771 457 6
3 637 488 6
3 6 488 1771
3 6 521 2087
3 2087 637 6
3 7 17 2603
3 5076 17 7
3 1800 1511 7
3 7 1511 3007
3 2603 1800 7
3 7 3007 5076
3 1072 1053 8
3 8 1053 2728
3 2075 1072 8
3 3510 2075 8
3 8 2728 3944
3 3944 3510 8
3 1091 486 9
3 9 486 1466
3 1467 785 9
3 9 785 3510
3 3510 1091 9
3 9 1466 1467
3 804 488 10
3 10 488 886
3 10 787 804
3 926 787 10
3 10 886 926
3 11 19 1952
3 4807 19 11
3 11 787 926
3 1952 787 11
3 11 926 1545
3 11 1545 2888
3 11 2888 4807
3 12 20 4483
3 4726 20 12
3 12 1963 4726
3 3079 21 13
3 13 21 4203
3 4203 1686 13
3 3560 26 14
3 14 26 5273
3 5273 3610 14
3 3296 27 15
3 15 27 3899
3 3881 3296 15
3 5401 3881 15
3 15 3899 4419
3 5095 28 16
3 16 28 5316
3 5076 29 17
3 17 29 5371
3 5371 2603 17
3 18 23 964
3 2788 23 18
3 18 964 2728
3 2728 1053 18
3 18 1053 2788
3 4596 31 19
3 19 31 5111
3 5111 1952 19
3 4807 4596 19
3 20 24 3095
3 3283 24 20
3 3095 2653 20
3 20 2653 4483
3 4726 3283 20
3 3787 25 21
3 21 25 4203
3 3079 1513 21
3 21 1513 3787
3 663 379 22
3 22 379 1045
3 1037 616 22
3 22 616 1071
3 1071 663 22
3 2168 1037 22
3 22 1045 2168
3 23 30 934
3 3270 30 23
3 23 934 964
3 3233 2507 23
3 23 2507 3270
3 23 2788 3233
3 2783 32 24
3 24 32 3095
3 4982 2783 24
3 24 3283 4982
3 25 33 1676
3 3787 33 25
3 25 1676 4203
3 3560 2815 26
3 26 2815 3665
3 26 3665 3765
3 26 3765 5273
3 27 34 3899
3 3974 34 27
3 27 3296 3974
3 28 35 5316
3 5450 35 28
3 28 5095 5450
3 4586 36 29
3 29 36 5397
3 5076 4586 29
3 29 5353 5371
3 5397 5353 29
3 3270 37 30
3 30 37 3339
3 5236 934 30
3 30 3339 5236
3 4685 38 31
3 31 38 5111
3 31 4596 4685
3 2054 39 32
3 32 39 2083
3 2783 2054 32
3 32 2083 2653
3 32 2653 3095
3 1386 40 33
3 33 40 4954
3 3787 1386 33
3 3816 1676 33
3 4954 3816 33
3 34 42 3622
3 5439 42 34
3 34 3622 3899
3 34 3974 5439
3 2373 43 35
3 35 43 3305
3 3305 1975 35
3 35 1975 5316
3 2981 2373 35
3 5450 2981 35
3 1919 44 36
3 36 44 4343
3 4586 1919 36
3 36 4343 5397
3 37 45 3012
3 3755 45 37
3 37 3012 3339
3 37 3270 3755
3 38 46 2725
3 4630 46 38
3 38 2725 5111
3 38 3238 4630
3 4685 3238 38
3 39 47 2083
3 2204 47 39
3 39 2054 2204
3 3010 48 40
3 40 48 3033
3 40 1386 3010
3 40 3033 4954
3 3711 536 41
3 41 536 3912
3 41 2815 3179
3 4236 2815 41
3 41 3179 3711
3 41 3912 4236
3 42 49 3622
3 5428 49 42
3 5439 5428 42
3 43 50 3305
3 5287 50 43
3 43 2373 5287
3 2793 51 44
3 44 51 5422
3 44 1919 2802
3 2802 2793 44
3 5422 4343 44
3 3196 52 45
3 45 52 5443
3 5443 3012 45
3 3755 3196 45
3 46 53 2725
3 4630 53 46
3 47 54 1544
3 3291 54 47
3 47 1544 2083
3 47 2204 3291
3 3010 55 48
3 48 55 3033
3 49 57 3622
3 4205 57 49
3 5428 4205 49
3 50 58 3305
3 5287 58 50
3 2793 59 51
3 51 59 5418
3 51 5418 5422
3 3196 60 52
3 52 60 3618
3 52 3618 5443
3 53 61 2725
3 4505 61 53
3 53 3317 4505
3 4630 3317 53
3 1167 887 54
3 54 887 1544
3 2291 1167 54
3 3291 2291 54
3 55 1200 2949
3 3027 1200 55
3 2949 2005 55
3 55 2005 3033
3 55 3010 3027
3 56 536 3711
3 5133 536 56
3 56 1515 1643
3 3711 1515 56
3 56 1643 4159
3 56 4159 5133
3 57 1627 1637
3 3484 1627 57
3 57 1637 3622
3 57 2573 3484
3 4205 2573 57
3 1572 1055 58
3 58 1055 3305
3 3516 1572 58
3 5287 3516 58
3 59 1192 2804
3 3176 1192 59
3 2793 2377 59
3 59 2377 3176
3 59 2804 5418
3 1622 1350 60
3 60 1350 3618
3 2265 1622 60
3 3196 2265 60
3 61 1631 2084
3 4505 1631 61
3 61 2084 2941
3 2941 2725 61
3 626 544 62
3 62 544 1226
3 1427 626 62
3 62 1226 1534
3 62 1260 1427
3 1534 1260 62
3 63 670 838
3 1502 670 63
3 63 838 921
3 63 921 1200
3 63 1200 1356
3 63 1356 1502
3 811 117 64
3 64 117 1346
3 1041 495 64
3 64 495 1472
3 64 552 811
3 1842 552 64
3 1521 1041 64
3 64 1346 1521
3 64 1472 2312
3 2312 1842 64
3 2855 68 65
3 65 68 3443
3 2820 556 65
3 65 556 3431
3 5385 2820 65
3 65 2851 2855
3 3431 2851 65
3 65 3443 3921
3 65 3921 5385
3 380 118 66
3 66 118 908
3 565 380 66
3 1488 565 66
3 66 908 1506
3 66 1056 1504
3 1506 1056 66
3 1503 1488 66
3 1526 1503 66
3 66 1504 1526
3 2701 69 67
3 67 69 3460
3 3271 70 67
3 67 70 3633
3 3810 2701 67
3 3460 3271 67
3 67 3633 3810
3 1523 71 68
3 68 71 3309
3 2855 1523 68
3 68 3309 3443
3 2701 73 69
3 69 73 2933
3 69 2933 3460
3 3490 74 70
3 70 74 3633
3 70 3271 3490
3 1523 77 71
3 71 77 2817
3 71 2817 3583
3 3583 3309 71
3 922 75 72
3 72 75 3469
3 3301 922 72
3 72 2820 3301
3 3406 2820 72
3 3469 3406 72
3 73 78 3207
3 3475 78 73
3 73 2701 3216
3 3207 2933 73
3 73 3216 3475
3 3450 76 74
3 74 76 3662
3 74 2839 3633
3 3662 2839 74
3 3490 3450 74
3 75 80 575
3 4360 80 75
3 75 575 3469
3 75 922 4360
3 76 82 3440
3 3450 82 76
3 76 3440 3662
3 2655 79 77
3 77 79 5349
3 77 1523 4111
3 4111 2655 77
3 5349 2817 77
3 78 81 3242
3 3584 81 78
3 3242 3207 78
3 78 3475 3584
3 2655 84 79
3 79 84 3199
3 79 3199 5349
3 3297 85 80
3 80 85 3486
3 4448 575 80
3 5409 3297 80
3 80 3486 4448
3 80 4360 5409
3 81 86 3242
3 5419 86 81
3 81 3584 5419
3 3260 87 82
3 82 87 3916
3 3450 3260 82
3 3916 3440 82
3 83 384 796
3 797 384 83
3 83 413 1034
3 1336 413 83
3 83 796 1336
3 1775 797 83
3 83 1034 1775
3 84 88 3199
3 3813 88 84
3 84 2655 3813
3 2359 89 85
3 85 89 3486
3 3297 2359 85
3 86 90 2681
3 5419 90 86
3 86 2681 3242
3 3831 91 87
3 87 91 4102
3 87 3260 3831
3 4102 3916 87
3 858 93 88
3 88 93 2347
3 3813 858 88
3 2347 1552 88
3 88 1552 3199
3 2359 94 89
3 89 94 4955
3 4955 3486 89
3 90 92 2681
3 4358 92 90
3 5419 4358 90
3 91 97 584
3 3798 97 91
3 91 584 4026
3 3831 3798 91
3 91 4026 4102
3 92 98 101
3 5463 98 92
3 92 101 3567
3 3567 2681 92
3 92 4358 4585
3 92 4585 5463
3 858 95 93
3 93 95 2347
3 1533 96 94
3 94 96 2863
3 3066 1533 94
3 94 2359 3066
3 94 2863 4955
3 1564 601 95
3 95 601 2348
3 95 858 1564
3 2348 2347 95
3 96 1533 1568
3 96 1568 5452
3 5452 2863 96
3 102 99 97
3 97 99 3918
3 3798 102 97
3 3918 584 97
3 109 101 98
3 5388 109 98
3 5463 5388 98
3 99 102 110
3 99 110 4324
3 4324 3918 99
3 100 104 915
3 1424 104 100
3 985 641 100
3 100 641 1160
3 100 915 985
3 1216 1007 100
3 100 1007 1424
3 100 1160 1216
3 101 109 5173
3 101 2228 3471
3 4248 2228 101
3 101 2379 4118
3 5173 2379 101
3 101 3471 3567
3 101 4118 4248
3 4412 110 102
3 1877 592 102
3 102 592 5357
3 3798 1877 102
3 4067 1959 102
3 102 1959 4412
3 5357 4067 102
3 405 107 103
3 103 107 1554
3 2076 405 103
3 1352 749 103
3 103 749 2076
3 103 997 1224
3 1554 997 103
3 1224 1154 103
3 103 1154 1352
3 674 668 104
3 104 668 915
3 1633 674 104
3 1558 1159 104
3 104 1159 1633
3 104 1424 1558
3 716 489 105
3 105 489 2485
3 1862 716 105
3 105 1065 1746
3 2485 1065 105
3 1315 1145 105
3 105 1145 1862
3 3144 1315 105
3 105 1746 3144
3 106 492 665
3 1561 492 106
3 106 665 1546
3 1546 1027 106
3 106 1027 1814
3 106 1206 1554
3 2062 1206 106
3 106 1554 1561
3 106 1814 2062
3 107 405 621
3 107 621 1324
3 1153 1099 107
3 107 1099 1554
3 1324 1153 107
3 1571 623 108
3 108 623 5452
3 108 1568 4427
3 5452 1568 108
3 4168 1571 108
3 4427 4168 108
3 109 1582 5173
3 5469 1582 109
3 109 5388 5469
3 110 112 4324
3 4412 112 110
3 1581 113 111
3 111 113 2850
3 111 601 1581
3 2850 601 111
3 112 114 4158
3 4412 114 112
3 4158 3826 112
3 112 3826 4324
3 113 1571 4168
3 5474 1571 113
3 113 1581 5292
3 113 2849 2850
3 4168 2849 113
3 5292 3044 113
3 113 3044 5374
3 113 5374 5474
3 2111 1582 114
3 114 1582 2661
3 4412 2111 114
3 114 2661 4158
3 651 429 115
3 115 429 830
3 776 651 115
3 1179 776 115
3 115 830 1340
3 1340 1179 115
3 792 702 116
3 116 702 1435
3 829 792 116
3 1183 829 116
3 1435 1183 116
3 811 388 117
3 117 388 1538
3 117 454 1402
3 2371 454 117
3 1538 636 117
3 117 636 2371
3 1402 1346 117
3 118 380 1113
3 1113 578 118
3 118 578 1593
3 118 640 1139
3 1593 640 118
3 1212 908 118
3 118 1139 1212
3 119 120 2351
3 3497 120 119
3 119 123 2759
3 2908 123 119
3 119 2351 2908
3 119 2759 3497
3 2813 124 120
3 120 124 3278
3 3278 2351 120
3 3497 2813 120
3 143 122 121
3 121 122 543
3 121 125 143
3 3428 125 121
3 121 543 1595
3 121 1595 3428
3 153 126 122
3 122 126 642
3 122 143 153
3 642 543 122
3 123 127 2702
3 2908 127 123
3 123 2702 2759
3 2813 128 124
3 124 128 3278
3 125 129 155
3 3428 129 125
3 155 143 125
3 153 130 126
3 126 130 644
3 644 642 126
3 127 131 3361
3 3393 131 127
3 127 1046 2702
3 3361 1046 127
3 127 2908 3393
3 2470 132 128
3 128 132 3278
3 2680 2470 128
3 2813 2680 128
3 129 133 157
3 2641 133 129
3 157 155 129
3 3428 2641 129
3 158 134 130
3 130 134 644
3 130 153 158
3 131 135 965
3 3393 135 131
3 131 965 3361
3 132 136 2852
3 3977 136 132
3 2470 1599 132
3 132 1599 3977
3 132 2852 3278
3 133 137 157
3 2641 137 133
3 165 138 134
3 134 138 5472
3 134 158 165
3 5472 644 134
3 629 139 135
3 135 139 2898
3 3393 629 135
3 2898 965 135
3 136 140 3570
3 3977 140 136
3 3570 2852 136
3 137 141 167
3 1603 141 137
3 167 157 137
3 2861 1603 137
3 137 2641 2861
3 165 142 138
3 138 142 2642
3 138 2642 5472
3 629 161 139
3 139 161 3723
3 3723 2898 139
3 140 162 3570
3 3605 162 140
3 3977 3605 140
3 141 163 169
3 645 163 141
3 169 167 141
3 1603 645 141
3 170 164 142
3 142 164 648
3 142 165 170
3 142 648 2642
3 4301 153 143
3 143 155 3777
3 143 3777 4301
3 144 225 561
3 1540 225 144
3 720 418 144
3 144 418 1606
3 144 459 1008
3 1606 459 144
3 144 561 652
3 144 652 720
3 144 1008 1540
3 145 159 168
3 3892 159 145
3 145 168 171
3 145 171 4157
3 145 2249 3250
3 3785 2249 145
3 3250 2601 145
3 145 2601 3892
3 145 3234 3785
3 4157 3234 145
3 3166 154 146
3 146 154 5169
3 146 156 2601
3 5342 156 146
3 146 2601 3166
3 146 5169 5342
3 166 160 147
3 147 160 5110
3 172 166 147
3 2652 172 147
3 147 2237 2652
3 4714 2237 147
3 147 3263 4714
3 5299 3263 147
3 147 5110 5448
3 5448 5299 147
3 973 228 148
3 148 228 1344
3 1018 403 148
3 148 403 1998
3 148 660 973
3 1998 660 148
3 148 999 1100
3 1344 999 148
3 1667 1018 148
3 148 1100 1667
3 149 474 1003
3 1494 474 149
3 149 1003 1463
3 1140 1098 149
3 149 1098 1494
3 1463 1140 149
3 474 447 150
3 150 447 1142
3 1003 474 150
3 150 653 1003
3 1333 653 150
3 150 1142 1333
3 1332 394 151
3 151 394 2015
3 151 422 998
3 2015 422 151
3 151 998 1332
3 713 699 152
3 152 699 998
3 998 713 152
3 3768 158 153
3 153 2452 3768
3 4301 2452 153
3 5363 160 154
3 154 160 5395
3 154 3166 5363
3 5395 5169 154
3 155 157 3777
3 156 159 3892
3 4467 159 156
3 3892 2601 156
3 5342 4467 156
3 157 167 1615
3 157 1615 5298
3 5298 3777 157
3 3768 165 158
3 5407 168 159
3 159 4467 5407
3 160 166 5410
3 160 2569 5395
3 5410 2569 160
3 5363 5110 160
3 3157 173 161
3 161 173 4190
3 161 629 3157
3 4190 3723 161
3 3398 174 162
3 162 174 3570
3 3605 3398 162
3 176 169 163
3 163 175 176
3 645 175 163
3 164 170 177
3 164 177 183
3 164 183 648
3 2865 170 165
3 165 2186 2865
3 3768 2186 165
3 166 172 2383
3 166 2383 5410
3 167 169 1615
3 5432 171 168
3 168 5407 5432
3 169 176 2380
3 2380 1615 169
3 2865 177 170
3 171 178 4157
3 5429 178 171
3 5432 5429 171
3 172 179 2383
3 2652 179 172
3 3142 180 173
3 173 180 4190
3 3157 3142 173
3 174 181 678
3 3455 181 174
3 174 678 3570
3 174 3398 3455
3 182 176 175
3 2364 182 175
3 175 645 2364
3 176 182 184
3 176 184 4174
3 3894 2380 176
3 4174 3894 176
3 185 183 177
3 2631 185 177
3 4478 2631 177
3 177 2865 4478
3 178 186 2292
3 5339 186 178
3 178 2292 4157
3 5429 5339 178
3 179 187 2382
3 2652 187 179
3 179 2382 2383
3 2536 188 180
3 180 188 3809
3 3142 2536 180
3 3809 3382 180
3 180 3382 4190
3 181 189 678
3 1704 189 181
3 3455 1704 181
3 190 184 182
3 2288 190 182
3 2364 2288 182
3 183 185 191
3 183 191 3059
3 1626 648 183
3 3059 1626 183
3 184 190 198
3 198 194 184
3 184 194 3251
3 184 3251 4174
3 192 191 185
3 2631 192 185
3 186 195 3577
3 3895 195 186
3 3577 2292 186
3 5339 3895 186
3 3613 193 187
3 187 193 5445
3 5445 2382 187
3 187 2652 3613
3 2536 196 188
3 188 196 3809
3 1704 197 189
3 189 197 3634
3 3634 678 189
3 2288 198 190
3 191 192 199
3 191 199 692
3 191 692 2173
3 191 2173 3059
3 208 199 192
3 192 201 208
3 5466 201 192
3 192 2631 5466
3 193 203 1641
3 3644 203 193
3 193 1641 2428
3 193 2428 5445
3 193 3613 3644
3 194 198 207
3 207 200 194
3 194 200 3251
3 2920 202 195
3 195 202 3981
3 195 2692 2920
3 3895 2692 195
3 3981 3577 195
3 1233 205 196
3 196 205 1480
3 2536 1233 196
3 196 1480 3809
3 197 206 3437
3 3462 206 197
3 1704 877 197
3 197 877 3462
3 197 3437 3634
3 1646 207 198
3 198 681 1646
3 2288 681 198
3 199 208 692
3 200 207 218
3 235 209 200
3 200 209 3767
3 200 218 235
3 200 2486 3251
3 3767 2486 200
3 5319 204 201
3 201 204 5420
3 219 208 201
3 5420 219 201
3 201 2389 5319
3 5466 2389 201
3 202 210 226
3 5267 210 202
3 202 226 3981
3 202 2920 5267
3 227 213 203
3 203 213 2394
3 3644 227 203
3 4315 1641 203
3 203 2394 4315
3 5319 212 204
3 204 212 5420
3 1233 216 205
3 205 216 1270
3 205 1270 1480
3 206 217 3437
3 3462 217 206
3 1646 218 207
3 208 219 703
3 703 692 208
3 209 211 3767
3 5383 211 209
3 209 235 239
3 209 239 5383
3 210 214 226
3 3264 214 210
3 5267 3264 210
3 211 220 2885
3 4086 220 211
3 211 2885 4530
3 4530 3767 211
3 5383 4086 211
3 5203 221 212
3 212 221 5411
3 212 4038 5203
3 5319 4038 212
3 212 5411 5420
3 213 215 2394
3 5451 215 213
3 213 227 5451
3 214 222 2293
3 3264 222 214
3 2293 226 214
3 215 224 697
3 3419 224 215
3 215 697 2394
3 5451 3419 215
3 1486 233 216
3 216 233 3731
3 1233 687 216
3 216 687 1486
3 3731 1270 216
3 2027 234 217
3 217 234 3461
3 2041 2027 217
3 3462 2041 217
3 3461 3437 217
3 1654 235 218
3 218 1646 1648
3 218 1648 1654
3 219 236 703
3 5420 236 219
3 220 223 2885
3 5367 223 220
3 220 4086 5367
3 221 223 251
3 5203 223 221
3 251 248 221
3 221 248 5411
3 697 224 222
3 222 224 4180
3 3960 697 222
3 4180 2293 222
3 222 3264 3960
3 253 251 223
3 5367 253 223
3 4850 2885 223
3 5203 4850 223
3 224 3419 4180
3 225 451 561
3 718 451 225
3 225 654 718
3 831 654 225
3 704 679 225
3 225 679 831
3 1011 704 225
3 1540 1011 225
3 226 1234 1821
3 2293 1234 226
3 226 1331 1744
3 1821 1331 226
3 226 1744 2722
3 226 2722 3981
3 2718 2003 227
3 227 2003 5311
3 3644 2718 227
3 227 2824 3746
3 5311 2824 227
3 3746 3419 227
3 227 3419 5451
3 609 598 228
3 228 598 1329
3 695 609 228
3 973 695 228
3 1329 797 228
3 228 797 2286
3 2286 1344 228
3 229 507 723
3 1859 507 229
3 229 723 827
3 229 827 1006
3 229 1006 1859
3 230 444 650
3 1141 444 230
3 230 650 1006
3 1006 951 230
3 230 951 1338
3 1338 1141 230
3 1001 538 231
3 231 538 2673
3 231 809 1336
3 2673 809 231
3 1336 1001 231
3 232 538 1001
3 2715 538 232
3 1328 620 232
3 232 620 2715
3 1001 796 232
3 232 796 1328
3 1486 237 233
3 233 237 2750
3 2750 2080 233
3 233 2080 3731
3 2027 238 234
3 234 238 3461
3 1654 239 235
3 236 240 2834
3 5420 240 236
3 2682 703 236
3 2834 2682 236
3 1486 241 237
3 237 241 2750
3 238 242 2635
3 3381 242 238
3 2635 726 238
3 238 726 3461
3 238 2027 3381
3 2887 243 239
3 239 243 5383
3 239 1654 2159
3 239 2159 2887
3 240 244 3281
3 5411 244 240
3 3281 2834 240
3 5420 5411 240
3 725 245 241
3 241 245 2243
3 1486 725 241
3 241 2243 2750
3 832 246 242
3 242 246 2635
3 3381 832 242
3 3647 247 243
3 243 247 5383
3 243 2887 3647
3 244 248 2784
3 5411 248 244
3 244 2784 3281
3 725 252 245
3 245 252 2315
3 2315 2243 245
3 816 252 246
3 246 252 2710
3 832 816 246
3 2710 2635 246
3 710 250 247
3 247 250 5367
3 3647 710 247
3 5367 4086 247
3 247 4086 5383
3 248 251 707
3 248 707 2784
3 978 354 249
3 249 354 1672
3 981 705 249
3 249 705 2711
3 249 884 978
3 2711 884 249
3 1672 981 249
3 710 253 250
3 250 253 5367
3 251 253 707
3 252 725 2710
3 252 816 2401
3 2401 2315 252
3 1573 707 253
3 253 710 1573
3 980 406 254
3 254 406 1078
3 254 510 980
3 1600 510 254
3 254 1078 2872
3 2872 1600 254
3 255 744 979
3 2346 744 255
3 1500 828 255
3 255 828 2346
3 255 979 1500
3 427 312 256
3 256 312 1122
3 256 400 427
3 743 400 256
3 256 480 526
3 1138 480 256
3 256 526 743
3 1122 1059 256
3 256 1059 1138
3 257 260 3394
3 3401 260 257
3 3287 261 257
3 257 261 5455
3 3068 2021 257
3 257 2021 3389
3 5455 3068 257
3 4361 3287 257
3 257 3389 3401
3 257 3394 4361
3 1051 314 258
3 258 314 1227
3 258 508 835
3 2420 508 258
3 258 755 1049
3 1211 755 258
3 258 835 1636
3 258 1049 2420
3 1636 1051 258
3 1227 1211 258
3 259 263 3602
3 5297 263 259
3 259 1664 2891
3 3602 1664 259
3 259 2891 5297
3 745 264 260
3 260 264 3626
3 3401 745 260
3 3626 3394 260
3 759 265 261
3 261 265 764
3 3287 759 261
3 261 764 5455
3 262 267 2439
3 5142 267 262
3 2891 1664 262
3 262 1664 4089
3 262 2439 5471
3 5471 2891 262
3 262 4089 5142
3 3979 266 263
3 263 266 5415
3 263 2748 3602
3 5415 2748 263
3 4487 3979 263
3 5297 4487 263
3 1699 276 264
3 264 276 4404
3 264 745 1699
3 4404 3626 264
3 265 277 764
3 1711 277 265
3 265 759 1711
3 1713 269 266
3 266 269 5415
3 4194 1713 266
3 266 3979 4194
3 267 270 279
3 5142 270 267
3 267 279 2439
3 799 272 268
3 268 272 1148
3 268 767 799
3 1596 767 268
3 1148 1010 268
3 268 1010 2328
3 268 1158 1596
3 2328 1158 268
3 269 282 286
3 1713 282 269
3 269 286 4689
3 269 1484 2946
3 4689 1484 269
3 4250 2670 269
3 269 2670 5415
3 269 2946 4250
3 283 279 270
3 287 283 270
3 3891 287 270
3 3757 1700 270
3 270 1700 3891
3 270 1829 1874
3 3976 1829 270
3 270 1874 3757
3 5142 3976 270
3 271 275 440
3 1701 275 271
3 271 440 1070
3 1173 667 271
3 271 667 1701
3 1070 750 271
3 271 750 1178
3 271 1152 1173
3 1178 1152 271
3 635 478 272
3 272 478 902
3 799 635 272
3 272 902 1157
3 272 1009 1148
3 1432 1009 272
3 272 1157 1432
3 273 460 1691
3 2587 460 273
3 1009 766 273
3 273 766 2587
3 1081 1009 273
3 3145 1081 273
3 1691 1144 273
3 273 1144 2385
3 273 2385 3145
3 469 409 274
3 274 409 1634
3 2370 469 274
3 274 1310 1701
3 1782 1310 274
3 1701 1612 274
3 274 1612 1874
3 274 1634 1782
3 274 1874 2370
3 1508 440 275
3 1155 479 275
3 275 479 1508
3 1701 1155 275
3 1699 280 276
3 276 280 1707
3 276 1707 2432
3 276 2432 4404
3 277 281 1687
3 3629 281 277
3 1687 764 277
3 277 1711 3628
3 277 3628 3629
3 622 381 278
3 278 381 1142
3 1142 447 278
3 278 447 1576
3 1145 622 278
3 1576 1145 278
3 279 283 3290
3 3290 2439 279
3 280 284 1707
3 2651 284 280
3 280 1699 2651
3 281 285 857
3 3629 285 281
3 281 857 1687
3 5282 286 282
3 282 1713 4194
3 282 4194 5464
3 5464 5282 282
3 283 287 1718
3 283 1718 3290
3 284 288 2444
3 2651 288 284
3 2444 1707 284
3 285 289 857
3 5453 289 285
3 2819 2455 285
3 285 2455 5453
3 3629 2819 285
3 286 290 4689
3 5032 290 286
3 5282 5032 286
3 287 291 2445
3 3891 291 287
3 5112 1718 287
3 287 2445 5112
3 2916 292 288
3 288 292 5345
3 5345 2444 288
3 288 2651 2916
3 289 293 2961
3 5453 293 289
3 2961 857 289
3 3797 294 290
3 290 294 4689
3 4225 3797 290
3 5032 4225 290
3 291 295 2445
3 2997 295 291
3 3891 2997 291
3 2916 296 292
3 292 296 3256
3 292 3256 5345
3 2674 297 293
3 293 297 2961
3 3130 2674 293
3 5453 3130 293
3 3797 298 294
3 294 298 3995
3 294 3995 4689
3 295 299 2320
3 3407 299 295
3 295 2320 2845
3 2845 2445 295
3 295 2997 3407
3 1732 300 296
3 296 300 2456
3 2916 1732 296
3 296 2456 3256
3 297 301 1734
3 5011 301 297
3 297 1734 2961
3 297 2674 5011
3 298 302 3995
3 5379 302 298
3 3797 2301 298
3 298 2301 5379
3 299 303 2320
3 3407 303 299
3 1732 304 300
3 300 304 3304
3 2915 2456 300
3 3304 2915 300
3 301 305 1737
3 2925 305 301
3 1737 1734 301
3 5011 2925 301
3 302 306 3598
3 5379 306 302
3 302 3598 3995
3 303 309 3232
3 3407 309 303
3 3380 2320 303
3 303 3232 3380
3 1732 313 304
3 304 313 3304
3 305 307 1737
3 2925 307 305
3 306 308 2664
3 3409 308 306
3 306 2664 3598
3 5379 3409 306
3 3845 1737 307
3 307 2925 5378
3 307 3154 3845
3 5404 3154 307
3 307 5378 5404
3 308 315 2664
3 3294 315 308
3 3409 3294 308
3 1594 315 309
3 309 315 2551
3 3407 1594 309
3 309 2551 3232
3 310 1077 1375
3 1428 1077 310
3 1375 1265 310
3 310 1265 1414
3 310 1414 1881
3 1881 1428 310
3 311 464 1682
3 1683 464 311
3 1532 737 311
3 311 737 1683
3 311 1115 1532
3 1682 1115 311
3 312 427 1089
3 312 555 1717
3 1753 555 312
3 1089 763 312
3 312 763 1755
3 312 1105 1122
3 1717 1105 312
3 1755 1753 312
3 313 1732 3504
3 3504 1735 313
3 313 1735 3604
3 3845 3154 313
3 313 3154 5421
3 5421 3304 313
3 313 3604 3845
3 982 779 314
3 314 779 1529
3 1051 982 314
3 2082 1227 314
3 314 1529 1761
3 314 1761 3098
3 3098 2082 314
3 315 1594 2664
3 3300 2551 315
3 315 3294 3300
3 316 324 2579
3 3559 324 316
3 2400 1375 316
3 316 1375 3559
3 2579 2400 316
3 2393 325 317
3 317 325 4101
3 1532 1115 317
3 317 1115 2393
3 2257 1532 317
3 4509 2257 317
3 317 4101 4509
3 2023 326 318
3 318 326 5348
3 2073 1240 318
3 318 1240 2413
3 2413 2023 318
3 2077 2073 318
3 5348 2077 318
3 319 327 4334
3 4595 327 319
3 2337 1220 319
3 319 1220 2570
3 4334 2337 319
3 319 2570 4595
3 320 328 3025
3 5360 328 320
3 320 1320 1628
3 3025 1320 320
3 1628 1482 320
3 320 1482 5360
3 2774 329 321
3 321 329 5427
3 321 1758 2143
3 3625 1758 321
3 2143 1869 321
3 321 1869 2774
3 5427 3625 321
3 322 330 4408
3 5164 330 322
3 322 1231 1709
3 1818 1231 322
3 322 1709 5164
3 2412 1818 322
3 4408 2412 322
3 323 331 3249
3 4469 331 323
3 1288 1103 323
3 323 1103 1688
3 3249 1288 323
3 323 1688 4469
3 324 332 2497
3 4092 332 324
3 3559 2408 324
3 324 2408 4092
3 324 2497 2579
3 325 338 4471
3 4500 338 325
3 325 2393 4500
3 4471 4101 325
3 326 334 3467
3 5134 334 326
3 326 2023 5134
3 326 3467 3736
3 326 3736 5348
3 327 340 4334
3 4646 340 327
3 4595 3972 327
3 327 3972 4646
3 328 336 3575
3 5296 336 328
3 3575 3025 328
3 5360 5296 328
3 2774 342 329
3 329 342 3229
3 329 3229 5427
3 330 337 4310
3 5164 337 330
3 330 4310 4408
3 331 344 3249
3 4869 344 331
3 331 4469 4485
3 331 4485 4869
3 2940 2497 332
3 4013 2940 332
3 4092 4013 332
3 333 382 731
3 1332 382 333
3 1043 394 333
3 333 394 1332
3 731 428 333
3 333 428 1043
3 334 339 3531
3 5134 339 334
3 3531 3467 334
3 481 404 335
3 335 404 1141
3 1144 481 335
3 335 729 1144
3 1383 729 335
3 335 1141 1383
3 1911 341 336
3 336 341 3139
3 3934 1911 336
3 336 3139 3575
3 5296 3934 336
3 337 343 4889
3 5164 343 337
3 337 3815 4310
3 4889 3815 337
3 4500 345 338
3 338 345 4831
3 338 4130 4471
3 4831 4130 338
3 2238 350 339
3 339 350 4161
3 5134 2238 339
3 339 3057 3531
3 4161 3057 339
3 4305 346 340
3 340 346 4334
3 340 3056 4305
3 4646 3056 340
3 341 1911 2648
3 341 2648 3429
3 3429 3139 341
3 3933 347 342
3 342 347 5295
3 342 2774 3933
3 342 2808 3229
3 5295 2808 342
3 343 352 3175
3 3288 352 343
3 343 3175 4889
3 5164 3288 343
3 344 348 3249
3 4116 348 344
3 4456 4116 344
3 4869 4456 344
3 3562 353 345
3 345 353 5250
3 4500 3562 345
3 5250 4831 345
3 4305 355 346
3 346 355 5118
3 5118 4334 346
3 3480 357 347
3 347 357 3958
3 3933 3480 347
3 347 3958 5295
3 3314 358 348
3 348 358 5372
3 3986 3249 348
3 4116 3314 348
3 5372 3986 348
3 349 359 3018
3 5396 359 349
3 349 2497 2940
3 3018 2497 349
3 349 2940 5352
3 349 5352 5396
3 2238 361 350
3 350 361 3930
3 350 3930 4161
3 2841 1555 351
3 351 1555 3607
3 351 2648 2841
3 3429 2648 351
3 5356 3429 351
3 351 3607 5356
3 5334 3175 352
3 352 3288 3582
3 3582 3295 352
3 352 3295 5334
3 353 1101 1172
3 3562 1101 353
3 353 1172 5250
3 354 429 574
3 978 429 354
3 354 574 1672
3 355 362 3645
3 3769 362 355
3 355 3645 5118
3 4305 3769 355
3 743 426 356
3 356 426 1207
3 356 571 743
3 1207 571 356
3 3480 364 357
3 357 364 3958
3 358 366 5372
3 5434 366 358
3 358 3314 5434
3 2490 367 359
3 359 367 3253
3 5396 2490 359
3 3253 3018 359
3 360 1074 1196
3 2780 1074 360
3 1172 1101 360
3 360 1101 2780
3 5250 1172 360
3 360 1196 1794
3 360 1794 5250
3 2421 369 361
3 361 369 2442
3 361 2238 2421
3 361 2442 3930
3 362 370 3645
3 5403 370 362
3 3769 3298 362
3 362 3298 5403
3 363 371 3487
3 3898 371 363
3 3607 1555 363
3 363 1555 3898
3 3487 2858 363
3 363 2858 3607
3 3480 372 364
3 364 372 5416
3 5416 3958 364
3 365 373 1807
3 5412 373 365
3 365 1807 3295
3 365 3295 3582
3 365 3582 5412
3 4877 374 366
3 366 374 5372
3 5434 4877 366
3 367 1681 1833
3 2501 1681 367
3 367 1833 3253
3 367 2490 3928
3 3928 2501 367
3 1873 953 368
3 368 953 4507
3 1074 994 368
3 368 994 1873
3 4507 1074 368
3 369 1015 1238
3 2421 1015 369
3 369 1238 2572
3 2572 2442 369
3 2240 1276 370
3 370 1276 2561
3 5403 2240 370
3 370 2561 3645
3 371 2085 2367
3 3017 2085 371
3 371 2367 3487
3 3898 3017 371
3 2125 1304 372
3 372 1304 2654
3 3480 2125 372
3 2654 2263 372
3 372 2263 5416
3 373 1359 1632
3 1745 1359 373
3 373 1632 4504
3 5412 1745 373
3 4504 1807 373
3 2593 2151 374
3 374 2151 3220
3 374 2313 2593
3 4877 2313 374
3 374 3220 5372
3 375 484 856
3 1129 484 375
3 888 502 375
3 375 502 2085
3 375 856 888
3 2085 1129 375
3 1060 471 376
3 376 471 1064
3 1064 483 376
3 376 483 1614
3 376 808 1304
3 1614 808 376
3 1304 1060 376
3 784 461 377
3 377 461 1342
3 377 484 854
3 1342 484 377
3 1359 784 377
3 377 854 1359
3 378 473 496
3 774 473 378
3 597 483 378
3 378 483 774
3 378 496 1363
3 1363 597 378
3 749 619 379
3 379 619 2014
3 379 663 1079
3 1079 749 379
3 2014 1045 379
3 380 565 1856
3 3024 1113 380
3 380 1856 3024
3 381 622 1748
3 685 653 381
3 381 653 1333
3 1496 685 381
3 381 852 1496
3 1748 852 381
3 1333 1142 381
3 1332 420 382
3 382 420 1607
3 2124 731 382
3 382 1607 2124
3 383 684 1267
3 1668 684 383
3 1136 729 383
3 383 729 1383
3 1267 1136 383
3 383 1383 1630
3 383 1630 1668
3 721 620 384
3 384 620 1328
3 1329 721 384
3 1328 796 384
3 384 797 1329
3 663 393 385
3 385 393 1132
3 385 407 1079
3 1998 407 385
3 1079 663 385
3 385 1132 1137
3 385 1137 1998
3 386 396 2156
3 2157 396 386
3 448 437 386
3 386 437 793
3 2156 448 386
3 386 793 2157
3 1822 462 387
3 387 462 1868
3 387 1205 1822
3 2058 1205 387
3 387 1868 2721
3 2721 2058 387
3 388 811 989
3 388 989 1083
3 388 1083 1149
3 388 1149 1538
3 389 412 526
3 1600 412 389
3 480 434 389
3 389 434 494
3 526 480 389
3 389 494 510
3 389 510 1600
3 496 473 390
3 390 473 900
3 1843 496 390
3 900 794 390
3 390 794 1103
3 390 1103 1288
3 390 1288 1843
3 391 470 748
3 806 470 391
3 1197 508 391
3 391 508 2420
3 391 540 1680
3 2420 540 391
3 391 748 1197
3 1680 806 391
3 392 520 740
3 1232 520 392
3 392 740 1264
3 392 1202 1232
3 1785 1202 392
3 392 1250 1785
3 2045 1250 392
3 392 1264 2045
3 393 663 1094
3 393 1094 1132
3 394 1043 2015
3 395 478 671
3 902 478 395
3 1850 485 395
3 395 485 1851
3 395 671 1850
3 1851 902 395
3 650 444 396
3 396 444 2156
3 396 507 1859
3 2157 507 396
3 1006 650 396
3 1859 1006 396
3 739 465 397
3 397 465 1090
3 397 498 1063
3 1090 498 397
3 1066 739 397
3 397 1063 1066
3 1062 506 398
3 398 506 1229
3 1566 1062 398
3 398 1229 2537
3 2074 1566 398
3 2537 2074 398
3 399 1154 1224
3 1627 1154 399
3 399 1224 2785
3 399 1490 1637
3 1940 1490 399
3 1637 1627 399
3 2785 1940 399
3 571 427 400
3 743 571 400
3 1164 446 401
3 401 446 1492
3 3739 1164 401
3 401 1492 2360
3 401 2360 3163
3 401 3163 3167
3 401 3167 3739
3 402 499 843
3 872 499 402
3 402 843 1300
3 1316 872 402
3 402 1300 2959
3 3627 1316 402
3 402 2959 3627
3 1018 405 403
3 403 405 2076
3 403 407 1998
3 2076 407 403
3 404 444 1141
3 2156 444 404
3 404 481 2156
3 405 539 621
3 1018 539 405
3 406 655 725
3 2416 655 406
3 406 725 1486
3 406 788 1078
3 1486 788 406
3 406 980 2416
3 407 749 1079
3 2076 749 407
3 408 453 621
3 2008 453 408
3 621 539 408
3 408 539 698
3 408 698 699
3 408 699 713
3 408 713 2008
3 409 469 1661
3 809 683 409
3 409 683 1706
3 1661 809 409
3 1706 1634 409
3 410 455 868
3 1840 455 410
3 676 611 410
3 410 611 1840
3 410 615 676
3 868 615 410
3 411 426 743
3 1146 426 411
3 411 743 1204
3 1204 1146 411
3 746 526 412
3 810 746 412
3 2072 810 412
3 412 1078 2072
3 2872 1078 412
3 412 1600 2872
3 1336 809 413
3 413 809 1661
3 1661 1034 413
3 414 477 1067
3 1897 477 414
3 1067 928 414
3 414 928 1085
3 414 1085 1897
3 1661 469 415
3 415 469 1783
3 1783 689 415
3 415 689 3746
3 1460 1034 415
3 415 1034 1661
3 3746 1460 415
3 1374 647 416
3 416 647 1378
3 1378 761 416
3 416 761 1644
3 1387 1374 416
3 1644 1387 416
3 417 421 635
3 654 421 417
3 417 635 799
3 718 654 417
3 799 718 417
3 915 668 418
3 418 668 1606
3 418 720 985
3 985 915 418
3 626 587 419
3 419 587 1560
3 1583 626 419
3 419 977 1583
3 1915 977 419
3 419 1560 1915
3 998 699 420
3 420 699 1667
3 1332 998 420
3 420 1100 1607
3 1667 1100 420
3 421 582 614
3 2414 582 421
3 421 614 635
3 421 654 831
3 831 679 421
3 421 679 2414
3 422 713 998
3 2008 713 422
3 422 859 2008
3 2015 859 422
3 423 453 535
3 1369 453 423
3 423 535 1075
3 1075 1054 423
3 423 1054 1369
3 424 541 769
3 985 541 424
3 819 641 424
3 424 641 985
3 424 769 881
3 881 819 424
3 640 463 425
3 425 463 2031
3 1139 640 425
3 2395 1139 425
3 425 2031 2395
3 1146 771 426
3 426 771 1156
3 426 1156 1207
3 571 432 427
3 427 432 1089
3 618 514 428
3 428 514 1043
3 1546 618 428
3 428 731 1027
3 428 1027 1546
3 651 574 429
3 2371 830 429
3 429 978 2371
3 430 631 1773
3 1867 631 430
3 1345 1341 430
3 430 1341 1867
3 1348 1345 430
3 1773 1348 430
3 431 603 630
3 1673 603 431
3 431 630 1186
3 431 1108 1147
3 1186 1108 431
3 431 1147 1673
3 432 571 1235
3 432 593 1021
3 1235 593 432
3 432 1021 1317
3 1317 1089 432
3 481 460 433
3 433 460 856
3 433 461 717
3 1342 461 433
3 717 481 433
3 433 856 1342
3 434 480 1138
3 1716 494 434
3 1035 662 434
3 434 662 1716
3 1138 1035 434
3 435 436 918
3 925 436 435
3 435 918 1126
3 1205 925 435
3 435 1126 1822
3 1822 1205 435
3 917 910 436
3 436 910 918
3 924 917 436
3 925 924 436
3 437 448 784
3 437 784 2378
3 1231 793 437
3 1709 1231 437
3 2378 1709 437
3 1705 439 438
3 438 439 2111
3 438 530 666
3 2262 530 438
3 438 666 1705
3 2111 1959 438
3 438 1959 2262
3 439 476 1412
3 1705 476 439
3 1412 553 439
3 439 553 1601
3 1601 1410 439
3 439 1410 2111
3 440 598 609
3 721 598 440
3 440 609 722
3 1508 721 440
3 440 722 1070
3 894 455 441
3 441 455 1840
3 907 894 441
3 441 903 909
3 1840 903 441
3 909 907 441
3 1657 1060 442
3 442 1060 1855
3 442 1155 1657
3 2143 1155 442
3 442 1855 1869
3 442 1869 2143
3 989 590 443
3 443 590 1000
3 1063 594 443
3 443 594 1083
3 1083 989 443
3 443 1000 1063
3 881 769 445
3 445 769 1096
3 445 819 881
3 1048 819 445
3 1073 1048 445
3 1095 1073 445
3 1096 1095 445
3 446 547 761
3 1164 547 446
3 446 761 1378
3 446 1378 1492
3 447 474 712
3 447 712 798
3 447 798 1576
3 448 461 784
3 2156 461 448
3 1064 471 449
3 449 471 1547
3 774 483 449
3 449 483 1064
3 600 500 449
3 449 500 774
3 1547 600 449
3 1562 768 450
3 450 768 1596
3 1596 1158 450
3 450 1158 2073
3 450 1203 1562
3 2077 1203 450
3 450 2073 2077
3 690 561 451
3 1198 690 451
3 451 718 1230
3 1522 1198 451
3 451 1230 1522
3 452 525 826
3 2493 525 452
3 1440 604 452
3 452 604 2493
3 452 826 1453
3 1453 1440 452
3 2008 535 453
3 1369 621 453
3 454 978 1104
3 2371 978 454
3 454 1104 1402
3 893 868 455
3 894 893 455
3 1116 1058 456
3 456 1058 1212
3 1117 1116 456
3 2395 1117 456
3 1212 1139 456
3 456 1139 2395
3 457 492 1442
3 1771 492 457
3 1442 521 457
3 458 523 1574
3 1719 523 458
3 1415 770 458
3 458 770 1719
3 2550 1415 458
3 458 1574 2550
3 459 685 1496
3 1606 685 459
3 1189 1008 459
3 1496 1189 459
3 460 481 1691
3 460 491 856
3 2587 491 460
3 2156 717 461
3 462 1126 1698
3 1822 1126 462
3 462 1698 2165
3 2165 1868 462
3 640 472 463
3 463 472 1619
3 1619 1253 463
3 463 1253 2031
3 464 520 1232
3 1683 520 464
3 464 1232 1682
3 465 739 1073
3 465 1073 1125
3 1125 1090 465
3 466 718 767
3 1230 718 466
3 466 767 768
3 466 768 1298
3 1255 1230 466
3 1298 1255 466
3 467 479 1155
3 1609 479 467
3 467 1155 2143
3 3266 1609 467
3 467 1758 1776
3 2143 1758 467
3 467 1776 3266
3 468 1357 1723
3 2071 1357 468
3 468 1723 3222
3 2769 2071 468
3 468 2491 2769
3 3222 2491 468
3 2370 1783 469
3 2690 748 470
3 470 806 1716
3 1716 1223 470
3 470 1223 2235
3 2021 1685 470
3 470 1685 2690
3 2235 2021 470
3 471 490 1547
3 1657 490 471
3 471 1060 1657
3 472 634 1106
3 1249 634 472
3 472 640 1249
3 472 1106 1619
3 774 500 473
3 473 500 1706
3 2160 900 473
3 473 1706 2160
3 2013 712 474
3 474 1494 2013
3 475 689 1783
3 2133 689 475
3 1662 711 475
3 475 711 2133
3 475 1282 1662
3 1783 1282 475
3 1705 876 476
3 476 876 2040
3 2601 1412 476
3 476 2040 3166
3 3166 2601 476
3 527 505 477
3 477 505 1067
3 995 527 477
3 1892 995 477
3 1897 1892 477
3 478 635 2000
3 2157 671 478
3 478 2000 2157
3 567 516 479
3 479 516 1508
3 1609 567 479
3 481 717 2156
3 481 1144 1691
3 482 1111 1812
3 2666 1111 482
3 482 1134 1377
3 2665 1134 482
3 482 1377 2666
3 482 1812 2665
3 483 597 1614
3 1408 854 484
3 1342 856 484
3 484 1129 1408
3 1694 840 485
3 485 840 2419
3 1850 1694 485
3 485 1697 1851
3 2957 1697 485
3 485 2419 2957
3 1406 501 486
3 486 501 1696
3 486 1091 1477
3 1477 1406 486
3 1696 1459 486
3 486 1459 1772
3 1772 1466 486
3 487 517 1740
3 2009 517 487
3 487 1471 1629
3 2090 1471 487
3 1629 1476 487
3 487 1476 2009
3 1740 1587 487
3 487 1587 2090
3 804 509 488
3 488 509 1771
3 488 637 1727
3 1649 886 488
3 1727 1649 488
3 489 503 1464
3 2937 503 489
3 489 716 2937
3 489 1464 2485
3 1657 1310 490
3 490 1310 1782
3 1634 1547 490
3 1782 1634 490
3 491 766 1703
3 2587 766 491
3 888 856 491
3 1703 888 491
3 1771 665 492
3 1561 1442 492
3 1984 846 493
3 493 846 2302
3 493 1417 1951
3 3310 1417 493
3 493 1551 2070
3 2302 1551 493
3 493 1951 1984
3 493 2070 3310
3 1675 510 494
3 1716 1675 494
3 1041 1013 495
3 495 1013 1586
3 495 1076 1472
3 1586 1076 495
3 2151 1363 496
3 496 1843 2151
3 497 1171 1583
3 2004 1171 497
3 497 1583 1588
3 497 1588 5366
3 497 1805 2004
3 5366 1805 497
3 1087 1063 498
3 1090 1087 498
3 499 558 1625
3 1712 558 499
3 1210 833 499
3 499 833 1712
3 1625 843 499
3 499 872 1210
3 500 600 1706
3 501 1406 1465
3 501 1465 3016
3 3005 2086 501
3 3016 3005 501
3 502 888 1703
3 502 1119 1221
3 1703 1119 502
3 502 1221 2367
3 2367 2085 502
3 503 627 1464
3 2086 627 503
3 1772 1459 503
3 2937 1772 503
3 504 656 1940
3 1978 656 504
3 504 1940 3490
3 3460 1978 504
3 504 3271 3460
3 3490 3271 504
3 505 527 773
3 505 773 1092
3 505 791 1067
3 1092 791 505
3 506 612 1256
3 1297 612 506
3 506 1062 1254
3 1256 1229 506
3 506 1254 1297
3 2000 723 507
3 2157 2000 507
3 1197 835 508
3 509 618 665
3 1999 618 509
3 509 665 1771
3 509 804 1999
3 1675 980 510
3 2951 861 511
3 511 861 4199
3 511 2807 2809
3 3594 2807 511
3 511 2809 2951
3 4152 3594 511
3 4199 4152 511
3 2952 2038 512
3 512 2038 4203
3 512 2297 3107
3 4203 2297 512
3 3246 2952 512
3 512 3107 3246
3 1674 938 513
3 513 938 2559
3 3211 1674 513
3 2553 2213 513
3 513 2213 3600
3 2559 2553 513
3 3600 3211 513
3 514 618 724
3 514 724 1043
3 2831 1475 515
3 515 1475 4666
3 3019 2831 515
3 4029 3019 515
3 4666 4029 515
3 516 567 2158
3 516 620 721
3 2088 620 516
3 516 721 1508
3 2158 2088 516
3 517 1478 1740
3 2300 1478 517
3 517 2009 3214
3 3214 2300 517
3 518 1112 1473
3 3560 1112 518
3 518 1473 1570
3 1550 1515 518
3 518 1515 3179
3 1570 1550 518
3 518 3179 3560
3 719 535 519
3 519 535 859
3 1999 719 519
3 859 724 519
3 519 724 1999
3 1683 740 520
3 1442 1099 521
3 521 1099 1665
3 521 1665 1913
3 521 1913 3007
3 3007 2087 521
3 728 680 522
3 522 680 1414
3 2079 728 522
3 1414 1272 522
3 522 1272 1481
3 522 1481 2079
3 1395 547 523
3 523 547 2757
3 1719 1395 523
3 2757 1574 523
3 1286 912 524
3 524 912 1339
3 524 1097 1286
3 1335 1097 524
3 2259 1335 524
3 524 1339 2259
3 525 747 1238
3 2493 747 525
3 1763 826 525
3 1238 1015 525
3 525 1015 1763
3 1204 743 526
3 526 746 1204
3 1116 773 527
3 527 995 1058
3 527 1058 1116
3 1653 682 528
3 528 682 1964
3 1704 862 528
3 528 862 3217
3 528 877 1704
3 1964 877 528
3 528 1626 1653
3 3217 1626 528
3 529 708 711
3 729 708 529
3 529 711 988
3 1144 729 529
3 529 988 2385
3 2385 1144 529
3 731 666 530
3 1027 731 530
3 1814 1027 530
3 2262 1814 530
3 531 702 792
3 2584 702 531
3 531 792 829
3 531 829 837
3 531 837 981
3 531 981 1672
3 531 1672 2584
3 3137 2308 532
3 532 2308 3319
3 532 2756 3137
3 3208 2756 532
3 3319 3009 532
3 532 3009 3400
3 3400 3208 532
3 533 808 1614
3 2263 808 533
3 1614 1518 533
3 533 1518 2511
3 4077 2263 533
3 533 2511 4077
3 534 1483 3033
3 3578 1483 534
3 2005 1597 534
3 534 1597 2844
3 3033 2005 534
3 534 2844 3578
3 535 719 2084
3 2008 859 535
3 2084 1075 535
3 5294 3912 536
3 536 5133 5294
3 2407 1692 537
3 537 1692 3587
3 3618 2407 537
3 3587 3041 537
3 537 3041 5443
3 5443 3618 537
3 2088 625 538
3 538 625 2673
3 2715 2088 538
3 1667 698 539
3 539 1018 1667
3 540 828 1680
3 2420 828 540
3 541 652 769
3 985 652 541
3 1497 659 542
3 542 659 1633
3 542 742 1134
3 1633 742 542
3 542 1134 1824
3 542 1263 1497
3 1824 1263 542
3 543 642 2466
3 2306 1595 543
3 2466 2306 543
3 544 626 1583
3 1171 947 544
3 544 947 1226
3 1583 1171 544
3 545 658 1248
3 1481 658 545
3 1248 735 545
3 545 735 1682
3 2079 1481 545
3 545 1682 2079
3 760 646 546
3 546 646 1802
3 1357 760 546
3 546 847 1357
3 1802 847 546
3 1261 761 547
3 547 1164 2227
3 1395 1261 547
3 547 2227 2757
3 2312 1883 548
3 548 1883 2505
3 548 2311 2312
3 3950 2311 548
3 548 2505 5482
3 5482 3950 548
3 826 754 549
3 549 754 1728
3 1453 826 549
3 549 853 1453
3 1796 853 549
3 1728 1130 549
3 549 1130 1796
3 550 948 1885
3 3951 948 550
3 550 1885 2314
3 2314 2311 550
3 550 2311 3953
3 3953 3951 550
3 1473 585 551
3 551 585 3242
3 551 1216 1550
3 1708 1216 551
3 1570 1473 551
3 551 1550 1570
3 2681 1708 551
3 3242 2681 551
3 989 811 552
3 1044 989 552
3 1885 1044 552
3 552 1842 2314
3 2314 1885 552
3 553 622 1601
3 1748 622 553
3 553 1412 2249
3 2249 1748 553
3 3869 1530 554
3 554 1530 4168
3 554 2329 4207
3 4427 2329 554
3 4207 3869 554
3 554 4168 4427
3 555 1678 1717
3 2180 1678 555
3 555 1753 2081
3 555 2081 2180
3 556 2431 3431
3 3469 2431 556
3 556 2820 3406
3 556 3406 3469
3 4803 2585 557
3 557 2585 4814
3 3241 2821 557
3 557 2821 4803
3 5000 3241 557
3 557 4814 5000
3 1712 1068 558
3 558 1068 2812
3 1808 1625 558
3 2812 1808 558
3 2092 608 559
3 559 608 2162
3 559 824 2092
3 2328 824 559
3 2162 1158 559
3 559 1158 2328
3 1985 624 560
3 560 624 3407
3 1592 1173 560
3 560 1173 1985
3 2974 1592 560
3 2997 2974 560
3 3407 2997 560
3 690 652 561
3 1213 820 562
3 562 820 2782
3 2792 1213 562
3 2782 2264 562
3 562 2264 3198
3 3198 2792 562
3 563 946 1504
3 3669 946 563
3 563 1504 3676
3 563 3667 3669
3 3676 3667 563
3 564 1505 1886
3 3676 1505 564
3 564 1886 3683
3 3675 3674 564
3 564 3674 3677
3 3683 3675 564
3 3677 3676 564
3 1488 1278 565
3 565 1278 2451
3 2451 1856 565
3 3279 568 566
3 566 568 3883
3 566 2345 3875
3 3883 2345 566
3 3588 3279 566
3 3875 3588 566
3 1036 794 567
3 567 794 2158
3 1609 1036 567
3 1939 583 568
3 568 583 3883
3 3279 1528 568
3 568 1528 4919
3 4919 1939 568
3 658 646 569
3 569 646 850
3 953 658 569
3 569 850 2492
3 1826 953 569
3 3322 1826 569
3 569 2492 3322
3 570 608 1517
3 2162 608 570
3 570 1517 2421
3 570 2023 2162
3 2238 2023 570
3 2421 2238 570
3 1207 602 571
3 571 602 1235
3 572 1710 2244
3 2354 1710 572
3 3131 1813 572
3 572 1813 3537
3 572 2244 3131
3 3537 2354 572
3 2325 1778 573
3 573 1778 3013
3 2431 2325 573
3 3431 2431 573
3 573 3013 3431
3 574 651 2583
3 2583 1672 574
3 575 2241 2431
3 4346 2241 575
3 575 2431 3469
3 4448 4346 575
3 576 1278 1488
3 2796 1278 576
3 1915 1303 576
3 576 1303 2325
3 576 1488 1531
3 576 1531 1915
3 2325 2241 576
3 576 2241 2796
3 1733 1054 577
3 577 1054 2404
3 2403 1733 577
3 577 2271 2403
3 2857 2271 577
3 577 2404 2857
3 1394 661 578
3 578 661 1593
3 578 1113 1394
3 1553 984 579
3 579 984 4370
3 5202 1553 579
3 4370 3225 579
3 579 3225 5392
3 5392 5202 579
3 885 607 580
3 580 607 1061
3 2646 885 580
3 580 1061 2560
3 2560 1474 580
3 580 1474 2646
3 581 709 726
3 1679 709 581
3 581 726 744
3 581 744 2346
3 2346 1679 581
3 723 614 582
3 827 723 582
3 2414 827 582
3 583 584 3918
3 4357 584 583
3 583 1939 4357
3 3918 3883 583
3 584 2226 4026
3 4357 2226 584
3 585 1473 2894
3 2894 1978 585
3 585 1978 3460
3 585 2933 3207
3 3460 2933 585
3 585 3207 3242
3 1594 812 586
3 586 812 1763
3 586 976 1635
3 1763 976 586
3 2664 1594 586
3 586 1635 2518
3 586 2518 3598
3 3598 2664 586
3 1013 596 587
3 587 596 1560
3 587 626 1311
3 1586 1013 587
3 587 1311 1586
3 1087 700 588
3 588 700 1114
3 1853 1087 588
3 588 1114 1853
3 4398 1524 589
3 589 1524 5387
3 589 1552 3924
3 5387 1552 589
3 589 2837 3783
3 3924 2837 589
3 589 3783 4690
3 4690 4398 589
3 590 989 1044
3 1890 1000 590
3 590 1044 1887
3 590 1887 1890
3 591 2361 3172
3 5150 2361 591
3 591 2705 3695
3 5435 2705 591
3 591 3172 5435
3 591 3695 5150
3 1877 1206 592
3 592 1206 2062
3 592 2062 5357
3 1441 1021 593
3 593 1235 1441
3 594 1063 1087
3 1853 1083 594
3 594 1087 1853
3 1104 884 595
3 595 884 2539
3 2317 1104 595
3 595 1564 2317
3 3909 1564 595
3 595 2539 3909
3 596 1013 1041
3 596 1041 2135
3 2244 1560 596
3 596 2135 2244
3 597 1118 1614
3 2310 1118 597
3 597 1363 2313
3 2313 2310 597
3 598 721 1329
3 599 2539 2711
3 5292 2539 599
3 599 2711 3147
3 599 3044 5292
3 5456 3044 599
3 599 3147 5456
3 600 1547 1634
3 600 1634 1706
3 601 1564 1581
3 4208 2348 601
3 601 2850 4208
3 602 1207 1209
3 602 1209 1235
3 2016 630 603
3 603 1673 2025
3 2025 2016 603
3 604 1440 2792
3 604 2281 2282
3 2792 2281 604
3 604 2282 2493
3 605 996 1110
3 1236 996 605
3 605 1110 1175
3 605 1120 1162
3 1175 1120 605
3 605 1162 1208
3 605 1208 1236
3 606 632 1435
3 1801 632 606
3 1435 702 606
3 606 702 2584
3 2584 1801 606
3 1082 656 607
3 607 656 1756
3 607 885 2405
3 607 942 1061
3 1756 942 607
3 2405 1082 607
3 1635 1517 608
3 2518 1635 608
3 608 2092 3598
3 3598 2518 608
3 609 695 722
3 610 770 1039
3 1421 770 610
3 610 1039 1439
3 1439 1351 610
3 610 1351 2270
3 2253 1421 610
3 2269 2253 610
3 2270 2269 610
3 611 676 1447
3 611 1447 3089
3 611 1834 1840
3 3089 1834 611
3 1345 1256 612
3 612 1297 1345
3 695 660 613
3 613 660 1137
3 1229 695 613
3 613 1137 2537
3 2537 1229 613
3 2000 635 614
3 614 723 2000
3 875 676 615
3 615 868 883
3 883 875 615
3 616 1037 1038
3 616 1038 1069
3 616 1069 1071
3 617 675 1092
3 1128 675 617
3 617 1092 1124
3 617 1124 1128
3 1546 665 618
3 1999 724 618
3 619 749 1352
3 1352 1154 619
3 619 1154 2184
3 2410 2014 619
3 619 2184 2410
3 620 2088 2715
3 1369 1324 621
3 622 1145 1601
3 623 1571 5474
3 3488 3133 623
3 623 3133 5452
3 5474 3488 623
3 624 664 1495
3 1985 664 624
3 1495 812 624
3 624 812 3407
3 2158 900 625
3 625 900 2160
3 625 2088 2158
3 625 2160 2673
3 1427 1311 626
3 627 1055 1242
3 1975 1055 627
3 627 1242 1464
3 2638 1975 627
3 627 2086 2638
3 628 632 1801
3 2351 632 628
3 789 643 628
3 628 643 2351
3 3171 789 628
3 628 1801 3171
3 629 643 1578
3 3393 643 629
3 1323 677 629
3 629 677 3157
3 1578 1323 629
3 630 1179 1340
3 2016 1179 630
3 1340 1186 630
3 631 1455 1456
3 2632 1455 631
3 631 1456 1773
3 631 1867 2632
3 632 633 1435
3 3278 633 632
3 632 2351 3278
3 633 1086 1435
3 1979 1086 633
3 3570 1979 633
3 3278 2852 633
3 633 2852 3570
3 634 829 1183
3 1249 829 634
3 2017 1106 634
3 634 1183 2017
3 636 1108 1186
3 2018 1108 636
3 636 1186 2371
3 636 1538 2018
3 637 1471 1727
3 1800 1471 637
3 637 1511 1800
3 2087 1511 637
3 1237 1211 638
3 638 1211 1271
3 1825 1237 638
3 638 1271 1326
3 638 1326 1825
3 639 778 863
3 2759 778 639
3 2306 795 639
3 639 795 3497
3 639 863 1595
3 639 1595 2306
3 3497 2759 639
3 1593 1249 640
3 1047 693 641
3 641 693 1160
3 641 819 1047
3 642 644 2466
3 789 776 643
3 643 776 1578
3 2908 2351 643
3 3393 2908 643
3 2658 2466 644
3 3789 2658 644
3 5442 3789 644
3 5472 5442 644
3 2147 669 645
3 645 669 2364
3 645 1603 2481
3 2481 2147 645
3 646 658 1802
3 646 760 850
3 647 1257 1373
3 1374 1257 647
3 647 1373 1378
3 648 1626 2469
3 2469 2376 648
3 648 2376 2642
3 649 1615 2380
3 5298 1615 649
3 649 2380 2472
3 649 2472 3635
3 3635 2556 649
3 649 2556 3777
3 649 3777 5298
3 651 776 789
3 651 789 2583
3 652 690 769
3 985 720 652
3 653 685 1140
3 1463 1003 653
3 653 1140 1463
3 2710 725 655
3 2416 727 655
3 655 727 2710
3 656 1082 1940
3 656 1461 1756
3 1978 1461 656
3 657 666 731
3 2984 666 657
3 657 731 2124
3 657 1330 1994
3 2124 1330 657
3 657 1994 2984
3 658 953 1248
3 658 1481 1802
3 1080 674 659
3 659 674 1633
3 1497 1080 659
3 660 695 973
3 1998 1137 660
3 661 705 981
3 1983 705 661
3 981 837 661
3 661 837 1593
3 661 1394 1983
3 662 741 1223
3 1585 741 662
3 662 1035 1585
3 662 1223 1716
3 663 1071 1094
3 664 1152 1220
3 1985 1152 664
3 664 1220 2337
3 2182 1495 664
3 2337 2182 664
3 666 876 1705
3 2984 876 666
3 667 1173 1592
3 667 1592 1700
3 667 1700 2453
3 2453 1701 667
3 668 674 1102
3 668 1102 1669
3 1669 1606 668
3 669 2147 3445
3 5444 2364 669
3 3445 3310 669
3 669 3310 5444
3 670 736 1563
3 1588 736 670
3 1591 838 670
3 670 1502 1588
3 670 1563 1591
3 671 793 1850
3 2157 793 671
3 1128 1124 672
3 672 1124 1185
3 1161 1128 672
3 2074 1161 672
3 672 1185 1219
3 672 1219 1566
3 672 1566 2074
3 673 1094 1128
3 1132 1094 673
3 673 1128 1161
3 1161 1132 673
3 674 1080 1102
3 1069 791 675
3 675 791 1092
3 1071 1069 675
3 1094 1071 675
3 1128 1094 675
3 676 875 1604
3 1589 1447 676
3 1604 1589 676
3 677 1323 1652
3 677 1652 2536
3 677 2536 3142
3 677 3142 3157
3 678 688 2026
3 3634 688 678
3 2434 1979 678
3 678 1979 3570
3 678 2026 2434
3 679 704 2414
3 680 728 730
3 680 730 1428
3 1881 1414 680
3 680 1428 1881
3 1580 1551 681
3 681 1551 2302
3 2288 1580 681
3 2883 1646 681
3 681 2302 2883
3 682 692 694
3 2173 692 682
3 682 694 860
3 682 860 1964
3 682 1653 2173
3 683 809 2673
3 2160 1706 683
3 2673 2160 683
3 684 704 1011
3 1668 704 684
3 684 1011 1744
3 1744 1267 684
3 1669 1140 685
3 685 1606 1669
3 2458 1507 686
3 686 1507 5438
3 5402 2458 686
3 4007 2716 686
3 686 2716 5402
3 5438 4007 686
3 687 1233 2536
3 1671 1486 687
3 687 1652 1671
3 2536 1652 687
3 688 709 1679
3 3437 709 688
3 688 1679 2026
3 3634 3437 688
3 689 2133 3746
3 1135 769 690
3 1198 1135 690
3 691 1209 1214
3 1235 1209 691
3 691 1214 1218
3 691 1218 5425
3 1441 1235 691
3 5425 1441 691
3 703 694 692
3 693 1047 3022
3 2502 1160 693
3 693 1491 2220
3 3022 1491 693
3 693 2220 2502
3 703 701 694
3 694 701 860
3 1229 722 695
3 1149 1083 696
3 696 1083 1853
3 1114 1084 696
3 696 1084 1149
3 1853 1114 696
3 5431 2394 697
3 4308 3496 697
3 697 3496 5431
3 697 3960 4308
3 1667 699 698
3 700 1087 1121
3 1169 1114 700
3 700 1121 1176
3 1176 1169 700
3 701 703 2682
3 1658 834 701
3 701 834 5446
3 5446 860 701
3 2682 1658 701
3 704 1668 2414
3 1983 1819 705
3 705 1819 2711
3 3099 710 706
3 706 710 3647
3 2029 1894 706
3 706 1894 3743
3 2887 2029 706
3 3647 2887 706
3 3743 3099 706
3 2889 871 707
3 707 871 5479
3 707 1573 2889
3 5479 2784 707
3 1234 711 708
3 708 729 1136
3 708 1136 1267
3 1821 1234 708
3 708 1267 1821
3 3461 726 709
3 709 3437 3461
3 2889 1573 710
3 3099 2889 710
3 1662 988 711
3 711 1234 2133
3 2007 798 712
3 1497 864 712
3 712 864 2007
3 2013 1497 712
3 714 732 738
3 1151 732 714
3 714 738 2420
3 1049 752 714
3 714 752 1151
3 2420 1049 714
3 1394 1113 715
3 715 1113 3024
3 2375 1394 715
3 5452 2375 715
3 3024 2863 715
3 715 2863 5452
3 716 1575 1772
3 1862 1575 716
3 716 1772 2937
3 799 767 718
3 804 787 719
3 719 787 2941
3 1999 804 719
3 2941 2084 719
3 722 750 1070
3 1256 750 722
3 722 1229 1256
3 724 859 2015
3 2015 1043 724
3 726 727 744
3 2635 727 726
3 2418 744 727
3 727 2416 2418
3 727 2635 2710
3 1785 730 728
3 1232 1202 728
3 728 1202 1785
3 2079 1232 728
3 1678 1428 730
3 1717 1678 730
3 2424 1717 730
3 730 1785 2424
3 732 734 738
3 1143 734 732
3 1619 1143 732
3 732 1151 1619
3 1224 997 733
3 733 997 1877
3 2785 1224 733
3 733 1877 3831
3 3450 2785 733
3 733 3260 3450
3 3831 3260 733
3 1012 738 734
3 2346 1012 734
3 734 1143 1679
3 734 1679 2346
3 735 1115 1682
3 2393 1115 735
3 735 1248 1873
3 735 1873 2393
3 1588 977 736
3 736 977 1915
3 2280 1563 736
3 736 1915 2280
3 737 1532 2257
3 1769 1683 737
3 3321 1769 737
3 737 2257 3321
3 1012 828 738
3 738 828 2420
3 739 1022 1028
3 1066 1022 739
3 739 1028 1073
3 740 779 982
3 1683 779 740
3 740 982 1264
3 741 745 1684
3 1699 745 741
3 2235 1223 741
3 741 1585 1699
3 741 1684 2235
3 1377 1134 742
3 742 1159 1572
3 1633 1159 742
3 1695 1377 742
3 742 1572 3516
3 5276 1695 742
3 742 3516 5276
3 2418 979 744
3 3389 1684 745
3 3401 3389 745
3 746 810 1204
3 2572 1238 747
3 2493 1602 747
3 747 1602 2627
3 747 2442 2572
3 2627 2442 747
3 748 764 1687
3 2690 764 748
3 1687 1197 748
3 1348 1178 750
3 750 1256 1345
3 750 1345 1348
3 1225 785 751
3 751 785 1467
3 751 864 1497
3 2007 864 751
3 1497 1225 751
3 751 1467 2644
3 2644 2007 751
3 1049 755 752
3 752 755 1208
3 1166 1151 752
3 1208 1166 752
3 1474 941 753
3 753 941 3435
3 2646 1474 753
3 753 2298 2890
3 3435 2298 753
3 2890 2646 753
3 754 812 1495
3 1763 812 754
3 754 826 1763
3 1495 1276 754
3 754 1276 1728
3 1236 1208 755
3 755 1211 1236
3 3124 1734 756
3 756 1734 5468
3 2045 1765 756
3 756 1765 3124
3 756 2010 2047
3 5468 2010 756
3 2047 2045 756
3 757 1830 2831
3 3020 1830 757
3 757 2831 3019
3 757 2848 3020
3 3866 2848 757
3 757 3019 3866
3 2424 1268 758
3 758 1268 2991
3 1732 1721 758
3 758 1721 2424
3 3504 1732 758
3 758 2991 3504
3 2433 1711 759
3 2896 2433 759
3 3287 2896 759
3 1357 782 760
3 760 782 1367
3 1367 850 760
3 761 1261 1644
3 762 765 3728
3 3805 765 762
3 3379 781 762
3 762 781 3805
3 3728 3379 762
3 763 1089 1317
3 763 1317 2198
3 1757 1755 763
3 2198 1757 763
3 2690 1685 764
3 764 1685 5455
3 2201 1489 765
3 765 1489 3728
3 3046 2201 765
3 765 2781 3046
3 3805 2781 765
3 766 1009 2069
3 766 1119 1703
3 2069 1119 766
3 1596 768 767
3 1343 1298 768
3 1562 1343 768
3 1135 1096 769
3 1415 1039 770
3 770 1421 1719
3 771 1084 1156
3 2018 1084 771
3 1146 1108 771
3 771 1108 2018
3 2432 1707 772
3 772 1707 2444
3 2444 1725 772
3 772 1725 5504
3 3926 2432 772
3 5504 3926 772
3 1088 927 773
3 773 927 1092
3 1116 1088 773
3 775 786 4007
3 5462 786 775
3 775 2592 5032
3 5438 2592 775
3 5282 3084 775
3 775 3084 5462
3 775 4007 5438
3 775 5032 5282
3 776 1179 1578
3 4320 1718 777
3 777 1718 5112
3 777 2445 4015
3 5112 2445 777
3 4221 3293 777
3 777 3293 4320
3 777 4015 4221
3 778 790 863
3 1046 790 778
3 2702 1046 778
3 2759 2702 778
3 2192 1529 779
3 779 1683 2185
3 779 2185 2192
3 780 1720 3256
3 4601 1720 780
3 780 3256 5426
3 5473 4601 780
3 5426 4773 780
3 780 4773 5473
3 2983 2781 781
3 781 2781 3805
3 3211 2983 781
3 3379 3211 781
3 1366 1257 782
3 782 1257 1367
3 782 1357 1366
3 783 2095 2455
3 2822 2095 783
3 783 2455 2819
3 783 2819 4486
3 4813 2822 783
3 783 4486 4813
3 784 1359 1745
3 784 1745 2378
3 785 1225 1579
3 785 1579 2075
3 785 2075 3510
3 786 2438 4463
3 5462 2438 786
3 3204 2716 786
3 786 2716 4007
3 4463 3204 786
3 787 1952 2941
3 2072 1078 788
3 788 1486 1671
3 788 1671 2072
3 3171 2583 789
3 2449 863 790
3 1046 943 790
3 790 943 2305
3 790 2305 3248
3 3248 2449 790
3 1069 1067 791
3 793 1231 1850
3 794 900 2158
3 794 1036 1103
3 2466 801 795
3 795 801 2813
3 795 2306 2466
3 795 2813 3497
3 796 1001 1336
3 1775 1002 797
3 797 1002 2286
3 2007 1576 798
3 800 807 2315
3 3743 807 800
3 2401 849 800
3 800 849 3031
3 800 2315 2401
3 800 3031 3743
3 801 987 2470
3 3789 987 801
3 801 2466 2658
3 801 2470 2680
3 801 2658 3789
3 801 2680 2813
3 2433 803 802
3 802 803 2464
3 3628 2433 802
3 802 2464 4486
3 3629 3628 802
3 4486 3629 802
3 803 817 818
3 2896 817 803
3 803 818 2464
3 803 2433 2896
3 805 849 2369
3 3031 849 805
3 919 871 805
3 805 871 2889
3 1815 919 805
3 2369 1815 805
3 805 2889 3031
3 806 1680 2078
3 2078 1716 806
3 1894 1656 807
3 807 1656 2243
3 3743 1894 807
3 807 2243 2315
3 2654 1304 808
3 808 2263 2654
3 810 1093 1673
3 2072 1093 810
3 810 1147 1204
3 1673 1147 810
3 812 1594 3407
3 2419 840 813
3 813 840 2475
3 2344 1935 813
3 813 1935 3201
3 2483 2344 813
3 2957 2419 813
3 813 2475 2483
3 3201 2957 813
3 814 1753 1755
3 2181 1753 814
3 1755 1754 814
3 814 1754 3822
3 5501 2181 814
3 814 3822 5501
3 2198 1376 815
3 815 1376 3828
3 815 1754 1757
3 3822 1754 815
3 815 1757 2198
3 3827 3822 815
3 3828 3827 815
3 816 832 2369
3 2369 849 816
3 816 849 2401
3 4648 818 817
3 817 2896 3920
3 3920 3051 817
3 817 3051 4648
3 818 1262 2464
3 4648 1262 818
3 1693 1047 819
3 819 1048 1693
3 820 1039 1415
3 1439 1039 820
3 820 1213 1440
3 820 1415 2782
3 1440 1439 820
3 2192 1368 821
3 821 1368 3530
3 821 1761 2192
3 3098 1761 821
3 3527 3098 821
3 3529 3527 821
3 821 3528 3529
3 3530 3528 821
3 822 1379 1762
3 3538 1379 822
3 822 1762 3527
3 822 3527 3539
3 3539 3538 822
3 823 1645 2399
3 2428 1645 823
3 823 2350 4476
3 4994 2350 823
3 823 2399 3143
3 4476 2428 823
3 823 3143 4994
3 2328 1010 824
3 824 1010 3206
3 3206 2092 824
3 3651 1764 825
3 825 1764 4491
3 4525 3651 825
3 825 4354 4578
3 4581 4354 825
3 825 4491 4581
3 4578 4525 825
3 827 951 1006
3 1668 951 827
3 2414 1668 827
3 828 1012 2346
3 828 1500 1680
3 1593 837 829
3 829 1249 1593
3 830 1186 1340
3 2371 1186 830
3 832 1815 2369
3 3381 1815 832
3 1210 848 833
3 833 848 1400
3 833 1400 1805
3 1747 1712 833
3 1805 1747 833
3 834 1658 2854
3 834 2854 5446
3 835 1197 1636
3 2174 2055 836
3 836 2055 3239
3 2489 2174 836
3 4106 2489 836
3 836 3239 4368
3 5499 4106 836
3 836 4368 5499
3 1597 921 838
3 1591 1014 838
3 838 1014 1597
3 2218 1773 839
3 839 1773 3541
3 839 1950 2218
3 2528 1950 839
3 839 2480 2528
3 3541 2480 839
3 840 1694 4079
3 4079 2475 840
3 841 1602 2282
3 2294 1602 841
3 2282 2193 841
3 841 2193 3571
3 2478 2294 841
3 3571 2478 841
3 842 1739 1798
3 2484 1739 842
3 1799 1793 842
3 842 1793 2945
3 842 1798 1799
3 842 1804 2484
3 2945 1804 842
3 1625 1300 843
3 844 1609 3266
3 3267 1609 844
3 844 2934 3267
3 3655 2934 844
3 844 3266 3655
3 2147 878 845
3 845 878 3485
3 845 913 1417
3 3485 913 845
3 845 1417 3310
3 3445 2147 845
3 845 3310 3445
3 846 961 1647
3 2161 961 846
3 846 1647 2302
3 1984 1767 846
3 846 1767 3052
3 3052 2161 846
3 1723 1357 847
3 1802 1451 847
3 847 1451 2501
3 2307 1723 847
3 2501 2307 847
3 848 1210 1239
3 848 1239 1809
3 2833 1400 848
3 1809 1806 848
3 848 1806 2833
3 850 1367 2732
3 3111 2492 850
3 850 2732 3111
3 1964 860 851
3 851 860 5446
3 851 877 1964
3 3462 877 851
3 851 2041 3462
3 5446 2041 851
3 852 1334 1496
3 1748 1334 852
3 1458 1453 853
3 2285 1458 853
3 853 1796 2285
3 1632 1359 854
3 854 1408 2495
3 854 1426 1632
3 2495 1426 854
3 855 1395 1403
3 1644 1395 855
3 855 1403 2773
3 2762 1644 855
3 855 2020 2762
3 2773 2020 855
3 1636 1197 857
3 857 1197 1687
3 2170 1636 857
3 2961 2170 857
3 858 1557 2317
3 3813 1557 858
3 2317 1564 858
3 2955 869 861
3 861 869 4199
3 861 2951 2955
3 862 901 2469
3 3398 901 862
3 862 1704 3455
3 862 2469 3217
3 3455 3398 862
3 2449 1595 863
3 865 1008 1516
3 1540 1008 865
3 865 1011 1540
3 2722 1011 865
3 865 1516 2292
3 865 2292 3577
3 3577 2722 865
3 866 999 1344
3 1663 999 866
3 2286 1002 866
3 866 1002 2718
3 866 1344 2286
3 3613 1663 866
3 866 2718 3613
3 867 1777 2959
3 3329 1777 867
3 2953 2727 867
3 867 2727 3332
3 2959 2953 867
3 3332 3329 867
3 893 883 868
3 2956 870 869
3 869 870 4201
3 869 2955 2956
3 4200 4199 869
3 4201 4200 869
3 3333 2506 870
3 870 2506 4201
3 870 2956 2962
3 870 2962 3333
3 871 919 5479
3 872 875 1210
3 1604 875 872
3 872 1316 1604
3 3333 2966 873
3 873 2966 3341
3 3335 3333 873
3 3341 3335 873
3 874 875 883
3 1313 875 874
3 874 883 3105
3 874 1239 1313
3 1810 1239 874
3 2503 1810 874
3 3105 2503 874
3 1313 1210 875
3 2838 2040 876
3 2984 2838 876
3 2481 1598 878
3 878 1598 2634
3 878 2147 2481
3 878 2634 2898
3 878 2898 3485
3 879 880 2967
3 3337 880 879
3 879 1404 2558
3 2967 1404 879
3 879 2558 3337
3 880 2336 2967
3 2968 2336 880
3 880 2338 2968
3 3348 2338 880
3 880 3337 3348
3 2972 891 882
3 882 891 3350
3 3342 2969 882
3 882 2969 4672
3 4672 2972 882
3 3350 3342 882
3 883 893 2510
3 2510 2508 883
3 883 2508 3105
3 1104 978 884
3 2711 2539 884
3 2646 2212 885
3 885 2212 2730
3 2730 2405 885
3 1545 926 886
3 2089 1545 886
3 1649 1587 886
3 886 1587 2089
3 1534 947 887
3 887 947 2277
3 887 1167 1534
3 2277 1544 887
3 889 890 2620
3 3355 890 889
3 2968 2338 889
3 889 2338 3348
3 889 2620 2968
3 3348 3344 889
3 889 3344 3355
3 890 895 2517
3 3355 895 890
3 890 2517 2620
3 1828 892 891
3 891 892 3357
3 2972 1828 891
3 4179 3350 891
3 891 3357 3678
3 891 3678 4179
3 1831 898 892
3 892 898 3357
3 892 1828 1831
3 893 894 2516
3 2512 2510 893
3 2516 2512 893
3 894 907 2522
3 2522 2516 894
3 895 896 2517
3 3353 896 895
3 895 3351 3353
3 3355 3351 895
3 896 1638 2517
3 2987 1638 896
3 896 2309 2987
3 3359 2309 896
3 896 3353 3359
3 897 912 1252
3 1339 912 897
3 897 1252 1298
3 897 1298 1343
3 1343 1339 897
3 1839 899 898
3 898 899 3362
3 898 1831 1839
3 3685 3357 898
3 898 3362 3685
3 1839 905 899
3 899 905 2531
3 899 2531 3362
3 901 2236 2469
3 2683 2236 901
3 3605 2683 901
3 901 3398 3605
3 1851 1157 902
3 911 909 903
3 2022 911 903
3 903 1840 1847
3 1847 1841 903
3 903 1841 2022
3 904 914 1848
3 2993 914 904
3 904 1848 2988
3 904 2309 2534
3 2987 2309 904
3 904 2534 2993
3 2988 2987 904
3 1844 906 905
3 905 906 2531
3 905 1839 1844
3 906 1844 2995
3 2995 1857 906
3 906 1857 3366
3 3366 2531 906
3 907 909 910
3 907 910 1409
3 907 1409 1845
3 907 1845 2526
3 2526 2522 907
3 908 1212 1506
3 918 910 909
3 909 911 918
3 910 917 1409
3 2255 918 911
3 911 2022 5497
3 5497 2255 911
3 1286 1252 912
3 1811 1417 913
3 3809 1811 913
3 913 3382 3809
3 4190 3382 913
3 913 3485 4190
3 914 920 1849
3 2999 920 914
3 1849 1848 914
3 914 2993 2999
3 916 1857 2538
3 4206 1857 916
3 2543 1864 916
3 916 1864 3370
3 916 2538 2543
3 916 3370 4206
3 917 924 1858
3 1854 1409 917
3 1858 1854 917
3 3047 1126 918
3 918 2255 3047
3 1815 1020 919
3 919 1020 2854
3 919 2854 5479
3 920 1309 1861
3 2998 1309 920
3 1861 1849 920
3 920 2295 2998
3 2999 2295 920
3 2949 1200 921
3 921 1597 2005
3 921 2005 2949
3 922 3301 4187
3 922 4187 4360
3 923 1864 2543
3 3375 1864 923
3 2544 1871 923
3 923 1871 3375
3 923 2543 2544
3 924 925 2289
3 1865 1858 924
3 2289 1865 924
3 1205 933 925
3 925 933 2289
3 927 1088 1175
3 1124 1092 927
3 1215 1124 927
3 927 1175 1215
3 1069 1038 928
3 928 1038 1905
3 928 1067 1069
3 1150 1085 928
3 1905 1150 928
3 929 930 1868
3 3002 930 929
3 929 1309 1651
3 2165 1309 929
3 929 1651 3001
3 929 1868 2165
3 929 3001 3002
3 930 936 2721
3 3006 936 930
3 2721 1868 930
3 930 3002 3006
3 931 1871 2549
3 3374 1871 931
3 2549 1876 931
3 931 1876 3377
3 3377 3374 931
3 932 933 939
3 2289 933 932
3 932 939 1396
3 932 1396 1872
3 1872 1870 932
3 932 1870 2289
3 1163 939 933
3 1423 1163 933
3 933 1205 1423
3 5087 964 934
3 5236 5087 934
3 935 1061 1163
3 2560 1061 935
3 935 1163 1423
3 1423 1205 935
3 935 1205 2058
3 2058 1565 935
3 935 1565 2060
3 935 2060 2560
3 936 937 1875
3 4341 937 936
3 936 1875 2721
3 936 3006 4341
3 2944 1875 937
3 937 1912 2944
3 3218 1912 937
3 937 3015 3218
3 4341 3015 937
3 938 1674 2527
3 2527 1876 938
3 938 1876 2555
3 938 2555 2559
3 939 942 1030
3 1163 942 939
3 939 1030 1969
3 1969 1396 939
3 940 941 1879
3 5478 941 940
3 940 1879 1912
3 940 1912 3218
3 3218 3014 940
3 940 3014 5478
3 941 1474 1879
3 5478 3435 941
3 1756 1030 942
3 1163 1061 942
3 943 1046 3361
3 943 1598 2305
3 2634 1598 943
3 3361 2634 943
3 2039 945 944
3 944 945 3663
3 944 1882 2039
3 3308 1882 944
3 3663 3308 944
3 1884 946 945
3 945 946 5481
3 2039 1884 945
3 945 3661 3663
3 5481 3661 945
3 2847 1504 946
3 946 1884 2847
3 946 3669 5481
3 947 1171 1752
3 1534 1226 947
3 947 1752 2277
3 948 949 3077
3 3955 949 948
3 3077 1885 948
3 3951 3520 948
3 948 3520 3955
3 949 950 1887
3 3956 950 949
3 949 1887 3077
3 949 3955 3956
3 950 954 1890
3 3959 954 950
3 1890 1887 950
3 950 3956 3959
3 1630 1338 951
3 1668 1630 951
3 1889 1888 952
3 952 1888 3689
3 3683 1889 952
3 3682 3681 952
3 952 3681 3684
3 3689 3682 952
3 3684 3683 952
3 1873 1248 953
3 953 1826 4507
3 954 955 1890
3 3957 955 954
3 3959 3957 954
3 955 958 1893
3 3961 958 955
3 1893 1890 955
3 955 3957 3961
3 1891 957 956
3 956 957 3688
3 3689 1891 956
3 956 3688 3690
3 3690 3689 956
3 1895 959 957
3 957 959 3693
3 957 1891 1895
3 3694 3688 957
3 957 3693 3694
3 3698 1893 958
3 3692 3691 958
3 958 3691 3698
3 3961 3692 958
3 1896 960 959
3 959 960 3693
3 959 1895 1896
3 1900 962 960
3 960 962 3702
3 960 1896 2037
3 2037 1900 960
3 3702 3693 960
3 2340 1647 961
3 961 2161 2340
3 962 1900 1901
3 962 1901 2523
3 962 2523 3701
3 3701 3700 962
3 962 3700 3702
3 2034 966 963
3 963 966 3708
3 963 1901 2034
3 2523 1901 963
3 3710 2523 963
3 963 3708 3710
3 4129 2728 964
3 5087 4129 964
3 2898 2634 965
3 965 2634 3361
3 1904 967 966
3 966 967 3709
3 2034 1904 966
3 3709 3708 966
3 1908 969 967
3 967 969 3717
3 1904 1347 967
3 967 1347 1908
3 3717 3709 967
3 968 972 1906
3 3712 972 968
3 968 1906 3713
3 3714 3712 968
3 968 3713 3714
3 1908 1907 969
3 969 1907 3941
3 3716 3715 969
3 969 3715 3717
3 3941 3716 969
3 970 1907 2177
3 3941 1907 970
3 970 2177 4721
3 4721 3726 970
3 970 3726 5475
3 5475 3941 970
3 3075 972 971
3 971 972 3721
3 971 1909 3075
3 3727 1909 971
3 3721 3719 971
3 971 3719 3727
3 3075 1906 972
3 972 3712 3721
3 1910 975 974
3 974 975 3724
3 2177 1910 974
3 4721 2177 974
3 3724 3722 974
3 974 3722 4721
3 975 1910 2163
3 2163 1914 975
3 975 1914 2862
3 975 2862 3729
3 3729 3724 975
3 976 1015 1517
3 1763 1015 976
3 976 1517 1635
3 1588 1583 977
3 1680 1500 979
3 2418 1680 979
3 980 1675 2416
3 982 1051 1264
3 983 1927 3286
3 3783 1927 983
3 983 3286 3660
3 983 3660 4701
3 5183 3783 983
3 983 4701 5183
3 1933 992 984
3 984 992 4379
3 984 1553 1918
3 984 1918 1933
3 4379 4370 984
3 1506 995 986
3 986 995 1892
3 1889 1506 986
3 986 1888 1889
3 1892 1888 986
3 987 1599 2470
3 3397 1599 987
3 5442 3397 987
3 987 3789 5442
3 988 1662 2504
3 2504 2385 988
3 990 1923 1945
3 3660 1923 990
3 990 1945 3786
3 3876 3660 990
3 990 3786 4703
3 4703 3876 990
3 4177 1004 991
3 991 1004 4706
3 3786 1945 991
3 991 1945 4177
3 4196 3786 991
3 4706 4196 991
3 1931 993 992
3 992 993 4375
3 1933 1931 992
3 4375 4374 992
3 992 4374 4379
3 993 1931 1932
3 993 1932 1948
3 993 1948 4381
3 4382 4375 993
3 993 4381 4382
3 994 1074 2780
3 3562 1873 994
3 994 2780 3562
3 1212 1058 995
3 1506 1212 995
3 1217 1110 996
3 1243 1217 996
3 996 1236 1237
3 996 1237 1243
3 1554 1206 997
3 997 1206 1877
3 2735 1100 999
3 999 1663 2237
3 999 2237 3141
3 3141 2735 999
3 1066 1063 1000
3 1893 1066 1000
3 1000 1890 1893
3 1002 1775 2003
3 1002 2003 2718
3 4177 1943 1004
3 1004 1943 4335
3 4335 3146 1004
3 1004 3146 4708
3 4708 4706 1004
3 3146 1944 1005
3 1005 1944 3784
3 4710 3146 1005
3 3784 3205 1005
3 1005 3205 4712
3 4712 4710 1005
3 1007 1107 1424
3 3471 1107 1007
3 1007 1216 1708
3 1007 1708 3471
3 1008 1189 1516
3 1081 1010 1009
3 1009 1010 1148
3 1009 1432 2069
3 1010 1081 1484
3 1010 1484 3206
3 2722 1744 1011
3 1014 1591 2222
3 1882 1597 1014
3 2222 1882 1014
3 2421 1517 1015
3 3205 2610 1016
3 1016 2610 5399
3 1016 3070 5381
3 5399 3070 1016
3 1016 3195 3205
3 4715 3195 1016
3 5381 4715 1016
3 1017 3070 4244
3 5381 3070 1017
3 1017 4244 4953
3 4719 4717 1017
3 1017 4717 5381
3 4953 4719 1017
3 1019 1955 1956
3 4389 1955 1019
3 1019 1956 1967
3 1019 1967 2943
3 1019 2943 4400
3 4391 4389 1019
3 4400 4391 1019
3 1020 1815 3381
3 3381 2027 1020
3 1020 2027 5446
3 5446 2854 1020
3 1321 1317 1021
3 2166 1321 1021
3 1021 1441 2166
3 1902 1028 1022
3 1022 1066 1898
3 1022 1898 1899
3 1022 1899 1902
3 1023 4824 4826
3 4910 4824 1023
3 1023 4826 4828
3 1023 4828 4829
3 1023 4829 4908
3 1023 4908 4910
3 1962 1025 1024
3 1024 1025 4722
3 1024 1961 1962
3 4953 1961 1024
3 4722 4719 1024
3 1024 4719 4953
3 1971 1032 1025
3 1025 1032 4725
3 1025 1962 1971
3 4723 4722 1025
3 4725 4723 1025
3 1026 1966 1976
3 4395 1966 1026
3 1026 1976 3168
3 1026 3168 3672
3 1026 3672 4396
3 4396 4395 1026
3 1028 1048 1073
3 2454 1048 1028
3 1028 1902 1903
3 1028 1903 1906
3 1028 1906 2454
3 1296 1068 1029
3 1029 1068 5366
3 1029 1241 2091
3 5366 1241 1029
3 2091 1296 1029
3 1030 1461 1543
3 1756 1461 1030
3 1543 1462 1030
3 1030 1462 1569
3 1030 1569 1969
3 4911 4216 1031
3 1031 4216 5018
3 1031 4829 4832
3 5018 4829 1031
3 1031 4832 4911
3 2617 1033 1032
3 1032 1033 4727
3 1032 1971 2617
3 4727 4725 1032
3 3184 2334 1033
3 1033 2334 5154
3 1033 2617 3184
3 5154 4727 1033
3 1034 1460 3725
3 3725 1775 1034
3 1035 1059 1122
3 1138 1059 1035
3 1035 1122 2607
3 1836 1585 1035
3 2651 1836 1035
3 1035 2607 2651
3 1688 1103 1036
3 1036 1609 3267
3 3267 1688 1036
3 1908 1038 1037
3 1037 1907 1908
3 2168 1907 1037
3 1038 1347 1904
3 1908 1347 1038
3 1038 1904 1905
3 1040 3188 5226
3 5290 3188 1040
3 1040 3202 4914
3 5226 3202 1040
3 4914 4913 1040
3 1040 4913 5290
3 1041 1521 2135
3 2334 1982 1042
3 1042 1982 2626
3 5157 2334 1042
3 1042 2626 3742
3 1042 3742 5159
3 5159 5157 1042
3 1044 1885 3077
3 3077 1887 1044
3 2163 1910 1045
3 1045 1910 2177
3 2014 1914 1045
3 1045 1914 2163
3 2177 2168 1045
3 1047 1693 1909
3 1047 1909 3022
3 2454 1693 1048
3 2024 1991 1050
3 1050 1991 4812
3 5088 2024 1050
3 4812 2637 1050
3 1050 2637 5070
3 5070 4863 1050
3 1050 4863 5088
3 1722 1264 1051
3 1051 1636 1722
3 1052 1993 1997
3 2640 1993 1052
3 1052 1997 2102
3 1052 2102 4612
3 3387 2640 1052
3 4612 3387 1052
3 1053 1072 2788
3 1054 1075 1493
3 1054 1324 1369
3 1733 1324 1054
3 1054 1493 2404
3 1055 1159 1242
3 1572 1159 1055
3 1055 1975 3305
3 1860 1504 1056
3 1506 1505 1056
3 1056 1505 1860
3 1057 1647 2340
3 3181 1647 1057
3 1766 1656 1057
3 1057 1656 2358
3 2340 1766 1057
3 1057 2358 3181
3 1060 1304 2125
3 2125 1855 1060
3 1062 1219 1251
3 1566 1219 1062
3 1062 1251 1254
3 1558 1107 1065
3 1065 1107 1746
3 2485 1558 1065
3 1066 1893 1898
3 1068 1296 2812
3 1068 1712 1747
3 1068 1747 1805
3 1068 1805 5366
3 1072 2075 3396
3 1072 2507 3233
3 3396 2507 1072
3 3233 2788 1072
3 1073 1095 1125
3 4507 1196 1074
3 1996 1493 1075
3 1075 1631 1996
3 2084 1631 1075
3 1883 1472 1076
3 1076 1586 2567
3 2608 1883 1076
3 1076 2567 2608
3 1428 1109 1077
3 1077 1109 2489
3 3559 1375 1077
3 1077 2489 3559
3 1080 1098 1102
3 2013 1098 1080
3 1080 1497 2013
3 2946 1484 1081
3 3145 2946 1081
3 1082 1275 1940
3 2106 1275 1082
3 2405 2106 1082
3 1084 1114 1156
3 2018 1149 1084
3 1085 1150 1349
3 1085 1349 1896
3 1085 1896 1897
3 1086 1183 1435
3 2017 1183 1086
3 1086 1979 2017
3 1087 1090 1121
3 1088 1116 1120
3 1088 1120 1175
3 1123 1121 1090
3 1125 1123 1090
3 1514 1477 1091
3 3510 1514 1091
3 1093 1290 2025
3 2072 1290 1093
3 2025 1673 1093
3 1095 1096 1131
3 1131 1125 1095
3 1135 1131 1096
3 1097 1244 1286
3 5425 1244 1097
3 1335 1327 1097
3 1097 1327 1541
3 1097 1541 5425
3 1140 1102 1098
3 2013 1494 1098
3 1099 1153 1665
3 1099 1442 1561
3 1561 1554 1099
3 2735 1607 1100
3 3562 2780 1101
3 1102 1140 1669
3 2317 1402 1104
3 2607 1122 1105
3 1105 1717 2893
3 1105 1721 2607
3 2893 1721 1105
3 1106 1143 1619
3 2026 1143 1106
3 1106 2017 2026
3 1558 1424 1107
3 2228 1746 1107
3 3471 2228 1107
3 1108 1146 1147
3 1109 1428 2174
3 1109 2174 2489
3 1217 1175 1110
3 3403 1812 1111
3 1111 2011 2304
3 2666 2011 1111
3 1111 2304 4325
3 4325 3403 1111
3 1112 1448 1461
3 1112 1461 2894
3 2894 1473 1112
3 1169 1156 1114
3 1116 1117 1120
3 1162 1120 1117
3 2395 1162 1117
3 1118 1518 1614
3 2496 1518 1118
3 2310 1803 1118
3 1118 1803 2496
3 1432 1157 1119
3 1119 1157 2001
3 2001 1221 1119
3 2069 1432 1119
3 1121 1123 1180
3 1180 1176 1121
3 1123 1125 1127
3 1123 1127 1180
3 1215 1185 1124
3 1131 1127 1125
3 2540 1698 1126
3 3047 2540 1126
3 1127 1131 1187
3 1188 1180 1127
3 1127 1187 1188
3 1797 1408 1129
3 3017 1797 1129
3 1129 2085 3017
3 1130 1728 2240
3 2645 1796 1130
3 1130 2240 2494
3 1130 2494 2656
3 2656 2645 1130
3 1131 1135 1187
3 2537 1137 1132
3 1132 1161 2537
3 1133 1303 1560
3 2325 1303 1133
3 1133 1452 2325
3 2354 1452 1133
3 1133 1560 1710
3 1133 1710 2354
3 1134 1692 1824
3 2665 1692 1134
3 1199 1187 1135
3 1135 1198 1199
3 1141 1338 1383
3 2026 1679 1143
3 1145 1315 1601
3 1145 1576 1862
3 1204 1147 1146
3 2018 1538 1149
3 1900 1349 1150
3 1901 1900 1150
3 1905 1901 1150
3 1151 1166 1253
3 1151 1253 1619
3 1985 1173 1152
3 1152 1178 1499
3 1499 1220 1152
3 1153 1192 1665
3 1733 1192 1153
3 1153 1324 1733
3 1154 1627 2184
3 1701 1657 1155
3 1156 1169 1207
3 1851 1628 1157
3 1157 1628 2001
3 1158 1240 2073
3 2162 1240 1158
3 1558 1242 1159
3 1550 1216 1160
3 1160 1515 1550
3 1643 1515 1160
3 2502 1643 1160
3 1161 2074 2537
3 1162 1166 1208
3 2031 1166 1162
3 2395 2031 1162
3 3739 2227 1164
3 3228 2333 1165
3 1165 2333 5074
3 3875 3228 1165
3 4694 3875 1165
3 5074 4694 1165
3 2031 1253 1166
3 2291 1534 1167
3 1168 1428 1678
3 2174 1428 1168
3 1168 1678 2180
3 1168 2068 2174
3 2175 2068 1168
3 2180 2175 1168
3 1169 1176 1214
3 1209 1207 1169
3 1214 1209 1169
3 1170 3071 4621
3 5171 3071 1170
3 4625 3565 1170
3 1170 3565 5178
3 1170 4621 4625
3 1170 5096 5171
3 5178 5096 1170
3 1171 1624 1752
3 2004 1624 1171
3 4039 1393 1174
3 1174 1393 5167
3 2614 2391 1174
3 1174 2391 4039
3 4042 2614 1174
3 4930 4042 1174
3 5167 4930 1174
3 1175 1185 1215
3 1217 1185 1175
3 1176 1180 1182
3 1176 1182 1214
3 1177 2046 4627
3 5100 2046 1177
3 4678 2989 1177
3 1177 2989 5100
3 1177 4627 5414
3 1177 4631 4678
3 5414 4631 1177
3 1178 1348 1499
3 2016 1578 1179
3 1188 1182 1180
3 2051 2012 1181
3 1181 2012 5185
3 2519 2051 1181
3 2859 2519 1181
3 5102 2859 1181
3 5185 5102 1181
3 1182 1188 1222
3 1218 1214 1182
3 1222 1218 1182
3 4051 2052 1184
3 1184 2052 5182
3 1184 2415 4051
3 4052 2415 1184
3 1184 3226 4052
3 4541 3226 1184
3 5182 4541 1184
3 1185 1217 1259
3 1259 1219 1185
3 1193 1188 1187
3 1199 1193 1187
3 1188 1193 1222
3 1189 1496 1920
3 1920 1516 1189
3 4825 1750 1190
3 1190 1750 4944
3 1190 2697 4542
3 5370 2697 1190
3 1190 4542 4825
3 1190 4944 5370
3 4377 4057 1191
3 1191 4057 4513
3 5370 4377 1191
3 1191 4513 4544
3 1191 4544 4558
3 1191 4558 5186
3 1191 5186 5370
3 3176 1665 1192
3 1192 1733 2804
3 1193 1199 2568
3 1247 1222 1193
3 2568 1247 1193
3 4949 3922 1194
3 1194 3922 5190
3 1194 4182 4949
3 5467 4182 1194
3 4544 4513 1194
3 1194 4513 5467
3 5190 4544 1194
3 4127 2067 1195
3 1195 2067 4546
3 1195 3922 4066
3 5191 3922 1195
3 1195 4066 4127
3 1195 4546 5191
3 4507 1794 1196
3 1522 1199 1198
3 1522 1228 1199
3 1199 1228 2568
3 3027 1356 1200
3 3658 2066 1201
3 1201 2066 4352
3 4352 2667 1201
3 1201 2667 4994
3 5113 3658 1201
3 1201 4994 4995
3 1201 4995 5113
3 3619 1562 1203
3 2200 1770 1203
3 1203 1770 3619
3 1203 2077 2200
3 1313 1239 1210
3 1211 1227 1271
3 1237 1236 1211
3 2792 1440 1213
3 1217 1243 1246
3 1217 1246 1259
3 1218 1222 1244
3 1218 1244 5425
3 1259 1251 1219
3 1220 1499 2218
3 1220 2218 2570
3 1221 2001 3575
3 3487 2367 1221
3 1221 3139 3487
3 3575 3139 1221
3 1247 1244 1222
3 1497 1263 1225
3 1225 1263 2265
3 2265 1579 1225
3 1299 1271 1227
3 2082 1299 1227
3 1228 1230 1255
3 1522 1230 1228
3 1252 1247 1228
3 1228 1247 2568
3 1255 1252 1228
3 1231 1818 1850
3 2079 1682 1232
3 2293 2133 1234
3 1825 1243 1237
3 1810 1809 1239
3 1240 2162 2413
3 1502 1356 1241
3 1241 1356 1577
3 1577 1386 1241
3 1241 1386 2091
3 1588 1502 1241
3 5366 1588 1241
3 1542 1464 1242
3 1558 1542 1242
3 1280 1246 1243
3 1825 1280 1243
3 1244 1247 1286
3 1245 2619 4000
3 5195 2619 1245
3 4000 3472 1245
3 1245 3472 5195
3 1246 1251 1259
3 1285 1251 1246
3 1246 1280 1285
3 1247 1252 1286
3 1250 1268 1785
3 2991 1268 1250
3 1250 2045 2047
3 1250 2047 3770
3 3770 2991 1250
3 1291 1254 1251
3 1251 1285 1291
3 1252 1255 1298
3 1254 1291 1297
3 1257 1366 1373
3 1374 1367 1257
3 1258 1351 1439
3 2278 1351 1258
3 1258 1439 1453
3 1258 1453 1458
3 1258 1458 2279
3 2279 2278 1258
3 2308 1427 1260
3 1260 1534 2291
3 1260 2291 3319
3 3319 2308 1260
3 1261 1395 1644
3 1262 2101 2679
3 4650 2101 1262
3 2679 2464 1262
3 1262 4648 4650
3 1824 1622 1263
3 1263 1622 2265
3 1264 1722 1765
3 1264 1765 2045
3 1265 1375 2400
3 2860 1414 1265
3 1265 2400 2860
3 1969 1569 1266
3 1266 1569 2287
3 3126 1969 1266
3 2287 2213 1266
3 1266 2213 2553
3 1266 2553 3126
3 1744 1331 1267
3 1267 1331 1821
3 2424 1785 1268
3 1269 2109 2688
3 4656 2109 1269
3 1269 2688 2830
3 1269 2830 4084
3 1269 4084 4654
3 1269 4654 4656
3 3052 1480 1270
3 3731 3052 1270
3 1271 1299 1835
3 1271 1318 1326
3 1835 1318 1271
3 1272 1414 2860
3 1272 1451 1802
3 1833 1451 1272
3 1802 1481 1272
3 2463 1833 1272
3 2860 2463 1272
3 1273 2103 3737
3 4183 2103 1273
3 1273 2104 3284
3 3737 2104 1273
3 1273 3284 4436
3 4437 4183 1273
3 1273 4436 4437
3 2693 2109 1274
3 1274 2109 4657
3 1274 2116 2698
3 4659 2116 1274
3 2958 2693 1274
3 1274 2698 2958
3 1274 4657 4659
3 1275 1490 1940
3 4419 1490 1275
3 1276 1495 2561
3 2240 1728 1276
3 2114 2112 1277
3 1277 2112 2296
3 4271 2114 1277
3 1277 2296 4183
3 1277 4183 4271
3 1278 1548 2451
3 2796 1548 1278
3 1279 1281 2696
3 4665 1281 1279
3 2696 2116 1279
3 1279 2116 4663
3 1279 4663 4665
3 1358 1285 1280
3 1280 1322 1358
3 1825 1322 1280
3 4665 1689 1281
3 1281 1689 4786
3 4449 2696 1281
3 1281 2901 4449
3 4786 2901 1281
3 3602 1662 1282
3 1783 1666 1282
3 1282 1666 4089
3 4089 3602 1282
3 4287 1287 1283
3 1283 1287 4451
3 1283 2901 3931
3 4451 2901 1283
3 1283 3931 4287
3 2122 2121 1284
3 1284 2121 3280
3 2704 2122 1284
3 3791 2704 1284
3 1284 3280 4450
3 4450 3791 1284
3 2171 1291 1285
3 1285 1358 1370
3 1285 1370 2171
3 4289 3463 1287
3 1287 3463 4458
3 1287 4287 4428
3 4428 4289 1287
3 4458 4451 1287
3 3249 1843 1288
3 2689 1837 1289
3 1289 1837 4574
3 3574 2514 1289
3 1289 2514 4291
3 4291 2689 1289
3 1289 2737 3574
3 4574 2737 1289
3 1671 1652 1290
3 1290 1652 2025
3 2072 1671 1290
3 1308 1297 1291
3 1337 1308 1291
3 2171 1337 1291
3 2137 1293 1292
3 1292 1293 4792
3 1292 2126 2136
3 4676 2126 1292
3 1292 2136 2137
3 1292 3843 4676
3 4792 3843 1292
3 2144 1301 1293
3 1293 1301 4879
3 1293 2137 2144
3 4879 4792 1293
3 1294 1367 1374
3 2733 1367 1294
3 1294 1374 2740
3 1294 2195 2733
3 2740 2195 1294
3 1295 1837 2689
3 4570 1837 1295
3 3258 2563 1295
3 1295 2563 4570
3 1295 2689 4566
3 4566 3258 1295
3 2091 2028 1296
3 3614 2812 1296
3 1297 1308 1341
3 1297 1341 1345
3 2082 1762 1299
3 1299 1762 2814
3 2814 1835 1299
3 1300 1625 2953
3 1300 2953 2959
3 2145 1302 1301
3 1301 1302 4881
3 1301 2144 2145
3 4881 4879 1301
3 1302 2145 2152
3 1302 2152 4044
3 1302 4044 4882
3 4882 4881 1302
3 1915 1560 1303
3 1834 1638 1305
3 1305 1638 2987
3 1840 1834 1305
3 1847 1840 1305
3 1305 1841 1847
3 2987 1841 1305
3 4576 3272 1306
3 1306 3272 4580
3 1306 4080 4569
3 4580 4080 1306
3 1306 4569 4798
3 4798 4576 1306
3 4492 1742 1307
3 1307 1742 5364
3 1307 2154 3544
3 5364 2154 1307
3 1307 3544 4510
3 4510 4492 1307
3 1308 1337 1341
3 2998 1651 1309
3 1309 1724 1861
3 2165 1724 1309
3 1310 1657 1701
3 1311 1427 1586
3 2302 1647 1312
3 1312 1647 3181
3 1312 1648 2302
3 2411 1648 1312
3 3181 2411 1312
3 1314 1977 2810
3 4840 1977 1314
3 1314 2810 4839
3 4839 3680 1314
3 1314 3680 4840
3 2939 1601 1315
3 3144 2939 1315
3 1316 1589 1604
3 1817 1589 1316
3 3627 1817 1316
3 1317 1321 2209
3 2207 2198 1317
3 2209 2207 1317
3 1825 1326 1318
3 1318 1611 1825
3 2167 1611 1318
3 1318 1835 2214
3 2214 2167 1318
3 4053 1838 1319
3 1319 1838 4754
3 1319 4049 4542
3 4754 4049 1319
3 4542 4053 1319
3 2001 1628 1320
3 3575 2001 1320
3 1320 3025 3575
3 2166 1325 1321
3 1321 1325 2219
3 2219 2209 1321
3 1617 1358 1322
3 1825 1611 1322
3 1322 1611 2167
3 2231 1617 1322
3 1322 2167 2230
3 1322 2230 2231
3 1323 1578 2016
3 2025 1652 1323
3 1323 2016 2025
3 1541 1327 1325
3 1325 1327 2234
3 2166 1541 1325
3 2233 2219 1325
3 2234 2233 1325
3 1327 1335 2248
3 2247 2234 1327
3 2248 2247 1327
3 3263 1994 1330
3 1330 2124 2735
3 1330 2735 3141
3 1330 3141 3263
3 1920 1496 1334
3 1334 1748 2249
3 3785 1920 1334
3 1334 2249 3785
3 2258 2248 1335
3 2259 2258 1335
3 2275 1341 1337
3 1337 2171 2267
3 1337 2267 2268
3 1337 2268 2275
3 1630 1383 1338
3 1339 1343 2790
3 2272 2259 1339
3 2790 2272 1339
3 2276 1867 1341
3 1341 2275 2276
3 1343 1562 2805
3 3112 2790 1343
3 1343 2805 3112
3 1346 1402 2622
3 2622 1521 1346
3 1773 1499 1348
3 2037 1896 1349
3 1349 1900 2037
3 1350 1622 1824
3 1350 1824 2407
3 1350 2407 3618
3 2278 2270 1351
3 4294 1655 1353
3 1353 1655 4565
3 4878 4294 1353
3 4565 4295 1353
3 1353 4295 4878
3 1354 2055 2068
3 3817 2055 1354
3 1354 2068 2175
3 1354 2175 4475
3 5318 3817 1354
3 1354 4475 5318
3 2816 2093 1355
3 1355 2093 3515
3 2769 2491 1355
3 1355 2491 2816
3 1355 2731 2769
3 2913 2731 1355
3 4309 2913 1355
3 1355 3515 4309
3 3027 1577 1356
3 1380 1366 1357
3 2071 1380 1357
3 3097 1370 1358
3 1358 1617 2239
3 1358 2239 3097
3 1768 1361 1360
3 1360 1361 3820
3 1360 1683 1769
3 2185 1683 1360
3 1769 1768 1360
3 3820 2185 1360
3 1361 1768 3818
3 1361 3818 3821
3 3821 3820 1361
3 1362 2175 2180
3 4475 2175 1362
3 1362 2180 3774
3 3774 3116 1362
3 1362 3116 3819
3 1362 3819 4475
3 1363 2151 2593
3 2593 2313 1363
3 1364 1365 3151
3 3517 1365 1364
3 1364 2731 2913
3 3346 2731 1364
3 1364 2913 4309
3 1364 3151 3346
3 4309 3517 1364
3 1365 1371 3151
3 3525 1371 1365
3 1365 3517 3525
3 1731 1373 1366
3 1366 1380 2183
3 3083 1731 1366
3 1366 2183 3083
3 2733 2732 1367
3 2192 2185 1368
3 1368 2185 3820
3 3532 3530 1368
3 3820 3532 1368
3 2251 2171 1370
3 3097 2251 1370
3 3522 1372 1371
3 1371 1372 5502
3 3158 3151 1371
3 5502 3158 1371
3 3525 3522 1371
3 5489 3164 1372
3 1372 3164 5502
3 1372 3522 3523
3 1372 3523 5489
3 1958 1378 1373
3 1373 1731 2194
3 2202 1958 1373
3 1373 2194 2202
3 1374 1387 2749
3 2749 2740 1374
3 2198 1382 1376
3 1376 1382 3830
3 3830 3828 1376
3 1377 1695 2666
3 1958 1492 1378
3 1379 1388 2814
3 3547 1388 1379
3 2814 1762 1379
3 1379 3538 3547
3 1380 2071 2183
3 1381 2205 2217
3 3003 2205 1381
3 1381 2217 3832
3 3165 3003 1381
3 3832 3165 1381
3 2209 1390 1382
3 1382 1390 5503
3 1382 2198 2207
3 1382 2207 2209
3 5503 3830 1382
3 1384 1385 3167
3 3540 1385 1384
3 3167 3163 1384
3 1384 3163 4322
3 4321 3540 1384
3 4322 4321 1384
3 2990 1392 1385
3 1385 1392 3167
3 3540 2990 1385
3 1386 1577 3010
3 3787 2091 1386
3 1387 1644 2950
3 1387 2747 2749
3 2753 2747 1387
3 2950 2753 1387
3 1388 1389 2214
3 3546 1389 1388
3 2214 1835 1388
3 1388 1835 2814
3 1388 3545 3546
3 3547 3545 1388
3 1389 1397 2214
3 3552 1397 1389
3 1389 3546 3552
3 1390 2209 2219
3 1390 2219 2221
3 1390 2221 3834
3 1390 3834 5503
3 1930 1791 1391
3 1391 1791 3320
3 1934 1930 1391
3 3945 1934 1391
3 1391 3320 3945
3 1392 1401 2757
3 2768 1401 1392
3 2757 2227 1392
3 1392 2227 3167
3 2990 2768 1392
3 1393 2164 4164
3 4746 2164 1393
3 1393 4039 4746
3 1393 4164 5167
3 2375 1983 1394
3 1719 1403 1395
3 1396 1820 1872
3 1878 1820 1396
3 1969 1878 1396
3 2230 2214 1397
3 3720 2230 1397
3 3552 3550 1397
3 1397 3550 3720
3 1398 2231 3720
3 4758 2231 1398
3 3558 3422 1398
3 1398 3422 4758
3 1398 3550 3551
3 3720 3550 1398
3 1398 3551 3558
3 2234 1411 1399
3 1399 1411 4132
3 1399 2221 2233
3 4133 2221 1399
3 1399 2233 2234
3 4132 4131 1399
3 1399 4131 4133
3 1400 1468 1469
3 2833 1468 1400
3 1400 1469 1624
3 1400 1624 2004
3 2004 1805 1400
3 1401 1413 2250
3 3553 1413 1401
3 1401 2250 2766
3 2766 2757 1401
3 1401 2768 3837
3 3837 3553 1401
3 2317 1557 1402
3 1402 1557 2622
3 1719 1421 1403
3 1403 1421 2256
3 1403 2256 2773
3 2959 2558 1404
3 3627 2959 1404
3 1404 2967 3627
3 3097 2239 1405
3 1405 2239 3422
3 3839 3097 1405
3 1405 3422 5483
3 5484 3839 1405
3 1405 5483 5484
3 1610 1465 1406
3 1406 1477 1610
3 2245 2242 1407
3 1407 2242 2254
3 2870 2245 1407
3 1407 2254 3554
3 3555 2870 1407
3 1407 3554 3555
3 1408 1797 2495
3 1854 1845 1409
3 1410 1601 2939
3 2321 2111 1410
3 2379 2321 1410
3 2939 2379 1410
3 1411 2234 2247
3 1411 2247 4135
3 4136 4132 1411
3 1411 4135 4137
3 4137 4136 1411
3 3250 2249 1412
3 1412 2601 3250
3 3187 2250 1413
3 3564 3187 1413
3 1413 3553 3841
3 3841 3564 1413
3 1415 2550 5498
3 5498 2782 1415
3 1416 2251 3839
3 3844 2251 1416
3 1416 3839 3846
3 3846 3844 1416
3 1417 1811 1951
3 1418 3213 3300
3 4996 3213 1418
3 1418 3300 3935
3 3937 3790 1418
3 1418 3790 4996
3 1418 3935 3937
3 2778 1420 1419
3 1419 1420 3561
3 1419 2254 2779
3 4140 2254 1419
3 1419 2777 2778
3 2779 2777 1419
3 3561 3200 1419
3 1419 3200 4140
3 2789 1430 1420
3 1420 1430 3566
3 1420 2778 2789
3 3566 3561 1420
3 2253 2252 1421
3 1421 2252 2256
3 2259 1433 1422
3 1422 1433 4141
3 1422 2248 2258
3 4135 2248 1422
3 1422 2258 2259
3 4142 4135 1422
3 1422 4141 4142
3 1425 2264 2266
3 3569 2264 1425
3 1425 2266 3564
3 1425 3564 3850
3 3856 3569 1425
3 3850 3848 1425
3 1425 3848 3856
3 4504 1632 1426
3 1426 1798 2316
3 2495 1798 1426
3 1426 2316 4504
3 2097 1586 1427
3 2308 2097 1427
3 2268 2267 1429
3 1429 2267 3844
3 3852 2268 1429
3 1429 3844 3853
3 1429 3851 3852
3 3853 3851 1429
3 2787 1431 1430
3 1430 1431 4332
3 1430 2786 2787
3 2789 2786 1430
3 4331 3566 1430
3 4332 4331 1430
3 2794 1445 1431
3 1431 1445 4337
3 1431 2787 2794
3 4337 4332 1431
3 2272 1436 1433
3 1433 1436 4145
3 1433 2259 2272
3 4146 4141 1433
3 1433 4145 4146
3 2966 2508 1434
3 1434 2508 2969
3 3341 2966 1434
3 1434 2969 3341
3 1436 2272 2790
3 1436 2790 4338
3 4338 4145 1436
3 1437 1438 3198
3 3855 1438 1437
3 3198 2264 1437
3 1437 2264 3569
3 1437 3569 3854
3 1437 3854 3855
3 1438 1450 2281
3 2798 1450 1438
3 1438 2281 3198
3 3855 2798 1438
3 1439 1440 1453
3 1441 1541 2166
3 5425 1541 1441
3 2275 2268 1443
3 1443 2268 3852
3 2374 2275 1443
3 3858 2374 1443
3 1443 3852 3859
3 3859 3858 1443
3 1444 1475 1477
3 4666 1475 1444
3 1444 1477 1514
3 1444 1514 3944
3 4129 1537 1444
3 1444 1537 4666
3 1444 3944 4129
3 2795 1446 1445
3 1445 1446 4149
3 1445 2794 2795
3 4149 4148 1445
3 1445 4148 4337
3 2803 2283 1446
3 1446 2283 4149
3 1446 2795 2803
3 1447 1589 3102
3 1447 1823 3089
3 3102 1823 1447
3 1543 1461 1448
3 2327 1543 1448
3 2805 1770 1449
3 1449 1770 3652
3 4338 2805 1449
3 1449 3652 3860
3 1449 3860 4338
3 1450 2193 2282
3 3571 2193 1450
3 2282 2281 1450
3 1450 2798 3571
3 1833 1681 1451
3 1451 1681 2501
3 1452 1778 2325
3 2977 1778 1452
3 1452 2354 2663
3 1452 2663 2977
3 4656 4655 1454
3 1454 4655 5117
3 4778 4656 1454
3 5350 4778 1454
3 1454 5117 5350
3 3864 1456 1455
3 1455 2276 2374
3 2632 2276 1455
3 1455 2374 2422
3 1455 2422 3864
3 3541 1773 1456
3 3863 3541 1456
3 3864 3863 1456
3 2806 1790 1457
3 1457 1790 3318
3 1457 2283 2801
3 3573 2283 1457
3 1457 2801 2806
3 1457 3318 3573
3 2284 2279 1458
3 2285 2284 1458
3 1460 2824 3725
3 3746 2824 1460
3 1461 1978 2894
3 1462 1543 2327
3 2287 1569 1462
3 1462 2169 2213
3 3610 2169 1462
3 1462 2213 2287
3 1462 2327 3610
3 1464 1542 2485
3 1610 1470 1465
3 1465 1470 2877
3 2877 1816 1465
3 1465 1816 3016
3 2644 1467 1466
3 1772 1575 1466
3 1466 1575 2644
3 2807 1469 1468
3 1468 1806 2809
3 2833 1806 1468
3 2809 2807 1468
3 1963 1624 1469
3 4726 1963 1469
3 1469 2807 4726
3 1470 1610 3793
3 1470 1830 2877
3 3793 1830 1470
3 1800 1629 1471
3 1471 1649 1727
3 2090 1649 1471
3 1472 1883 2312
3 2560 1879 1474
3 3793 1477 1475
3 1475 2831 3793
3 1476 1629 2662
3 2662 1846 1476
3 1476 1846 2811
3 2811 2009 1476
3 3793 1610 1477
3 2897 1740 1478
3 1478 2300 4685
3 4596 2897 1478
3 4685 4596 1478
3 2213 2169 1479
3 1479 2169 3656
3 3600 2213 1479
3 1479 2983 3211
3 3656 2983 1479
3 1479 3211 3600
3 1480 3052 3809
3 1482 1628 2107
3 1482 2107 2668
3 1482 2668 5360
3 3210 2676 1483
3 1483 2676 3816
3 4954 3033 1483
3 3578 3210 1483
3 1483 3816 4954
3 4689 3206 1484
3 1485 1512 2229
3 2719 1512 1485
3 1485 1787 2719
3 4468 1787 1485
3 2465 2203 1485
3 1485 2203 4468
3 1485 2229 2465
3 1487 1493 1996
3 2857 1493 1487
3 1487 1996 3317
3 3867 2857 1487
3 3317 2909 1487
3 1487 2909 3908
3 3908 3867 1487
3 1488 1503 1563
3 1563 1531 1488
3 2220 1491 1489
3 1489 1491 3727
3 1489 2201 2220
3 1489 3727 3728
3 3622 1637 1490
3 3899 3622 1490
3 4419 3899 1490
3 3022 1909 1491
3 1491 1909 3727
3 1492 1958 2360
3 2857 2404 1493
3 1495 2182 2561
3 2135 1521 1498
3 1498 1521 2622
3 2622 1938 1498
3 1498 1938 2655
3 3131 2135 1498
3 2655 2363 1498
3 1498 2363 3131
3 1499 1773 2218
3 4569 2141 1501
3 1501 2141 4748
3 4748 4568 1501
3 1501 4568 4794
3 4794 4569 1501
3 1503 1526 1884
3 1591 1563 1503
3 2222 1591 1503
3 1503 1884 2222
3 2847 1526 1504
3 1504 1860 3676
3 1505 1506 1886
3 3676 1860 1505
3 1889 1886 1506
3 1507 1535 2301
3 2458 1535 1507
3 1507 2301 3797
3 3797 2592 1507
3 1507 2592 5438
3 1509 1613 3838
3 5195 1613 1509
3 3838 2619 1509
3 1509 2619 5195
3 1510 2224 2322
3 3223 2224 1510
3 1510 2322 4470
3 1510 3135 3216
3 4470 3135 1510
3 1510 3216 4731
3 3810 3223 1510
3 4731 3810 1510
3 1511 2087 3007
3 2298 2229 1512
3 5361 2298 1512
3 1512 2719 3974
3 1512 3974 5361
3 1513 2028 2091
3 1513 2091 3787
3 1514 3510 3944
3 3711 3179 1515
3 1516 1920 3234
3 3234 2292 1516
3 1518 2496 2511
3 3148 2323 1519
3 1519 2323 3227
3 3227 2341 1519
3 1519 2341 3744
3 3744 3148 1519
3 1520 2341 2835
3 3744 2341 1520
3 1520 2353 3040
3 3153 2353 1520
3 3040 2450 1520
3 1520 2450 3744
3 1520 2835 3244
3 3244 3153 1520
3 1523 2855 3004
3 1523 3004 3537
3 1523 3537 4111
3 2947 2817 1524
3 1524 2817 5349
3 4398 2947 1524
3 5349 3199 1524
3 1524 3199 5387
3 1525 2558 3329
3 3337 2558 1525
3 1525 3329 3331
3 1525 3331 3337
3 2847 1884 1526
3 3583 2817 1527
3 1527 2817 3868
3 4883 3583 1527
3 1527 3868 4883
3 4729 1556 1528
3 1528 1556 5286
3 3416 3008 1528
3 1528 3008 4729
3 1528 3279 3416
3 5286 4919 1528
3 2192 1761 1529
3 3221 2849 1530
3 1530 2849 4168
3 3869 3221 1530
3 1531 1563 2280
3 2280 1915 1531
3 1660 1568 1533
3 2329 1660 1533
3 5042 2329 1533
3 1533 3066 5042
3 3061 1741 1535
3 1535 1741 5251
3 5251 2301 1535
3 1535 2458 3061
3 1536 1812 3403
3 3587 1812 1536
3 1536 2700 3041
3 4032 2700 1536
3 1536 3041 3587
3 1536 3403 3866
3 1536 3866 4032
3 2671 2299 1537
3 1537 2299 4029
3 5087 2671 1537
3 1537 4029 4666
3 1537 4129 5087
3 3924 1552 1539
3 1539 1552 5317
3 1539 1917 2837
3 3730 1917 1539
3 1539 2828 2843
3 5317 2828 1539
3 1539 2837 3924
3 1539 2843 3730
3 1542 1558 2485
3 2277 2083 1544
3 1545 2089 2888
3 1548 1856 2451
3 3486 1856 1548
3 1548 2796 4346
3 4448 3486 1548
3 1548 4346 4448
3 1918 1553 1549
3 1549 1553 5202
3 1549 1749 2589
3 3268 1749 1549
3 2589 1918 1549
3 3593 3268 1549
3 1549 3297 3593
3 5202 3297 1549
3 1551 1580 2070
3 1552 2347 5317
3 5387 3199 1552
3 1555 2841 3764
3 1555 3764 3898
3 1556 2335 3494
3 4276 2335 1556
3 1556 3494 5286
3 4729 4276 1556
3 1557 1938 2622
3 3813 1938 1557
3 4344 2148 1559
3 1559 2148 4941
3 1559 2996 3453
3 4941 2996 1559
3 1559 3453 4252
3 1559 4252 4430
3 4430 4344 1559
3 2244 1710 1560
3 3619 2805 1562
3 5292 1581 1564
3 1564 3909 5292
3 2058 1875 1565
3 1565 1875 2944
3 1565 1912 2060
3 2944 1912 1565
3 1567 1690 3133
3 3616 1690 1567
3 3147 1819 1567
3 1567 1819 3616
3 1567 3133 3488
3 5456 3147 1567
3 1567 3488 5374
3 1567 5374 5456
3 1568 1660 4427
3 2766 2550 1574
3 1574 2757 2766
3 1862 1576 1575
3 1575 1576 2007
3 1575 2007 2644
3 3027 3010 1577
3 3396 2075 1579
3 1579 2265 3196
3 1579 3196 3755
3 3755 3396 1579
3 5444 2070 1580
3 1580 2288 5444
3 1582 2111 2321
3 1582 2321 5173
3 5469 2661 1582
3 4423 3968 1584
3 1584 3968 4763
3 4641 4423 1584
3 4763 4641 1584
3 1836 1699 1585
3 1586 2097 2567
3 1587 1649 2090
3 1587 1740 2089
3 1589 1817 3102
3 1590 3901 3902
3 4479 3901 1590
3 1590 3902 4024
3 1590 4024 4479
3 2974 1700 1592
3 1595 2449 3428
3 1597 1882 2844
3 3248 2305 1598
3 1598 2481 2861
3 1598 2861 3248
3 1599 2236 2683
3 3397 2236 1599
3 1599 2683 3977
3 2493 2282 1602
3 1602 2294 2627
3 2861 2481 1603
3 3954 2964 1605
3 1605 2964 5176
3 4095 3954 1605
3 5141 4095 1605
3 1605 4228 4347
3 5506 4228 1605
3 1605 4347 5141
3 1605 5176 5506
3 2735 2124 1607
3 3609 2019 1608
3 1608 2019 3773
3 2569 2032 1608
3 1608 2032 2836
3 3773 2569 1608
3 1608 2836 2867
3 1608 2867 2868
3 1608 2868 3609
3 1612 1701 2453
3 3757 1874 1612
3 1612 2453 3757
3 2578 2059 1613
3 1613 2059 4845
3 5494 2578 1613
3 5195 3125 1613
3 1613 3125 5494
3 4845 3838 1613
3 1616 2880 4307
3 4467 2880 1616
3 5259 3252 1616
3 1616 3252 5407
3 1616 4307 5259
3 5407 4467 1616
3 1617 2231 4758
3 4758 2239 1617
3 1618 3255 3621
3 4307 3255 1618
3 1618 3621 4695
3 4695 4188 1618
3 1618 4188 5259
3 5259 4307 1618
3 2473 1934 1620
3 1620 1934 3945
3 1620 1937 2473
3 3655 1937 1620
3 3945 3655 1620
3 2457 2246 1621
3 1621 2246 2714
3 2467 2457 1621
3 2929 2467 1621
3 2714 2631 1621
3 1621 2631 2866
3 1621 2866 3638
3 3638 2929 1621
3 1623 1788 3320
3 4116 1788 1623
3 1623 1792 3314
3 3320 1792 1623
3 1623 3314 4116
3 1624 1677 1752
3 1625 1808 2952
3 1625 2952 2953
3 3059 1653 1626
3 3217 2469 1626
3 3484 2184 1627
3 1628 1851 2107
3 1629 1800 2603
3 1629 2603 2662
3 4505 1996 1631
3 2170 1722 1636
3 1638 1834 2517
3 1639 2199 3264
3 3911 2199 1639
3 1639 2920 3620
3 5267 2920 1639
3 1639 3264 5267
3 1639 3620 3914
3 3914 3911 1639
3 5339 3252 1640
3 1640 3252 5386
3 5207 3895 1640
3 1640 3895 5339
3 5386 4188 1640
3 1640 4188 5476
3 5476 5207 1640
3 1641 1645 2428
3 5511 1645 1641
3 1641 4315 5511
3 2598 1852 1642
3 1642 1852 3011
3 1642 2390 2598
3 3496 2390 1642
3 1642 3011 5511
3 5431 3496 1642
3 5511 5431 1642
3 1643 2502 4159
3 1644 2762 2950
3 1645 1852 2399
3 3011 1852 1645
3 5511 3011 1645
3 2883 1648 1646
3 2411 1654 1648
3 2883 2302 1648
3 1650 2397 3257
3 3990 2397 1650
3 1650 2409 3990
3 4696 2409 1650
3 1650 3257 4328
3 1650 4328 4915
3 4915 4696 1650
3 2998 2547 1651
3 1651 2547 4117
3 4117 3001 1651
3 3059 2173 1653
3 2886 2159 1654
3 1654 2411 2886
3 4294 2435 1655
3 1655 2435 4567
3 4567 4565 1655
3 1656 1766 2243
3 1656 1894 2029
3 1656 2029 2358
3 1658 2682 2834
3 1658 2834 3281
3 3281 2854 1658
3 1659 1914 2014
3 2862 1914 1659
3 1659 2014 2410
3 2225 2203 1659
3 1659 2203 2862
3 2410 2225 1659
3 1660 2329 4427
3 2670 2504 1662
3 2748 2670 1662
3 3602 2748 1662
3 2652 2237 1663
3 3613 2652 1663
3 1664 3602 4089
3 2447 1913 1665
3 3176 2447 1665
3 1666 1783 2370
3 2370 1829 1666
3 1666 1829 3976
3 1666 3976 4089
3 4342 2783 1670
3 1670 2783 4982
3 1670 3594 4152
3 4982 3594 1670
3 1670 4152 4342
3 1672 2583 2584
3 3379 2527 1674
3 1674 3211 3379
3 1675 1716 2078
3 1675 2078 2416
3 3816 2297 1676
3 1676 2297 4203
3 2653 1752 1677
3 4483 2653 1677
3 2418 2078 1680
3 1684 2021 2235
3 3389 2021 1684
3 1685 2021 3068
3 1685 3068 5455
3 1686 2038 3614
3 4203 2038 1686
3 1688 3267 4469
3 1689 4665 4785
3 1689 4785 4786
3 3616 2375 1690
3 1690 2375 5452
3 5452 3133 1690
3 2665 1812 1692
3 1692 1812 3587
3 2407 1824 1692
3 3075 1909 1693
3 1693 2454 3075
3 1850 1818 1694
3 1694 1818 2412
3 1694 2412 3542
3 1694 3542 4079
3 5276 1925 1695
3 1695 1925 5393
3 1695 2011 2666
3 5393 2011 1695
3 2107 1851 1697
3 1697 1924 2668
3 2957 1924 1697
3 2668 2107 1697
3 1861 1724 1698
3 1698 1724 2165
3 2540 1861 1698
3 1699 1836 2651
3 3757 2453 1700
3 1700 2974 3891
3 1702 2387 3767
3 3897 2387 1702
3 4530 2885 1702
3 1702 2885 4697
3 1702 3767 4530
3 4181 3897 1702
3 4697 4181 1702
3 1708 2681 3471
3 1709 2378 5164
3 1711 2433 3628
3 2856 1784 1714
3 1714 1784 3318
3 1714 1790 2056
3 3318 1790 1714
3 1714 2056 3372
3 3372 2856 1714
3 1715 2437 3795
3 3979 2437 1715
3 1715 2438 3979
3 4463 2438 1715
3 3795 2899 1715
3 1715 2899 4463
3 1717 2424 2893
3 4320 3290 1718
3 1720 1725 2444
3 4601 1725 1720
3 1720 2444 5345
3 5345 3256 1720
3 1721 1732 2916
3 2893 2424 1721
3 2916 2607 1721
3 2961 1734 1722
3 1722 1734 3124
3 3124 1765 1722
3 1722 2170 2961
3 1723 2307 3222
3 1725 1726 3432
3 4601 1726 1725
3 1725 3432 4588
3 1725 4588 5504
3 4858 3432 1726
3 1726 3775 5470
3 5473 3775 1726
3 1726 4601 5473
3 5470 4858 1726
3 2152 1730 1729
3 1729 1730 5441
3 4044 2152 1729
3 3927 3788 1729
3 1729 3788 4044
3 4204 3927 1729
3 5441 4204 1729
3 1730 2152 2659
3 1730 2659 5436
3 5436 2919 1730
3 1730 2919 5441
3 3083 2194 1731
3 1733 2403 2804
3 1734 1737 5468
3 1735 2010 3604
3 3770 2010 1735
3 1735 3504 3770
3 1736 2188 2613
3 3886 2188 1736
3 3584 2208 1736
3 1736 2208 4584
3 1736 2613 3584
3 4584 3886 1736
3 3845 3150 1737
3 1737 3150 5468
3 1738 2899 3648
3 4463 2899 1738
3 1738 2924 4463
3 4844 2924 1738
3 1738 3648 4844
3 2316 1798 1739
3 5334 2316 1739
3 1739 2484 3175
3 1739 3175 5334
3 2897 2089 1740
3 3061 2930 1741
3 1741 2930 3590
3 3590 3306 1741
3 1741 3306 5251
3 3293 3129 1742
3 1742 3129 5364
3 4474 3293 1742
3 4491 4474 1742
3 4492 4491 1742
3 1743 1841 1848
3 2022 1841 1743
3 1743 1848 5497
3 5497 2022 1743
3 3288 2378 1745
3 5412 3288 1745
3 1746 2228 3144
3 3026 2589 1749
3 4154 2675 1749
3 1749 2675 4815
3 4815 3026 1749
3 1749 3268 4154
3 1750 2911 3049
3 4825 2911 1750
3 1750 3049 4944
3 1751 2154 3917
3 5115 2154 1751
3 5365 2356 1751
3 1751 2356 5398
3 1751 3917 5365
3 5398 5115 1751
3 2653 2277 1752
3 2181 2081 1753
3 1754 1755 1757
3 3625 1776 1758
3 2580 2577 1759
3 1759 2577 3646
3 2873 2580 1759
3 3113 2873 1759
3 5321 3113 1759
3 1759 3646 4262
3 1759 4262 5321
3 1760 2630 3949
3 4837 2630 1760
3 1760 3949 4022
3 1760 4022 4837
3 1762 2082 3098
3 1762 3098 3527
3 3632 2443 1764
3 1764 2443 4474
3 5417 3632 1764
3 1764 3651 5417
3 1764 4474 4491
3 2340 2080 1766
3 1766 2080 2750
3 2750 2243 1766
3 1951 1811 1767
3 1767 1811 3809
3 1984 1951 1767
3 3809 3052 1767
3 1768 1769 3321
3 2324 1779 1768
3 1768 1779 3653
3 3321 2324 1768
3 1768 3653 3818
3 2200 1780 1770
3 1770 1780 3652
3 1770 2805 3619
3 3470 3103 1774
3 1774 3103 5514
3 4422 3470 1774
3 5514 4422 1774
3 3725 2003 1775
3 2425 1937 1776
3 1776 1937 3266
3 3625 2425 1776
3 1777 2558 2959
3 3329 2558 1777
3 1778 2977 3013
3 1779 2324 4471
3 1779 2942 3653
3 4130 2942 1779
3 4471 4130 1779
3 1780 2200 3467
3 1780 2594 3316
3 3531 2594 1780
3 1780 3316 3652
3 1780 3467 3531
3 3945 1788 1781
3 1781 1788 4456
3 1781 2934 3655
3 4485 2934 1781
3 1781 3655 3945
3 1781 4456 4869
3 4869 4485 1781
3 2529 2480 1784
3 1784 2480 3425
3 2856 2529 1784
3 3425 3318 1784
3 1786 1791 2496
3 3320 1791 1786
3 2496 1792 1786
3 1786 1792 3320
3 1787 2225 2573
3 4468 2225 1787
3 1787 2573 4205
3 4205 2719 1787
3 3945 3320 1788
3 1788 4116 4456
3 1789 1795 2179
3 2864 1795 1789
3 1789 2179 4306
3 1789 2365 2864
3 3390 2365 1789
3 3943 3390 1789
3 4306 3943 1789
3 2645 2056 1790
3 2806 2645 1790
3 1791 1930 3556
3 2511 2496 1791
3 3556 2511 1791
3 2496 1803 1792
3 1792 1803 3023
3 1792 3023 3314
3 1793 1799 3155
3 1793 2388 2945
3 3764 2388 1793
3 1793 3155 3764
3 2864 2365 1794
3 1794 2365 5250
3 3322 2864 1794
3 4507 3322 1794
3 2191 2179 1795
3 2492 2191 1795
3 3322 2492 1795
3 1795 2864 3322
3 2806 2285 1796
3 1796 2645 2806
3 1797 1799 2495
3 3155 1799 1797
3 1797 3017 3155
3 2495 1799 1798
3 2584 2583 1801
3 1801 2583 3171
3 1803 2310 3023
3 1804 2483 2484
3 2945 2483 1804
3 1806 1809 2955
3 2951 2809 1806
3 2955 2951 1806
3 4504 2316 1807
3 1807 2316 5334
3 5334 3295 1807
3 1808 2038 2952
3 3614 2038 1808
3 1808 2812 3614
3 1809 1810 2956
3 2956 2955 1809
3 1810 2503 2962
3 2962 2956 1810
3 3131 2363 1813
3 1813 2363 4111
3 4111 3537 1813
3 2262 2062 1814
3 1816 2877 4978
3 5095 3016 1816
3 1816 3020 3245
3 4978 3020 1816
3 1816 3245 5095
3 2967 2336 1817
3 1817 2336 3102
3 3627 2967 1817
3 1819 1983 3616
3 3147 2711 1819
3 2555 1872 1820
3 1820 1878 2555
3 2968 2620 1823
3 1823 2620 3089
3 3102 2968 1823
3 1826 3322 4507
3 4082 2882 1827
3 1827 2882 5214
3 4465 3643 1827
3 1827 3643 4801
3 4114 4082 1827
3 4801 4114 1827
3 5433 4465 1827
3 1827 5214 5433
3 2516 1831 1828
3 1828 2512 2516
3 2972 2512 1828
3 2370 1874 1829
3 3793 2831 1830
3 4978 2877 1830
3 1830 3020 4978
3 2522 1839 1831
3 1831 2516 2522
3 1832 2821 4154
3 4187 2821 1832
3 4154 3593 1832
3 1832 3593 4360
3 4360 4187 1832
3 1833 2463 3253
3 3089 2517 1834
3 4571 3804 1837
3 1837 3804 4574
3 1837 4570 4571
3 1838 4053 5038
3 5036 4754 1838
3 5038 5036 1838
3 2526 1844 1839
3 1839 2522 2526
3 2988 1848 1841
3 1841 2987 2988
3 2312 2311 1842
3 1842 2311 2314
3 3220 2151 1843
3 3986 3220 1843
3 1843 3249 3986
3 2526 1845 1844
3 1844 1845 2995
3 1845 1854 2995
3 2352 1929 1846
3 1846 1929 2811
3 5397 2352 1846
3 1846 2662 5353
3 1846 5353 5397
3 1848 1849 5497
3 1849 1861 5497
3 4356 2399 1852
3 1852 2598 4355
3 1852 4355 4356
3 1854 1858 2538
3 1854 2538 2995
3 2774 1869 1855
3 1855 2125 3480
3 3933 2774 1855
3 1855 3480 3933
3 3486 3024 1856
3 2995 2538 1857
3 1857 3363 3366
3 4206 3363 1857
3 1858 1865 2543
3 2543 2538 1858
3 1861 2540 5497
3 1863 2153 3544
3 4793 2153 1863
3 3544 2154 1863
3 1863 2154 5115
3 3940 3679 1863
3 1863 3679 4793
3 5115 3940 1863
3 1864 3369 3370
3 3375 3369 1864
3 2289 1870 1865
3 1865 1870 2548
3 2544 2543 1865
3 2548 2544 1865
3 1866 3029 3420
3 4414 3029 1866
3 1866 3420 4737
3 4920 4414 1866
3 1866 4737 4841
3 1866 4841 4947
3 4947 4920 1866
3 1867 2276 2632
3 1870 1872 2548
3 1871 2544 2548
3 1871 2548 2549
3 1871 3374 3375
3 2549 2548 1872
3 2555 2549 1872
3 3562 2393 1873
3 1875 2058 2721
3 1876 2527 3377
3 1876 2549 2555
3 1877 3798 3831
3 1878 1969 3126
3 1878 2553 2559
3 3126 2553 1878
3 2559 2555 1878
3 2060 1912 1879
3 2560 2060 1879
3 1880 2294 2478
3 3930 2294 1880
3 1880 2478 2594
3 1880 2594 4161
3 4161 3930 1880
3 2222 2039 1882
3 3308 2844 1882
3 3326 2505 1883
3 1883 2608 3326
3 1884 2039 2222
3 1886 1889 3683
3 1892 1891 1888
3 1888 1891 3689
3 1891 1892 1897
3 1897 1895 1891
3 3698 1898 1893
3 1897 1896 1895
3 3706 1899 1898
3 3698 3696 1898
3 1898 3696 3706
3 3706 1902 1899
3 1901 1905 2034
3 3704 1903 1902
3 3706 3704 1902
3 3713 1906 1903
3 1903 3704 3713
3 2034 1905 1904
3 3075 2454 1906
3 1907 2168 2177
3 3874 2648 1911
3 1911 3686 3874
3 3934 3686 1911
3 1913 2447 4586
3 5076 3007 1913
3 1913 4586 5076
3 2469 2236 1916
3 1916 2236 3397
3 1916 2376 2469
3 3397 2376 1916
3 2772 1927 1917
3 1917 1927 2837
3 4457 2772 1917
3 1917 3730 4457
3 2589 1933 1918
3 1919 2447 2802
3 4586 2447 1919
3 3785 3234 1920
3 1921 1922 1923
3 3733 1922 1921
3 1921 1923 3286
3 3286 2772 1921
3 1921 2772 3732
3 3732 3586 1921
3 1921 3586 3733
3 1945 1923 1922
3 5400 1945 1922
3 1922 3733 4350
3 1922 4350 5400
3 3660 3286 1923
3 2957 2513 1924
3 1924 2513 3934
3 3489 2668 1924
3 3934 3489 1924
3 1925 2373 4425
3 5287 2373 1925
3 5276 3516 1925
3 1925 3516 5287
3 1925 4425 5393
3 3871 2211 1926
3 1926 2211 5422
3 2403 2271 1926
3 1926 2271 3871
3 5418 2403 1926
3 5422 5418 1926
3 1927 2772 3286
3 3783 2837 1927
3 1928 2263 4077
3 5416 2263 1928
3 1928 2935 3958
3 4077 2935 1928
3 1928 3958 5416
3 2352 2211 1929
3 1929 2211 3871
3 3749 2811 1929
3 1929 3687 3749
3 3871 3687 1929
3 1930 1934 2808
3 2808 2402 1930
3 1930 2402 2935
3 1930 2935 3556
3 2596 1932 1931
3 1931 1933 2589
3 1931 2589 2596
3 2597 1948 1932
3 1932 2596 2597
3 1934 2473 2808
3 1935 2344 2945
3 2945 2388 1935
3 1935 2388 3686
3 1935 2513 3201
3 3686 2513 1935
3 2848 2304 1936
3 1936 2304 4425
3 3020 2848 1936
3 4386 3020 1936
3 4425 4386 1936
3 1937 2425 2473
3 3655 3266 1937
3 3813 2655 1938
3 2595 2226 1939
3 1939 2226 4357
3 4919 2595 1939
3 1940 2785 3490
3 1941 1943 3906
3 4335 1943 1941
3 3906 3738 1941
3 1941 3738 4330
3 1941 4330 5375
3 5375 4335 1941
3 3889 1944 1942
3 1942 1944 4335
3 1942 3092 3889
3 5340 3092 1942
3 1942 3741 5340
3 5375 3741 1942
3 1942 4335 5375
3 4177 3906 1943
3 1944 3146 4335
3 3889 3784 1944
3 1945 3906 4177
3 5400 3906 1945
3 2605 1947 1946
3 1946 1947 4383
3 1946 1948 2597
3 4381 1948 1946
3 1946 2597 2678
3 2678 2605 1946
3 4383 4381 1946
3 2606 1957 1947
3 1947 1957 4383
3 1947 2605 2606
3 1949 2100 2685
3 4867 2100 1949
3 1949 2685 4865
3 1949 4865 4868
3 4868 4867 1949
3 2570 2218 1950
3 1950 2528 4595
3 4595 2570 1950
3 1952 2725 2941
3 5111 2725 1952
3 1953 2610 3784
3 4555 2610 1953
3 1953 3092 3269
3 3889 3092 1953
3 1953 3269 4555
3 1953 3784 3889
3 3747 2871 1954
3 1954 2871 5454
3 4244 3070 1954
3 1954 3070 5399
3 4555 3747 1954
3 5454 4244 1954
3 5399 4555 1954
3 2611 1956 1955
3 1955 1957 2606
3 4389 1957 1955
3 1955 2606 2611
3 2612 1967 1956
3 1956 2611 2612
3 4389 4383 1957
3 1958 2202 2360
3 1959 2111 4412
3 4067 2262 1959
3 1962 1961 1960
3 1960 1961 3240
3 4493 1962 1960
3 1960 3240 3752
3 1960 3752 3754
3 1960 3754 4493
3 4244 3240 1961
3 4953 4244 1961
3 2618 1971 1962
3 4493 2618 1962
3 2615 1966 1965
3 1965 1966 4395
3 1965 1967 3474
3 4395 1967 1965
3 3474 2615 1965
3 2616 1976 1966
3 1966 2615 2616
3 1967 2612 3474
3 4395 2943 1967
3 1968 2623 3189
3 4860 2623 1968
3 3189 3037 1968
3 1968 3037 4185
3 1968 4185 4912
3 4912 4860 1968
3 1970 1971 2618
3 3038 1971 1970
3 1970 2618 3758
3 3758 3038 1970
3 3038 2617 1971
3 1972 4660 5120
3 5123 4660 1972
3 1972 5120 5121
3 1972 5121 5123
3 3168 1976 1973
3 1973 1976 4515
3 3189 2623 1973
3 1973 2623 4351
3 3745 3168 1973
3 4515 3189 1973
3 4406 3745 1973
3 1973 4351 4406
3 1974 1987 2621
3 2624 1987 1974
3 1974 2621 4406
3 1974 2623 2624
3 4351 2623 1974
3 4406 4351 1974
3 1975 2638 5316
3 1976 2616 4515
3 4740 2810 1977
3 1977 3772 4740
3 4840 3772 1977
3 2434 2017 1979
3 3446 3081 1980
3 1980 3081 3454
3 5037 3446 1980
3 1980 3454 5037
3 2626 1982 1981
3 1981 1982 4005
3 3386 2626 1981
3 4223 3386 1981
3 1981 4005 4223
3 1982 2334 3184
3 1982 3184 4005
3 1983 2375 3616
3 1986 2331 3405
3 4583 2331 1986
3 3925 2566 1986
3 1986 2566 4583
3 3427 2629 1986
3 1986 2629 3925
3 1986 3405 3427
3 3224 2621 1987
3 1987 2624 4516
3 4169 3224 1987
3 4516 4169 1987
3 3730 2843 1988
3 1988 2843 3776
3 4998 3730 1988
3 1988 3776 3870
3 1988 3870 4999
3 4999 4998 1988
3 4519 2625 1989
3 1989 2625 4732
3 5020 4519 1989
3 1989 4732 5021
3 5021 5020 1989
3 4812 1991 1990
3 1990 1991 5424
3 3766 2637 1990
3 1990 2637 4812
3 4226 3766 1990
3 5424 4220 1990
3 1990 4220 5440
3 5440 4226 1990
3 1991 2024 5320
3 5320 3386 1991
3 1991 3386 5424
3 1997 1993 1992
3 1992 1993 3483
3 3923 1997 1992
3 3483 2879 1992
3 1992 2879 4916
3 4916 3923 1992
3 1993 2640 3053
3 1993 3053 3483
3 1994 2838 2984
3 5299 2838 1994
3 1994 3263 5299
3 1995 2629 3427
3 5139 2629 1995
3 3405 2840 1995
3 1995 2840 4016
3 3427 3405 1995
3 1995 4016 5139
3 4505 3317 1996
3 4276 2102 1997
3 1997 3923 4276
3 4511 2386 2002
3 2002 2386 4735
3 4591 4511 2002
3 4606 4591 2002
3 4894 4606 2002
3 2002 4735 4894
3 2003 3725 5311
3 4944 3049 2006
3 2006 3049 5187
3 5255 4944 2006
3 2006 5187 5255
3 2009 2811 3214
3 3770 2047 2010
3 2010 3150 3604
3 5468 3150 2010
3 5393 2304 2011
3 2012 2051 4193
3 2012 2053 3673
3 5490 2053 2012
3 2012 3673 5185
3 2012 4193 5490
3 2434 2026 2017
3 2019 2910 3773
3 4050 2910 2019
3 2019 3609 4173
3 4173 4050 2019
3 2020 2245 2521
3 2773 2245 2020
3 2020 2521 2762
3 2413 2162 2023
3 2023 2238 5134
3 3742 2626 2024
3 2024 2626 5320
3 5159 3742 2024
3 5088 4012 2024
3 2024 4012 5159
3 2027 2041 5446
3 2886 2358 2029
3 2887 2886 2029
3 2845 2320 2030
3 2030 2320 4681
3 3756 2372 2030
3 2030 2372 4015
3 2030 2445 2845
3 4015 2445 2030
3 2030 3642 3756
3 4681 3642 2030
3 2032 2383 3803
3 5410 2383 2032
3 2032 2569 5410
3 3803 2836 2032
3 2033 2499 3762
3 5163 2499 2033
3 2033 3762 5161
3 5161 4021 2033
3 2033 4021 5163
3 2035 2036 2044
3 3615 2036 2035
3 2044 2042 2035
3 2035 2042 4523
3 4523 3615 2035
3 5174 2044 2036
3 2036 3615 3617
3 2036 3617 4417
3 2036 4417 5174
3 2040 2838 5110
3 5363 3166 2040
3 2040 5110 5363
3 2044 2043 2042
3 2042 2043 5167
3 2042 4034 4526
3 5167 4034 2042
3 4526 4523 2042
3 2043 2044 5174
3 2043 4930 5167
3 5515 4930 2043
3 2043 5174 5515
3 2046 3565 4625
3 5178 3565 2046
3 4625 3650 2046
3 2046 3650 4627
3 2046 5100 5178
3 2048 2368 4052
3 4313 2368 2048
3 4052 3226 2048
3 2048 3226 4537
3 4537 4313 2048
3 2049 2368 4536
3 4936 2368 2049
3 2049 2391 2614
3 4536 2391 2049
3 2049 2614 4938
3 4938 4936 2049
3 2050 2319 4658
3 5056 2319 2050
3 2050 4125 5056
3 5119 4125 2050
3 2050 4658 4778
3 2050 4778 5350
3 5350 5119 2050
3 2051 2519 4634
3 4635 4193 2051
3 2051 4634 4635
3 4051 2911 2052
3 2052 2911 4825
3 4825 4806 2052
3 2052 4806 5182
3 2053 2763 3734
3 5492 2763 2053
3 5189 3673 2053
3 2053 3734 5189
3 2053 5490 5492
3 3400 2204 2054
3 2054 2783 3400
3 2174 2068 2055
3 4369 3239 2055
3 2055 3817 4369
3 2656 2494 2056
3 2056 2494 2743
3 2056 2645 2656
3 2056 2743 3372
3 5197 2763 2057
3 2057 2763 5493
3 2057 3125 5195
3 5494 3125 2057
3 5195 5194 2057
3 2057 5194 5197
3 2057 5493 5494
3 4642 2063 2059
3 2059 2063 4845
3 2059 2578 4639
3 2059 4639 4640
3 2059 4640 4642
3 2061 4527 4623
3 4750 4527 2061
3 2061 4623 4923
3 4923 4750 2061
3 2062 2262 4067
3 2062 4067 5357
3 2063 2064 3659
3 4642 2064 2063
3 2063 3659 5201
3 5406 4845 2063
3 2063 5201 5406
3 3274 2065 2064
3 2064 2065 3659
3 4644 3274 2064
3 2064 4642 4643
3 2064 4643 4644
3 3274 2066 2065
3 2065 2066 3658
3 2065 3231 3659
3 5113 3231 2065
3 2065 3658 5113
3 2066 3274 4553
3 4553 4352 2066
3 4956 4072 2067
3 2067 4072 5199
3 2067 4127 4956
3 5198 4546 2067
3 5199 5198 2067
3 5444 3310 2070
3 2731 2183 2071
3 2769 2731 2071
3 3736 2200 2077
3 5348 3736 2077
3 2418 2416 2078
3 2340 2161 2080
3 2080 2161 3731
3 3774 2180 2081
3 2081 2181 3774
3 2083 2277 2653
3 3005 2638 2086
3 4807 2888 2089
3 2089 2897 4807
3 2092 3206 3995
3 3995 3598 2092
3 3072 2436 2093
3 2093 2436 3515
3 2093 2816 3392
3 3392 3072 2093
3 2822 2677 2094
3 2094 2677 5266
3 2094 2686 5054
3 5266 2686 2094
3 3599 2822 2094
3 5049 3599 2094
3 2094 4966 5049
3 5054 4966 2094
3 2498 2455 2095
3 2095 2459 2498
3 4886 2459 2095
3 2095 2822 3599
3 2095 3599 4886
3 3740 2098 2096
3 2096 2098 5354
3 2096 2099 4741
3 5354 2099 2096
3 5300 3740 2096
3 2096 4741 5300
3 2097 2308 2567
3 2098 2684 4495
3 5465 2684 2098
3 2098 3740 5465
3 4495 4263 2098
3 2098 4263 5213
3 2098 5213 5354
3 5213 4264 2099
3 2099 4264 5461
3 4862 4741 2099
3 5461 4862 2099
3 5354 5213 2099
3 4867 2108 2100
3 2100 2108 4969
3 2100 2330 2685
3 5055 2330 2100
3 4969 3751 2100
3 2100 3751 5055
3 2687 2679 2101
3 2830 2687 2101
3 4084 2830 2101
3 4654 4084 2101
3 2101 4650 4653
3 2101 4653 4654
3 2102 3008 4612
3 4729 3008 2102
3 2102 4276 4729
3 4183 2296 2103
3 2103 2296 4967
3 5303 3737 2103
3 2103 4967 5303
3 2104 2105 4435
3 4866 2105 2104
3 4435 3284 2104
3 2104 3737 4866
3 2105 4153 4435
3 5461 4153 2105
3 4866 4862 2105
3 2105 4862 5461
3 2106 2405 2730
3 2108 3408 5062
3 5268 3408 2108
3 2108 4867 5268
3 5062 4969 2108
3 2693 2688 2109
3 2109 4656 4657
3 2483 2475 2110
3 2110 2475 3815
3 2484 2483 2110
3 3175 2484 2110
3 4889 3175 2110
3 2110 3815 4889
3 2114 2113 2112
3 2112 2113 4972
3 5305 2296 2112
3 2112 4972 5305
3 2113 2114 2120
3 2113 2120 4023
3 2113 4023 5208
3 2113 4872 4972
3 5208 4872 2113
3 4443 2120 2114
3 2114 4271 4443
3 2694 2273 2115
3 2115 2273 5132
3 2707 2406 2115
3 2115 2406 5269
3 5269 2694 2115
3 5132 2707 2115
3 2696 2695 2116
3 2116 2695 2698
3 2116 4659 4662
3 2116 4662 4663
3 4808 3050 2117
3 2117 3050 5103
3 4977 3408 2117
3 2117 3408 5268
3 5268 4808 2117
3 5103 4977 2117
3 2118 2119 4547
3 5265 2119 2118
3 4991 4202 2118
3 2118 4202 5265
3 2118 4547 5040
3 2118 4667 4991
3 5040 4667 2118
3 2119 2699 3491
3 5265 2699 2119
3 2119 3491 5307
3 5308 4547 2119
3 2119 5307 5308
3 2120 3152 3491
3 4443 3152 2120
3 2120 3491 4023
3 2121 2122 4680
3 2121 2273 3280
3 5309 2273 2121
3 2121 4680 5078
3 2121 5078 5309
3 2704 2134 2122
3 2122 2134 4680
3 4852 2274 2123
3 2123 2274 4941
3 2123 3568 4756
3 5341 3568 2123
3 2123 4756 4852
3 2123 4941 5341
3 2126 2128 2138
3 3668 2128 2126
3 2138 2136 2126
3 4675 3668 2126
3 4676 4675 2126
3 2127 3464 3498
3 5480 3464 2127
3 2127 3498 5040
3 5308 3882 2127
3 2127 3882 5480
3 5040 4547 2127
3 2127 4547 5308
3 4986 2138 2128
3 3668 3464 2128
3 2128 3464 5124
3 5124 4986 2128
3 3065 2130 2129
3 2129 2130 5091
3 2129 2131 3311
3 5091 2131 2129
3 4098 3065 2129
3 2129 3311 4098
3 3065 2134 2130
3 2130 2134 4162
3 4162 2713 2130
3 2130 2713 5091
3 3808 2142 2131
3 2131 2142 4099
3 2131 2713 3581
3 5091 2713 2131
3 4099 3311 2131
3 2131 3581 3808
3 3337 3331 2132
3 2132 3331 3667
3 3338 3337 2132
3 3667 3338 2132
3 2133 2293 4180
3 2133 3419 3746
3 4180 3419 2133
3 2134 2704 4162
3 2134 3065 4680
3 3131 2244 2135
3 4987 2137 2136
3 2136 2138 4984
3 2136 4984 4987
3 4987 2144 2137
3 4986 4984 2138
3 2139 2142 3842
3 4290 2142 2139
3 3299 3136 2139
3 2139 3136 4290
3 3811 3299 2139
3 3842 3811 2139
3 2140 2392 3299
3 4683 2392 2140
3 2140 2574 4683
3 5362 2574 2140
3 2140 3299 5362
3 4569 4080 2141
3 2141 4080 4572
3 2141 4572 5331
3 5331 4748 2141
3 2142 3808 3842
3 4290 4099 2142
3 5346 2145 2144
3 4987 2734 2144
3 2144 2734 5346
3 5347 2152 2145
3 2145 5346 5347
3 2146 2723 4390
3 4790 2723 2146
3 4390 4189 2146
3 2146 4189 5391
3 5214 4790 2146
3 5391 5214 2146
3 4344 3127 2148
3 2148 3127 5341
3 5341 4941 2148
3 2149 2917 3272
3 4579 2917 2149
3 2149 3272 4576
3 4578 4354 2149
3 2149 4354 4581
3 4576 4462 2149
3 2149 4462 4578
3 4581 4579 2149
3 2150 2574 2717
3 3383 2574 2150
3 2150 2717 3939
3 2150 2729 3383
3 4082 2729 2150
3 2150 3939 4790
3 4790 4082 2150
3 5347 2659 2152
3 3814 3544 2153
3 2153 3812 3814
3 4189 3812 2153
3 4686 4189 2153
3 4793 4686 2153
3 5364 3917 2154
3 2155 3259 3636
3 3902 3259 2155
3 3617 3615 2155
3 2155 3615 3902
3 3636 3617 2155
3 2159 2886 2887
3 2161 3052 3731
3 4746 3879 2164
3 2164 3879 5027
3 2164 4034 4164
3 4744 4034 2164
3 5026 4744 2164
3 5027 5026 2164
3 2167 2214 2230
3 2169 3610 3656
3 2171 2251 3082
3 3082 2267 2171
3 2172 2639 3094
3 3472 2639 2172
3 3094 3093 2172
3 2172 3093 5188
3 5197 3472 2172
3 2172 5188 5197
3 4246 3453 2176
3 2176 3453 4755
3 2176 3454 3468
3 4755 3454 2176
3 2176 3468 4246
3 2178 3499 3563
3 4922 3499 2178
3 2178 3563 4925
3 2178 4846 4922
3 4925 4846 2178
3 2179 2191 3519
3 2179 3519 4306
3 4122 3774 2181
3 5501 4122 2181
3 2182 2337 4334
3 3645 2561 2182
3 5118 3645 2182
3 2182 4334 5118
3 2183 2731 3346
3 3151 3083 2183
3 3346 3151 2183
3 2184 2225 2410
3 2573 2225 2184
3 3484 2573 2184
3 2186 2765 2865
3 4095 2765 2186
3 2186 3768 4095
3 2187 2190 2195
3 3519 2190 2187
3 2187 2195 3824
3 3521 3519 2187
3 3824 3521 2187
3 2188 2353 2565
3 3040 2353 2188
3 2188 2565 2613
3 2188 2960 3040
3 3905 2960 2188
3 2188 3886 5394
3 5394 3905 2188
3 2733 2190 2189
3 2189 2190 3519
3 2189 2191 2732
3 3519 2191 2189
3 2189 2732 2733
3 2733 2195 2190
3 2191 2492 3111
3 3111 2732 2191
3 5502 2202 2194
3 2194 3083 3151
3 2194 3151 3158
3 2194 3158 5502
3 2740 2196 2195
3 2195 2196 3824
3 2740 2206 2196
3 2196 2206 3160
3 2196 3160 3824
3 4567 2435 2197
3 2197 2435 4794
3 2197 3230 4567
3 4568 3230 2197
3 4794 4568 2197
3 2199 3021 3264
3 3911 3021 2199
3 3736 3467 2200
3 2366 2220 2201
3 3046 2366 2201
3 3163 2360 2202
3 3164 3163 2202
3 5502 3164 2202
3 2203 2225 4468
3 2203 2465 3729
3 3729 2862 2203
3 2204 3009 3291
3 3400 3009 2204
3 2205 2206 2749
3 3003 2206 2205
3 2747 2217 2205
3 2749 2747 2205
3 2206 2740 2749
3 2206 3003 3160
3 3216 3135 2208
3 2208 3135 4584
3 3475 3216 2208
3 3584 3475 2208
3 4623 4527 2210
3 2210 4527 5507
3 2210 4529 4623
3 5233 4529 2210
3 5507 5233 2210
3 2211 2352 5397
3 5397 4343 2211
3 2211 4343 5422
3 2212 2646 2890
3 5401 2730 2212
3 2212 2890 3881
3 2212 3881 5401
3 2753 2216 2215
3 2215 2216 3832
3 2215 2217 2753
3 3832 2217 2215
3 2762 2232 2216
3 2216 2232 3169
3 2216 2753 3086
3 3086 2762 2216
3 2216 3169 3832
3 2217 2747 2753
3 2233 2221 2219
3 2220 2366 2571
3 2571 2502 2220
3 4133 3834 2221
3 2223 2226 2595
3 4102 2226 2223
3 2223 2595 4897
3 2223 3440 3916
3 4314 3440 2223
3 2223 3916 4102
3 4897 4314 2223
3 4804 2322 2224
3 2224 3223 4472
3 2224 4472 4873
3 4873 4804 2224
3 4102 4026 2226
3 3739 3167 2227
3 4248 3144 2228
3 2229 2298 3637
3 3729 2465 2229
3 3637 3212 2229
3 2229 3212 3729
3 3720 2231 2230
3 2762 2521 2232
3 2232 2521 3134
3 2232 3134 4186
3 3835 3169 2232
3 4186 3835 2232
3 4714 3141 2237
3 4758 3422 2239
3 3343 2494 2240
3 5403 3343 2240
3 2241 2325 2431
3 4346 2796 2241
3 2242 2245 2773
3 2779 2254 2242
3 2773 2256 2242
3 2242 2256 2779
3 3134 2521 2245
3 2245 2870 3173
3 3173 3134 2245
3 2246 2457 2633
3 2246 2633 3385
3 3385 2714 2246
3 2247 2248 4135
3 2250 2550 2766
3 5498 2550 2250
3 2250 3187 5498
3 3844 3082 2251
3 2251 3097 3839
3 2252 2253 2777
3 2777 2256 2252
3 2253 2269 2789
3 2778 2777 2253
3 2789 2778 2253
3 4140 3554 2254
3 2255 2540 3047
3 5497 2540 2255
3 2256 2777 2779
3 4509 3321 2257
3 2260 2301 5251
3 5379 2301 2260
3 2260 3306 3409
3 5251 3306 2260
3 2260 3409 5379
3 2261 3501 4791
3 5136 3501 2261
3 4979 4284 2261
3 2261 4284 5136
3 2261 4791 4979
3 2782 2266 2264
3 2266 2782 5498
3 2266 3187 3564
3 5498 3187 2266
3 2267 3082 3844
3 2269 2270 2786
3 2269 2786 2789
3 2270 2278 2794
3 2787 2786 2270
3 2794 2787 2270
3 2271 2857 3687
3 2271 3687 3871
3 2273 2694 3280
3 5309 5132 2273
3 4852 4755 2274
3 2274 4755 4941
3 2374 2276 2275
3 2278 2279 2794
3 2279 2284 2803
3 2795 2794 2279
3 2803 2795 2279
3 2281 2792 3198
3 2283 2800 2801
3 2803 2800 2283
3 2283 3573 4339
3 4339 4149 2283
3 2284 2285 2800
3 2284 2800 2803
3 2801 2800 2285
3 2806 2801 2285
3 2288 2364 5444
3 2290 2696 4449
3 4871 2696 2290
3 4450 3280 2290
3 2290 3280 4871
3 2290 4449 4450
3 2291 3291 4506
3 4506 3319 2291
3 2292 3234 4157
3 3930 2627 2294
3 2542 2541 2295
3 2295 2541 2998
3 2999 2542 2295
3 5019 4967 2296
3 5305 5019 2296
3 2297 2676 3107
3 3816 2676 2297
3 5361 2890 2298
3 2298 3435 3637
3 2299 2671 3138
3 3138 2700 2299
3 2299 2700 4032
3 4032 4029 2299
3 2300 3214 3580
3 3580 3238 2300
3 2300 3238 4685
3 2303 3479 4496
3 5149 3479 2303
3 2303 4496 5145
3 5145 4593 2303
3 2303 4593 5149
3 2304 2848 4325
3 5393 4425 2304
3 2490 2381 2307
3 2307 2381 3222
3 3928 2490 2307
3 2307 2501 3928
3 2818 2567 2308
3 3137 2818 2308
3 3359 2534 2309
3 2310 2313 4877
3 4877 3023 2310
3 2311 3950 3953
3 3873 2585 2318
3 2318 2585 4803
3 3921 3872 2318
3 2318 3872 4883
3 4883 3873 2318
3 5385 3921 2318
3 2318 4803 5385
3 5120 4658 2319
3 2319 5056 5120
3 3380 3276 2320
3 2320 3276 4681
3 2321 2379 5173
3 5216 4470 2322
3 2322 4804 5216
3 2323 2333 3227
3 5074 2333 2323
3 3148 2460 2323
3 2323 2460 5074
3 2324 3321 4101
3 2324 4101 4471
3 5255 4377 2326
3 2326 4377 5370
3 2326 4944 5255
3 5370 4944 2326
3 2329 3225 4207
3 5042 3225 2329
3 2686 2685 2330
3 2825 2686 2330
3 5055 2825 2330
3 2331 2630 3405
3 3949 2630 2331
3 4583 3949 2331
3 2332 3104 4085
3 4260 3104 2332
3 2332 4085 4261
3 5201 4260 2332
3 2332 4261 5406
3 5406 5201 2332
3 2333 2636 3227
3 3228 2636 2333
3 5157 5154 2334
3 3980 3494 2335
3 2335 3900 3980
3 4740 3900 2335
3 4276 3923 2335
3 2335 3923 4740
3 2336 2968 3102
3 2339 2876 3865
3 5380 2876 2339
3 2339 3067 3069
3 3865 3067 2339
3 2339 3069 5029
3 5029 4524 2339
3 2339 4524 5380
3 2341 2357 2835
3 3227 2357 2341
3 3247 2488 2342
3 2342 2488 3548
3 5010 3247 2342
3 2342 3548 4823
3 2342 4823 4824
3 2342 4824 5010
3 4496 3101 2343
3 2343 3101 5003
3 5145 4496 2343
3 5003 4497 2343
3 2343 4497 5145
3 2344 2483 2945
3 3826 2842 2345
3 2345 2842 4041
3 4324 3826 2345
3 4041 3875 2345
3 2345 3883 4324
3 2347 2348 2828
3 2347 2828 5317
3 3235 2828 2348
3 4208 3235 2348
3 2349 4426 4551
3 5200 4426 2349
3 2349 4551 5264
3 5264 5200 2349
3 2350 2869 4476
3 4994 2869 2350
3 4358 2565 2353
3 2353 3153 4585
3 4585 4358 2353
3 3537 2663 2354
3 3244 2357 2355
3 2355 2357 4805
3 3887 2661 2355
3 2355 2661 5469
3 5388 3244 2355
3 4805 3887 2355
3 5469 5388 2355
3 2356 3642 4366
3 5365 3642 2356
3 2356 4366 4700
3 2356 4700 5398
3 3227 2636 2357
3 2357 2636 4805
3 3244 2835 2357
3 2886 2411 2358
3 2358 2411 3181
3 5202 3066 2359
3 2359 3297 5202
3 3595 2520 2361
3 2361 2520 5252
3 3905 3172 2361
3 5150 3595 2361
3 5252 3905 2361
3 3100 2619 2362
3 2362 2619 3838
3 3384 3100 2362
3 4261 3384 2362
3 2362 3838 4261
3 2363 2655 4111
3 2365 3390 5250
3 5133 2571 2366
3 2366 3046 3912
3 2366 3912 5294
3 5294 5133 2366
3 4936 4052 2368
3 2368 4313 4536
3 3917 3129 2372
3 2372 3129 4221
3 2372 3756 3917
3 4221 4015 2372
3 2373 2981 4386
3 2373 4386 4425
3 3858 2422 2374
3 5472 2642 2376
3 2376 3397 5442
3 2376 5442 5472
3 2802 2447 2377
3 2377 2447 3176
3 2377 2793 2802
3 2378 3288 5164
3 2379 2939 4118
3 3894 2472 2380
3 2381 2490 4018
3 2381 2491 3222
3 3392 2491 2381
3 4018 3392 2381
3 3803 2383 2382
3 2382 2869 3803
3 4476 2869 2382
3 5445 4476 2382
3 2667 2657 2384
3 2384 2657 2867
3 2869 2667 2384
3 2867 2836 2384
3 2384 2836 3803
3 3803 2869 2384
3 2385 2504 3145
3 4733 4008 2386
3 2386 4008 4735
3 2386 4511 4733
3 2387 3277 3636
3 3897 3277 2387
3 2387 3636 3903
3 3903 3767 2387
3 3874 3686 2388
3 2388 3764 3874
3 2389 2714 3385
3 5466 2714 2389
3 3385 2754 2389
3 2389 2754 5319
3 3624 2396 2390
3 2390 2396 4355
3 4355 2598 2390
3 3496 2912 2390
3 2390 2912 3624
3 4536 4039 2391
3 2392 3136 3299
3 4105 3136 2392
3 4107 4105 2392
3 4683 4107 2392
3 2393 3562 4500
3 5511 4315 2394
3 2394 5431 5511
3 2396 3624 5337
3 5337 4355 2396
3 3990 2881 2397
3 2397 2881 4038
3 3579 3257 2397
3 4038 3579 2397
3 2979 2876 2398
3 2398 2876 4481
3 4480 2979 2398
3 2398 3257 4480
3 4481 3257 2398
3 2399 3110 3273
3 4356 3110 2399
3 3273 3143 2399
3 2400 2579 2860
3 2402 2808 5295
3 3958 2935 2402
3 5295 3958 2402
3 5418 2804 2403
3 2406 2707 4974
3 4974 3050 2406
3 2406 3050 5269
3 3559 2489 2408
3 2408 2489 4106
3 5499 4092 2408
3 2408 4106 5499
3 5166 3990 2409
3 4477 4181 2409
3 2409 4181 5166
3 4696 4477 2409
3 4408 3542 2412
3 5513 4051 2415
3 2415 4052 5247
3 2415 5247 5513
3 2417 2938 4900
3 5389 2938 2417
3 3404 3395 2417
3 2417 3395 4821
3 4900 3404 2417
3 2417 4821 5389
3 2422 3858 4336
3 4336 3864 2422
3 3630 2437 2423
3 2423 2437 4487
3 2423 2891 2900
3 5297 2891 2423
3 2423 2900 3630
3 2423 4487 5297
3 3229 2473 2425
3 5427 3229 2425
3 2425 3625 5427
3 2426 2609 4767
3 5257 2609 2426
3 2426 3597 3929
3 4767 3597 2426
3 2426 3929 5045
3 2426 5045 5257
3 4765 4548 2427
3 2427 4548 5508
3 2427 4637 4761
3 5508 4637 2427
3 2427 4761 4765
3 2428 4476 5445
3 3580 3214 2429
3 2429 3214 3749
3 3867 3580 2429
3 2429 3749 3867
3 2430 2432 3926
3 4404 2432 2430
3 3926 3303 2430
3 2430 3303 4191
3 4191 3626 2430
3 2430 3626 4404
3 2435 4294 5064
3 5064 4794 2435
3 3072 3063 2436
3 2436 3063 3239
3 2436 3239 4369
3 4010 3515 2436
3 4369 4010 2436
3 2437 3630 3795
3 2437 3979 4487
3 2438 3084 4194
3 5462 3084 2438
3 4194 3979 2438
3 2439 2441 3285
3 3290 2441 2439
3 2439 3285 5471
3 2440 2441 2443
3 3285 2441 2440
3 2440 2443 3632
3 2440 2900 3285
3 3632 2900 2440
3 3293 2443 2441
3 2441 3290 4699
3 4699 3293 2441
3 2442 2627 3930
3 2443 3293 4474
3 4267 3982 2446
3 2446 3982 5322
3 2446 4265 4266
3 5322 4265 2446
3 2446 4266 4267
3 3910 2691 2448
3 2448 2691 4075
3 2448 2708 3620
3 3915 2708 2448
3 2448 3620 3910
3 4810 3915 2448
3 2448 4075 4810
3 3248 2641 2449
3 2449 2641 3428
3 2960 2520 2450
3 2450 2520 3744
3 3040 2960 2450
3 3275 2964 2452
3 2452 2964 3768
3 4301 3275 2452
3 2455 2498 5453
3 2456 2915 5426
3 5426 3256 2456
3 2457 2467 3261
3 3907 2633 2457
3 2457 3261 3907
3 2458 2591 5314
3 5402 2591 2458
3 5314 3061 2458
3 3130 2498 2459
3 2459 2922 4359
3 4885 2922 2459
3 4359 3130 2459
3 4886 4885 2459
3 3399 2827 2460
3 2460 2827 5074
3 2460 3148 3399
3 2461 4539 4751
3 4756 4539 2461
3 2461 4751 4937
3 4937 4756 2461
3 2462 3215 4531
3 4552 3215 2462
3 2462 4156 4552
3 4641 4156 2462
3 2462 4531 4641
3 2860 2497 2463
3 2463 2497 3018
3 2463 3018 3253
3 2464 2679 4861
3 4813 4486 2464
3 4861 4813 2464
3 2467 2929 4112
3 4112 3261 2467
3 2468 4291 4292
3 4566 4291 2468
3 2468 4292 4565
3 2468 4565 4567
3 4567 4566 2468
3 4776 3117 2471
3 2471 3117 4780
3 2471 4153 4264
3 4780 4153 2471
3 2471 4264 4776
3 3894 2931 2472
3 2472 2931 3901
3 2472 3254 3635
3 3901 3254 2472
3 3229 2808 2473
3 3251 2486 2474
3 2474 2486 3903
3 4178 3251 2474
3 3903 3259 2474
3 2474 3259 4178
3 2475 3542 3815
3 4079 3542 2475
3 4018 2490 2476
3 2476 2490 5396
3 2476 3072 4018
3 5499 3072 2476
3 5352 4013 2476
3 2476 4013 5499
3 5396 5352 2476
3 2477 2618 3754
3 3758 2618 2477
3 2477 3754 5013
3 5013 3758 2477
3 3316 2594 2478
3 3576 3316 2478
3 2478 3571 3576
3 3149 2954 2479
3 2479 2954 4166
3 3162 3149 2479
3 4498 3162 2479
3 2479 4166 5006
3 5007 4498 2479
3 2479 5006 5007
3 2529 2528 2480
3 3863 3425 2480
3 2480 3541 3863
3 4075 2691 2482
3 2482 2691 5476
3 4076 4075 2482
3 4884 4076 2482
3 2482 4188 4695
3 5476 4188 2482
3 2482 4695 4884
3 2486 3767 3903
3 2487 3103 4859
3 5514 3103 2487
3 4859 4856 2487
3 2487 4856 5514
3 2488 2604 3987
3 4317 2604 2488
3 2488 2832 3548
3 3987 2832 2488
3 2488 3247 4317
3 3392 2816 2491
3 3298 2743 2494
3 3343 3298 2494
3 2860 2579 2497
3 2498 3130 5453
3 4409 3762 2499
3 5291 4409 2499
3 2499 5163 5291
3 2500 2604 3985
3 3987 2604 2500
3 2500 3985 4898
3 4898 3987 2500
3 2502 2571 4159
3 2966 2962 2503
3 3105 2966 2503
3 2504 2670 4250
3 4250 3145 2504
3 2505 3326 3327
3 2505 3327 5482
3 3334 2965 2506
3 2506 2965 4201
3 2506 3333 3334
3 3396 3270 2507
3 2508 2510 2969
3 2508 2966 3105
3 2509 2965 3334
3 3950 2965 2509
3 3335 2971 2509
3 2509 2971 3953
3 2509 3334 3335
3 3953 3950 2509
3 2510 2512 2972
3 4672 2969 2510
3 2510 2972 4672
3 3556 2935 2511
3 2511 2935 4077
3 2513 2957 3201
3 2513 3686 3934
3 2514 3574 4292
3 4292 4291 2514
3 2515 2971 3671
3 3951 2971 2515
3 2515 2978 3955
3 4179 2978 2515
3 3671 3350 2515
3 2515 3350 4179
3 2515 3520 3951
3 3955 3520 2515
3 3089 2620 2517
3 2519 2859 4633
3 2519 4633 4634
3 2520 2960 5252
3 3595 3399 2520
3 2520 3399 3744
3 3710 3701 2523
3 4739 4022 2524
3 2524 4022 5289
3 5289 4518 2524
3 2524 4518 5509
3 5509 4739 2524
3 2525 2980 3357
3 3956 2980 2525
3 3685 2985 2525
3 2525 2985 3957
3 2525 3357 3685
3 3959 3956 2525
3 2525 3957 3959
3 3970 3377 2527
3 2527 3379 3970
3 2528 2529 3056
3 2528 3056 4646
3 2528 3972 4595
3 4646 3972 2528
3 2529 2856 3056
3 2530 2531 2992
3 3362 2531 2530
3 2530 2985 3362
3 3961 2985 2530
3 2530 2992 3692
3 2530 3692 3961
3 3367 2992 2531
3 2531 3366 3367
3 2993 2533 2532
3 2532 2533 3693
3 2532 2542 2999
3 3702 2542 2532
3 2999 2993 2532
3 2532 3693 3702
3 2533 2534 2535
3 2993 2534 2533
3 2533 2535 3688
3 2533 3688 3694
3 3694 3693 2533
3 3359 2535 2534
3 3359 3358 2535
3 2535 3358 3688
3 5292 3909 2539
3 2541 2542 3700
3 2541 2547 2998
3 3701 2547 2541
3 2541 3700 3701
3 3702 3700 2542
3 2545 2546 3001
3 3709 2546 2545
3 2545 3001 4117
3 2545 3708 3709
3 4117 3708 2545
3 2546 2554 3002
3 3717 2554 2546
3 3002 3001 2546
3 2546 3709 3717
3 2547 3701 3710
3 2547 3710 4117
3 2551 3213 3232
3 3300 3213 2551
3 3006 2554 2552
3 2552 2554 3715
3 4341 3006 2552
3 2552 3715 3716
3 2552 3716 4421
3 4421 4341 2552
3 3006 3002 2554
3 3717 3715 2554
3 2556 3275 3777
3 3890 3275 2556
3 2556 3635 3890
3 2557 3159 3992
3 3996 3159 2557
3 2557 3992 4903
3 4903 3996 2557
3 2562 3014 3183
3 5478 3014 2562
3 2562 3183 3722
3 3724 3212 2562
3 2562 3212 5478
3 2562 3722 3724
3 2563 3258 4748
3 4748 4570 2563
3 3993 3015 2564
3 2564 3015 4341
3 3726 3183 2564
3 2564 3183 3993
3 5475 3726 2564
3 2564 4341 4421
3 2564 4421 5475
3 5419 2613 2565
3 2565 4358 5419
3 3925 3503 2566
3 2566 3503 4583
3 3326 2608 2567
3 2567 2818 3326
3 2569 3773 5395
3 5133 4159 2571
3 5362 2717 2574
3 2574 3383 4683
3 4907 3036 2575
3 2575 3036 4909
3 4908 4907 2575
3 4910 4908 2575
3 2575 4909 4910
3 4841 4233 2576
3 2576 4233 5230
3 4947 4841 2576
3 2576 4920 4947
3 5230 4920 2576
3 2577 2580 3304
3 2577 3304 5421
3 4195 3646 2577
3 5421 4195 2577
3 5494 4639 2578
3 2580 2873 2915
3 2580 2915 3304
3 4764 2600 2581
3 2581 2600 5041
3 4950 4764 2581
3 5041 4950 2581
3 2582 4295 4980
3 5310 4295 2582
3 2582 4564 4674
3 5135 4564 2582
3 2582 4674 5310
3 2582 4980 5135
3 3971 2588 2585
3 2585 2588 4814
3 2585 3873 3971
3 4345 2590 2586
3 2586 2590 4840
3 2586 3680 4795
3 4840 3680 2586
3 4795 4345 2586
3 3973 3132 2588
3 2588 3132 4817
3 2588 3971 3973
3 4816 4814 2588
3 4817 4816 2588
3 3026 2596 2589
3 2590 3772 4840
3 5146 3772 2590
3 2590 4345 5146
3 2591 2716 4204
3 5402 2716 2591
3 2591 2919 5314
3 5441 2919 2591
3 2591 4204 5441
3 2592 3797 4225
3 2592 4225 5032
3 3531 3057 2594
3 2594 3057 4161
3 2595 3494 4897
3 5286 3494 2595
3 2595 4919 5286
3 3030 2597 2596
3 2596 3026 3388
3 3388 3030 2596
3 3395 2678 2597
3 2597 3030 3395
3 3985 2604 2599
3 2599 2604 5148
3 2599 3984 3985
3 4819 3984 2599
3 5147 4819 2599
3 5148 5147 2599
3 3094 2639 2600
3 2600 2639 3473
3 4764 3094 2600
3 2600 3473 5041
3 2616 2615 2602
3 2602 2615 3036
3 3037 2616 2602
3 2602 3036 4907
3 4907 3037 2602
3 5371 2662 2603
3 2604 4317 5148
3 3032 2606 2605
3 2605 2678 3395
3 3404 3032 2605
3 2605 3395 3404
3 3034 2611 2606
3 2606 3032 3034
3 2916 2651 2607
3 2609 4085 4767
3 5257 4085 2609
3 2610 3205 3784
3 2610 4555 5399
3 3703 2612 2611
3 2611 3034 3703
3 2612 3035 3474
3 3703 3035 2612
3 5419 3584 2613
3 2614 4042 4926
3 2614 4926 4938
3 3474 3036 2615
3 2616 3037 4515
3 2617 3038 4005
3 4005 3184 2617
3 4493 3754 2618
3 2619 3100 4000
3 2621 3224 4538
3 2621 4172 4406
3 4538 4172 2621
3 3402 2624 2623
3 4860 3402 2623
3 2624 3402 3885
3 2624 3885 4516
3 2625 3042 3043
3 4914 3042 2625
3 2625 3043 4732
3 2625 4519 4914
3 2626 3386 5320
3 2628 3224 4169
3 4606 3224 2628
3 2628 3503 3925
3 4169 3503 2628
3 2628 3925 4591
3 2628 4591 4606
3 2629 3414 4607
3 5139 3414 2629
3 4607 3925 2629
3 3282 2840 2630
3 2630 2840 3405
3 4837 3282 2630
3 2631 2714 5466
3 4478 2866 2631
3 2633 2876 2979
3 3907 2876 2633
3 2633 2979 4480
3 4480 3385 2633
3 2636 3228 3887
3 2636 3887 4805
3 3766 2643 2637
3 2637 2643 4224
3 2637 4224 5070
3 2639 3472 3473
3 4016 3053 2640
3 2640 3387 4611
3 4611 4016 2640
3 3248 2861 2641
3 2643 3695 4224
3 5150 3695 2643
3 2643 3766 3780
3 2643 3780 5150
3 2647 3998 3999
3 4830 3998 2647
3 2647 3999 4002
3 4002 4001 2647
3 2647 4001 4830
3 3874 2841 2648
3 4773 3113 2649
3 2649 3113 4993
3 5470 3775 2649
3 2649 3775 5473
3 5473 4773 2649
3 2649 4993 5470
3 4317 3247 2650
3 2650 3247 5010
3 4901 4317 2650
3 4904 4901 2650
3 5010 4904 2650
3 2657 2667 4352
3 4352 2867 2657
3 2659 4990 4992
3 5347 4990 2659
3 2659 4992 5436
3 2660 3034 4904
3 4905 3034 2660
3 2660 4904 5010
3 5010 4905 2660
3 3887 2842 2661
3 2661 2842 4158
3 5371 5353 2662
3 3537 2977 2663
3 2667 2869 4994
3 2668 3489 5360
3 3452 3091 2669
3 2669 3091 4945
3 2669 3451 3452
3 4940 3451 2669
3 4945 4940 2669
3 2670 2748 5415
3 5236 3138 2671
3 2671 5087 5236
3 2672 3103 3477
3 4859 3103 2672
3 3477 3106 2672
3 2672 3106 3893
3 2672 3893 5512
3 5512 4859 2672
3 2674 3130 4359
3 2674 4359 5011
3 4154 3241 2675
3 2675 3241 5000
3 5000 4815 2675
3 3210 3107 2676
3 2677 2822 4813
3 2677 4813 4861
3 2677 4861 4864
3 2677 4864 5266
3 2679 2687 4864
3 4864 4861 2679
3 3567 3471 2681
3 2683 3605 3977
3 2684 3792 4858
3 5465 3792 2684
3 2684 3969 4495
3 4858 3969 2684
3 2685 2686 5266
3 4864 2884 2685
3 2685 2884 4865
3 5266 4864 2685
3 2686 2825 5054
3 2687 2830 4865
3 2687 2884 4864
3 4865 2884 2687
3 2688 2693 4868
3 4865 2830 2688
3 4868 4865 2688
3 2689 4291 4566
3 2691 3910 5476
3 3620 2920 2692
3 3910 3620 2692
3 2692 3895 5207
3 5207 3910 2692
3 2693 2958 4211
3 2693 4211 4868
3 4871 3280 2694
3 5269 4871 2694
3 2695 2696 4871
3 4870 2698 2695
3 4871 4870 2695
3 2697 4053 4542
3 5186 4053 2697
3 5370 5186 2697
3 5500 2958 2698
3 4870 4312 2698
3 2698 4312 5500
3 4023 3491 2699
3 5208 4023 2699
3 2699 4202 5208
3 5265 4202 2699
3 4362 3041 2700
3 2700 3138 4362
3 4731 3216 2701
3 2701 3810 4731
3 4098 3311 2703
3 2703 3311 4099
3 2703 3368 4098
3 4797 3368 2703
3 2703 4099 4108
3 2703 4108 4797
3 2704 3791 4452
3 4452 4162 2704
3 2705 2826 3415
3 5435 2826 2705
3 2705 3415 3695
3 2706 3091 4942
3 4945 3091 2706
3 2706 3108 4851
3 4853 3108 2706
3 2706 4851 4945
3 4942 4853 2706
3 5122 4974 2707
3 2707 4975 5122
3 5132 4975 2707
3 3914 3620 2708
3 3915 3914 2708
3 2709 3836 4875
3 4981 3836 2709
3 2709 4836 4981
3 5271 4836 2709
3 2709 4875 5271
3 4875 3836 2712
3 2712 3836 5063
3 4876 4875 2712
3 5068 4876 2712
3 2712 5063 5068
3 4459 3581 2713
3 2713 4162 5105
3 5105 4459 2713
3 2716 3204 4204
3 4573 3939 2717
3 2717 4473 4573
3 5362 4473 2717
3 3644 3613 2718
3 5439 3974 2719
3 2719 4205 5428
3 2719 5428 5439
3 2720 2973 5052
3 5117 2973 2720
3 2720 5052 5053
3 2720 5053 5119
3 5350 5117 2720
3 2720 5119 5350
3 2722 3577 3981
3 4790 3939 2723
3 2723 3939 4902
3 5312 4390 2723
3 2723 4902 5312
3 2724 2874 3478
3 3479 2874 2724
3 3478 3109 2724
3 2724 3109 5005
3 4590 3479 2724
3 5005 4590 2724
3 3512 3085 2726
3 2726 3085 3938
3 4990 3512 2726
3 2726 3938 4610
3 2726 4610 4992
3 4992 4990 2726
3 2953 2952 2727
3 2727 2952 3246
3 3246 3209 2727
3 2727 3209 3332
3 4129 3944 2728
3 4683 3383 2729
3 2729 4082 4114
3 2729 4114 4683
3 4987 3391 2734
3 2734 3391 4988
3 2734 4988 5346
3 2736 3231 3481
3 4260 3231 2736
3 3481 3373 2736
3 2736 3373 4260
3 2737 2918 4458
3 4574 2918 2737
3 2737 3463 4289
3 4458 3463 2737
3 4289 3574 2737
3 2738 2739 3528
3 3825 2739 2738
3 3530 2741 2738
3 2738 2741 4316
3 2738 3528 3530
3 4316 3825 2738
3 2739 2745 3529
3 4319 2745 2739
3 3529 3528 2739
3 2739 3825 4319
3 2741 2742 3521
3 3532 2742 2741
3 2741 3521 4316
3 2741 3530 3532
3 4311 3521 2742
3 2742 3532 4123
3 2742 4123 4311
3 2743 2856 3372
3 4305 2856 2743
3 2743 3298 3769
3 2743 3769 4305
3 4679 4454 2744
3 2744 4454 5136
3 5270 4679 2744
3 2744 5136 5335
3 5335 5270 2744
3 2745 2746 3539
3 4319 2746 2745
3 3539 3529 2745
3 3165 2755 2746
3 2746 2755 3538
3 4319 3165 2746
3 2746 3538 3539
3 3170 2752 2751
3 2751 2752 3545
3 3547 2755 2751
3 2751 2755 4323
3 4323 3170 2751
3 2751 3545 3547
3 3170 2764 2752
3 2752 2764 3546
3 3546 3545 2752
3 2753 2950 3086
3 2754 3385 4480
3 2754 3579 4038
3 4480 3579 2754
3 2754 4038 5319
3 2755 3165 4323
3 3547 3538 2755
3 2756 2818 3137
3 3323 2818 2756
3 2756 3208 4342
3 4342 3323 2756
3 2758 3008 3416
3 4612 3008 2758
3 4522 3413 2758
3 2758 3413 4612
3 2758 3416 3782
3 2758 3782 4522
3 2760 2761 3550
3 4209 2761 2760
3 3552 2764 2760
3 2760 2764 4326
3 2760 3550 3552
3 4326 4209 2760
3 2761 2770 3558
3 3840 2770 2761
3 2761 3174 3840
3 4209 3174 2761
3 3551 3550 2761
3 3558 3551 2761
3 3086 2950 2762
3 5188 3734 2763
3 5197 5188 2763
3 2763 5492 5493
3 2764 3170 4326
3 3552 3546 2764
3 2866 2865 2765
3 3638 2866 2765
3 4175 3638 2765
3 2765 4095 4175
3 2767 2768 3182
3 3837 2768 2767
3 2767 3177 3837
3 4133 3177 2767
3 2767 3182 3834
3 2767 3834 4133
3 2768 2990 3182
3 2770 2771 3558
3 3840 2771 2770
3 3840 3555 2771
3 2771 3555 4327
3 5483 3558 2771
3 4327 4134 2771
3 2771 4134 5483
3 4457 3732 2772
3 2775 2827 3877
3 5090 2827 2775
3 4535 3411 2775
3 2775 3411 5090
3 2775 3877 4535
3 3553 3178 2776
3 2776 3178 4132
3 2776 3185 3841
3 4136 3185 2776
3 3841 3553 2776
3 2776 4132 4136
3 2781 2983 3557
3 3557 3046 2781
3 2783 3208 3400
3 4342 3208 2783
3 5479 3281 2784
3 2785 3450 3490
3 2790 3112 4338
3 3856 3193 2791
3 2791 3193 4141
3 2791 3203 3855
3 4145 3203 2791
3 3855 3854 2791
3 2791 3854 3856
3 2791 4141 4146
3 4146 4145 2791
3 3648 3197 2797
3 2797 3197 3718
3 4304 3648 2797
3 2797 3718 5336
3 5336 4304 2797
3 2798 2799 3576
3 3855 2799 2798
3 3576 3571 2798
3 3855 3203 2799
3 2799 3203 3861
3 3860 3576 2799
3 3861 3860 2799
3 4338 3112 2805
3 2807 3594 4726
3 2810 4020 4839
3 4916 4020 2810
3 2810 4740 4916
3 3749 3214 2811
3 3560 3179 2815
3 4236 3665 2815
3 2817 2947 3868
3 2818 3323 3326
3 2819 3629 4486
3 5385 3301 2820
3 2821 3241 4154
3 2821 4187 4803
3 2823 3937 3938
3 4997 3937 2823
3 2823 3938 5495
3 5495 4997 2823
3 5311 3725 2824
3 2825 4229 5054
3 5055 4229 2825
3 2826 2878 5215
3 5435 2878 2826
3 3572 3415 2826
3 4918 3572 2826
3 5215 4918 2826
3 2827 3399 4799
3 4799 3877 2827
3 5090 5074 2827
3 3776 2843 2828
3 2828 3235 3776
3 2829 3101 4590
3 5002 3101 2829
3 4350 3733 2829
3 2829 3733 5002
3 2829 3738 4350
3 5449 3738 2829
3 2829 4590 5449
3 4823 3548 2832
3 2832 3987 3991
3 2832 3991 3992
3 2832 3992 4823
3 5448 5110 2838
3 2838 5299 5448
3 3662 3243 2839
3 2839 3243 4472
3 4472 3633 2839
3 3282 3053 2840
3 2840 3053 4016
3 3874 3764 2841
3 2842 3826 4158
3 2842 3887 4041
3 2844 3308 3657
3 3657 3578 2844
3 2846 4115 4770
3 5044 4115 2846
3 2846 4156 4763
3 4770 4156 2846
3 2846 4763 4950
3 5041 4779 2846
3 2846 4779 5044
3 2846 4950 5041
3 3866 3403 2848
3 2848 3403 4325
3 3221 2850 2849
3 2850 3221 3870
3 3870 3235 2850
3 2850 3235 4208
3 3004 2855 2851
3 2851 2977 3004
3 3013 2977 2851
3 3431 3013 2851
3 5193 2975 2853
3 2853 2975 5390
3 4949 3055 2853
3 2853 3055 5193
3 2853 4066 4949
3 5390 4066 2853
3 2854 3281 5479
3 4305 3056 2856
3 3867 3687 2857
3 3487 3139 2858
3 2858 3139 5356
3 5356 3607 2858
3 3847 3000 2859
3 2859 3000 4633
3 5102 3847 2859
3 2863 3024 4955
3 2865 2866 4478
3 4353 2868 2867
3 2867 4352 4353
3 4857 3609 2868
3 4353 4259 2868
3 2868 4259 4857
3 3840 3173 2870
3 2870 3555 3840
3 3752 3240 2871
3 2871 3240 5454
3 3747 3430 2871
3 2871 3430 5008
3 5008 3752 2871
3 5426 2915 2873
3 2873 3113 4773
3 2873 4773 5426
3 5007 3478 2874
3 2874 3479 5149
3 2874 4167 4498
3 5149 4167 2874
3 2874 4498 5007
3 2875 3087 3261
3 4561 3087 2875
3 2875 3261 4112
3 2875 4112 4613
3 4615 4561 2875
3 2875 4613 4615
3 3907 3865 2876
3 5380 4481 2876
3 4584 4470 2878
3 2878 4470 5215
3 5435 4584 2878
3 2879 3483 5024
3 4739 4020 2879
3 2879 4020 4916
3 5024 4739 2879
3 2880 2910 4050
3 4467 2910 2880
3 2880 4050 4078
3 2880 4078 4307
3 2881 3161 4850
3 5166 3161 2881
3 2881 3990 5166
3 5203 4038 2881
3 2881 4850 5203
3 2882 4082 4790
3 2882 4790 5214
3 2885 3161 4697
3 4850 3161 2885
3 3743 3031 2889
3 2889 3099 3743
3 2890 3296 3881
3 5361 3296 2890
3 3285 2900 2891
3 5471 3285 2891
3 2892 3718 4688
3 5069 3718 2892
3 4578 4577 2892
3 2892 4577 5069
3 4688 4578 2892
3 5181 4926 2895
3 2895 4926 5235
3 5241 5181 2895
3 5235 5234 2895
3 2895 5234 5241
3 2896 3287 4270
3 4270 3920 2896
3 2897 4596 4807
3 3723 3485 2898
3 3795 3630 2899
3 2899 3630 4638
3 4638 3648 2899
3 3631 3630 2900
3 3632 3631 2900
3 2901 3340 4449
3 4451 3340 2901
3 4786 3931 2901
3 2902 3994 4602
3 5081 3994 2902
3 2902 4501 5081
3 5153 4501 2902
3 2902 4602 5153
3 4854 3807 2903
3 2903 3807 5256
3 2903 4256 5249
3 5256 4256 2903
3 5249 4854 2903
3 2904 3650 4626
3 4627 3650 2904
3 2904 4238 4239
3 4626 4238 2904
3 2904 4239 4628
3 4628 4627 2904
3 4816 3601 2905
3 2905 3601 5004
3 4895 4816 2905
3 2905 4820 4895
3 5004 4820 2905
3 2906 3412 4411
3 4611 3412 2906
3 2906 3414 4611
3 5283 3414 2906
3 2906 4411 5510
3 5510 5283 2906
3 2907 3104 3373
3 4767 3104 2907
3 2907 3373 4769
3 2907 3597 4767
3 4959 3597 2907
3 2907 4769 4959
3 2909 3238 3580
3 4630 3238 2909
3 2909 3317 4630
3 2909 3580 3908
3 5169 3773 2910
3 2910 4467 5342
3 5342 5169 2910
3 5513 3049 2911
3 2911 4051 5513
3 2912 3021 3623
3 4308 3021 2912
3 2912 3496 4308
3 2912 3623 3624
3 2914 3581 4459
3 4575 3581 2914
3 4459 4458 2914
3 2914 4458 4575
3 4580 3272 2917
3 2917 4579 5313
3 5312 4580 2917
3 5313 5312 2917
3 4575 4458 2918
3 2918 4574 4575
3 2919 2930 5314
3 5359 2930 2919
3 2919 4992 5359
3 5436 4992 2919
3 4552 4156 2921
3 2921 4156 4770
3 4770 4198 2921
3 2921 4198 5261
3 5261 4552 2921
3 2922 2926 4359
3 5315 2926 2922
3 2922 4885 5315
3 3806 3080 2923
3 2923 3080 4935
3 4934 3806 2923
3 2923 4847 4934
3 5243 4847 2923
3 2923 4935 5243
3 3927 3204 2924
3 2924 3204 4463
3 4844 3927 2924
3 2925 2926 2927
3 5011 2926 2925
3 2925 2927 5378
3 4365 2927 2926
3 5011 4359 2926
3 5315 4365 2926
3 4364 4195 2927
3 2927 4195 5378
3 4365 4364 2927
3 2928 4598 5008
3 5085 4598 2928
3 2928 5008 5009
3 2928 5009 5085
3 2929 3638 4175
3 4613 4112 2929
3 2929 4175 4613
3 2930 2932 3590
3 4610 2932 2930
3 2930 3061 5314
3 5359 4610 2930
3 2931 3894 4178
3 4178 3901 2931
3 3936 3590 2932
3 3938 3936 2932
3 4610 3938 2932
3 4469 3267 2934
3 4485 4469 2934
3 3276 3213 2936
3 2936 3213 4996
3 4366 3276 2936
3 2936 3315 4197
3 4996 3315 2936
3 2936 4197 4700
3 4700 4366 2936
3 2938 4384 4901
3 5389 4384 2938
3 4901 4900 2938
3 2939 3144 4118
3 2940 4013 5352
3 2942 3390 3943
3 4831 3390 2942
3 3942 3653 2942
3 3943 3942 2942
3 2942 4130 4831
3 2943 4395 4400
3 2946 3145 4250
3 4691 3868 2947
3 2947 4398 4691
3 2948 3454 4755
3 5037 3454 2948
3 2948 4755 4852
3 2948 4852 5037
3 2954 3149 5009
3 3747 3269 2954
3 2954 3269 4166
3 2954 3430 3747
3 5009 3430 2954
3 5500 4211 2958
3 2960 3905 5252
3 2962 2966 3333
3 3857 3411 2963
3 2963 3411 4535
3 4226 3857 2963
3 2963 3880 4226
3 5377 3880 2963
3 2963 4535 5377
3 2964 3275 4559
3 3954 3768 2964
3 2964 4559 5176
3 2965 3947 4201
3 5482 3947 2965
3 2965 3950 5482
3 3342 3341 2969
3 2970 3064 3439
3 3781 3064 2970
3 2970 3069 3781
3 3823 3069 2970
3 2970 3439 5028
3 5028 3823 2970
3 2971 3335 3670
3 2971 3670 3671
3 2971 3951 3953
3 2973 4550 5052
3 5384 4550 2973
3 5117 4687 2973
3 2973 4687 5384
3 2974 2997 3891
3 5193 3215 2975
3 2975 3215 5261
3 5261 3779 2975
3 2975 3779 5390
3 4639 4256 2976
3 2976 4256 5256
3 2976 4257 4640
3 4855 4257 2976
3 4640 4639 2976
3 5256 4855 2976
3 3537 3004 2977
3 3678 2980 2978
3 2978 2980 3956
3 4179 3678 2978
3 3956 3955 2978
3 3678 3357 2980
3 3245 3020 2981
3 2981 3020 4386
3 5450 3245 2981
3 2982 4258 4856
3 4857 4258 2982
3 2982 4856 4859
3 4859 4857 2982
3 3665 3557 2983
3 2983 3656 3765
3 3765 3665 2983
3 3685 3362 2985
3 3961 3957 2985
3 4993 3113 2986
3 2986 3113 5321
3 2986 3114 4774
3 5321 3114 2986
3 2986 4774 4993
3 2989 3000 3847
3 4678 3000 2989
3 2989 3081 3449
3 3847 3081 2989
3 2989 3449 5100
3 3540 3182 2990
3 3770 3504 2991
3 2992 3367 3691
3 2992 3691 3692
3 5072 4298 2994
3 2994 4298 5140
3 5140 5067 2994
3 2994 5067 5368
3 5368 5072 2994
3 4755 3453 2996
3 4941 4755 2996
3 4631 4155 3000
3 3000 4155 4633
3 4678 4631 3000
3 4319 3160 3003
3 3003 3165 4319
3 4506 3291 3009
3 3009 3319 4506
3 4362 3339 3012
3 5443 4362 3012
3 3993 3183 3014
3 3014 3218 3993
3 3993 3218 3015
3 3898 3155 3017
3 4032 3866 3019
3 3019 4029 4032
3 3960 3264 3021
3 3911 3623 3021
3 4308 3960 3021
3 5434 3314 3023
3 3023 4877 5434
3 3024 3486 4955
3 4822 3388 3026
3 3026 4815 4822
3 4139 3200 3028
3 3028 3200 4329
3 4138 3846 3028
3 3028 3846 4139
3 4329 4138 3028
3 3029 3058 3418
3 4414 3058 3029
3 3029 3418 3420
3 3030 3388 4820
3 4821 3395 3030
3 3030 4820 4821
3 4904 3034 3032
3 3032 3404 4900
3 3032 4900 4904
3 4905 3703 3034
3 3035 3036 3474
3 4909 3036 3035
3 3035 3703 4905
3 3035 4905 4909
3 3037 3189 4515
3 4907 4185 3037
3 3038 3758 4003
3 3038 4003 4005
3 4835 3043 3039
3 3039 3043 5017
3 3039 4001 4730
3 4834 4001 3039
3 3039 4730 4835
3 5017 4834 3039
3 3041 4362 5443
3 5017 3043 3042
3 4914 3202 3042
3 3042 3202 5017
3 4835 4732 3043
3 5456 5374 3044
3 3045 3074 3436
3 3438 3074 3045
3 3045 3436 5031
3 3439 3438 3045
3 5031 3439 3045
3 3046 3557 3912
3 3048 3503 4169
3 4583 3503 3048
3 4516 3885 3048
3 3048 3885 5228
3 3048 4169 4516
3 5228 4583 3048
3 5254 5187 3049
3 5513 5254 3049
3 3050 4808 5269
3 3050 4974 5103
3 3920 3482 3051
3 3051 3482 4649
3 4649 4648 3051
3 3053 3282 5024
3 5024 3483 3053
3 3458 3096 3054
3 3054 3096 4854
3 4942 3458 3054
3 3054 4853 4942
3 5249 4853 3054
3 3054 4854 5249
3 3055 4707 5193
3 5258 4707 3055
3 3055 4949 5258
3 3058 3417 3418
3 4460 3417 3058
3 4414 4230 3058
3 3058 4230 4460
3 3328 3315 3060
3 3060 3315 5073
3 3513 3328 3060
3 5073 3513 3060
3 3062 3433 3748
3 4677 3433 3062
3 3748 3499 3062
3 3062 3499 4922
3 3062 3948 4677
3 4922 3948 3062
3 3063 3072 5499
3 4368 3239 3063
3 5499 4368 3063
3 3064 3438 3439
3 5171 3438 3064
3 3064 3781 5170
3 3064 5170 5171
3 3065 4098 4679
3 3065 4679 4680
3 5392 5042 3066
3 3066 5202 5392
3 3781 3069 3067
3 3865 3265 3067
3 3067 3265 5175
3 5175 3781 3067
3 3069 3823 5029
3 3071 4619 4621
3 5094 4619 3071
3 5171 5094 3071
3 3072 3392 4018
3 3666 3441 3073
3 3073 3441 5293
3 3735 3666 3073
3 5405 3735 3073
3 5293 3771 3073
3 3073 3771 5405
3 3074 3076 3436
3 5178 3076 3074
3 3074 3438 5096
3 3074 5096 5178
3 3448 3436 3076
3 3449 3448 3076
3 5100 3449 3076
3 5178 5100 3076
3 3078 3771 4934
3 5237 3771 3078
3 4241 4240 3078
3 3078 4240 5237
3 4847 4241 3078
3 4934 4847 3078
3 3806 3444 3080
3 3080 3444 4647
3 4647 3451 3080
3 3080 3451 4940
3 4940 4935 3080
3 3081 3088 3454
3 3847 3088 3081
3 3081 3446 3449
3 5464 4194 3084
3 3084 5282 5464
3 3085 3512 4300
3 5495 3938 3085
3 3085 4300 5495
3 3265 3261 3087
3 5175 3265 3087
3 3087 4561 5175
3 3468 3454 3088
3 5102 3468 3088
3 3088 3847 5102
3 3090 4494 4497
3 4999 4494 3090
3 3090 4497 5003
3 3090 4998 4999
3 5001 4998 3090
3 5003 5001 3090
3 3091 3452 3456
3 3091 3456 3457
3 3091 3457 3458
3 3091 3458 4942
3 5006 3269 3092
3 5340 5006 3092
3 3093 3094 4252
3 3093 3734 5188
3 5189 3734 3093
3 3093 4252 4253
3 3093 4253 5189
3 4760 4252 3094
3 4764 4760 3094
3 3096 3458 3459
3 3096 3459 3465
3 3096 3465 3543
3 3096 3543 4854
3 3100 3384 5257
3 5044 4000 3100
3 5257 5044 3100
3 3101 4496 4590
3 3101 5002 5003
3 3103 3470 3476
3 3103 3476 3477
3 4260 3373 3104
3 4767 4085 3104
3 3621 3156 3106
3 3106 3156 3893
3 3106 3477 4070
3 4070 3621 3106
3 3210 3209 3107
3 3107 3209 3246
3 4249 4247 3108
3 3108 4247 4851
3 4853 4249 3108
3 3109 3478 5007
3 3109 3741 5005
3 5340 3741 3109
3 5007 5006 3109
3 3109 5006 5340
3 3481 3273 3110
3 3110 3373 3481
3 4769 3373 3110
3 3110 4356 4769
3 3114 3115 4775
3 5322 3115 3114
3 5321 4192 3114
3 3114 4192 5322
3 4775 4774 3114
3 3115 3117 4776
3 5323 3117 3115
3 5322 3982 3115
3 3115 3982 5323
3 4776 4775 3115
3 3116 3518 4121
3 4122 3518 3116
3 3116 3774 4122
3 4121 3819 3116
3 3117 3641 4780
3 5326 3641 3117
3 3117 5323 5326
3 3118 3119 5206
3 5330 3119 3118
3 5205 4781 3118
3 3118 4781 5327
3 5206 5205 3118
3 3118 5327 5330
3 4279 3122 3119
3 3119 3122 4782
3 5330 4279 3119
3 3119 4782 5206
3 3120 3121 3778
3 4275 3121 3120
3 3492 3122 3120
3 3120 3122 4275
3 3778 3492 3120
3 3121 3123 3493
3 4280 3123 3121
3 3121 3493 3778
3 4275 4274 3121
3 3121 4274 4280
3 3122 3492 3495
3 3122 3495 4782
3 4279 4275 3122
3 5271 3493 3123
3 3123 4280 4836
3 3123 4836 5271
3 4637 3802 3127
3 3127 3802 5341
3 3127 4344 4760
3 4761 4637 3127
3 3127 4760 4761
3 3128 3453 4246
3 4253 3453 3128
3 3128 3673 4253
3 5185 3673 3128
3 3128 4246 5185
3 3129 3293 4221
3 3129 3917 5364
3 3132 3973 4890
3 3132 3978 4817
3 4890 3978 3132
3 3134 3173 4186
3 3135 4470 4584
3 3136 4105 4290
3 5236 4362 3138
3 3139 3429 5356
3 3140 4415 5232
3 5233 4415 3140
3 3140 4528 4529
3 5232 4528 3140
3 3140 4529 5233
3 4714 3263 3141
3 3143 3273 4994
3 4248 4118 3144
3 4710 4708 3146
3 3744 3399 3148
3 3149 3162 4501
3 3149 4501 5009
3 3845 3604 3150
3 3492 3491 3152
3 3495 3492 3152
3 4443 3495 3152
3 3153 3244 5463
3 5463 4585 3153
3 3154 5404 5421
3 3898 3764 3155
3 3621 3255 3156
3 3156 3255 3893
3 4823 3992 3159
3 3159 3996 4827
3 4824 4823 3159
3 4827 4824 3159
3 3825 3824 3160
3 4319 3825 3160
3 3161 4181 4697
3 5166 4181 3161
3 4498 3750 3162
3 3162 3750 5081
3 5081 4501 3162
3 3163 3164 5489
3 3163 3534 4322
3 5489 3534 3163
3 3165 3832 4323
3 4405 3672 3168
3 3168 3745 4405
3 3169 3170 3832
3 3835 3170 3169
3 4323 3832 3170
3 3170 3835 4326
3 5394 3886 3172
3 3172 3886 5435
3 3172 3905 5394
3 3840 3174 3173
3 3173 3174 4186
3 4209 4186 3174
3 3177 3178 3837
3 4131 3178 3177
3 4133 4131 3177
3 3178 3553 3837
3 3178 4131 4132
3 4057 3753 3180
3 3180 3753 5196
3 5467 4057 3180
3 5302 4182 3180
3 3180 4182 5467
3 3180 4373 5192
3 5196 4373 3180
3 3180 5192 5302
3 3182 3540 5503
3 5503 3834 3182
3 3726 3722 3183
3 3185 3194 3841
3 4137 3194 3185
3 3185 4136 4137
3 3186 3442 3806
3 5293 3442 3186
3 4934 3771 3186
3 3186 3771 5293
3 3186 3806 4934
3 3188 3302 4217
3 5290 3302 3188
3 3188 4217 5226
3 3190 3833 4512
3 5289 3833 3190
3 3190 4512 5290
3 3190 4913 5289
3 5290 4913 3190
3 3191 3193 3848
3 4142 3193 3191
3 3848 3194 3191
3 3191 3194 4142
3 4285 3800 3192
3 3192 3800 5351
3 4286 4285 3192
3 5382 4286 3192
3 3192 5333 5382
3 5437 5333 3192
3 3192 5351 5437
3 3856 3848 3193
3 4142 4141 3193
3 3850 3841 3194
3 3194 3848 3850
3 3194 4137 4142
3 4712 3205 3195
3 4713 4712 3195
3 4715 4713 3195
3 3648 3585 3197
3 3197 3585 4688
3 4688 3718 3197
3 3200 3561 4329
3 3200 4139 4140
3 5226 5017 3202
3 4145 3861 3203
3 3204 3927 4204
3 4689 3995 3206
3 3209 3210 3324
3 3209 3324 3332
3 3657 3324 3210
3 3210 3578 3657
3 3212 3637 5478
3 3212 3724 3729
3 3276 3232 3213
3 5193 4531 3215
3 3215 4552 5261
3 3219 3243 5015
3 5430 3243 3219
3 4160 3589 3219
3 3219 3589 5430
3 4163 4160 3219
3 4314 4163 3219
3 5015 4314 3219
3 3220 3986 5372
3 3869 3862 3221
3 3221 3862 3870
3 3223 3810 4472
3 4606 4538 3224
3 4692 4207 3225
3 3225 4370 4692
3 3225 5042 5392
3 4541 4537 3226
3 3228 3875 4041
3 4041 3887 3228
3 3230 3258 4566
3 4568 3258 3230
3 3230 4566 4567
3 5113 3481 3231
3 5201 3659 3231
3 3231 4260 5201
3 3232 3276 3380
3 3870 3776 3235
3 5326 4269 3236
3 3236 4269 5327
3 3236 4781 5326
3 5327 4781 3236
3 3237 3646 4364
3 4652 3646 3237
3 3237 4364 4365
3 3237 4365 4429
3 3237 4429 5204
3 5204 4652 3237
3 3240 4244 5454
3 3243 3662 5015
3 5430 4472 3243
3 3244 5388 5463
3 5450 5095 3245
3 4178 4174 3251
3 3252 5259 5386
3 3252 5339 5429
3 5432 5407 3252
3 3252 5429 5432
3 3254 3606 3635
3 4027 3606 3254
3 3254 3901 4479
3 4479 4027 3254
3 4078 3893 3255
3 4307 4078 3255
3 3257 3579 4480
3 4481 4328 3257
3 3258 4568 4748
3 3902 3312 3259
3 3259 3312 4178
3 3903 3636 3259
3 3261 3265 3865
3 3261 3865 3907
3 4411 3413 3262
3 3262 3413 4522
3 4521 4411 3262
3 4522 4521 3262
3 3268 3593 4154
3 3269 3747 4555
3 5006 4166 3269
3 3270 3396 3755
3 3273 3481 5113
3 4995 4994 3273
3 5113 4995 3273
3 4644 4553 3274
3 4301 3777 3275
3 3275 3890 4559
3 4366 3642 3276
3 3276 3642 4681
3 4181 3611 3277
3 3277 3611 4349
3 4349 3636 3277
3 3277 3897 4181
3 3588 3416 3279
3 3282 4837 5024
3 4726 3594 3283
3 3283 3594 4982
3 3284 4435 4436
3 5457 4270 3287
3 3287 4361 5457
3 5412 3582 3288
3 3289 3444 3888
3 5101 3444 3289
3 3289 3888 4045
3 3289 4045 4752
3 3289 4752 5101
3 3290 4320 4699
3 3292 3608 4230
3 4348 3608 3292
3 3292 4230 4414
3 5230 4348 3292
3 3292 4414 4920
3 3292 4920 5230
3 4699 4320 3293
3 3935 3300 3294
3 3409 3306 3294
3 3294 3306 3935
3 5361 3974 3296
3 5409 3593 3297
3 3298 3343 5403
3 3299 3811 5362
3 5385 4187 3301
3 3302 3549 4217
3 5290 3549 3302
3 3303 3482 4191
3 4363 3482 3303
3 3303 3926 4489
3 4489 4363 3303
3 3306 3590 3935
3 3801 3591 3307
3 3307 3591 4269
3 4269 3796 3307
3 3307 3796 4440
3 4446 3801 3307
3 3307 4440 4446
3 3663 3657 3308
3 3872 3443 3309
3 3309 3583 3872
3 3902 3901 3312
3 3312 3901 4178
3 3313 4561 4616
3 5175 4561 3313
3 3313 4616 5094
3 3313 5094 5175
3 3315 3328 4197
3 3315 4996 4997
3 3315 4997 5073
3 3316 3576 3652
3 3318 3425 3573
3 4509 4101 3321
3 3323 3325 3326
3 3946 3325 3323
3 4342 3946 3323
3 3829 3332 3324
3 3324 3657 3663
3 3324 3663 3829
3 3327 3326 3325
3 3947 3327 3325
3 3325 3946 4367
3 4367 3947 3325
3 3327 3947 5482
3 3328 3513 5505
3 4802 4197 3328
3 5505 4802 3328
3 3329 3330 3331
3 3332 3330 3329
3 5481 3331 3330
3 3330 3332 3829
3 3829 3661 3330
3 3330 3661 5481
3 3669 3667 3331
3 5481 3669 3331
3 3335 3334 3333
3 3335 3341 3670
3 4455 3368 3336
3 3336 3368 4464
3 3336 3502 4124
3 4464 3502 3336
3 3336 4124 4455
3 3337 3338 3348
3 3349 3348 3338
3 3677 3349 3338
3 3338 3667 3677
3 3339 4362 5236
3 3340 3791 4450
3 4452 3791 3340
3 4450 4449 3340
3 3340 4451 4452
3 3341 3342 3670
3 3342 3350 3671
3 3671 3670 3342
3 3344 3345 3347
3 3349 3345 3344
3 3344 3347 3355
3 3344 3348 3349
3 3675 3347 3345
3 3345 3349 3674
3 3345 3674 3675
3 3356 3355 3347
3 3684 3356 3347
3 3347 3675 3684
3 3677 3674 3349
3 3351 3352 3354
3 3356 3352 3351
3 3354 3353 3351
3 3351 3355 3356
3 3682 3354 3352
3 3352 3356 3681
3 3352 3681 3682
3 3353 3354 3360
3 3360 3359 3353
3 3690 3360 3354
3 3354 3682 3690
3 3684 3681 3356
3 3358 3359 3360
3 3358 3360 3690
3 3690 3688 3358
3 3363 3365 3963
3 4206 3365 3363
3 3367 3366 3363
3 3963 3367 3363
3 3364 3506 4987
3 5138 3506 3364
3 3364 4984 4985
3 4987 4984 3364
3 3364 4985 5137
3 3364 5137 5138
3 3365 3371 3707
3 4206 3371 3365
3 3707 3697 3365
3 3365 3697 3963
3 3699 3691 3367
3 3962 3699 3367
3 3963 3962 3367
3 4454 4098 3368
3 4455 4454 3368
3 4797 4464 3368
3 3371 3370 3369
3 3965 3371 3369
3 3369 3375 3966
3 3966 3965 3369
3 3370 3371 4206
3 3964 3707 3371
3 3965 3964 3371
3 3967 3375 3374
3 3374 3377 3378
3 3374 3378 3967
3 3375 3376 3966
3 3967 3376 3375
3 3376 3712 3714
3 3967 3712 3376
3 3376 3714 3966
3 3970 3378 3377
3 3378 3719 3721
3 3970 3719 3378
3 3378 3721 3967
3 3379 3728 3970
3 4261 4085 3384
3 3384 4085 5257
3 3386 3884 4220
3 4223 3884 3386
3 3386 4220 5424
3 3387 3413 4611
3 4612 3413 3387
3 4822 4820 3388
3 3390 4831 5250
3 4987 3511 3391
3 3391 3511 4988
3 3394 3626 4361
3 3399 3595 4799
3 3760 3549 3402
3 3402 3549 3885
3 4860 3760 3402
3 3408 4977 5062
3 3410 3411 4410
3 5089 3411 3410
3 4410 4409 3410
3 3410 4409 5291
3 5291 5089 3410
3 3411 3857 4410
3 5089 4254 3411
3 3411 4254 5090
3 3412 3413 4411
3 4611 3413 3412
3 5283 4607 3414
3 5139 4611 3414
3 3415 3572 4608
3 4224 3695 3415
3 4863 4224 3415
3 3415 4608 4863
3 3416 3588 3782
3 4028 3418 3417
3 3417 4027 4028
3 5306 4027 3417
3 4460 4176 3417
3 3417 4176 5306
3 3421 3420 3418
3 4031 3421 3418
3 3418 4028 4031
3 3420 3421 3423
3 3420 3423 5304
3 5304 4737 3420
3 4035 3423 3421
3 3421 4031 4035
3 3422 3558 5483
3 3423 3424 3592
3 4036 3424 3423
3 3423 3592 5304
3 3423 4035 4036
3 3424 3426 3592
3 4420 3426 3424
3 3424 4036 4420
3 4340 3573 3425
3 3425 3863 4340
3 4921 3592 3426
3 3426 4420 4677
3 3426 4677 4921
3 5009 5008 3430
3 3432 3792 4588
3 4858 3792 3432
3 4017 3748 3433
3 4037 4017 3433
3 4420 4037 3433
3 4677 4420 3433
3 3563 3499 3434
3 3434 3499 3748
3 3666 3563 3434
3 4040 3666 3434
3 3434 3748 4017
3 3434 4017 4040
3 5478 3637 3435
3 3436 3448 5034
3 5034 5031 3436
3 5171 5096 3438
3 5097 5028 3439
3 3439 5031 5097
3 5015 3662 3440
3 3440 4314 5015
3 4045 3442 3441
3 3441 3442 5293
3 3441 3666 4043
3 3441 4043 4045
3 3888 3806 3442
3 4045 3888 3442
3 3443 3872 3921
3 3444 3806 3888
3 5101 4647 3444
3 3446 3448 3449
3 5033 3448 3446
3 5037 5033 3446
3 3885 3549 3447
3 3447 3549 5290
3 4512 3885 3447
3 5290 4512 3447
3 3448 5033 5034
3 4048 3452 3451
3 4647 4048 3451
3 5036 3456 3452
3 3452 4048 5036
3 4253 4252 3453
3 4054 3457 3456
3 5036 4054 3456
3 3459 3458 3457
3 4055 3459 3457
3 3457 4054 4055
3 4060 3465 3459
3 3459 4055 4669
3 4669 4060 3459
3 3668 3498 3464
3 5480 5124 3464
3 3465 3466 3543
3 4061 3466 3465
3 3465 4060 4061
3 4065 3470 3466
3 3466 3470 4422
3 4422 3543 3466
3 3466 4061 4065
3 5102 4246 3468
3 4069 3476 3470
3 3470 4065 4069
3 4000 3473 3472
3 3472 5194 5195
3 5197 5194 3472
3 3473 4000 5041
3 4070 3477 3476
3 3476 4069 4070
3 4590 4496 3479
3 3482 3920 4191
3 3482 4363 4556
3 3482 4556 4649
3 3485 3723 4190
3 5474 5374 3488
3 3489 3934 5296
3 3489 5296 5360
3 3491 3492 3778
3 3491 3778 5307
3 5307 3778 3493
3 5271 4071 3493
3 3493 4071 5308
3 5308 5307 3493
3 3494 3980 4163
3 3494 4163 4897
3 3495 4443 4782
3 3498 3668 4675
3 4673 4302 3498
3 3498 4302 5040
3 4675 4673 3498
3 3500 3882 4071
3 5480 3882 3500
3 3500 4071 5271
3 3500 4875 4943
3 5271 4875 3500
3 3500 4943 5480
3 4455 4124 3501
3 3501 4124 5272
3 5136 4455 3501
3 4983 4791 3501
3 5272 4983 3501
3 4464 3509 3502
3 3502 3509 5277
3 5272 4124 3502
3 5277 5272 3502
3 3505 3904 4789
3 4876 3904 3505
3 3505 4789 4875
3 3505 4875 4876
3 3506 3511 4987
3 5140 3511 3506
3 3506 5138 5140
3 4880 3508 3507
3 3507 3508 5274
3 3507 3509 4880
3 5274 3509 3507
3 4880 4297 3508
3 3508 4297 5231
3 3508 5231 5275
3 5275 5274 3508
3 3509 4464 4880
3 3509 5274 5277
3 4300 3512 3511
3 3511 3512 4989
3 5140 4300 3511
3 4989 4988 3511
3 4990 4989 3512
3 5280 4466 3513
3 3513 4466 5505
3 5073 4490 3513
3 3513 4490 5281
3 5281 5280 3513
3 5231 4303 3514
3 3514 4303 5413
3 3514 5072 5368
3 5413 5072 3514
3 5275 5231 3514
3 5368 5275 3514
3 3515 4010 4119
3 3515 4119 4309
3 3517 3518 3525
3 4121 3518 3517
3 4309 4121 3517
3 3526 3525 3518
3 4122 3526 3518
3 3519 3521 4311
3 4311 4306 3519
3 3521 3824 4316
3 3524 3523 3522
3 5501 3524 3522
3 3522 3525 3526
3 3522 3526 5501
3 3523 3524 5489
3 3524 3822 4126
3 5501 3822 3524
3 3524 4126 5489
3 3526 4122 5501
3 3527 3529 3539
3 3532 3820 4123
3 3533 4033 4526
3 4743 4033 3533
3 4526 4034 3533
3 3533 4034 4743
3 3534 3535 4322
3 5489 3535 3534
3 3535 3827 3828
3 4126 3827 3535
3 3535 3828 3830
3 3535 3830 4128
3 5489 4126 3535
3 3535 4128 4322
3 3536 4241 4242
3 4632 4241 3536
3 3536 4242 4634
3 4633 4632 3536
3 4634 4633 3536
3 3540 4321 5503
3 4310 3815 3542
3 4408 4310 3542
3 4422 3807 3543
3 3543 3807 4854
3 3544 3814 4510
3 3549 3760 4217
3 4327 3555 3554
3 3554 4140 4327
3 3557 3665 4236
3 4236 3912 3557
3 3561 3566 4329
3 3563 3666 3735
3 3563 3735 5405
3 5405 4925 3563
3 3564 3841 3850
3 4333 4329 3566
3 3566 4331 4333
3 3568 4543 4756
3 5246 4543 3568
3 3568 4545 5245
3 5341 4545 3568
3 3568 5245 5246
3 3856 3854 3569
3 4918 4608 3572
3 4340 4339 3573
3 3574 4289 4453
3 4453 4292 3574
3 3860 3652 3576
3 3580 3867 3908
3 4575 3808 3581
3 4883 3872 3583
3 3648 3640 3585
3 3585 3640 3651
3 3585 3651 4688
3 3586 3732 5001
3 5001 3733 3586
3 5229 3782 3588
3 3588 3875 3878
3 3588 3878 5229
3 3589 4160 5146
3 4873 4472 3589
3 3589 4472 5430
3 5146 4873 3589
3 3936 3935 3590
3 3591 3801 4272
3 5327 4269 3591
3 3591 4272 5330
3 5330 5327 3591
3 4921 4243 3592
3 3592 4243 5304
3 5409 4360 3593
3 3595 3780 3877
3 5150 3780 3595
3 3595 3877 4799
3 4620 4235 3596
3 3596 4235 4842
3 4318 4237 3596
3 3596 4237 4622
3 4842 4318 3596
3 4622 4620 3596
3 4768 3929 3597
3 4959 4768 3597
3 5049 4886 3599
3 4817 4165 3601
3 3601 4165 4818
3 3601 4816 4817
3 3601 4818 5004
3 3603 3779 5261
3 5262 3779 3603
3 3603 4198 4426
3 5261 4198 3603
3 3603 4426 5262
3 3890 3635 3606
3 5373 3890 3606
3 3606 4027 5306
3 5306 4176 3606
3 3606 4176 5373
3 3608 3896 4230
3 5506 3896 3608
3 4348 4228 3608
3 3608 4228 5506
3 5512 4173 3609
3 3609 4857 5512
3 5273 3656 3610
3 3611 4181 4477
3 4477 4349 3611
3 4836 4280 3612
3 3612 4280 5210
3 4979 4791 3612
3 3612 4791 4981
3 4981 4836 3612
3 5210 4979 3612
3 4025 3902 3615
3 4030 4025 3615
3 4523 4030 3615
3 3617 3636 4349
3 3617 4349 4415
3 3617 4415 4417
3 3621 4070 4884
3 4884 4695 3621
3 5077 3624 3623
3 3623 3911 4698
3 3623 4698 5077
3 3624 5077 5143
3 3624 5143 5337
3 3626 4191 5457
3 5457 4361 3626
3 3630 3631 4638
3 3631 3632 3640
3 3631 3640 3648
3 3631 3648 4638
3 5417 3640 3632
3 4472 3810 3633
3 4004 3672 3639
3 3639 3672 4218
3 5288 4004 3639
3 3639 4218 5288
3 5417 3651 3640
3 4781 4780 3641
3 5326 4781 3641
3 5365 3756 3642
3 4587 4303 3643
3 3643 4303 4801
3 3643 4465 4587
3 3646 4195 4364
3 4652 4262 3646
3 3648 4304 4844
3 4644 4257 3649
3 3649 4257 4856
3 3649 4258 4644
3 4856 4258 3649
3 3650 4625 4626
3 3651 4525 4688
3 4120 3818 3653
3 3653 3942 4120
3 3654 4125 5053
3 5056 4125 3654
3 3654 5053 5408
3 5057 5056 3654
3 5303 5057 3654
3 5408 5303 3654
3 5273 3765 3656
3 3660 3876 4701
3 3829 3663 3661
3 4884 4070 3664
3 3664 4070 5109
3 3664 4074 4884
3 5109 4074 3664
3 3666 4040 4064
3 4064 4043 3666
3 3667 3676 3677
3 3672 4004 4396
3 5227 4218 3672
3 3672 4405 5227
3 5189 4253 3673
3 3675 3683 3684
3 3679 3940 4802
3 3679 4113 4686
3 4771 4113 3679
3 3679 4686 4793
3 4802 4771 3679
3 3680 4413 4738
3 4839 4413 3680
3 3680 4738 4795
3 3682 3689 3690
3 3867 3749 3687
3 3699 3698 3691
3 3696 3697 3706
3 3962 3697 3696
3 3696 3698 3699
3 3696 3699 3962
3 3707 3706 3697
3 3697 3962 3963
3 3704 3705 3713
3 3964 3705 3704
3 3704 3706 3707
3 3704 3707 3964
3 3714 3713 3705
3 3966 3714 3705
3 3705 3964 3965
3 3705 3965 3966
3 4117 3710 3708
3 3967 3721 3712
3 3716 3941 5475
3 5475 4421 3716
3 3718 5069 5336
3 3728 3727 3719
3 3970 3728 3719
3 3722 3726 4721
3 4998 4457 3730
3 3732 4457 4998
3 3732 4998 5001
3 3733 5001 5002
3 5303 4866 3737
3 3738 3906 4350
3 5005 4330 3738
3 5449 5005 3738
3 5369 5048 3740
3 3740 5048 5465
3 3740 5300 5369
3 3741 4330 5005
3 5375 4330 3741
3 4406 4405 3745
3 4498 4167 3750
3 3750 4167 4597
3 4597 4594 3750
3 3750 4594 5081
3 4969 4968 3751
3 3751 4968 5055
3 5012 3754 3752
3 3752 5008 5012
3 3753 4057 4377
3 3753 4377 5255
3 3753 5187 5196
3 5255 5187 3753
3 3754 5012 5013
3 5365 3917 3756
3 4603 4003 3758
3 5016 4603 3758
3 3758 5013 5016
3 4014 3763 3759
3 3759 3763 4603
3 4508 4014 3759
3 5014 4503 3759
3 3759 4503 5086
3 5086 4508 3759
3 3759 4603 5016
3 5016 5014 3759
3 3760 4216 4217
3 4912 4216 3760
3 3760 4860 4912
3 3761 3762 4006
3 5161 3762 3761
3 3761 3763 4014
3 4603 3763 3761
3 3761 4006 4605
3 3761 4014 5161
3 4605 4603 3761
3 4409 4006 3762
3 3880 3780 3766
3 4226 3880 3766
3 3768 3954 4095
3 3771 5237 5405
3 3980 3900 3772
3 3772 3900 4740
3 4160 3980 3772
3 5146 4160 3772
3 3773 5169 5395
3 3779 5262 5263
3 3779 5263 5390
3 3880 3877 3780
3 5175 5170 3781
3 5229 4522 3782
3 5183 4690 3783
3 3786 4196 4703
3 3788 3927 4304
3 4882 4044 3788
3 4848 4110 3788
3 3788 4110 4882
3 3788 4304 4848
3 3790 3937 4997
3 4997 4996 3790
3 5047 4588 3792
3 5048 5047 3792
3 5465 5048 3792
3 4265 4262 3794
3 3794 4262 4652
3 4266 4265 3794
3 4431 4266 3794
3 5204 4431 3794
3 3794 4652 5204
3 4269 4268 3796
3 3796 4268 4661
3 3796 4438 4440
3 4442 4438 3796
3 4661 4442 3796
3 4272 3801 3799
3 3799 3801 4444
3 5351 4272 3799
3 3799 4444 5351
3 4273 4272 3800
3 3800 4272 5351
3 5477 4273 3800
3 3800 4285 4671
3 3800 4671 5477
3 4446 4444 3801
3 5253 4545 3802
3 3802 4545 5341
3 3802 4637 5253
3 3804 3811 3842
3 4571 3811 3804
3 3804 3842 4575
3 4575 4574 3804
3 3807 4422 5514
3 5514 5256 3807
3 4575 3842 3808
3 3811 4571 5362
3 5313 3814 3812
3 3812 4189 4390
3 3812 4390 5312
3 3812 5312 5313
3 4582 4510 3814
3 5313 4582 3814
3 4119 4010 3817
3 3817 4010 4369
3 5318 4119 3817
3 4120 3821 3818
3 4121 4119 3819
3 3819 4119 5318
3 5318 4475 3819
3 3820 3821 4123
3 3821 4120 4123
3 3822 3827 4126
3 3823 4923 4924
3 5028 4923 3823
3 3823 4924 5029
3 3824 3825 4316
3 5503 4128 3830
3 4022 3949 3833
3 3833 3949 4512
3 5289 4022 3833
3 3835 4186 4209
3 3835 4209 4326
3 4981 3952 3836
3 3836 3952 5063
3 5406 4261 3838
3 3838 4845 5406
3 5484 3846 3839
3 5211 4676 3843
3 3843 4792 5211
3 3844 3846 4138
3 4138 3853 3844
3 5484 4139 3846
3 3849 4039 4536
3 4747 4039 3849
3 3849 4536 4932
3 4932 4747 3849
3 4144 3852 3851
3 3851 3853 4143
3 3851 4143 4144
3 4144 3859 3852
3 3853 4138 4333
3 4333 4143 3853
3 3857 4226 4410
3 3858 3859 4147
3 3858 4147 4336
3 3859 4144 4147
3 3860 3861 4338
3 3861 4145 4338
3 3862 3869 3975
3 5144 3870 3862
3 3862 3975 5144
3 3863 3864 4340
3 4336 4151 3864
3 3864 4151 4340
3 3868 3873 4883
3 4887 3873 3868
3 3868 4691 4887
3 4961 3975 3869
3 3869 4207 4961
3 3870 4494 4999
3 5144 4494 3870
3 4887 3971 3873
3 4693 3878 3875
3 4694 4693 3875
3 4702 4701 3876
3 4704 4702 3876
3 3876 4703 4704
3 3877 3880 5377
3 5377 4535 3877
3 4693 4231 3878
3 3878 4231 5229
3 3879 4037 5027
3 5030 4037 3879
3 3879 4746 5030
3 5308 4071 3882
3 3883 3918 4324
3 4409 4220 3884
3 3884 4223 4409
3 3885 4512 5228
3 3886 4584 5435
3 3890 4171 4559
3 5373 4171 3890
3 4078 4050 3893
3 3893 4050 4173
3 3893 4173 5512
3 3894 4174 4178
3 3896 4171 4176
3 5506 4171 3896
3 3896 4176 4460
3 4460 4230 3896
3 4025 4024 3902
3 4985 4789 3904
3 3904 4876 5137
3 5137 4985 3904
3 5400 4350 3906
3 3910 5207 5476
3 3911 3914 4698
3 5260 4956 3913
3 3913 4956 5263
3 3913 5200 5260
3 5263 5200 3913
3 3914 3915 4811
3 4811 4698 3914
3 3915 4810 4957
3 4957 4811 3915
3 4763 3968 3919
3 3919 3968 4765
3 4950 4763 3919
3 4765 4764 3919
3 3919 4764 4950
3 5457 4191 3920
3 3920 4270 5457
3 4949 4066 3922
3 5191 5190 3922
3 4916 4740 3923
3 4607 4591 3925
3 5504 4489 3926
3 4844 4304 3927
3 4768 4645 3929
3 3929 4645 4770
3 3929 4770 5045
3 4874 4287 3931
3 3931 4786 4787
3 3931 4787 4874
3 4720 3997 3932
3 3932 3997 4903
3 3932 4718 4719
3 4903 4718 3932
3 3932 4719 4720
3 3935 3936 3937
3 3938 3937 3936
3 3939 4573 4902
3 4700 4019 3940
3 3940 4019 4802
3 5398 4700 3940
3 3940 5115 5398
3 3942 3943 4120
3 4306 4120 3943
3 3946 4199 4200
3 4342 4199 3946
3 3946 4200 4367
3 3947 4200 4201
3 4367 4200 3947
3 4843 4318 3948
3 3948 4318 4921
3 4921 4677 3948
3 4922 4843 3948
3 5228 4512 3949
3 3949 4583 5228
3 3952 4981 4983
3 3952 4983 5272
3 5272 5063 3952
3 4423 4184 3968
3 3968 4184 4424
3 3968 4424 4548
3 3968 4548 4765
3 4774 4495 3969
3 4993 4774 3969
3 3969 4858 5470
3 5470 4993 3969
3 4887 3973 3971
3 3973 4887 4888
3 3973 4888 4890
3 3975 4371 4380
3 4961 4371 3975
3 3975 4380 4589
3 3975 4589 5144
3 5142 4089 3976
3 3978 4165 4817
3 4819 4165 3978
3 4893 4819 3978
3 3978 4890 4891
3 3978 4891 4893
3 3980 4160 4163
3 3982 4267 5323
3 3983 4376 4378
3 5284 4376 3983
3 3983 4378 4388
3 3983 4388 4593
3 3983 4593 5145
3 3983 5145 5284
3 4896 3985 3984
3 3984 4819 4893
3 3984 4893 4896
3 3985 4896 5355
3 5355 4898 3985
3 4899 3991 3987
3 3987 4898 4899
3 3988 4097 4429
3 5325 4097 3988
3 3988 4429 5315
3 3988 4885 4965
3 5315 4885 3988
3 3988 4965 5325
3 4597 4167 3989
3 3989 4167 5149
3 3989 4385 4387
3 5285 4385 3989
3 3989 4387 4393
3 3989 4393 4597
3 3989 5149 5285
3 4903 3992 3991
3 4899 4716 3991
3 3991 4716 4903
3 4392 4213 3994
3 3994 4213 4401
3 4594 4392 3994
3 3994 4401 4602
3 5081 4594 3994
3 3996 3997 3998
3 4903 3997 3996
3 3996 3998 4827
3 3999 3998 3997
3 4720 3999 3997
3 4828 4827 3998
3 4830 4828 3998
3 4724 4002 3999
3 3999 4720 4724
3 4000 4779 5041
3 5044 4779 4000
3 4001 4002 4730
3 4833 4830 4001
3 4834 4833 4001
3 4002 4724 4728
3 4002 4728 4730
3 4219 4005 4003
3 4605 4219 4003
3 4003 4603 4605
3 5075 4396 4004
3 4004 4399 4800
3 5288 4399 4004
3 4004 4800 5075
3 4005 4219 4223
3 4223 4219 4006
3 4006 4219 4605
3 4409 4223 4006
3 4008 4011 4735
3 5161 4011 4008
3 4733 4021 4008
3 4008 4021 5161
3 4009 4011 4403
3 4838 4011 4009
3 4508 4215 4009
3 4009 4215 4838
3 4009 4403 4508
3 5161 4403 4011
3 4838 4735 4011
3 5088 4609 4012
3 4012 4609 5159
3 4013 4092 5499
3 4508 4403 4014
3 4014 4403 5161
3 4016 4611 5139
3 4017 4037 5030
3 5030 4040 4017
3 4700 4197 4019
3 4019 4197 4802
3 4020 4739 5509
3 5509 4839 4020
3 4021 4520 5162
3 5510 4520 4021
3 4021 4733 5510
3 4021 5162 5163
3 4022 4739 4837
3 4024 4025 4030
3 4024 4030 4742
3 4742 4479 4024
3 4742 4028 4027
3 4027 4479 4742
3 5093 4031 4028
3 4028 4742 5093
3 4526 4033 4030
3 4030 4033 5092
3 4030 4523 4526
3 5092 4742 4030
3 5025 4035 4031
3 5093 5025 4031
3 4033 4743 5092
3 5167 4164 4034
3 4744 4743 4034
3 5026 4036 4035
3 4035 5025 5026
3 5358 4420 4036
3 4036 5026 5027
3 4036 5027 5358
3 4037 4420 5358
3 5358 5027 4037
3 4747 4746 4039
3 5030 4064 4040
3 5177 4926 4042
3 4042 4930 5177
3 5099 4045 4043
3 4043 4064 4747
3 4043 4747 5098
3 4043 5098 5099
3 5099 4752 4045
3 4541 4047 4046
3 4046 4047 4752
3 4046 4537 4541
3 4933 4537 4046
3 4046 4752 4933
3 4047 4049 4753
3 5182 4049 4047
3 4047 4541 5182
3 4753 4752 4047
3 4048 4647 5101
3 4048 5035 5036
3 5101 5035 4048
3 4806 4542 4049
3 4754 4753 4049
3 5182 4806 4049
3 4052 4936 5247
3 4053 4222 5038
3 5186 4222 4053
3 5104 4055 4054
3 4054 5036 5038
3 4054 5038 5104
3 5039 4669 4055
3 5104 5039 4055
3 4544 4058 4056
3 4056 4058 4759
3 4056 4222 4558
3 4757 4222 4056
3 4558 4544 4056
3 4759 4757 4056
3 5467 4513 4057
3 4058 4059 4762
3 5191 4059 4058
3 4058 4544 5190
3 4762 4759 4058
3 4058 5190 5191
3 4546 4063 4059
3 4059 4063 4946
3 5191 4546 4059
3 4946 4762 4059
3 5107 4061 4060
3 4060 4669 5039
3 4060 5039 5106
3 4060 5106 5107
3 5108 4065 4061
3 4061 5107 5108
3 4548 4424 4062
3 4062 4424 5196
3 5508 4548 4062
3 5196 5187 4062
3 4062 5187 5508
3 4546 4068 4063
3 4063 4068 4948
3 4948 4946 4063
3 5030 4747 4064
3 5108 4069 4065
3 5390 4127 4066
3 4068 4546 5198
3 4951 4948 4068
3 4952 4951 4068
3 5199 4952 4068
3 4068 5198 5199
3 5109 4070 4069
3 5108 5043 4069
3 4069 5043 5109
3 4957 4549 4072
3 4072 4549 5199
3 4072 4956 5260
3 4958 4957 4072
3 5260 4958 4072
3 4075 4074 4073
3 4073 4074 4766
3 4810 4075 4073
3 4073 4549 4810
3 4952 4549 4073
3 4073 4766 4952
3 4074 4075 4076
3 4074 4076 4884
3 5109 4766 4074
3 5080 4572 4080
3 4080 4580 5080
3 4081 4083 4432
3 4963 4083 4081
3 4081 4432 4434
3 4081 4434 5325
3 4971 4963 4081
3 5325 4971 4081
3 4964 4087 4083
3 4083 4087 5324
3 4963 4229 4083
3 4083 4229 4964
3 5324 4432 4083
3 4087 4964 4968
3 4087 4968 5328
3 5329 5324 4087
3 4087 5328 5329
3 4783 4660 4088
3 4088 4660 5123
3 4088 4664 4783
3 5123 4664 4088
3 5333 4445 4090
3 4090 4445 5423
3 4090 4592 4973
3 5423 4592 4090
3 4090 4973 5332
3 4090 5332 5333
3 4441 4170 4091
3 4091 4170 4970
3 4091 4281 4592
3 4976 4281 4091
3 4447 4441 4091
3 4592 4447 4091
3 4091 4970 4976
3 4093 4277 4560
3 4872 4277 4093
3 4093 4560 5061
3 5061 4872 4093
3 4563 4278 4094
3 4094 4278 4667
3 4667 4302 4094
3 4094 4302 4674
3 5344 4563 4094
3 4094 4674 5344
3 5141 4175 4095
3 4096 4283 4668
3 4975 4283 4096
3 5130 4286 4096
3 4096 4286 5382
3 4096 4668 5130
3 5332 4975 4096
3 5333 5332 4096
3 5382 5333 4096
3 5204 4429 4097
3 4097 4434 5204
3 5325 4434 4097
3 4098 4454 4679
3 4290 4108 4099
3 4100 4103 4296
3 4879 4103 4100
3 5064 4294 4100
3 4100 4294 5211
3 4100 4296 5064
3 5212 4879 4100
3 4100 5211 5212
3 4103 4109 4296
3 4881 4109 4103
3 4103 4879 4881
3 4623 4529 4104
3 4104 4529 4745
3 4924 4623 4104
3 4104 4745 4924
3 4105 4107 4461
3 4105 4108 4290
3 4461 4108 4105
3 4683 4114 4107
3 4107 4114 4796
3 4796 4461 4107
3 4461 4210 4108
3 4108 4210 4797
3 4109 4110 4299
3 4881 4110 4109
3 5279 4296 4109
3 4109 4299 5279
3 5336 4299 4110
3 4110 4848 5336
3 4110 4881 4882
3 4771 4465 4113
3 4113 4465 5433
3 5391 4686 4113
3 5433 5391 4113
3 4801 4796 4114
3 5045 4770 4115
3 4115 5044 5045
3 4119 4121 4309
3 4311 4123 4120
3 4120 4306 4311
3 5119 5053 4125
3 5263 4956 4127
3 5390 5263 4127
3 4128 4321 4322
3 5503 4321 4128
3 4140 4139 4134
3 4134 4139 5484
3 4327 4140 4134
3 5484 5483 4134
3 4142 4137 4135
3 4138 4329 4333
3 4332 4144 4143
3 4143 4331 4332
3 4333 4331 4143
3 4337 4147 4144
3 4144 4332 4337
3 4147 4148 4149
3 4337 4148 4147
3 4147 4149 4336
3 4339 4336 4149
3 4150 4239 4846
3 5237 4239 4150
3 4150 4846 4925
3 4150 4925 5405
3 5405 5237 4150
3 4151 4336 4339
3 4151 4339 4340
3 4152 4199 4342
3 5461 4264 4153
3 4780 4435 4153
3 4155 4631 4632
3 4155 4632 4633
3 4156 4641 4763
3 4162 4452 5105
3 4163 4314 4897
3 4819 4818 4165
3 4170 4441 5328
3 5328 4970 4170
3 5373 4176 4171
3 5176 4559 4171
3 5506 5176 4171
3 4172 4405 4406
3 5227 4405 4172
3 4538 4514 4172
3 4172 4514 5227
3 4175 4347 4613
3 5141 4347 4175
3 5258 4949 4182
3 5302 5258 4182
3 4437 4271 4183
3 4184 4423 5192
3 5192 4424 4184
3 4185 4907 5018
3 5018 4912 4185
3 5385 4803 4187
3 5386 5259 4188
3 4189 4686 5391
3 5321 4265 4192
3 4192 4265 5322
3 4193 4635 5490
3 5404 5378 4195
3 5421 5404 4195
3 4705 4703 4196
3 4706 4705 4196
3 4645 4426 4198
3 4770 4645 4198
3 4927 4277 4202
3 4202 4277 5208
3 4202 4278 4927
3 4991 4278 4202
3 4207 4692 4961
3 4210 4461 4880
3 4210 4464 4797
3 4880 4464 4210
3 4211 4867 4868
3 5500 4867 4211
3 4212 4213 4392
3 5221 4213 4212
3 4212 4392 4393
3 4212 4393 5221
3 4402 4401 4213
3 5225 4402 4213
3 4213 5221 5222
3 4213 5222 5225
3 4399 4397 4214
3 4214 4397 4401
3 4800 4399 4214
3 4214 4401 4402
3 4214 4402 5225
3 5224 4800 4214
3 5225 5224 4214
3 4215 4407 4838
3 5288 4407 4215
3 4215 4508 5156
3 5156 4604 4215
3 4215 4604 5288
3 4911 4217 4216
3 4216 4912 5018
3 4911 4502 4217
3 4217 4502 5226
3 4838 4407 4218
3 4218 4407 5288
3 4218 4734 4838
3 5227 4734 4218
3 4220 4409 4410
3 4220 4410 5440
3 5186 4558 4222
3 4222 4757 5038
3 4224 4863 5070
3 5440 4410 4226
3 4227 4231 5089
3 5229 4231 4227
3 4227 4520 4521
3 5162 4520 4227
3 4227 4521 5229
3 4227 5089 5291
3 5163 5162 4227
3 5291 5163 4227
3 4614 4347 4228
3 4228 4348 4614
3 4229 4963 5054
3 5055 4964 4229
3 4231 4254 5089
3 5090 4254 4231
3 4231 4693 4694
3 4231 4694 5090
3 4232 4233 4616
3 5230 4233 4232
3 4615 4614 4232
3 4232 4614 5230
3 4616 4615 4232
3 4233 4234 4618
3 4841 4234 4233
3 4618 4616 4233
3 4372 4235 4234
3 4234 4235 4620
3 4841 4372 4234
3 4620 4618 4234
3 4235 4372 4842
3 4237 4238 4626
3 4843 4238 4237
3 4237 4318 4843
3 4626 4622 4237
3 4846 4239 4238
3 4238 4843 4846
3 4239 4240 4628
3 5237 4240 4239
3 4240 4241 4632
3 4632 4628 4240
3 4847 4242 4241
3 4242 4245 4634
3 5243 4245 4242
3 4242 4847 5243
3 4243 4372 4841
3 4842 4372 4243
3 4841 4737 4243
3 4243 4737 5304
3 4921 4842 4243
3 4635 4634 4245
3 5485 4635 4245
3 5243 4849 4245
3 4245 4849 5244
3 4245 5244 5485
3 4246 5102 5185
3 4247 4249 4636
3 4247 4636 5491
3 5244 4851 4247
3 5485 5244 4247
3 5491 5485 4247
3 4853 4251 4249
3 4249 4251 5486
3 5486 4636 4249
3 5249 4255 4251
3 4251 4255 5487
3 4251 4853 5249
3 5487 5486 4251
3 4760 4430 4252
3 4255 4256 4639
3 5249 4256 4255
3 4255 4639 5487
3 4643 4640 4257
3 4644 4643 4257
3 4257 4855 4856
3 4258 4259 4553
3 4857 4259 4258
3 4258 4553 4644
3 4259 4353 4553
3 4262 4265 5321
3 4263 4495 4774
3 4263 4774 4775
3 4263 4775 5213
3 5213 4776 4264
3 4394 4267 4266
3 4433 4394 4266
3 4266 4431 4433
3 4661 4268 4267
3 4267 4268 5323
3 4267 4394 4661
3 4268 4269 5326
3 5326 5323 4268
3 4271 4437 5206
3 4782 4443 4271
3 5206 4782 4271
3 4272 4273 5330
3 4273 4279 5330
3 5488 4279 4273
3 4273 5477 5488
3 4274 4275 5488
3 5210 4280 4274
3 4274 5209 5210
3 5477 5209 4274
3 5488 5477 4274
3 4275 4279 5488
3 4562 4560 4277
3 4927 4562 4277
3 4277 4872 5208
3 4278 4563 4927
3 4991 4667 4278
3 4973 4592 4281
3 4974 4973 4281
3 5103 4974 4281
3 4281 4976 4977
3 4281 4977 5103
3 4282 4284 4979
3 5131 4284 4282
3 4671 4285 4282
3 4282 4285 5131
3 4788 4671 4282
3 4979 4788 4282
3 5132 4668 4283
3 4283 4975 5132
3 4284 5131 5335
3 5335 5136 4284
3 4285 4286 5131
3 4286 5130 5131
3 4287 4288 4428
3 4874 4288 4287
3 4288 4289 4428
3 4453 4289 4288
3 5135 4453 4288
3 4288 4874 5376
3 5376 5135 4288
3 4292 4453 4980
3 4980 4565 4292
3 4293 4876 5068
3 5137 4876 4293
3 4293 5066 5067
3 5068 5066 4293
3 4293 5067 5138
3 5138 5137 4293
3 4294 4878 5211
3 4295 4565 4980
3 5310 4878 4295
3 5065 5064 4296
3 5279 5065 4296
3 4801 4303 4297
3 4297 4303 5231
3 4297 4796 4801
3 4880 4796 4297
3 5071 4300 4298
3 4298 4300 5140
3 5281 5071 4298
3 4298 5072 5281
3 4299 5069 5279
3 5336 5069 4299
3 4300 5071 5495
3 4302 4667 5040
3 4302 4673 4674
3 4303 4587 5413
3 5336 4848 4304
3 4870 4808 4312
3 4312 4808 5268
3 4312 5268 5500
3 4932 4536 4313
3 4313 4537 4932
3 4317 4901 5148
3 4318 4842 4921
3 4328 4481 4482
3 4328 4482 4915
3 4344 4430 4760
3 4345 4795 4804
3 4345 4804 4873
3 4345 4873 5146
3 4614 4613 4347
3 5230 4614 4348
3 5232 4415 4349
3 4349 4477 5232
3 4553 4353 4352
3 4484 4356 4355
3 5337 4484 4355
3 4356 4484 4769
3 4363 4489 5046
3 5046 4556 4363
3 5315 4429 4365
3 4370 4379 5496
3 4370 4499 4692
3 5496 4499 4370
3 5496 4380 4371
3 4692 4499 4371
3 4371 4499 5496
3 4961 4692 4371
3 4373 4424 5192
3 5196 4424 4373
3 4374 4375 5218
3 5496 4379 4374
3 5218 5217 4374
3 4374 5217 5496
3 4375 4382 5218
3 5217 4378 4376
3 4589 4380 4376
3 4376 4380 5217
3 5284 4589 4376
3 5218 4388 4378
3 4378 5217 5218
3 5496 5217 4380
3 5458 4382 4381
3 4381 4383 5458
3 5219 5218 4382
3 5220 5219 4382
3 5458 5220 4382
3 4383 4389 5459
3 5459 5458 4383
3 5148 4901 4384
3 4384 5147 5148
3 5389 5147 4384
3 5219 4387 4385
3 4593 4388 4385
3 4385 4388 5219
3 5285 4593 4385
3 5220 4393 4387
3 4387 5219 5220
3 4388 5218 5219
3 4389 4391 5459
3 4391 4400 5225
3 5225 5222 4391
3 4391 5222 5459
3 4597 4393 4392
3 4392 4594 4597
3 4393 5220 5223
3 5223 5221 4393
3 4394 4433 4442
3 4394 4442 4661
3 4395 4396 5460
3 5460 4400 4395
3 4396 5075 5460
3 4397 4399 4599
3 4602 4401 4397
3 4397 4599 4602
3 4398 4690 4691
3 4600 4599 4399
3 5288 4600 4399
3 5460 5225 4400
3 4411 4521 5510
3 4413 4517 4736
3 5509 4517 4413
3 4413 4736 4738
3 4413 4839 5509
3 5172 4417 4415
3 5233 5172 4415
3 5083 4482 4416
3 4416 4482 5380
3 4416 4488 4745
3 5029 4488 4416
3 4416 4524 5029
3 5380 4524 4416
3 4416 4745 5083
3 4417 5172 5174
3 4534 4532 4418
3 4418 4532 5234
3 5507 4534 4418
3 5179 5168 4418
3 4418 5168 5507
3 5234 5179 4418
3 4641 4531 4423
3 4423 4531 4707
3 4423 4707 5192
3 4645 4551 4426
3 4426 5200 5262
3 4431 4432 4433
3 4434 4432 4431
3 5204 4434 4431
3 5324 4433 4432
3 5329 4442 4433
3 4433 5324 5329
3 4780 4436 4435
3 5205 4437 4436
3 4436 4780 4781
3 4436 4781 5205
3 4437 5205 5206
3 4438 4439 4440
3 4442 4439 4438
3 4441 4440 4439
3 5328 4441 4439
3 4439 4442 5329
3 5329 5328 4439
3 4440 4441 4447
3 4447 4446 4440
3 4444 4445 5333
3 5423 4445 4444
3 4444 4446 5423
3 4444 5333 5437
3 5437 5351 4444
3 4446 4447 5423
3 4447 4592 5423
3 5105 4452 4451
3 4451 4458 4459
3 4451 4459 5105
3 5135 4980 4453
3 4454 4455 5136
3 4461 4796 4880
3 4462 4576 4577
3 4462 4577 4578
3 4465 4466 4587
3 5505 4466 4465
3 4465 4771 5505
3 5413 4587 4466
3 4466 5280 5413
3 5216 5215 4470
3 4473 4571 5331
3 5362 4571 4473
3 4473 4572 4573
3 5331 4572 4473
3 4477 4696 5232
3 5380 4482 4481
3 4482 4809 4915
3 5083 4809 4482
3 4959 4769 4484
3 5337 4959 4484
3 4924 4745 4488
3 5029 4924 4488
3 4489 4588 5047
3 5504 4588 4489
3 5047 5046 4489
3 5073 5071 4490
3 4490 5071 5281
3 4491 4492 4581
3 4492 4510 4582
3 4492 4579 4581
3 4582 4579 4492
3 5079 4497 4494
3 5144 5079 4494
3 4497 5079 5145
3 5085 5009 4501
3 5153 5085 4501
3 4911 4834 4502
3 4502 4834 5226
3 5014 4598 4503
3 4503 4598 5082
3 4503 5082 5152
3 5156 5086 4503
3 4503 5152 5156
3 4508 5086 5156
3 4511 4591 4607
3 4511 4607 5283
3 5283 4733 4511
3 4514 4538 4894
3 4735 4734 4514
3 4514 4734 5227
3 4894 4735 4514
3 4517 4518 4736
3 5509 4518 4517
3 4518 4519 4736
3 4913 4519 4518
3 5289 4913 4518
3 5020 4736 4519
3 4519 4913 4914
3 5510 4521 4520
3 4521 4522 5229
3 4525 4578 4688
3 4750 4534 4527
3 4527 4534 5507
3 4745 4529 4528
3 4528 4696 4809
3 5232 4696 4528
3 5083 4745 4528
3 4528 4809 5083
3 5193 4707 4531
3 4629 4533 4532
3 4532 4533 5234
3 4532 4534 4629
3 4533 4540 5241
3 5338 4540 4533
3 4533 4629 4749
3 4533 4749 5338
3 5241 5234 4533
3 4750 4629 4534
3 4933 4932 4537
3 4538 4606 4894
3 4539 4540 4751
3 5238 4540 4539
3 4756 4543 4539
3 4539 4543 5239
3 5239 5238 4539
3 5338 4751 4540
3 4540 5238 5241
3 4542 4806 4825
3 5246 5239 4543
3 5253 5245 4545
3 4957 4810 4549
3 4549 4952 5199
3 4550 4917 5052
3 5300 4917 4550
3 4550 5051 5300
3 5384 5051 4550
3 4772 4554 4551
3 4551 4554 5264
3 4551 4645 4768
3 4551 4768 4772
3 4554 4772 5337
3 4554 5143 5264
3 5337 5143 4554
3 4556 4557 4651
3 5046 4557 4556
3 4651 4649 4556
3 5116 4651 4557
3 4557 5046 5114
3 5114 5050 4557
3 4557 5050 5116
3 4560 4562 5126
3 5125 5061 4560
3 5343 5125 4560
3 4560 5126 5128
3 4560 5128 5343
3 4561 4615 4616
3 4927 4563 4562
3 4562 4563 5127
3 5127 5126 4562
3 5129 5127 4563
3 5344 5129 4563
3 5344 4674 4564
3 4564 5129 5344
3 5376 5129 4564
3 4564 5135 5376
3 4794 4682 4569
3 4569 4682 4798
3 5331 4571 4570
3 4570 4748 5331
3 5080 4573 4572
3 5080 4902 4573
3 4684 4577 4576
3 4798 4684 4576
3 4577 4684 5278
3 5279 5069 4577
3 4577 5278 5279
3 4579 4582 5313
3 4580 4902 5080
3 5312 4902 4580
3 4589 5079 5144
3 5284 5079 4589
3 4590 5005 5449
3 5285 5149 4593
3 5012 5008 4598
3 5014 5012 4598
3 5085 5082 4598
3 4599 4600 5151
3 5153 4602 4599
3 4599 5151 5153
3 4600 4604 5152
3 5288 4604 4600
3 5152 5151 4600
3 5156 5152 4604
3 5023 4609 4608
3 4608 4609 5088
3 5088 4863 4608
3 4608 4918 5023
3 5021 4732 4609
3 4609 4732 5160
3 5023 5021 4609
3 5160 5159 4609
3 5359 4992 4610
3 4613 4614 4615
3 4618 4617 4616
3 4616 4617 5094
3 4617 4618 4619
3 4617 4619 5094
3 4620 4619 4618
3 4619 4620 4621
3 4622 4621 4620
3 4621 4622 4625
3 4626 4625 4622
3 4924 4923 4623
3 4691 4690 4624
3 4624 4690 5183
3 4887 4691 4624
3 4624 4701 4702
3 5183 4701 4624
3 4624 4702 4888
3 4888 4887 4624
3 4627 4628 5414
3 4632 4631 4628
3 4628 4631 5414
3 4928 4749 4629
3 4629 4750 4928
3 4635 5485 5490
3 4636 5486 5493
3 5492 5491 4636
3 5493 5492 4636
3 5508 5253 4637
3 5494 5487 4639
3 4643 4642 4640
3 4648 4649 4650
3 4651 4650 4649
3 4650 4651 4653
3 4777 4653 4651
3 5116 4777 4651
3 4777 4654 4653
3 4654 4655 4656
3 4777 4655 4654
3 5116 4687 4655
3 4655 4687 5117
3 4655 4777 5116
3 4778 4657 4656
3 4657 4658 4659
3 4778 4658 4657
3 4660 4659 4658
3 5120 4660 4658
3 4659 4660 4783
3 4783 4662 4659
3 4783 4663 4662
3 4663 4664 4665
3 4783 4664 4663
3 4784 4665 4664
3 5343 4784 4664
3 4664 5123 5343
3 4665 4784 4785
3 4668 4670 5270
3 5309 4670 4668
3 5270 5130 4668
3 4668 5132 5309
3 4680 4679 4670
3 4670 4679 5270
3 5078 4680 4670
3 5309 5078 4670
3 4671 4788 5477
3 5310 4674 4673
3 4673 4675 5310
3 4675 4676 5310
3 5211 4878 4676
3 4676 4878 5310
3 4682 4684 4798
3 5278 4684 4682
3 4682 4794 5064
3 4682 5064 5065
3 4682 5065 5278
3 5116 5050 4687
3 4687 5050 5384
3 4694 5074 5090
3 4915 4809 4696
3 4698 4811 4958
3 4698 4958 4960
3 4698 4960 5077
3 4702 4704 4888
3 4705 4704 4703
3 4704 4705 4891
3 4890 4888 4704
3 4891 4890 4704
3 4705 4706 4892
3 4892 4891 4705
3 4706 4708 4709
3 4706 4709 4892
3 5258 5192 4707
3 4711 4709 4708
3 4708 4710 4711
3 4709 4711 5355
3 4896 4892 4709
3 5355 4896 4709
3 4712 4711 4710
3 4711 4712 4713
3 4711 4713 4899
3 4899 4898 4711
3 4711 4898 5355
3 4713 4715 4716
3 4713 4716 4899
3 4718 4716 4715
3 4715 4717 4718
3 5381 4717 4715
3 4716 4718 4903
3 4719 4718 4717
3 4722 4720 4719
3 4720 4722 4724
3 4722 4723 4724
3 4725 4724 4723
3 4724 4725 4728
3 4725 4727 4728
3 5155 4728 4727
3 4727 5154 5155
3 5155 4730 4728
3 5155 4835 4730
3 4732 4835 5158
3 4732 5158 5160
3 4733 5283 5510
3 4734 4735 4838
3 5022 4738 4736
3 4736 5020 5022
3 5216 4795 4738
3 4738 5022 5165
3 4738 5165 5216
3 5024 4837 4739
3 4741 4862 4917
3 4741 4917 5300
3 4742 5092 5093
3 4743 4744 5025
3 4743 5025 5093
3 5093 5092 4743
3 5026 5025 4744
3 4746 4747 5030
3 4747 4932 5098
3 4749 4928 4929
3 4749 4929 5338
3 4750 4923 4931
3 4931 4928 4750
3 4939 4937 4751
3 5338 4939 4751
3 4752 4753 5101
3 5099 4933 4752
3 4753 4754 5035
3 4753 5035 5101
3 5036 5035 4754
3 4937 4852 4756
3 4757 4759 5104
3 5104 5038 4757
3 4759 4762 5039
3 4759 5039 5104
3 4765 4761 4760
3 4760 4764 4765
3 4762 4946 5107
3 5106 5039 4762
3 5107 5106 4762
3 4766 4951 4952
3 5043 4951 4766
3 5109 5043 4766
3 4959 4772 4768
3 4771 4802 5505
3 4772 4959 5337
3 4775 4776 5213
3 5126 4785 4784
3 5128 5126 4784
3 5343 5128 4784
3 4787 4786 4785
3 5126 4787 4785
3 5127 4874 4787
3 4787 5126 5127
3 4788 4979 5209
3 4788 5209 5477
3 4943 4875 4789
3 5124 4943 4789
3 4789 4985 4986
3 4789 4986 5124
3 4983 4981 4791
3 4792 4879 5212
3 5212 5211 4792
3 5216 4804 4795
3 5224 5075 4800
3 4808 4870 5269
3 4811 4957 4958
3 4814 4816 4895
3 4814 4895 5000
3 5000 4822 4815
3 4818 4819 5147
3 5389 5004 4818
3 4818 5147 5389
3 5004 4821 4820
3 4820 4822 4895
3 4821 5004 5389
3 5000 4895 4822
3 4827 4826 4824
3 4910 4906 4824
3 4824 4906 5010
3 4826 4827 4828
3 4830 4829 4828
3 4829 4830 4832
3 5018 4908 4829
3 4833 4832 4830
3 4832 4833 4911
3 4833 4834 4911
3 4834 5017 5226
3 4835 5155 5158
3 4922 4846 4843
3 4940 4851 4849
3 4849 4851 5244
3 4849 4935 4940
3 5243 4935 4849
3 4851 4940 4945
3 4852 4937 5037
3 5514 4856 4855
3 4855 5256 5514
3 4857 4859 5512
3 4862 4866 4962
3 5301 4917 4862
3 4862 4962 5301
3 5408 4962 4866
3 4866 5303 5408
3 5500 5268 4867
3 4870 4871 5269
3 5061 4972 4872
3 4874 5127 5129
3 4874 5129 5376
3 4885 4886 4965
3 5049 4965 4886
3 4891 4892 4893
3 4896 4893 4892
3 4900 4901 4904
3 4905 4906 4910
3 5010 4906 4905
3 4910 4909 4905
3 4907 4908 5018
3 5301 5052 4917
3 5165 5023 4918
3 5215 5165 4918
3 5028 4931 4923
3 5242 4938 4926
3 4926 5177 5235
3 4926 5181 5242
3 5031 4929 4928
3 4928 4931 5097
3 5097 5031 4928
3 5034 4939 4929
3 4929 4939 5338
3 4929 5031 5034
3 5515 5177 4930
3 4931 5028 5097
3 4932 4933 5098
3 5099 5098 4933
3 4936 4938 5240
3 4936 5240 5248
3 5248 5247 4936
3 4937 4939 5033
3 4937 5033 5037
3 5242 5240 4938
3 5034 5033 4939
3 4943 5124 5480
3 4946 4948 5107
3 4948 4951 5108
3 5108 5107 4948
3 4951 5043 5108
3 5260 4960 4958
3 5264 5077 4960
3 5260 5200 4960
3 4960 5200 5264
3 5053 5052 4962
3 4962 5052 5301
3 5408 5053 4962
3 4971 4966 4963
3 4963 4966 5054
3 5055 4968 4964
3 4965 4966 4971
3 5049 4966 4965
3 4965 4971 5325
3 4967 5019 5058
3 4967 5057 5303
3 5447 5057 4967
3 4967 5058 5447
3 4968 4969 4970
3 4968 4970 5328
3 5062 4970 4969
3 4977 4976 4970
3 5062 4977 4970
3 4972 5061 5305
3 4973 4974 5122
3 4973 5122 5332
3 5332 5122 4975
3 5210 5209 4979
3 4986 4985 4984
3 4988 4989 5346
3 4989 4990 5347
3 5347 5346 4989
3 5495 5073 4997
3 5003 5002 5001
3 5014 5013 5012
3 5013 5014 5016
3 5305 5058 5019
3 5020 5021 5022
3 5023 5022 5021
3 5022 5023 5165
3 5257 5045 5044
3 5046 5047 5114
3 5047 5048 5114
3 5369 5114 5048
3 5369 5051 5050
3 5050 5051 5384
3 5050 5114 5369
3 5369 5300 5051
3 5056 5057 5084
3 5056 5084 5120
3 5447 5084 5057
3 5060 5059 5058
3 5058 5059 5121
3 5305 5060 5058
3 5058 5121 5447
3 5059 5060 5125
3 5123 5121 5059
3 5343 5123 5059
3 5059 5125 5343
3 5060 5061 5125
3 5305 5061 5060
3 5277 5068 5063
3 5063 5272 5277
3 5279 5278 5065
3 5275 5067 5066
3 5066 5068 5274
3 5066 5274 5275
3 5140 5138 5067
3 5067 5275 5368
3 5277 5274 5068
3 5071 5073 5495
3 5072 5280 5281
3 5413 5280 5072
3 5075 5224 5460
3 5264 5143 5077
3 5284 5145 5079
3 5082 5085 5151
3 5082 5151 5152
3 5121 5120 5084
3 5447 5121 5084
3 5153 5151 5085
3 5171 5170 5094
3 5094 5170 5175
3 5335 5131 5130
3 5130 5270 5335
3 5157 5155 5154
3 5155 5157 5158
3 5160 5158 5157
3 5157 5159 5160
3 5165 5215 5216
3 5174 5172 5168
3 5168 5172 5507
3 5515 5174 5168
3 5168 5179 5515
3 5172 5233 5507
3 5515 5235 5177
3 5179 5234 5235
3 5179 5235 5515
3 5180 5181 5238
3 5242 5181 5180
3 5180 5238 5239
3 5180 5239 5240
3 5180 5240 5242
3 5241 5238 5181
3 5248 5245 5184
3 5184 5245 5253
3 5184 5247 5248
3 5513 5247 5184
3 5184 5253 5254
3 5184 5254 5513
3 5187 5254 5508
3 5192 5258 5302
3 5263 5262 5200
3 5214 5391 5433
3 5458 5223 5220
3 5459 5222 5221
3 5221 5223 5459
3 5223 5458 5459
3 5224 5225 5460
3 5246 5240 5239
3 5240 5246 5248
3 5248 5246 5245
3 5508 5254 5253
3 5491 5490 5485
3 5486 5487 5494
3 5494 5493 5486
3 5490 5491 5492
