OFF
# Created by meshio

5233 11210 0

326.62803544761 78.4799337460588 4.4
326.62803544761 78.4799337460588 14.60587659473346
326.62803544761 78.4799337460587 24.53316655072739
326.62803544761 78.8982942508624 5.48197235649357
326.62803544761 78.8982942508624 14.7277846800772
326.62803544761 78.8982942508623 23.36941441880047
326.62803544761 79.60749743421565 22.8376552126316
326.62803544761 79.74971130906309 5.79858651417043
326.62803544761 79.86535573462868 23.03372900996471
326.62803544761 80.115240527836 7.065500877488518
326.62803544761 80.1657054811561 21.86132491454036
326.62803544761 80.68175772868773 7.15005429648539
326.62803544761 80.8599530189215 21.56563253188964
326.62803544761 81.37528365147641 9.465041020356024
326.62803544761 80.92395213617095 20.51498661551223
326.62803544761 81.59133163842709 8.875675117984283
326.62803544761 81.62463015735237 20.05870441024287
326.62803544761 81.92633319592528 11.1517949633796
326.62803544761 81.8513240140143 18.16933366044897
326.62803544761 82.20969063920411 12.54072413656043
326.62803544761 82.24883776613895 16.16397173554488
326.62803544761 82.27855260269256 10.78535194857498
326.62803544761 82.06181487770768 18.83648066651105
326.62803544761 82.33252297458357 14.59533209170733
326.62803544761 82.63288668881025 12.52218632838308
326.62803544761 82.67316018398184 16.08926948431245
326.62803544761 82.77564274949096 14.43613072590455
326.62803544761 84.43175849295785 14.50545066190384
326.62803544761 84.4991548256957 13.0033192954992
326.62803544761 84.4991548256957 15.9966807045007
326.62803544761 85.0768520143819 11.6086349076284
326.62803544761 84.92182005075091 17.01708482317246
326.62803544761 85.83823518815957 14.48382182195809
326.62803544761 85.89391289446284 10.54382043755087
326.62803544761 86.1040560939494 18.51954194833029
326.62803544761 86.00830917754946 13.42105501111912
326.62803544761 86.01792752474027 15.51087536946596
326.62803544761 86.41502484611979 12.47849022470401
326.62803544761 86.35768568910541 16.38308080477693
326.62803544761 86.98297720039695 11.70220017400759
326.62803544761 86.7909372793572 17.10473134922255
326.62803544761 87.193478165229 9.4920087567813
326.62803544761 87.2773716753149 19.51677346904519
326.62803544761 88.0213130899998 10.84758700490818
326.62803544761 87.8797744652339 18.05668457591734
326.62803544761 88.484705625637 8.957164830571717
326.62803544761 88.5881625530998 20.0856884319047
326.62803544761 88.99780326817 10.4431115295859
326.62803544761 88.90448794536644 18.51823599813159
326.62803544761 89.96853656316377 8.732581882065523
326.62803544761 89.95091870419913 10.31763150194358
326.62803544761 90.0848432576005 18.6999999999999
326.62803544761 90.0848432576005 20.2827301847431
326.62803544761 91.00900257253556 10.42166788197984
326.62803544761 91.31557002129767 18.49737145977915
326.62803544761 91.45915707759957 9.003826793544423
326.62803544761 91.47515025617511 20.03701050290508
326.62803544761 92.23806447900824 10.90353138362468
326.62803544761 92.08035169603828 18.18058851784721
326.62803544761 92.63504712742744 9.350695151447473
326.62803544761 92.83024687132439 19.48075152690734
326.62803544761 93.0546917385841 11.5301515190165
326.62803544761 92.71111456246265 17.73348452067494
326.62803544761 94.05003407049595 12.99627745988444
326.62803544761 93.7221499534951 16.5999999999999
326.62803544761 94.18556666807176 15.25408056321028
326.62803544761 94.1866129978158 10.42762405149998
326.62803544761 94.12572887988362 18.62593311738168
326.62803544761 94.2848432576005 14.4999999999999
326.62803544761 95.20906538163617 11.88924107646306
326.62803544761 95.0928345008192 17.3913650923715
326.62803544761 95.6705316895054 13.0033192954992
326.62803544761 95.67679264121675 15.94912405478881
326.62803544761 95.8675734423437 14.4999999999999
327.12803544761 57.6428167787751 0.0
327.2083632604527 57.45113707900131 4.4
327.1767971548744 57.52646069888021 24.5999999999999
327.12803544761 57.79543772166974 28.9999999999999
327.12803544761 78.4799337460588 4.4
327.12803544761 78.4799337460587 24.5999999999999
327.12803544761 78.8982942508624 5.48197235649357
327.12803544761 78.8982942508624 14.5
327.12803544761 78.97744065194884 23.28755075004771
327.12803544761 79.9325146899791 22.1994516803029
327.12803544761 79.7436767377265 5.78983638266437
327.12803544761 79.7436767377264 23.2101636173355
327.12803544761 80.4497950442925 7.55060509644044
327.12803544761 80.8101521534284 7.33622627763603
327.12803544761 80.8101521534283 21.6637737223639
327.12803544761 81.2743966471666 9.17562470546903
327.12803544761 81.2743966471665 19.8243752945309
327.12803544761 81.6601915275129 9.01137539997496
327.12803544761 81.6601915275129 19.988624600025
327.12803544761 81.8742180361141 10.8963428214166
327.12803544761 81.874218036114 18.1036571785833
327.12803544761 82.2855006002508 13.3817356692548
327.12803544761 82.2785165419762 10.7851751902715
327.12803544761 82.40609509250723 17.96979801161472
327.12803544761 82.3325229745836 14.5
327.12803544761 82.25036265471202 15.05563319584681
327.12803544761 82.7799337460588 14.5
317.225098973817 99.99429230309245 24.45955686408031
327.12803544761 84.08692469394639 13.08156024845192
327.12803544761 84.61464917099295 11.87229938609543
327.12803544761 84.45395601395185 17.09766602071695
327.12803544761 85.43025757961118 10.41636211613502
327.12803544761 85.34139379165637 18.49791443715881
327.12803544761 86.0026681232787 13.36256774775535
327.12803544761 85.9492860571664 15.51790873562682
327.12803544761 86.4475365617059 12.4
327.12803544761 86.33303217632637 16.60685427452343
327.12803544761 86.79979139187982 9.114961336112701
327.12803544761 86.60005479208951 19.74848940977673
327.12803544761 87.49727426004603 11.21968764262043
327.12803544761 87.18482194186873 17.44187443961371
327.12803544761 87.9848432576005 18.1373066958946
327.12803544761 88.4801651779649 8.51125987700777
327.12803544761 88.4801651779648 20.4887401229921
327.12803544761 88.99780326817 10.4431115295859
327.12803544761 89.43365683251594 18.72287315208581
327.12803544761 90.0848432576006 8.3
327.12803544761 90.12493200243554 10.31268939669579
483.5406633845894 85.39532827444131 32.64321001799495
327.12803544761 89.77799823943309 20.77717828618913
327.12803544761 91.43744773057023 10.44898456498638
327.12803544761 91.1718832470311 18.556888470414
327.12803544761 91.6895213372362 8.51125987700777
327.12803544761 91.46670188638493 20.5874232396718
327.12803544761 92.1848432576005 18.1373066958946
327.12803544761 93.0546917385841 11.5301515190165
327.12803544761 93.16390251986836 17.37369754471591
327.12803544761 93.1848432576006 9.13064249653648
327.12803544761 93.1848432576005 19.8693575034634
327.12803544761 93.94932060971632 12.95004150060316
327.12803544761 94.1417317280146 15.5870399894305
327.12803544761 94.2848432576006 14.5
327.12803544761 94.38479012127756 10.17035986831623
327.12803544761 94.4689053009571 18.8840620433565
327.12803544761 95.52838625560562 11.46413615028051
327.12803544761 95.454200761064 17.5999999999999
327.12803544761 96.0735833805928 12.8953219203644
327.12803544761 96.0735833805927 16.1046780796355
327.12803544761 96.2848432576006 14.5
327.12803544761 106.084843257601 0.0
327.12803544761 106.0848432576 14.4999999999999
327.12803544761 106.0848432576 28.9999999999999
328.6697330599519 78.42339926611477 14.45359895244063
328.615254277876 74.5696435788215 4.4
328.615254277876 74.5696435788214 14.4999999999999
328.615254277876 74.5696435788214 24.5999999999999
328.621415736955 70.6384620356132 4.4
328.621415736955 70.6384620356132 14.5
328.621415736955 70.6384620356132 24.5999999999999
328.631666069115 66.6650295318035 4.4
328.631666069115 66.6650295318035 14.58498185176656
328.631666069115 66.6650295318034 24.5999999999999
328.645977178907 62.62702787819 4.4
328.645977178907 62.62702787819 14.4999999999999
328.645977178907 62.62702787819 24.5999999999999
328.664309840574 58.5006436849976 4.4
328.664309840574 58.5006436849976 14.5
328.6252227429019 58.57050626271607 24.5999999999999
329.724970012354 60.337760992085 4.4
329.724970012354 60.337760992085 14.5
329.724970012354 60.337760992085 24.5999999999999
329.801331043781 64.4061168155174 4.4
329.801331043781 64.4061168155173 14.4999999999999
329.801331043781 64.4061168155173 24.5999999999999
329.878546882447 68.3812137402565 4.4
329.878546882447 68.3812137402565 14.4999999999999
329.878546882447 68.3812137402565 24.5999999999999
329.956405885106 72.2870375735671 4.4
329.956405885106 72.2870375735671 14.4999999999999
329.956405885106 72.2870375735671 24.5999999999999
329.984794521061 54.6817621530909 4.4
329.984794521061 54.6817621530909 14.51131974061348
330.0097711767125 54.73078159986481 24.52725502067735
330.0739466128254 76.11074918532026 4.4
330.034694645643 76.1460918153177 14.5
330.0739466128254 76.11074918532022 24.5999999999999
414.2920934677831 -2.350667753020795 28.40408442726207
421.1531721574437 27.44933935923077 28.9999999999999
330.1524505471899 73.18554584105155 4.4
330.1524505471899 73.18554584105155 24.5999999999999
330.113198580008 76.9799337460588 4.4
330.113198580008 76.9799337460587 14.4999999999999
330.113198580008 76.9799337460587 24.5999999999999
330.191702514372 73.150203211054 14.4999999999999
330.269991274909 69.3034718874623 4.4
330.269991274909 69.3034718874623 14.4999999999999
330.269991274909 69.3034718874623 24.5999999999999
330.347850277568 65.4181487184711 4.4
330.347850277568 65.4181487184711 14.4999999999999
330.347850277568 65.4181487184711 24.5999999999999
330.425066116234 61.4716740133159 4.4
330.425066116234 61.4716740133159 14.5
330.425066116234 61.4716740133159 24.5999999999999
330.4673308605265 57.45966901377329 4.399999999999999
330.433234573392 57.4793545143288 14.5
330.4673308605266 57.45966901377324 24.59999999999989
330.947853803941 56.5718724190961 4.4
330.947853803941 56.5718724190961 14.4999999999999
330.947853803941 56.5718724190961 24.5999999999999
331.539188957717 50.9611638654137 4.4
331.539188957717 50.9611638654137 14.4999999999999
331.539188957717 50.9611638654137 24.5999999999999
331.562087319441 59.2771008203052 4.4
331.562087319441 59.2771008203052 14.4999999999999
331.562087319441 59.2771008203052 24.5999999999999
331.580419981108 63.2507629506433 4.4
331.580419981108 63.2507629506433 14.55259433482234
331.580419981108 63.2507629506433 24.5999999999999
331.5947310909 67.1343329269241 4.4
331.5947310909 67.1343329269241 14.59145982299265
331.5947310909 67.1343329269241 24.5999999999999
331.60498142306 70.9520474254162 4.4
331.60498142306 70.9520474254162 14.4999999999999
331.60498142306 70.9520474254162 24.5999999999999
331.611142882139 74.7266514475503 4.4
331.611142882139 74.7266514475503 14.5
331.611142882139 74.7266514475502 24.5999999999999
331.613198580008 78.4799337460588 4.4
331.613198580008 78.4799337460587 14.4999999999999
331.613198580008 78.4799337460587 24.5999999999999
331.874904787066 53.7187028702106 4.4
331.874904787066 53.7187028702106 14.5
331.874904787066 53.7187028702106 24.5999999999999
424.5473977754687 37.34487902007302 28.9999999999999
332.3893082017795 52.8705629497836 4.4
332.376608730415 52.8420394700897 14.4999999999999
332.3893082017795 52.8705629497836 24.5999999999999
332.742872315213 78.4799337460588 4.4
332.8927069968622 78.56550849108035 14.51974836634884
332.742872315213 78.4799337460587 24.5999999999999
332.837964069947 55.6088131362157 4.4
332.837964069947 55.6088131362157 14.56156932510047
332.837964069947 55.6088131362157 24.5999999999999
333.092571252113 47.2536132287936 4.4
333.092571252113 47.2536132287936 14.49602535786935
333.092571252113 47.2536132287936 24.5999999999999
333.4898109931445 50.12686862967981 4.4
333.4898109931445 50.12686862967981 24.5999999999999
333.502510464509 50.1553921093737 14.5
333.667530166996 42.0381545811537 0.0
333.7766662122951 41.88210000535237 4.4
333.7465149775225 41.9252135169281 24.5999999999999
333.5117499014009 42.40988030706665 28.9999999999999
333.8741407009999 49.22583849238766 4.4
333.8741407009995 49.2258384923878 24.5999999999999
333.895496928036 49.2176406049044 14.5
334.339930237208 52.0362677140497 4.4
334.339930237208 52.0362677140496 14.49570785173492
334.339930237208 52.0362677140496 24.5999999999999
334.653233098936 43.5393267553591 4.4
334.653233098936 43.5393267553592 14.4999999999999
334.653233098936 43.5393267553592 24.5999999999999
335.0516381761535 46.5015978944268 4.399999999999999
335.030281949117 46.5097957819102 14.4999999999999
335.0516381761533 46.50159789442687 24.59999999999989
335.30875713561 45.556822291251 4.4
335.30875713561 45.556822291251 14.5
335.308757135609 45.556822291251 24.5999999999999
335.72803544761 80.1848432576006 0.0
335.72803544761 80.1848432576006 4.4
335.72803544761 80.18895608532006 14.56864698189879
335.72803544761 80.1848432576005 24.5999999999999
335.72803544761 80.1848432576005 28.9999999999999
335.72803544761 106.084843257601 0.0
335.72803544761 106.0848432576 14.4999999999999
335.72803544761 106.0848432576 28.9999999999999
335.833207625041 48.473823158021 4.4
335.83320762504 48.473823158021 14.4999999999999
335.8819442959 48.51264756163651 24.5999999999999
336.678363716365 42.9073010834373 4.4
336.678363716365 42.90730108343737 24.5999999999999
336.685998797902 42.9307994481887 14.4999999999999
336.816237423275 40.1370642793421 4.4
336.816237423275 40.1370642793421 14.4999999999999
336.816237423275 40.1370642793421 24.5999999999999
337.091229706424 79.3806990610706 0.0
337.091229706424 79.3806990610706 4.4
337.091229706424 79.3806990610705 24.5999999999999
337.4903912947689 79.10075956750033 28.96116863324719
337.326252671501 44.9012982545778 4.4
337.326252671501 44.9012982545778 14.4999999999999
337.326252671501 44.9012982545778 24.5999999999999
337.365275528952 42.1861023850188 4.4
337.365275528952 42.1861023850188 14.5
337.365275528952 42.1861023850188 24.5999999999999
338.936541964829 78.01815434811564 0.06345784325014092
339.2247147298055 77.78018740816452 4.4
338.9972204271461 77.96804736454632 24.5999999999999
339.3844444989531 77.64828596221668 28.9999999999999
338.865275528952 39.5880261736654 4.4
338.865275528952 39.5880261736654 14.4999999999999
338.865275528952 39.5880261736654 24.5999999999999
339.113709139489 36.843603408822 4.4
339.113709139489 36.843603408822 14.5
339.113709139489 36.843603408822 24.5999999999999
339.414313634629 41.6370642793421 4.4
339.3743230607878 41.64777972130771 14.55825019849259
339.414313634629 41.6370642793421 24.5999999999999
339.547434800705 38.8841222138316 4.4
339.547434800705 38.8841222138316 24.5999999999999
339.554756438885 38.9185678132627 14.4999999999999
341.0682998780065 75.99722296503025 0.0
341.1457366948483 75.90950513743915 4.356272590623217
340.8111748413116 76.23634709737098 24.5999999999999
341.2685690467475 75.7703647710613 28.9999999999999
341.1959951821095 36.43700170885756 4.4
331.3413031100669 106.0848432576005 7.047404028003369
341.1959951821095 36.43700170885754 24.5999999999999
341.203316820289 36.4714473082887 14.5
341.40652148979 33.5639747100251 4.4
341.406521489789 33.5639747100251 14.4999999999999
341.406521489789 33.5639747100251 24.5999999999999
341.629720843325 38.4775205138671 4.4
341.629720843325 38.4775205138671 14.5
341.629720843325 38.4775205138671 24.5999999999999
341.7569268848552 35.65623882467177 4.4
341.738369102913 35.6591780800263 14.4999999999999
341.7569268848355 35.65623881612285 24.59999999999989
342.7878185528296 73.73505028983371 0.0
342.851221580086 73.74202995417228 4.4
342.4238848428839 74.33686610597317 24.5999999999999
342.801685226492 73.8200116923298 28.9999999999999
343.5319378090266 28.01748106290178 0.0
343.6455265493242 27.91228359204175 4.4
343.4053035352192 28.13476033982516 24.5999999999999
343.1956450219744 28.41382067933231 28.9999999999999
343.4831670778685 33.23506636080479 4.4
343.4831670778686 33.23506636080474 24.5999999999999
343.501724859791 33.2321270969014 14.5
344.1239617985526 71.57192543729744 0.0
343.9624299169825 71.87676835532345 4.4
343.9624299169825 71.87676835532345 24.5999999999999
344.1876850538424 71.45166692919464 28.9999999999999
343.706913946105 30.2806799162796 4.4
343.712043172627 30.32948124677878 14.46776339884768
343.706913946105 30.2806799162796 24.5999999999999
343.833572472914 35.3273304669025 4.4
343.8309118030501 35.31053165851923 14.54584054655773
343.833572472914 35.3273304669025 24.5999999999999
343.928652301715 32.3903794450398 4.4
343.928652301715 32.3903794450398 14.5
343.928652301715 32.3903794450398 24.5999999999999
345.2182279966561 68.97645724846065 0.0
345.145194953221 69.18970213926735 4.4
345.2130177274897 68.99167040715142 24.5999999999999
345.20200649886 69.02382144641184 28.9999999999999
345.762628324673 30.0646156285955 4.4
345.708643174481 30.0702896965221 14.4999999999999
345.7626283246734 30.06461562859341 24.5999999999999
345.816613474865 30.0589415606689 14.75173978586746
345.9500606737522 66.22546688617679 0.0
346.004165009547 65.91522606717905 4.4
345.9369513005133 66.30063762120838 24.5999999999999
346.0468275104175 65.67059411640598 28.9999999999999
346.038351830476 32.1686410894291 4.4
346.038351830476 32.1686410894291 14.42562783337217
346.038351830476 32.1686410894291 24.5999999999999
346.44500395772 27.3522625450702 4.4
346.4462830657497 27.37666938022253 14.50213994070701
346.4919208059251 27.31207460584947 24.5999999999999
346.542070247482 25.2297195413838 0.0
347.6662568544419 24.18858124266581 4.4
347.4789447570734 24.36205582168689 24.62913858020924
346.542070247482 25.2297195413838 28.9999999999999
322.7060438799397 100.6062223189582 -2.294649593661328
346.556025286398 29.4706756928246 4.4
346.6164853473394 29.46750711529534 14.51731261218132
346.556025286398 29.4706756928246 24.5999999999999
346.618463703107 62.508433232418 0.0
346.618463703107 62.508433232418 4.4
346.5686545289757 62.7820004939535 24.5999999999999
346.618463703107 62.5084332324179 28.9999999999999
347.2268716739641 60.13758146624757 0.0
347.340097171172 59.9373870386483 4.4
347.340097171172 59.9373870386482 24.5999999999999
347.3086082894831 60.0495760833573 28.9999999999999
348.298711852624 57.4449803131653 0.0
348.298711852624 57.4449803131653 24.5999999999999
348.298711852624 57.4449803131653 28.9999999999999
348.563417105475 27.2412412163925 4.4
348.563417105475 27.2412412163925 14.5
348.563417105475 27.2412412163925 24.5999999999999
348.674438434152 29.3596543641468 4.4
348.674438434152 29.3596543641468 14.5
348.674438434152 29.3596543641468 24.5999999999999
349.377553571481 24.6294518699294 4.4
349.377553571481 24.6294518699294 14.4999999999999
349.377553571481 24.6294518699294 24.5999999999999
349.377553571481 26.71159453945315 4.4
349.377553571481 26.71159453945317 24.5999999999999
349.377553571481 26.750772213489 14.4999999999999
349.485926897024 55.0530033418967 0.0
349.1782881159579 55.55201452244777 4.4
349.485926897024 55.0530033418966 24.5999999999999
349.485926897024 55.0530033418966 28.9999999999999
350.891362876724 52.7823683867147 0.0
350.7827514934322 52.95784191022986 4.4
350.891362876724 52.7823683867147 24.5999999999999
350.891362876724 52.7823683867147 28.9999999999999
351.498873915041 24.66862954396525 4.4
351.498873915041 24.6294518699294 14.5
351.498873915041 24.66862954396525 24.5999999999999
335.72803544761 100.7794737383231 22.38779832614677
351.49887391504 26.750772213489 4.4
351.49887391504 26.750772213489 14.56670922821199
351.49887391504 26.750772213489 24.5999999999999
352.204626458144 24.0541915304514 4.4
352.204626458144 24.0541915304514 14.4999999999999
352.204626458144 24.0541915304514 24.5999999999999
352.285927251716 21.9344297086977 4.4
352.285927251716 21.9344297086977 14.49174749932482
352.285927251716 21.9344297086977 24.5999999999999
352.502732530765 50.6529268564623 0.0
352.502732530765 50.6529268564623 4.4
352.502732530765 50.6529268564622 24.5999999999999
352.502732530765 50.6529268564622 28.9999999999999
354.305948188329 48.6832957526647 0.0
354.3254368318628 48.66564536296126 4.4
354.305948188329 48.6832957526647 24.5999999999999
354.305948188329 48.6832957526647 28.9999999999999
354.324388279897 24.1354923240233 4.4
354.324388279897 24.1354923240233 14.44131862918285
354.324388279897 24.1354923240232 24.5999999999999
354.405689073469 22.0157305022696 4.4
354.405689073469 22.0157305022696 14.4999999999999
354.405689073469 22.0157305022696 24.5999999999999
355.0763580510562 21.32679567122806 4.4
355.010600718333 21.3198842970591 14.5
355.010600718333 21.3198842970591 24.5999999999999
355.232339073944 19.2101847682989 4.4
355.232339073944 19.2101847682989 14.49313934204559
355.232339073944 19.2101847682989 24.5999999999999
356.0320482507507 16.52606566646685 0.0
355.9438592298634 16.57816646115208 4.4
355.535693182472 16.90049268182505 24.5999999999999
355.7182170750991 16.73145258308279 28.9999999999999
356.285244932571 46.8906949072558 0.0
356.4515286372568 46.76626651618352 4.323277304907879
356.25046547118 46.9221938182068 24.63195140227538
356.4170736458521 46.70270581924648 28.9999999999999
357.120300247094 21.5416226526699 4.4
357.120300247094 21.5416226526699 14.59018632194809
357.120300247094 21.5416226526699 24.5999999999999
357.276281269981 19.42501174974074 4.4
357.342038602704 19.4319231239097 14.5
357.342038602704 19.4319231239096 24.5999999999999
358.10789366626 18.9293387741689 4.4
358.10789366626 18.9293387741689 14.4999999999999
358.10789366626 18.9293387741689 24.5999999999999
358.423318428068 45.2907964352945 0.0
358.3109543130559 45.3406487805788 4.4
358.0612620168868 45.52959937374118 24.5999999999999
358.423318428068 45.2907964352945 28.9999999999999
358.439741279384 16.8341354041678 4.4
358.439741279384 16.8341354041678 14.5
358.439741279384 16.8341354041678 24.5999999999999
360.203097036262 19.2611863872926 4.4
360.203097036261 19.2611863872927 14.4999999999999
360.203097036261 19.2611863872927 24.5999999999999
359.9796225350951 14.19389602421529 0.0
359.7324671575021 14.33991183722418 4.4
359.9970900863592 14.18357644823061 24.65845443616313
360.8463401884156 13.68185180316193 28.9999999999999
335.72803544761 98.18201974580019 14.50000000000018
360.534944649385 17.1659830172915 4.4
360.534944649385 17.1659830172915 14.5
360.534944649385 17.1659830172915 24.5999999999999
360.701476206882 43.897587718857 0.0
360.701476206882 43.897587718857 4.4
360.2756925001445 44.15797599268962 24.5999999999999
360.701476206882 43.897587718857 28.9999999999999
361.397603201463 16.8183659045497 4.4
361.397603201463 16.8183659045497 14.5
361.397603201463 16.8183659045497 24.5999999999999
361.8769836929418 14.73994781326244 4.4
361.926087236318 14.7639305502725 14.5
361.926087236318 14.7639305502725 24.5999999999999
363.099801090617 42.7232491199916 0.0
363.099801090617 42.7232491199916 4.4
362.9606948929185 42.79136240122659 24.5999999999999
363.099801090617 42.7232491199916 28.9999999999999
363.452038555741 17.346849939404 4.4
363.452038555741 17.346849939404 14.5
363.452038555741 17.346849939404 24.5999999999999
363.980522590595 15.2924145851268 4.4
363.980522590595 15.2924145851268 14.5
363.980522590595 15.2924145851268 24.5999999999999
364.746275489785 14.8275703344361 4.4
364.746275489785 14.8275703344361 14.5
364.746275489785 14.8275703344361 24.5999999999999
365.295313595462 12.7785322287594 4.4
365.295313595462 12.7785322287594 14.4999999999999
365.295313595462 12.7785322287594 24.5999999999999
365.597325319707 41.7780474918501 0.0
365.597325319707 41.7780474918501 4.4
365.597325319706 41.7780474918501 24.5999999999999
365.597325319706 41.7780474918501 28.9999999999999
366.795313595462 15.3766084401127 4.4
366.795313595462 15.3766084401127 14.4999999999999
366.795313595462 15.3766084401127 24.5999999999999
367.344351701138 13.327570334436 4.4
367.344351701138 13.327570334436 14.4999999999999
367.344351701138 13.327570334436 24.5999999999999
368.1255306213874 12.79430585585668 4.4
368.066229412002 12.7750377249169 14.4999999999999
368.125530621389 12.79430585585725 24.5999999999999
368.721753448675 10.7575421890251 4.4
368.721753448675 10.7575421890251 14.5
368.6735520047457 10.74471709113205 24.5999999999999
370.083724947894 13.4305617615902 4.4
370.083724947893 13.4305617615902 14.5
370.083724947893 13.4305617615902 24.5999999999999
370.4597629226776 8.08609475230425 0.0
370.2158465168224 8.146483334315077 4.4
370.0800178906815 8.226728916948108 24.5999999999999
370.1268497242342 8.19906134880739 28.9999999999999
370.67994777518 11.393798094758 4.4
370.6799477751795 11.39379809475799 24.5999999999999
370.739248984567 11.4130662256983 14.5
371.531977974619 10.977313077301 4.4
371.531977974619 10.977313077301 14.5
371.531977974619 10.977313077301 24.5999999999999
372.29219119647 8.99688992622342 4.4
372.29219119647 8.99688992622342 14.5
372.292191196469 8.99688992622341 24.5999999999999
373.512401125697 11.7375262991512 4.4
373.512401125697 11.7375262991512 14.55784412146112
373.5391101696449 11.79123659752592 24.5999999999999
374.272614347547 9.75710314807361 4.4
374.272614347547 9.7571031480736 14.5
374.272614347547 9.7571031480736 24.5999999999999
375.2288319905705 9.632389845125509 4.4
375.209709147258 9.67534045442706 14.5
375.2288319905705 9.632389845125509 24.5999999999999
376.072527862686 7.73741789036331 4.4
376.072527862686 7.73741789036331 14.5
376.072527862686 7.7374178903633 24.5999999999999
377.147631711322 10.5381591698549 4.4
377.147631711322 10.5381591698549 14.5
377.147631711322 10.5381591698549 24.5999999999999
377.7382280905923 5.618734176677985 0.0
378.0476636265173 5.516132151912506 4.367171303623175
377.791764962012 5.600982526432494 24.5999999999999
378.6130177029361 5.328673162185961 28.9999999999999
377.9913275834375 8.643187215092734 4.4
377.9913275834375 8.64318721509275 24.5999999999999
378.01045042675 8.60023660579118 14.5
378.872097146531 8.37416537061921 4.4
378.872097146531 8.37416537061922 14.5
378.872097146531 8.37416537061922 24.5999999999999
379.835156429411 6.48405510461406 4.4
379.835156429411 6.48405510461405 14.58734911800573
379.8238230011924 6.476231882221939 24.5999999999999
380.762207412536 9.33722465349951 4.4
380.762207412536 9.33722465349951 14.47162826479816
380.762207412536 9.3372246534995 24.5999999999999
381.725266695416 7.44711438749435 4.4
381.725266695416 7.44711438749435 14.5
381.725266695416 7.44711438749437 24.5999999999999
382.5924208680058 7.096721199234686 4.4
382.539926044274 7.06641329799913 14.5
382.5924208679155 7.096721198559679 24.5999999999999
383.600586216054 5.22929599091174 4.4
383.600586216054 5.22929599091174 14.5
383.600586216054 5.22929599091173 24.5999999999999
384.377043351362 8.12707346977893 4.4
384.377043351361 8.12707346977893 14.5
384.377043351361 8.12707346977893 24.5999999999999
385.3852086994995 6.259648262131 4.4
385.3852086994995 6.259648262131004 24.5999999999999
385.437703523141 6.28995616269153 14.5
386.270604967826 5.9160972485923 4.4
386.270604967826 5.9160972485923 14.5
386.270604967825 5.91609724859231 24.5999999999999
386.404770261931 2.74509921475719 0.0
386.3743120701439 2.755198481923483 4.399999999999999
386.2217791211173 2.805775056352137 24.5999999999999
386.404770261931 2.74509921475718 28.9999999999999
387.4259588327 4.13700831126491 4.4
387.4259588327 4.13700831126492 14.58284424428385
387.4259588327 4.13700831126492 24.5999999999999
387.4066980209982 43.83814960754657 -2.671474153004283e-16
387.51010419118 43.847917301138 4.4
387.51010419118 43.847917301138 24.5999999999999
387.2836255233316 43.82652424278713 28.9999999999999
388.049693905153 7.07145111346631 4.4
388.049693905153 7.07145111346632 14.58728353723148
388.049693905153 7.07145111346632 24.5999999999999
388.5986670496575 43.65658176182924 -2.220446049250313e-16
388.7724221032145 43.61561843942366 3.983437403546386
388.749448549049 43.62103452998806 24.68764665552604
388.900331381 43.5854634086644 28.9999999999999
389.8840051937358 43.19110682911858 0.0
389.884005193736 43.19110682912411 4.4
389.884005193736 43.19110682911895 24.5999999999999
389.205047770027 5.29236217613892 4.4
389.205047770027 5.29236217613892 14.5
389.205047770027 5.29236217613893 24.5999999999999
390.1676635196171 5.380508558319122 4.4
390.137994076385 5.42134504357431 14.5
390.167663519617 5.380508558319012 24.5999999999999
391.384874889717 3.70516083512126 4.4
391.384874889717 3.70516083512125 14.46956994326247
391.3331699814828 3.687285585175561 24.5999999999999
391.1394813719507 42.53905755808269 0.04606179631083096
391.430264103081 42.3439325308277 4.4
391.2660520581787 42.45412435553686 24.60664045124416
391.4609981637462 42.31903363544141 28.9999999999999
391.854178284838 6.66822585690667 4.4
391.854178284838 6.66822585690667 14.5
391.854178284838 6.66822585690669 24.5999999999999
392.2292720153403 41.656562803932 0.0
392.4338437911271 41.45789137651256 4.382165359186311
392.4015368781746 41.48926647939322 24.70137904354901
392.6275100039363 41.24312474708972 28.9999999999999
393.1559002305739 40.57983265505489 0.0
393.1559002305755 40.57983265505263 4.4
393.1559002305755 40.57983265505263 24.5999999999999
393.7985438498164 39.51414596781212 28.9999999999999
393.07138965494 4.992878133706164 4.4
393.071389654938 4.99287813370889 24.5999999999999
393.10105909817 4.95204164845362 14.5
393.98954859196 4.93176114611602 4.4
393.98954859196 4.931761146116 14.5
393.98954859196 4.931761146116 24.5999999999999
395.324538740111 3.28318560816215 4.4
395.324538740111 3.28318560816215 14.53661680289313
395.324538740111 3.28318560816215 24.5999999999999
395.2866758138706 36.93042887635952 0.0
395.430664469198 36.7034617598335 4.4
395.430664469198 36.7034617598335 24.5999999999999
395.430664469198 36.7034617598335 28.9999999999999
395.638124129914 6.26675129426697 4.4
395.638124129914 6.26675129426696 14.5
395.638124129914 6.26675129426696 24.5999999999999
396.973114278065 4.61817575631309 4.4
396.973114278065 4.61817575631307 14.5
396.973114278065 4.61817575631307 24.5999999999999
397.3643997337659 34.85334732214795 0.0
397.455851740254 34.8746124235271 4.4
397.455851740254 34.8746124235271 24.5999999999999
397.5331939907265 34.8381351105878 28.9999999999999
397.815042838649 1.52271261930053 0.0
395.9466968189299 1.722869198805868 4.4
396.7235250761152 1.639647308866725 24.5999999999999
397.6775094635711 1.537446619123301 28.9999999999999
397.8866376827435 4.476569116202475 4.4
397.845692815259 4.43970219192653 14.5
397.886637682743 4.476569116202461 24.5999999999999
399.265133183027 2.86325395543025 4.4
399.265133183027 2.86325395543025 14.5407912006317
399.265133183027 2.86325395543023 24.5999999999999
399.4013253257592 5.884219741105621 4.4
399.422141051755 5.859142559694 14.44968378043217
399.422141051755 5.859142559694 24.5999999999999
399.923879010962 33.7106043613583 0.0
399.923879010962 33.7106043613583 4.4
399.923879010962 33.7106043613583 24.5999999999999
400.1563082712388 33.67621282182397 28.92099377299686
400.831679500956 4.2737785956737 4.4
400.821777582389 4.2648628681497 14.5
401.72803544761 4.2826943231977 4.4
401.72803544761 4.2826943231977 14.5
402.623238764956 33.311191922553 0.0
402.623238764956 33.311191922553 4.4
401.9424207661813 33.3374747042398 24.5999999999999
402.623238764956 33.311191922553 28.9999999999999
403.22803544761 0.942816778775059 0.0
403.1487831355476 0.9513071074041677 4.4
403.22803544761 0.942816778775072 24.5999999999999
403.22803544761 0.942816778775072 28.9999999999999
403.22803544761 2.78269432319768 4.4
403.22803544761 2.78269432319768 14.5
403.22803544761 2.78269432319769 24.5999999999999
403.22803544761 5.78269432319772 4.4
403.22803544761 5.78269432319772 14.56442448014853
403.22803544761 5.78269432319773 24.5999999999999
403.22803544761 33.4006810384972 0.0
403.2437718740097 33.32556748121322 4.4
403.22803544761 33.4006810384972 24.5999999999999
403.22803544761 33.4006810384972 28.9999999999999
403.832832130264 33.3111919225531 0.0
404.3903904931273 33.39369139123553 24.65140188746891
403.832832130264 33.311191922553 28.9999999999999
404.72803544761 4.2826943231977 14.5
404.72803544761 4.28269432319771 24.5999999999999
405.624391394264 4.273778595673678 4.4
405.614489475697 4.28269432319771 14.5
405.6243913942643 4.273778595673486 24.5999999999999
406.532191884258 33.7106043613583 0.0
406.2812070982604 33.67346724196175 4.375989204879598
406.6063017926318 33.65621423604737 24.5999999999999
406.532191884258 33.7106043613583 28.9999999999999
407.033929843465 5.85914255969398 4.4
407.033929843465 5.85914255969398 14.55469176342519
407.033929843465 5.859142559694 24.5999999999999
407.190937712194 2.86325395543025 4.4
407.190937712194 2.86325395543025 14.53721268877089
407.190937712194 2.86325395543023 24.5999999999999
408.5694332124849 4.476569116759254 4.4
408.569433212477 4.476569116202475 24.5999999999999
408.610378079961 4.43970219192653 14.5
408.641028056572 1.52271261930053 0.0
409.5219778359032 1.635991431282463 4.4
409.6896725628855 1.646150285991649 24.5999999999999
408.8095557926998 1.540767056144183 28.9999999999999
408.8661401051274 34.81137604975058 0.0
408.8697811687141 34.81309330280529 4.4
409.0649696661751 34.93308549964345 24.65887736683201
408.91961631874 34.83659730419909 28.9999999999999
409.482956617155 4.61817575631309 4.4
409.482956617155 4.61817575631307 14.5
409.482956617155 4.61817575631307 24.5999999999999
410.817946765306 6.26675129426697 4.4
410.817946765306 6.26675129426696 14.51107151622065
410.817946765306 6.26675129426696 24.5999999999999
411.025406426022 36.7034617598335 0.0
411.025406426022 36.7034617598335 4.4
411.025406426022 36.7034617598335 24.5999999999999
411.131532155109 3.28318560816215 4.4
411.131532155109 3.28318560816215 14.5
411.131532155109 3.28318560816215 24.5999999999999
412.942672262194 39.97025204347462 4.4
379.9522256615792 26.10594954318785 4.4
412.46652230326 4.93176114611602 4.4
412.46652230326 4.931761146116 14.5
412.46652230326 4.931761146116 24.5999999999999
413.300170664645 40.57983265505263 24.5999999999999
413.0328109307175 40.1867650128647 28.9999999999999
413.3846812402888 4.992878135569352 4.4
413.35501179705 4.95204164845362 14.5
413.384681240282 4.992878133708904 24.5999999999999
413.2986327922516 40.57767978287238 0.0
413.7428171522462 41.14339948812245 4.4
414.3230027278893 41.71301385326495 24.5999999999999
414.0915167926639 41.52518258166953 28.9999999999999
414.7895638214279 42.15254262379311 0.02423189816276139
414.750703533679 42.12106034587741 4.4
414.601892610383 6.66822585690667 4.4
414.601892610382 6.66822585690669 14.5
414.601892610382 6.66822585690669 24.5999999999999
415.3801872934644 42.58173380847192 24.5999999999999
415.470452852852 42.64230504551637 28.9999999999999
415.1347874280518 3.723149196056982 4.4
415.071196005503 3.705160835121251 14.51418906282836
415.071196005503 3.70516083512125 24.5999999999999
416.3333741671222 43.12167074103982 0.2302616934952888
416.0563296182398 42.98090988031263 4.4
416.7273238560346 43.27615598467774 24.5999999999999
417.0858260834734 43.42900900855869 28.9999999999999
416.2884073756035 5.380508558319017 4.4
416.288407375603 5.380508558319054 24.5999999999999
416.318076818835 5.42134504357431 14.5
417.3921188257062 43.51424093779082 0.0
417.3828641984378 43.49452898219582 4.4
417.251023125193 5.29236217613892 4.4
417.251023125193 5.29236217613892 14.5
417.251023125193 5.29236217613893 24.5999999999999
371.7338387514195 36.09258972449801 0.0
417.6231483103999 43.60135525292653 24.5999999999999
417.6151489499514 43.59946937752676 27.66482852393091
418.406376990067 7.07145111346631 4.4
418.406376990067 7.07145111346632 14.5
418.406376990067 7.07145111346632 24.5999999999999
418.94596670404 43.847917301138 0.0
418.94596670404 43.847917301138 4.4
419.0440126614509 43.78385573616927 24.5999999999999
418.94596670404 43.847917301138 28.9999999999999
419.030112062521 4.13700831126491 4.4
419.030112062521 4.13700831126492 14.5
419.030112062521 4.13700831126492 24.5999999999999
420.4339704531603 2.871984118968218 0.0
420.1483945799071 2.777293434097916 4.384587964302249
419.9869428151331 2.738204538604719 24.5999999999999
420.1769061242467 2.812803914847492 28.9999999999999
420.185465927395 5.9160972485923 4.4
420.185465927395 5.9160972485923 14.5
420.185465927395 5.91609724859231 24.5999999999999
421.018367372079 6.28995616269153 4.4
421.018367372079 6.28995616269153 14.5
421.018367372079 6.28995616269153 24.5999999999999
422.079027543859 8.12707346977893 4.4
422.079027543859 8.12707346977893 14.5
422.079027543859 8.12707346977893 24.5999999999999
422.855484679167 5.22929599091174 4.4
422.855484679167 5.22929599091174 14.58460647577173
422.7494357970688 5.200283182699403 24.5999999999999
423.863650027665 7.096721199301051 4.4
423.8636500273045 7.096721198559679 24.5999999999999
423.916144850946 7.06641329799913 14.5
424.730804199804 7.44711438749435 4.4
424.730804199804 7.44711438749435 14.5
424.730804199804 7.44711438749437 24.5999999999999
425.693863482685 9.33722465349951 4.4
425.693863482685 9.33722465349951 14.49080051869517
425.693863482685 9.3372246534995 24.5999999999999
426.62091446581 6.48405510461406 4.4
426.62091446581 6.48405510461406 14.5
426.620914465809 6.48405510461405 24.5999999999999
427.58397374869 8.37416537061922 4.4
427.58397374869 8.37416537061922 14.5
427.58397374869 8.37416537061922 24.5999999999999
428.4647433115666 8.643187214605497 4.4
428.445620468471 8.60023660579118 14.5
428.4647433117835 8.64318721509276 24.5999999999999
428.1156815007533 5.4190707190588 0.0
428.4397223790947 5.547617265889908 4.4
428.394179225246 5.511414445321874 24.5999999999999
428.673601967836 5.687167354349427 28.9999999999999
429.308439183899 10.5381591698549 4.4
429.308439183898 10.5381591698549 14.5
429.308439183898 10.5381591698549 24.5999999999999
430.383543032534 7.73741789036331 4.4
430.383543032534 7.73741789036331 14.44477468140811
430.383543032534 7.7374178903633 24.5999999999999
431.2272389046495 9.632389845125509 4.4
431.2272389046495 9.63238984512551 24.5999999999999
431.246361747962 9.67534045442708 14.5
432.183456547673 9.75710314807361 4.4
432.183456547673 9.7571031480736 14.5
432.183456547673 9.7571031480736 24.5999999999999
432.943669769524 11.7375262991512 4.4
432.9229608566043 11.68357773656241 14.55893951558998
432.943669769523 11.7375262991512 24.5999999999999
434.163879698751 8.99688992622342 4.4
434.163879698751 8.99688992622342 14.49900627916522
434.163879698751 8.99688992622341 24.5999999999999
434.924092920601 10.977313077301 4.4
434.924092920601 10.977313077301 14.5
434.924092920601 10.977313077301 24.5999999999999
435.7761231200409 11.39379809475802 4.399999999999999
435.716821910654 11.4130662256983 14.5
435.7761231200411 11.39379809475798 24.59999999999989
436.0428142709175 8.047533769924296 0.0
436.3630573943998 8.219051298930745 4.4
436.2672516281391 8.162450641531619 24.66939871179471
436.111012399437 8.07014677088559 28.9999999999999
436.372345947327 13.4305617615902 4.4
436.372345947327 13.4305617615902 14.5
436.372345947327 13.4305617615902 24.5999999999999
437.734317446546 10.7575421890251 4.4
437.734317446546 10.7575421890251 14.4999999999999
437.734317446546 10.7575421890251 24.5999999999999
438.330540273832 12.7943058558572 4.399999999999999
438.330540273832 12.79430585585725 24.5999999999999
438.389841483219 12.7750377249169 14.4999999999999
439.111719194082 13.327570334436 4.4
439.111719194082 13.327570334436 14.5
439.111719194082 13.327570334436 24.5999999999999
439.660757299759 15.3766084401127 4.4
439.660757299759 15.3766084401127 14.4999999999999
439.660757299759 15.3766084401127 24.5999999999999
440.858745575514 41.7780474918501 0.0
440.858745575514 41.7780474918501 4.4
440.858745575514 41.7780474918501 24.5999999999999
440.858745575514 41.7780474918501 28.9999999999999
441.160757299759 12.7785322287594 4.4
441.160757299759 12.7785322287594 14.44647004965616
441.160757299759 12.7785322287594 24.5999999999999
441.709795405435 14.8275703344361 4.4
441.709795405435 14.8275703344361 14.5
441.709795405435 14.8275703344361 24.5999999999999
442.475548304625 15.2924145851268 4.4
442.475548304625 15.2924145851268 14.5
442.475548304625 15.2924145851268 24.5999999999999
443.00403233948 17.346849939404 4.4
443.00403233948 17.346849939404 14.4428469267967
443.00403233948 17.346849939404 24.5999999999999
443.356269804603 42.7232491199916 4.4
443.4719107837218 42.77987266849863 24.5999999999999
443.356269804603 42.7232491199916 28.9999999999999
444.529983658903 14.7639305502725 4.4
444.529983658903 14.7639305502725 14.5
444.529983658903 14.7639305502725 24.5999999999999
445.058467693757 16.8183659045497 4.4
445.058467693757 16.8183659045497 14.5
445.058467693757 16.8183659045497 24.5999999999999
445.6140958935504 43.74210781968041 0.0
445.754594688339 43.897587718857 4.4
445.754594688338 43.897587718857 24.5999999999999
445.754594688338 43.897587718857 28.9999999999999
445.921126245835 17.1659830172915 4.4
445.921126245835 17.1659830172915 14.4999999999999
445.921126245835 17.1659830172915 24.5999999999999
446.112415117711 13.9788304635506 0.0
445.6475244237423 13.70417978307095 4.4
446.5728989414503 14.25087762900402 24.5999999999999
445.9931238866562 13.90835493412078 28.94054582858842
446.252973858959 19.2611863872926 4.4
446.252973858959 19.2611863872926 14.5
446.252973858959 19.2611863872927 24.5999999999999
448.016329615836 16.8341354041678 4.4
448.016329615836 16.8341354041678 14.5
448.016329615836 16.8341354041678 24.5999999999999
448.032752467153 45.2907964352945 0.0
448.032752467153 45.2907964352945 4.4
448.032752467152 45.2907964352945 24.5999999999999
448.032752467152 45.2907964352945 28.9999999999999
448.34817722896 18.9293387741689 4.4
448.34817722896 18.9293387741689 14.5
448.34817722896 18.9293387741689 24.5999999999999
449.114032292516 19.4319231239097 4.4
449.114032292516 19.4319231239096 14.5
449.1797896252395 19.42501174974059 24.5999999999999
449.335770648127 21.5416226526699 4.4
449.335770648127 21.5416226526699 14.5
449.335770648127 21.5416226526699 24.5999999999999
450.170825962649 46.8906949072558 0.0
450.170825962649 46.8906949072558 4.4
450.170825962649 46.8906949072558 24.5999999999999
450.170825962649 46.8906949072558 28.9999999999999
451.0124005849798 16.98571744437367 0.0
451.0163267625975 16.98935357903316 4.4
450.678272538693 16.6762728170215 24.5999999999999
450.678272538693 16.6762728170215 28.9999999999999
451.1518124808126 19.21774379557913 4.4
451.223731821276 19.2101847682989 14.48156060815701
451.223731821276 19.2101847682989 24.5999999999999
451.3797128441635 21.3267956712281 24.5999999999999
451.445470176887 21.3198842970591 4.4
451.445470176887 21.3198842970591 14.5
452.050381821751 22.0157305022696 4.4
452.050381821751 22.0157305022696 14.4999999999999
452.050381821751 22.0157305022696 24.5999999999999
452.131682615323 24.1354923240233 4.4
452.1370037697972 24.1352882378486 14.5351795601337
452.131682615323 24.1354923240233 24.5999999999999
452.150122706892 48.6832957526647 0.0
452.4536767135522 49.01486419856449 4.4
452.150122706891 48.6832957526647 24.5999999999999
452.150122706891 48.6832957526647 28.9999999999999
453.953338364455 50.6529268564623 0.0
454.2212448662569 51.00696804727822 4.359012815660709
453.953338364455 50.6529268564622 24.5999999999999
453.953338364455 50.6529268564622 28.9999999999999
454.2051042534447 21.85808731555512 4.4
454.170143643505 21.9344297086977 14.42882528206549
454.170143643505 21.9344297086977 24.5999999999999
454.251444437077 24.0541915304514 4.4
454.251444437077 24.0541915304514 14.4999999999999
454.251444437077 24.0541915304514 24.5999999999999
454.95719698018 24.66862954396525 4.4
454.95719698018 24.66862954396525 24.5999999999999
454.95719698018 24.7078072180011 14.4999999999999
454.95719698018 26.750772213489 4.4
454.95719698018 26.750772213489 14.5
454.95719698018 26.750772213489 24.5999999999999
455.4751575062694 52.66402646602967 0.0
455.564708018497 52.7823683867147 4.4
455.564708018496 52.7823683867147 24.5999999999999
455.564708018496 52.7823683867147 28.9999999999999
456.970143998196 55.0530033418967 0.0
456.970143998196 55.0530033418967 4.4
457.1056960570232 55.22603116602637 24.5999999999999
456.970143998196 55.0530033418966 28.9999999999999
457.0621807305319 24.5639524743316 4.4
457.07851732374 24.6294518699294 14.5
457.078517323739 24.6294518699294 24.5999999999999
457.07851732374 26.71159453945315 4.4
457.07851732374 26.6724168654173 14.5
457.07851732374 26.71159453945316 24.5999999999999
457.781632461068 29.3596543641469 4.4
457.781632461068 29.35965436414689 14.54547005033346
457.781632461068 29.3596543641468 24.5999999999999
457.892653789746 27.2412412163925 4.4
457.892653789746 27.2412412163925 14.5
457.892653789746 27.2412412163925 24.5999999999999
458.157359042596 57.4449803131653 0.0
458.0052108736833 57.13843524538123 4.4
458.157359042596 57.4449803131654 24.5999999999999
458.157359042596 57.4449803131654 28.9999999999999
459.1608582009235 60.09730210430762 0.0
459.115973724049 59.9373870386482 4.4
459.115973724049 59.9373870386483 24.5999999999999
459.1533422843127 60.0705242875208 28.9999999999999
459.837607192114 62.5084332324179 0.0
459.837607192114 62.5084332324179 4.4
459.837607192114 62.508433232418 24.5999999999999
459.837607192114 62.508433232418 28.9999999999999
459.900045608822 29.4706756928246 4.4
459.900045608822 29.4706756928246 14.5
459.900045608822 29.4706756928246 24.5999999999999
396.0549520690168 22.91088758229425 4.4
458.9742882750149 24.35942760322607 4.4
459.2944271154644 24.65591646516021 24.65311547171855
459.0198643928774 24.40163682500446 28.9999999999999
460.0110669375 27.3522625450702 4.4
460.0110669375 27.3522625450702 14.46848828452201
460.0110669375 27.3522625450703 24.51555206498944
460.4862724004674 66.11228782829637 0.0
460.4839486130802 66.09896294977017 4.4
460.4519058856735 65.91522606717905 24.5999999999999
460.4086585686765 65.66724070985835 28.9999999999999
460.417719064745 32.1686410894291 4.4
460.417719064745 32.1686410894291 14.5
460.417719064745 32.1686410894291 24.5999999999999
460.6934425705475 30.0646156285955 4.4
460.639457420355 30.0589415606689 14.18907295576718
460.6934425705469 30.0646156285955 24.5999999999999
460.747427720739 30.0702896965221 14.4999999999999
461.1675059155432 68.77108442598936 4.4
461.1612274885227 68.75275241596431 24.5999999999999
461.2378428985645 68.97645724846232 28.9999999999999
462.123118713843 71.1775188500632 0.0
462.123118713843 71.1775188500632 4.4
462.123118713843 71.1775188500632 24.5999999999999
462.123118713843 71.1775188500632 28.9999999999999
462.527418593505 32.3903794450398 4.4
462.527418593505 32.3903794450398 14.5
462.527418593505 32.3903794450398 24.5999999999999
462.622498422306 35.3273304669025 4.4
462.622498422306 35.3273304669025 14.5
462.622498422306 35.3273304669025 24.5999999999999
462.749156949116 30.2806799162796 4.4
462.749156949116 30.2806799162796 14.53564715608405
462.749156949116 30.2806799162796 24.5999999999999
463.5073806330348 73.54078137271385 4.4
463.3837139716895 73.39391150784355 24.5999999999999
463.5070340868478 73.58804604202184 28.9999999999999
462.9729038173519 33.2350663608048 4.399999999999999
462.95434603543 33.2321270969013 14.4999999999999
462.9729038173519 33.23506636080475 24.59999999999989
463.091920380417 28.1728732166358 0.0
462.8685282001612 27.96598393948332 4.4
462.9197021208669 28.0133774312866 24.5999999999999
463.3362659946814 28.52226512540824 28.97901679086636
465.1875018484725 75.77036477106131 0.0
465.1875018484725 75.77036477106131 4.4
465.1875018484725 75.77036477106131 24.5999999999999
465.1875018484725 75.77036477106131 28.9999999999999
464.6991440105894 35.65623882449198 4.4
464.680586228463 35.6532995522194 14.4999999999999
464.699144010385 35.65623881612285 24.5999999999999
464.826350051895 38.4775205138671 4.4
464.826350051895 38.4775205138671 14.5
464.826350051895 38.4775205138671 24.5999999999999
465.049549405431 33.5639747100251 4.4
465.049549405431 33.5639747100251 14.5
465.049549405431 33.5639747100251 24.5999999999999
465.260075713111 36.43700170885756 4.4
465.252754074931 36.4714473082887 14.5
465.260075713111 36.43700170885755 24.5999999999999
466.7956423589334 77.41286739191588 0.0
466.7440601696792 77.36295815364241 4.4
466.848656672753 77.4641623070521 24.5999999999999
467.1490871526935 77.71225140730165 28.9999999999999
466.9086360945152 38.88412221383318 4.4
466.901314456336 38.9185678132627 14.4999999999999
466.9086360945155 38.88412221383155 24.5999999999999
467.041757260592 41.6370642793421 4.4
467.041757260592 41.6370642793421 14.47159032988541
467.041757260592 41.6370642793421 24.5999999999999
467.342361755731 36.843603408822 4.4
467.342361755731 36.843603408822 14.43991375878261
467.342361755731 36.843603408822 24.5999999999999
467.590795366268 39.5880261736654 4.4
467.590795366268 39.5880261736654 14.4999999999999
467.590795366268 39.5880261736654 24.5999999999999
468.60817908549 78.85003776452223 0.0
468.6604616771581 78.88670452470528 4.4
468.7123143665214 78.92306978635473 24.5999999999999
468.716942726096 78.92631574155992 28.9999999999999
469.090795366268 42.1861023850188 4.4
469.090795366268 42.1861023850188 14.4999999999999
469.090795366268 42.1861023850188 24.5999999999999
469.129818223719 44.9012982545778 4.4
469.129818223719 44.9012982545778 14.5
469.129818223719 44.9012982545778 24.5999999999999
469.639833471945 40.1370642793421 4.4
469.639833471945 40.1370642793421 14.550539509315
469.7056009529638 40.15462093410188 24.5999999999999
469.777707178855 42.9073010834373 4.4
469.770072097318 42.9307994481887 14.5
469.777707178855 42.9073010834373 24.5999999999999
470.62286327018 48.473823158021 4.4
470.62286327018 48.473823158021 14.51487310962441
470.62286327018 48.473823158021 24.5999999999999
470.72803544761 80.1848432576005 0.0
470.72803544761 80.1848432576005 4.4
470.72803544761 80.1848432576005 14.4999999999999
470.72803544761 80.1848432576005 24.5999999999999
470.72803544761 80.1848432576005 28.9999999999999
470.72803544761 106.084843257601 0.0
470.72803544761 106.084843257601 14.43937039956757
470.72803544761 106.084843257601 28.9999999999999
471.147313759611 45.556822291251 4.4
471.147313759611 45.556822291251 14.5
471.147313759611 45.556822291251 24.5999999999999
471.4044327190663 46.50159789442673 4.4
471.4044327190665 46.5015978944268 24.59999999999989
471.425788946103 46.5097957819102 14.5
471.802837796284 43.5393267553592 4.4
471.802837796284 43.5393267553592 14.5
471.802837796284 43.5393267553591 24.5999999999999
472.116140658012 52.0362677140497 4.4
472.116140658012 52.0362677140497 14.50588267371419
472.116140658012 52.0362677140496 24.5999999999999
472.5819301942205 49.22583849238789 4.4
472.560573967184 49.2176406049044 14.5
472.5819301942205 49.2258384923878 24.5999999999999
472.6277118392975 41.80818396082179 0.0
472.5649481048346 41.71843755366118 4.340768961775292
472.788540728224 42.0381545811537 24.5999999999999
472.788540728224 42.0381545811537 28.9999999999999
472.9662599020755 50.12686862967981 4.4
472.953560430711 50.1553921093737 14.5
472.9662599020755 50.12686862967981 24.5999999999999
473.363499643108 47.2536132287936 4.4
473.363499643108 47.2536132287936 14.50024858147203
473.363499643108 47.2536132287936 24.5999999999999
473.618106825274 55.6088131362157 4.4
473.618106825274 55.6088131362157 14.51187514534573
473.618106825274 55.6088131362157 24.5999999999999
473.713198580008 78.4799337460587 4.4
473.713198580007 78.4799337460587 14.4999999999999
473.713198580007 78.4799337460587 24.5999999999999
474.0667626934405 52.8705629497836 4.4
474.0667626934405 52.8705629497836 24.5999999999999
474.079462164805 52.8420394700897 14.4999999999999
474.581166108154 53.7187028702105 4.4
474.581166108154 53.7187028702105 14.5
474.581166108154 53.7187028702106 24.5999999999999
474.8689558588963 78.4538502023754 4.4
474.842872315213 78.4799337460587 14.5
474.842872315213 78.4799337460587 24.5999999999999
474.844928013081 74.7266514475503 4.4
474.844928013081 74.7266514475503 14.5
474.844928013081 74.7266514475503 24.5999999999999
474.85108947216 70.9520474254162 4.4
474.85108947216 70.9520474254162 14.5
474.85108947216 70.9520474254162 24.5999999999999
474.86133980432 67.1343329269241 4.4
474.86133980432 67.1343329269241 14.42517319553883
474.86133980432 67.1343329269241 24.5999999999999
474.875650914112 63.2507629506432 4.4
474.875650914112 63.2507629506433 14.4999999999999
474.875650914112 63.2507629506433 24.5999999999999
474.893983575779 59.2771008203052 4.4
474.893983575779 59.2771008203052 14.5
474.893983575779 59.2771008203052 24.5999999999999
474.916881937504 50.9611638654137 4.4
474.916881937504 50.9611638654137 14.57609095526126
474.916881937504 50.9611638654137 24.5999999999999
475.508217091279 56.571872419096 4.4
475.508217091279 56.5718724190961 14.4999999999999
475.508217091279 56.5718724190961 24.5999999999999
475.9887400346935 57.45966901377329 4.399999999999999
475.9887400346935 57.45966901377329 24.59999999999989
476.022836321828 57.4793545143288 14.5
476.031004778986 61.4716740133159 4.4
476.031004778986 61.471674013316 14.4999999999999
476.031004778986 61.471674013316 24.5999999999999
476.108220617652 65.418148718471 4.4
476.108220617652 65.4181487184711 14.4999999999999
476.108220617652 65.4181487184711 24.5999999999999
476.186079620311 69.3034718874623 4.4
476.186079620311 69.3034718874623 14.5
476.186079620311 69.3034718874623 24.5999999999999
476.3036203480305 73.18554584105149 4.4
476.264368380848 73.150203211054 14.4999999999999
476.3036203480305 73.18554584105149 24.5999999999999
335.72803544761 99.80478279130867 7.075713664084809
476.3821242823949 76.11074918532005 4.4
476.382124282395 76.1107491853202 24.5999999999999
476.342872315213 76.9799337460587 4.4
476.342872315213 76.9799337460587 14.4999999999999
476.342872315213 76.9799337460587 24.5999999999999
476.421376249577 76.1460918153177 14.5
476.471276374159 54.6817621530909 4.4
476.471276374159 54.6817621530909 14.44407897330393
476.471276374159 54.6817621530909 24.5999999999999
476.499665010114 72.2870375735671 4.4
476.499665010114 72.2870375735671 14.5
476.499665010114 72.2870375735671 24.5999999999999
476.577524012773 68.3812137402565 4.4
476.577524012773 68.3812137402565 14.4999999999999
476.577524012773 68.3812137402565 24.5999999999999
476.65473985144 64.4061168155173 4.4
476.65473985144 64.4061168155173 14.5
476.654739851439 64.4061168155174 24.5999999999999
476.731100882867 60.337760992085 4.4
476.731100882867 60.337760992085 14.5
476.731100882866 60.337760992085 24.5999999999999
477.791761054646 58.5006436849976 4.4
477.791761054646 58.5006436849976 14.5
477.791761054646 58.5006436849976 24.5999999999999
477.810093716314 62.62702787819 4.4
477.810093716314 62.62702787819 14.5
477.810093716313 62.62702787819 24.5999999999999
477.824404826105 66.6650295318034 4.4
477.824404826105 66.6650295318034 14.50148720202839
477.824404826105 66.6650295318034 24.5999999999999
477.8402045423204 70.62944250695247 4.4
477.834655158265 70.6384620356132 14.4999999999999
477.8276801571801 70.53553115638998 24.5999999999999
477.840816617345 74.5696435788214 4.4
477.8151338744156 74.54651873321906 14.50653993873891
477.8705083609369 74.5234863610602 24.5999999999999
478.0477675281334 78.56190811645546 14.49999999999991
479.2658117578362 57.49433746939782 0.0
479.2956325572212 57.56549640763915 4.4
479.2906646177936 57.55364181949253 24.5999999999999
479.32803544761 57.6428167787751 28.9999999999999
479.32803544761 78.4799337460587 4.4
479.32803544761 78.4799337460587 24.5999999999999
479.32803544761 79.00829175242315 5.602945157671796
479.32803544761 78.8982942508623 14.5
479.32803544761 78.8982942508624 23.5180276435064
479.32803544761 79.93251468997916 6.800548319697016
479.32803544761 79.7436767377265 5.78983638266437
479.32803544761 79.7436767377265 23.2101636173355
479.32803544761 80.4497950442925 21.4493949035595
479.32803544761 80.8101521534283 7.33622627763603
479.32803544761 80.8101521534284 21.6637737223639
479.32803544761 81.2743966471665 9.17562470546903
479.32803544761 81.2743966471665 19.8243752945309
479.32803544761 81.6601915275129 9.01137539997496
479.32803544761 81.6601915275129 19.988624600025
479.32803544761 81.874218036114 10.8963428214166
479.32803544761 81.874218036114 18.1036571785833
479.32803544761 82.238478225918 12.6818318433132
479.32803544761 82.28550060025076 15.6182643307451
479.32803544761 82.2785165419761 10.7851751902715
479.32803544761 82.2785165419761 18.2148248097284
479.32803544761 82.3325229745835 14.4999999999999
479.32803544761 82.68904948893791 12.43322026149271
479.32803544761 82.6540136337422 16.3742560243683
479.32803544761 82.7799337460587 14.4999999999999
479.32803544761 83.8848432576005 14.5
479.32803544761 84.16698475661822 15.88749499410563
479.32803544761 84.45215982450621 11.82299582194983
479.32803544761 84.45044994784288 17.19912597855713
479.32803544761 85.58751669892253 10.25453885179325
479.32803544761 85.5234653479931 18.63015576248476
479.32803544761 85.8848432576005 14.4999999999999
479.32803544761 86.0279547871864 13.4129600105694
479.32803544761 86.0279547871864 15.5870399894305
479.32803544761 86.39994656660588 12.48378681856762
479.32803544761 86.9848432576005 9.13064249653647
479.32803544761 86.9848432576005 19.8693575034634
479.32803544761 87.114994776617 11.5301515190165
479.32803544761 86.80986325967696 17.22117489218592
479.32803544761 87.9848432576005 10.8626933041054
479.32803544761 87.9848432576005 18.1373066958946
479.32803544761 88.50843585220724 8.581481465311251
479.32803544761 88.4801651779649 20.4887401229921
479.32803544761 89.09724122689155 18.48534777494223
479.32803544761 89.79127447920223 8.193754618967812
479.32803544761 90.08322251276277 10.30770154816599
479.32803544761 90.0848432576005 20.6999999999999
479.32803544761 91.1718832470311 10.4431115295859
479.32803544761 90.71634544113958 18.71544571947488
479.32803544761 91.40015872419816 8.352889159844931
479.32803544761 91.57980531818745 20.60884463492566
322.2736556883055 91.89851666547563 26.0081576413922
479.32803544761 92.01990421071275 18.25414020523186
479.32803544761 92.84024276095819 11.30719843788356
479.32803544761 92.91847245838098 17.59846255810333
479.32803544761 93.11671900423403 8.959183433225782
479.32803544761 92.99959968868997 19.9172215017636
479.32803544761 93.7221499534952 12.4
479.32803544761 93.71963272994323 16.75776357169787
479.32803544761 94.07063823839364 13.31454992230469
479.32803544761 94.1417317280146 15.5870399894305
479.32803544761 94.2848432576005 14.4999999999999
479.32803544761 94.4689053009571 10.1159379566434
479.32803544761 94.31870974486189 19.06123302660768
479.32803544761 95.53255873847473 11.40204139130161
479.32803544761 95.47094740620321 17.53870873689628
479.32803544761 96.0735833805927 12.8953219203644
479.32803544761 96.0735833805927 16.1046780796355
479.32803544761 96.2848432576005 14.4999999999999
479.32803544761 106.084843257601 0.0
479.32803544761 106.084843257601 14.5
479.32803544761 106.084843257601 28.9999999999999
479.82803544761 78.4799337460587 4.497050579874472
479.7566223045939 78.4799337460587 14.59351195519986
479.82803544761 78.6808620849709 24.37902349008474
479.82803544761 78.8982942508623 5.48197235649357
479.82803544761 78.8982942508623 14.31246529743945
479.82803544761 78.8982942508624 23.5180276435064
479.82803544761 80.02271105478148 6.194436284257224
479.82803544761 80.19750900807936 22.55210659459223
479.82803544761 80.46323042069415 7.577081821723792
479.82803544761 80.19550423794837 21.81811670204177
479.82803544761 81.0452182052358 7.799464455045219
479.82803544761 81.06194295118704 21.16757654992981
479.82803544761 81.42972659473445 9.621222444486541
479.82803544761 81.60297896944324 18.88176543609652
479.82803544761 81.72766829756256 19.79505280887257
479.82803544761 81.9036079600201 11.04040299586755
479.82803544761 81.8928284658733 18.01243469817478
479.82803544761 82.22787434142623 12.62985493263375
479.82803544761 82.13089686993352 16.84549816816666
479.82803544761 82.06085524140381 10.16076640802941
479.82803544761 82.31811365230436 18.02073221391658
479.82803544761 82.3325229745835 14.65370538125566
479.82803544761 82.65195178350702 12.61563743348688
479.82803544761 82.67203815477555 16.10597031121546
479.82803544761 82.77452062370716 14.4194284614951
479.82803544761 84.2955462313464 14.54988011341384
479.82803544761 84.4549236826253 13.33928818238666
479.82803544761 84.47436904261846 15.80841399075463
479.82803544761 85.04915813620316 11.6813824272148
479.82803544761 85.12342123973183 17.29568456456177
479.82803544761 85.90183756807866 14.37091539629254
479.82803544761 85.96882567383751 10.44619220271974
479.82803544761 86.1790069260796 18.72758191331276
479.82803544761 86.03163983138427 13.31438278841139
479.82803544761 85.92031019368997 15.43982234710049
479.82803544761 86.52124641340855 16.69606054896715
479.82803544761 86.8575791004087 11.73511210716065
479.82803544761 87.47334898681346 17.84810800854673
479.82803544761 87.1934781652289 9.4920087567813
479.82803544761 87.36654742761581 19.52703346939397
479.82803544761 87.75219485788786 11.04121069991501
479.82803544761 88.37790663194212 9.052064424012885
479.82803544761 88.5881625530998 20.0856884319047
479.82803544761 88.7891292552365 10.44512065531521
479.82803544761 88.95657837118067 18.53981255897363
479.82803544761 90.55241190463015 8.77882639543179
479.82803544761 89.9636098975234 10.21114579216967
479.82803544761 90.12300408108894 18.69497603227765
479.82803544761 90.23982654826858 20.15122747126012
479.82803544761 91.20564137208983 10.45709460282551
479.82803544761 91.39303164110129 18.46528580629311
479.82803544761 91.75605572710856 8.998595106503812
479.82803544761 91.73928607921081 19.91513070106514
479.82803544761 92.44575392276401 11.06289709893689
479.82803544761 92.27905238463167 18.06501749020964
479.82803544761 92.9762083499721 9.49200875678129
479.82803544761 93.21823447144448 19.32227806841698
479.82803544761 93.37191822021192 11.94356911881112
479.82803544761 93.23275081569423 17.23779737382869
479.82803544761 93.98536375706846 12.87406927480799
479.82803544761 93.7221499534952 16.5999999999999
479.82803544761 94.17139114279179 13.63824563234425
479.82803544761 94.1417317280146 15.5870399894305
479.82803544761 94.44067430163007 10.75872318888788
479.82803544761 94.1738509850046 18.589007727404
479.82803544761 94.2848432576005 14.5
479.82803544761 95.29527476210167 12.09736893198691
479.82803544761 95.0928345008192 17.3913650923715
479.82803544761 95.67664662350083 13.04976683054475
479.82803544761 95.6705316895053 15.9966807045007
479.82803544761 95.85757961814535 14.57591063125642
335.72803544761 106.0848432576 22.36282971572443
479.32803544761 106.084843257601 7.25
335.72803544761 106.0848432576005 7.07140300637616
484.1120903855842 100.8556763834411 2.262761765812531
416.3014886679493 14.99030138411746 28.9999999999999
317.225098973817 80.07409418099056 14.49999999999995
317.225098973817 80.07409418099056 22.46764549126424
317.225098973817 88.92751556859139 6.53235450873566
317.225098973817 88.92751556859139 14.49999999999995
317.225098973817 88.92751556859139 22.46764549126424
317.225098973817 97.78093695619225 6.53235450873566
327.12803544761 106.0848432576005 7.97405798666084
324.3030430741303 80.09557613706407 4.354292943064053
322.3093994273264 101.4873887978551 10.85905800459985
457.2401555204082 37.23097498837858 0.0
382.7649039999051 13.09166672062154 4.4
437.8945251769552 29.08697797454089 28.9999999999999
369.5490386339347 23.38430139627714 0.0
479.32803544761 106.084843257601 21.13699155194461
470.72803544761 106.084843257601 7.487305769130471
431.8904909262417 22.61829458731698 28.9999999999999
484.1771655790893 100.9752084681082 24.83957454737871
362.4184747126313 22.37097723249244 4.4
441.1851162770306 28.52067902867907 24.5999999999999
361.3492407669739 29.94348956338316 24.5999999999999
452.6653558508575 40.35786655255792 28.9999999999999
411.8667111583598 5.309786518457184 28.9999999999999
431.955800402095 33.72799582755911 28.9999999999999
385.6169447076143 22.77038961162123 4.4
409.0576479564759 13.16051783935203 28.9999999999999
440.5144838230179 34.76492823033409 24.5999999999999
391.4233292477524 -2.892021395204099 4.790864397055398
377.1218100052126 42.86664438127448 28.9999999999999
376.7572531774705 42.83220853103663 24.5999999999999
431.3493991328026 42.67629546045672 28.9999999999999
429.902356139777 42.81298239649405 24.5999999999999
429.902356139777 42.81298239649405 4.4
431.2876513536272 42.68212812388363 0.0
376.9516896778024 42.85057490274239 4.4
378.6520411722461 42.95131987404076 0.0
363.6601537085037 34.04828343023351 4.4
364.3022176011902 34.60156984183365 24.5999999999999
435.1260833600415 19.92422665473421 4.4
421.802888559868 30.25491918631896 4.4
348.9826362182442 38.12961502188066 0.0
424.0212267494001 8.63274414564206 28.9999999999999
461.8828720829703 33.57197193815632 28.9999999999999
483.6540361091854 103.0239933784808 8.20898556251785
483.2362066731444 109.4572297784147 14.15546762513399
365.4965217455779 26.674406271277 28.9999999999999
440.7524342215667 31.66535284595923 0.0
327.12803544761 99.88508539944645 5.600785040417152
434.0204887361568 35.07884819904935 4.4
443.5175511046471 24.79345726795964 4.4
387.8907103223723 38.03488052305891 4.4
433.553627704188 34.87458835380681 0.0
331.3985886832047 99.97680503215022 0.0
445.652696884831 33.78335013446923 4.4
447.6397592013852 32.42452799270222 24.5999999999999
377.3543919803426 18.02014588013623 4.4
396.2967750042431 16.07335970711199 0.0
468.2412776743267 63.27351206093263 0.0
421.2525053263513 40.80501949310806 24.5999999999999
427.7389358535704 -0.9731838937012417 27.4438056061338
429.3782658083521 20.14045220360132 0.0
373.35256873309 18.00843605786509 0.0
425.6951178937501 23.5048799084662 24.5999999999999
414.1903919601334 -2.771945001761284 2.57570704074624
408.5951441999518 11.66090259452388 4.4
489.2309719214029 106.6343583437931 11.51213294077584
411.3647725390541 31.00315524506453 24.5999999999999
334.9174009269414 59.19392131280281 0.0
420.9891306844299 23.44519466064147 4.4
470.72803544761 99.12597001042406 6.090928273792822
478.7429031870028 44.93714742993748 26.19782798926791
322.621334076173 107.4572652923769 4.371419527457727
373.3695949577323 37.41644765947106 4.4
408.7710324534208 23.1576928359799 24.5999999999999
322.942841762385 67.09139559263818 3.096534864337813
327.12803544761 106.0848432576 22.23838760108281
470.72803544761 97.67893693221951 21.20046469772069
489.2309719214029 80.07409418099056 6.53235450873566
489.2309719214029 80.07409418099056 14.49999999999995
489.2309719214029 88.92751556859139 6.53235450873566
489.2309719214029 88.92751556859139 14.49999999999995
489.2309719214029 88.92751556859139 22.46764549126424
489.2309719214029 97.78093695619225 6.53235450873566
489.2309719214029 97.78093695619225 14.49999999999995
489.2309719214029 97.78093695619225 22.46764549126424
389.4782392039224 17.55644645889613 4.4
326.62803544761 78.89829425086236 18.2512039807081
359.9463413369598 37.49498444511383 24.5999999999999
326.62803544761 78.8982942508624 11.94891404894758
432.4973512170511 28.99906199088243 24.5999999999999
386.2382116672171 19.28524244561387 24.5999999999999
413.9580529506893 30.241354284781 4.4
447.9442265589514 38.31554555416741 24.5999999999999
359.6003997321521 38.35040860170928 4.4
327.12803544761 81.07818763246979 0.0
327.12803544761 82.69737045185843 13.2710878850096
392.863373673621 11.52798218989835 28.9999999999999
426.6932143196402 34.05931967755657 4.4
333.5260212173443 51.77960145066984 28.9999999999999
331.1018861324449 57.63271768053263 28.9999999999999
470.72803544761 99.6426253134387 0.0
391.3410947037749 23.24035939105245 0.0
331.1168824235908 82.1894257369097 28.9999999999999
422.0240902651169 19.34887752228654 28.9999999999999
322.1126282406468 99.66563055251811 18.40564068940104
438.9346058902794 22.87918976638305 28.9999999999999
415.9367961435536 19.76965271433658 4.4
450.4229355452658 38.95233973215775 4.4
362.0712681750595 34.19329091807464 28.9999999999999
431.1128112943461 26.43511888704813 0.0
355.5655811770409 39.95165578888941 24.5999999999999
479.32803544761 75.90086748617506 0.0
360.7498592318737 35.21836231452463 0.0
327.12803544761 93.1594566493898 14.49999999999999
370.1536881316578 19.35004081967232 24.5999999999999
353.3839437824019 40.84138363741954 4.4
453.4661463966026 38.26989424496978 24.5999999999999
468.2638142935058 68.00854800657748 0.0
483.8735199310375 101.971481335808 18.72667157688833
475.2443850976113 100.9308675981121 28.9999999999999
455.3333904793395 20.98749796687686 0.0
388.3125830284723 -1.270323277718314 1.651921188303302
381.3580284315464 14.01126790867233 24.5999999999999
329.9937643359513 76.83888776060003 0.0
331.0078454773657 73.93397791945148 0.0
327.12803544761 63.63123202774487 24.60285203501715
329.4424258378118 64.48596308330498 0.0
330.419180773362 63.52267066268808 28.9999999999999
330.5439073209138 68.91066951430219 0.0
332.8472901784813 65.31076846197426 0.0
329.8650315786514 68.8140942159871 28.9999999999999
417.6410307589256 35.11385287317034 4.4
333.4811305608182 71.51041944349092 28.9999999999999
331.4661506452608 75.4304489591728 28.9999999999999
470.72803544761 85.89708121235098 0.0
330.955899190061 48.50869813465458 27.26220227033931
333.6600208202685 52.01205498772092 0.0
317.225098973817 95.56758160929203 12.50808862718388
337.7676905261297 43.30310384597591 0.0
339.0802776626062 42.39670006230922 28.9999999999999
341.5635000089 51.75264730312313 0.0
341.313911518504 51.13097398411374 28.9999999999999
340.6883786008628 38.14402368138104 0.0
344.2257018183446 36.21897824533957 28.9999999999999
349.06492210903 29.46797543997731 28.9999999999999
351.6881513266225 25.6794952062316 0.0
353.9849663602229 23.80905016469485 28.9999999999999
356.8886525853932 27.10934494090754 0.0
354.875018431845 29.0206225835593 28.9999999999999
362.5348352895962 20.48643773994337 0.0
359.0463058204475 24.42306625218785 28.9999999999999
365.456431442577 20.40639500566053 28.9999999999999
384.3321094729658 27.56309131241938 0.0
387.045477478636 39.81957074539936 0.0
371.2480241969022 28.65205099976503 4.4
380.9994213670724 35.4661836760099 4.4
381.9213459638232 33.05434392290613 28.9999999999999
373.8283721819515 32.74018608408945 28.9999999999999
366.6727509075205 15.30012951073093 28.9999999999999
433.3505413466921 36.37758479737831 24.5999999999999
375.114496897599 10.07687668399205 28.9999999999999
379.7947915587544 26.06499417628586 28.9999999999999
429.4112722724751 16.20686918240656 24.5999999999999
479.32803544761 97.19797620929789 0.0
328.2041328085691 55.15132399781839 28.9999999999999
329.8974464691443 59.48203716855122 26.59801258365119
383.2837090873821 8.237280337296916 28.9999999999999
390.928666359544 18.66557478123776 28.9999999999999
475.2530263989754 101.4933241797358 21.1598454976748
473.8729162843912 36.49596937090487 1.017936066702206
392.9162447913804 6.251844112603431 0.0
395.1656298730979 7.344789282842015 28.9999999999999
397.5482126784954 19.01986583455147 28.9999999999999
345.946884462496 31.29838721480047 13.73892165729844
331.9139583562957 54.75530907383575 28.9999999999999
327.12803544761 82.95756891963097 26.0140561745337
397.9458869601152 28.2003717679611 0.0
395.3226224162213 31.09976911153051 28.9999999999999
344.710343173554 30.19988547165044 14.48388169942379
353.4620481082777 43.80833212246849 24.5999999999999
320.3852876449268 83.7967827857127 4.575295213761014
331.4415190450441 52.10525690947873 28.9999999999999
409.2688979001591 24.71551831864797 4.4
348.7707212375458 15.72423814060609 24.98364075967349
483.3627475357047 74.1728635978316 1.474106384393915
411.1840378437946 6.638323017626931 0.0
403.252069503052 10.11261917169767 0.0
470.72803544761 86.23942235471722 24.35943121543269
329.0961399846909 52.94648964822314 26.50007600610079
411.0438109727441 30.81152109052058 0.0
419.4193449570906 14.75570530790944 4.4
413.8317341278077 12.28085739890539 4.4
422.9347895614611 26.99499415487442 0.0
390.6915584950164 30.39984680784069 4.4
317.225098973817 101.1009699765426 15.49595568640799
330.6803856458268 57.43153658811607 26.36714116061507
368.7561246168682 19.45792095011566 4.4
415.5420388504006 42.62136554345862 0.1151308467476444
413.9156913200518 21.3005245678123 28.9999999999999
393.6063319780266 11.54340017622402 4.4
417.0645584490522 24.98687573002661 24.5999999999999
403.1673482617603 9.490781000281553 28.9999999999999
429.0251044291833 26.04529523961618 4.4
325.5240266445127 77.42346324512886 25.4191433495861
411.0254064260221 36.70346175983349 28.99999999999991
374.3389941651739 17.09884461138111 24.5999999999999
366.8324655853601 24.96091000290558 24.5999999999999
424.7243763784404 31.85737824876892 24.5999999999999
447.2274962530483 38.42640334057684 0.0
357.0778883049399 39.38409639561898 0.0
448.203749679425 39.86778126692109 28.9999999999999
417.0365289398661 13.39204744471704 0.0
387.3396668883469 12.44743527394396 0.0
425.5391406607084 9.588214823301401 0.0
485.6620057938496 81.02289544213339 2.334621443630697
415.788001609191 41.96010153297632 0.0
420.9963016553648 43.65424371735535 24.5999999999999
458.5746767847789 40.60304095484467 24.5999999999999
455.7961980448725 43.81105227601094 4.4
387.4960963760722 42.28056099482711 0.0
430.0342931758262 10.00434512457774 28.9999999999999
327.12803544761 96.85715146844234 28.9999999999999
330.4165322564357 52.76573872749978 24.5999999999999
467.8004193882454 34.90559670238704 4.4
426.6652443590492 14.12435394134167 0.0
331.506143341182 106.0848432576 20.11189599032324
374.2969663077819 22.43212632675229 4.4
364.1140380081352 27.70109152173406 4.4
378.1287201479075 31.81782526772133 24.5999999999999
343.706913946105 30.2806799162796 12.37793987332905
483.1370299976233 88.65094824041272 -1.543156656299792
415.9400029067413 42.90754716411556 1.03118844989641
385.6721243669058 43.67430267331468 0.0
439.3294899968442 17.67019332158296 28.9999999999999
434.5342273795042 22.41159126347635 24.5999999999999
412.8165214669722 32.11181522615955 28.9999999999999
442.6183816495856 16.70710839146577 0.0
479.32803544761 96.14768960338955 23.84946580632161
335.72803544761 96.65744990146977 28.9999999999999
446.8742958225116 25.8557918071873 0.0
381.9833451585259 12.62324097414536 28.9999999999999
483.7890584661135 59.04685322398837 27.04686495550897
483.5901084530168 102.0412112075572 13.88888429678235
326.5331610637822 43.7127371369161 0.2510616818752858
443.966712656908 24.06149705941753 28.9999999999999
416.6768702779161 11.15572073479492 24.5999999999999
468.7800753071674 50.89688194397645 4.4
365.5369037088656 29.85325237767072 0.0
454.8592858716365 29.24422520933825 28.9999999999999
454.6927266876509 31.60399097060926 0.0
452.4584433644213 23.31213592551197 0.0
331.4466512064286 97.0258526151742 23.9816975631513
382.6250251870337 43.38647525373835 24.5999999999999
328.6463333840443 78.44679894202238 19.03956636484284
465.997464207146 39.90342418750299 28.9999999999999
410.0417196599626 12.09681495237434 0.0
368.6593621975586 13.97972714938826 0.0
470.2448045933469 44.53574005509942 0.0
466.6039056068249 49.71025007685125 28.9999999999999
366.9210207813234 24.55897499524237 4.4
473.8510160250184 52.11391050739372 28.9999999999999
475.9065141730686 92.86840167306579 23.02874996146385
472.8563378421647 52.62623218190303 0.0
406.6178642171822 -2.443878181239237 26.58415145525864
434.6675641650475 18.05876777270255 0.0
461.2378428985647 68.97645724846294 1.744385567115175e-15
471.4943020615836 70.51827149314207 28.9999999999999
463.5100471611299 73.55170351245108 0.0
414.1975921236778 41.62819844172856 0.7745392778527362
351.4236609157136 32.84434114901147 28.9999999999999
381.2808495024634 8.843912646451122 0.0
465.3270772351415 38.56636080538935 0.0
410.1235804436334 -2.670856637806432 28.20952216190299
470.72803544761 101.0560360365787 18.12499999999991
324.8268177827649 50.07696110211722 2.383156018466293
450.0495107275532 31.88487264024889 28.9999999999999
378.6631146984479 14.63743328335686 28.9999999999999
392.5098921645743 35.83163032773366 0.0
469.5585525088499 73.26658603520622 0.0
347.2690035794156 44.41707120555787 24.5999999999999
476.0023609510959 73.13199010699002 0.0
427.2226754543677 30.79499828935809 28.9999999999999
459.0050508784562 49.62946579168226 4.4
470.72803544761 83.46023881984055 21.02483120245601
417.4000336383268 18.40116772329242 24.5999999999999
329.5763503412533 56.36250127364355 25.66697776378226
447.1117171911106 32.15667922587622 0.0
383.8406140557875 43.50129915237292 28.93605793996624
349.0140560800438 17.49568845990321 2.013052552487807
484.4773736679874 85.53920690193308 2.52854911181716
354.6722708467855 31.99113960988396 4.4
479.32803544761 100.2248658034853 23.82915261213313
320.0821391042846 81.0563920370776 10.3450721582384
331.8208055200485 50.43241509331924 27.20316397599715
462.4571699792443 32.94241983679589 0.0
469.3182159066427 53.55542676128447 4.4
353.4092945381837 39.3933850975812 28.9999999999999
470.72803544761 101.6652693540012 11.2955231588933
353.0087759449451 33.5787373263301 0.0
323.3708797776793 60.85091976557078 3.79202863994127
474.8567385820519 46.97332621928621 26.92822707140768
317.225098973817 102.2076476499927 2.548531763103514
379.1881609835005 18.66513516679673 24.5999999999999
323.6206808782026 55.38907272654843 1.828821470224747
322.9993303276054 56.53682081234778 26.35999847575841
418.3473535495331 37.03272325734685 0.0
463.16304435341 53.01350974896821 28.9999999999999
483.5006739056358 89.47784363672744 4.958167471659777
410.2332465498845 -0.6023749574886018 25.85132085700055
433.3299699099733 17.00727846459867 28.9999999999999
457.8738731362623 47.52714518482769 24.5999999999999
425.6231081342442 13.45974196889275 28.9999999999999
347.2859956964799 47.69506715976302 4.4
450.4781184134224 28.23930284815277 0.0
476.1077205985808 72.95422921804908 28.9999999999999
317.225098973817 84.50080487479097 10.5161772543678
329.5848777258374 43.93673230189302 29.05620304410373
474.3198622870338 62.69986514507626 28.9999999999999
476.1020693272038 68.68782016573236 28.9999999999999
417.5429695033685 -1.589877307326783 24.06969055110107
459.0527212806281 38.52827321101189 28.9999999999999
476.538539933798 50.98647143977259 2.026178542450291
477.0224948385938 52.1412935066569 26.78324947169539
477.2233549966131 64.28664322339704 28.9999999999999
323.36751934253 83.14216311727655 0.8367089612525026
484.3269123482366 77.28124713882491 24.87578950693895
460.5553662653741 31.11866968752269 13.72968181126695
479.32803544761 88.3549653651383 28.9999999999999
420.3115064985862 9.83209092733839 28.9999999999999
474.9065206758844 78.41628538538734 18.81847597530205
477.9569805856947 78.4799337460587 10.71384906478216
476.45703782396 78.69757145156302 14.49999999999991
413.5383754846815 -0.09292042624248807 25.84938788079525
328.615254277876 74.5696435788214 22.99961754169386
336.4406661708139 66.31198064600152 24.5999999999999
331.1841212868394 52.56459976220497 26.2131168354025
450.0269863996137 13.69390884381473 1.828504476587604
479.82803544761 78.80904484998385 18.13551657108492
322.8786003728582 62.92219139003203 27.94493091760642
475.2531339303562 91.10408057053978 5.046024860734835
483.0379381748605 85.95736737045766 24.58951210596827
403.2795551529622 11.52989036942252 4.4
403.1608971069254 12.34144755989719 24.5999999999999
392.9011641058985 -0.1867177128852333 25.68645183411599
474.6354116440181 83.78087321561706 0.0
363.3446049203351 25.29674724710474 0.0
417.7585789117621 30.71518765595697 24.5999999999999
483.1303995538213 77.11867993342153 4.711729110188552
373.5359579725536 36.85759542366712 24.5999999999999
351.8050580421526 20.38337385190895 4.4
436.120494282693 19.31908000996622 28.9999999999999
483.6124386665546 60.61585028011199 1.814666956887153
461.8281752791194 52.17002765757567 0.0
322.0353354605091 79.84842992588443 28.19336198196896
470.5614491047574 57.65551784058 4.4
365.295313595462 12.7785322287594 19.61098147007567
467.6358802982249 52.30643650163343 0.0
399.9086098813427 5.236206567555147 0.0
322.5262942118367 84.24938605089532 26.08187507701546
335.72803544761 91.75514199982739 25.01451979580656
415.4439441722695 42.42676023459316 0.0
343.3064586732706 45.09698729826688 28.9999999999999
399.21836689774 27.75871275826439 24.5999999999999
342.2953606731166 43.85263234139238 4.4
482.4619505232958 77.67943385551723 22.47506890303729
324.2093196457683 75.66911721580155 27.16318004967837
344.3510304081808 49.08296054762405 24.5999999999999
437.6541174464068 27.31605961059001 4.4
422.6788512576246 20.7162282803282 0.0
372.0203000302348 42.38475837581054 1.110223024625157e-16
391.7428273808115 2.173231240172975 4.336026694420255
327.12803544761 73.24816643493124 4.4
327.12803544761 74.96248240965477 0.0
397.8880051495182 11.625000834043 28.9999999999999
443.2442503337358 21.0289760198467 0.0
326.62803544761 78.4799337460588 6.287257541325503
327.12803544761 78.97030235432939 9.299127905734998
415.6877904618139 35.7116157517269 28.9999999999999
375.8516705967627 19.12664817654477 28.9999999999999
327.12803544761 78.97030235432933 19.70087209426491
416.7317650026994 43.16594578981247 0.0
485.2958442539592 80.31297717601569 27.26408779158692
317.225098973817 93.35422626239182 18.4838227456321
327.12803544761 77.69182307751034 28.9999999999999
327.12803544761 73.75774512097172 24.634050663703
345.248557487228 30.11864665083753 13.9164724964231
447.5418758849298 20.4527705302684 0.0
331.3603968214272 91.66504962073118 28.9999999999999
341.7575030447831 58.21147646436241 0.0
465.7467999666152 58.97601957373601 28.9999999999999
479.32803544761 95.056610513102 20.67936616446921
479.32803544761 99.28775936803272 7.636691476647393
421.4337392184431 41.46868568157529 4.4
327.12803544761 95.8971057262248 9.257250096779552
327.12803544761 97.41760771700942 21.5070883484214
340.0861562196756 56.36981646187034 24.5999999999999
415.635984063534 27.64201955770342 28.9999999999999
331.3269767469629 91.37898014869332 0.0
365.5093169016113 22.16941895222727 0.0
346.9144366963896 21.56467025909443 1.357811837634219
327.8026787582974 47.96928821838214 27.78160586912039
335.3689454177529 58.04497086064066 24.5999999999999
418.168841515226 36.32173930737986 24.5999999999999
331.3089081889489 84.85090226383608 3.42932845804591
354.3297769198462 33.80177486715713 24.5999999999999
415.248593617216 37.94802949760778 4.4
339.3811023792762 28.08100328511438 28.89599426725193
327.12803544761 88.76440780633769 0.0
327.12803544761 88.20857712008272 28.99353752264678
429.519575107689 16.59256503639863 28.9999999999999
381.6025902519298 13.4752711816911 0.0
408.1959634440502 -2.460522645472963 2.219534000829446
330.1720765307809 73.16787452605277 19.5499999999999
487.3279474994162 86.24325198984447 15.15910574734175
451.223731821276 19.2101847682989 9.343654242858609
465.725978889791 59.48627789855778 24.5999999999999
335.72803544761 80.1848432576006 9.45
473.3551460503206 47.25040658495919 8.75318916011653
332.742872315213 78.47993374605875 19.54999999999995
327.12803544761 85.88484325760052 14.50000000000004
335.72803544761 87.8820657689777 0.01400737089352502
340.8625591913543 61.05936369664338 4.4
339.909814464726 61.664831750777 24.5999999999999
468.3320885217749 63.43703359981816 24.5999999999999
460.4261646480818 52.51609844790023 24.5999999999999
343.851459837023 53.71461976094427 24.5999999999999
345.2151684274999 53.59677163077001 4.4
357.9261873332823 36.53677423462555 28.9999999999999
336.5472162248229 45.7689844811317 28.9999999999999
327.12803544761 89.62891705170722 14.49999999999994
479.32803544761 98.92052062473192 17.19248895926322
365.6826459907226 10.82463246785642 0.0
365.0474845901398 11.19987661265787 28.9999999999999
442.1580405377645 11.64264330527056 24.65634782507309
441.111713758574 11.0244886172181 28.9999999999999
336.9097273277716 55.17804269688389 0.0
345.2609242359722 30.11734685316804 15.06234783724972
403.22803544761 25.75041275314093 24.5999999999999
335.72803544761 87.24888711314979 28.9999999999999
327.12803544761 94.58362947005688 0.0
335.72803544761 95.33821907228445 0.06021998602992922
337.1557237506827 30.54859145636322 1.196011598519634
489.2309719214029 93.35422626239182 18.4838227456321
489.2309719214029 93.35422626239182 2.548531763103513
345.2488718676498 41.35377372685102 0.0
489.2309719214029 93.35422626239182 10.5161772543678
472.9934179737551 35.85105113933477 28.68677407601162
385.7028399092112 40.94441426076839 4.4
411.5642260376087 -0.1448622263692837 29.32015467050605
367.0092610476313 7.703383137450396 1.281258699384206
411.0249205522873 17.55264218317313 4.4
328.6574334538345 78.43569887223222 10.13831134677678
424.126951323976 4.096495433201105 24.5999999999999
464.1835513176844 55.34856170809131 24.5999999999999
484.4769328532276 79.53883106145136 14.09804945281945
392.3686727240868 2.106184203977739 0.03920477464676253
414.346164344931 2.133905917028855 28.9999999999999
391.5743523381646 2.222845380828318 28.9999999999999
327.12803544761 67.26556119497118 24.5999999999999
327.12803544761 63.43099038652705 4.4
327.12803544761 68.40686026945102 0.01425593114334854
327.12803544761 65.91502266804123 28.92922875903424
330.6948150101237 49.13170199166318 4.4
317.225098973817 84.50080487479097 18.4838227456321
330.924110535906 48.7321809621768 24.5999999999999
385.7135187086116 43.67821276151823 26.55735181099971
489.2309719214029 84.50080487479097 18.4838227456321
330.6503781468568 49.23773804951749 0.0
365.2752399547353 11.0653220460026 24.5999999999999
482.0477077461002 52.02909614147327 27.14048020438388
452.4047710131078 41.73645509089612 0.0
465.7616841350841 60.82435025096059 4.4
440.9440453079289 10.92543252798665 4.4
331.4212678932642 47.39822680277889 28.9999999999999
489.2309719214029 84.50080487479097 26.45146823689639
337.7494658747183 36.25684599250772 28.9999999999999
344.8664835366089 40.71849469504859 28.9999999999999
337.4984849232925 36.56023921626036 4.4
339.3599196674826 33.89855756387698 0.06089267587038055
338.768195007908 34.744669776281 24.5999999999999
365.3875471682753 10.9989725728432 4.4
323.4545695729109 87.61469371109193 4.395170627418122
371.4008840595192 13.42546958989643 28.9999999999999
402.4126650668012 -2.663037192954492 27.48544802747938
423.7445211788078 38.74420730645774 4.4
405.4688620799936 8.264252523818541 4.4
339.4203955923009 65.19919525592768 0.0
465.0557795201461 54.51992493514064 4.4
475.5582838365899 83.88087044431438 28.9999999999999
381.3694703426097 35.46455226877195 0.0
467.01798201559 46.98106682003523 4.4
381.3789455940347 37.80054584973943 24.5999999999999
370.187678112678 31.48100056338393 24.5999999999999
358.9454843818073 26.43957135553137 4.4
377.7262411014232 24.48918453435188 24.5999999999999
440.3110617509446 20.79372579769792 4.4
381.3752038757247 20.04583603908342 0.0
398.2987387107867 9.822431318556058 4.4
378.1275323466729 15.60402837124729 24.5999999999999
390.2145933193202 12.36269823723437 24.5999999999999
482.4647446244921 79.07110983771396 1.649234848872959
345.9535055916593 31.3613830507585 15.17536246150782
342.6527431410627 24.3953356530645 26.86193499941322
475.9561097673505 85.83165725466198 25.40945833508852
385.0902754532907 40.95044046139451 24.5999999999999
347.3873115687371 37.71392916115789 4.4
396.9279360451038 12.9203824812415 24.5999999999999
387.0110707372403 12.17364527992526 28.9999999999999
339.8617489591984 47.14773899324874 28.9999999999999
385.601657389772 28.6598541742772 24.5999999999999
388.4475472095033 42.06867033141117 28.9999999999999
469.8903564855142 72.31649550800512 4.4
469.1769861098905 72.39273444215709 24.5999999999999
407.1111355697142 26.70576640048772 0.0
403.22803544761 28.46232451466082 0.0
403.2358856769635 30.86979316800133 4.4
403.1769433369088 20.64857500878891 0.0
403.22803544761 18.10014446778466 4.4
448.0625282000216 12.30932310933426 2.82098649331046
469.5682888644963 58.14037937619725 0.0
331.5124452529471 88.49323803232228 4.435063576515567
383.483588882958 40.89945853112855 0.0
413.2803930289692 22.16144726022072 0.0
376.9584257252671 14.88965022717863 0.0
410.4625784351088 28.97768711688284 28.9999999999999
475.6346625503464 77.6881435109253 15.7595184527453
425.1526875192265 34.90627686655196 0.0
424.4245432884402 4.195170389898292 28.99606054938941
335.7198737167096 92.05204338464131 28.9999999999999
345.8202075446994 30.09313685094693 14.08698137226955
477.172002887691 75.31243647706451 5.673256993566606
481.3122784698272 77.84447662686163 4.456071142078649
361.2401911586213 10.18164943892214 26.45157555472647
433.0490183692231 3.120487323052327 1.135452442795124
394.3839729823739 -0.5220695570881343 27.92261004224795
460.0110669375 27.35226254507025 19.54999999999995
383.6639029568072 43.48460711295196 -1.110223024625157e-16
462.293580798862 43.02116109097541 4.4
467.282148888361 34.16451722870725 0.0
467.3973079903218 34.42954984228229 28.9999999999999
421.5490304521476 41.36465693633787 28.9999999999999
467.7926727628005 34.89451973561237 24.5999999999999
483.0320079518239 93.66665092459267 3.480820570560439
458.9283414482974 31.3338342065013 0.0
479.32803544761 90.54106303741351 0.0
400.9116019029266 26.59718868381481 26.65835427557409
374.2211165045883 6.81192182482407 2.2
479.2089184636844 48.38347201777269 5.518828022529959
470.72803544761 89.34793288856079 28.9999999999999
485.4328937782332 96.07932652455305 18.07245136510637
376.0548454906063 13.67681879578516 24.5999999999999
433.5511886260877 12.82476420696762 28.9999999999999
326.0292594839566 53.51160412083386 27.37939822988579
418.5704526085699 42.21102651248187 24.5999999999999
475.5012370705853 48.51124032916765 0.0
476.0896757203418 49.91538342393239 28.9999999999999
475.5816561476325 48.7031378052596 4.377140159659649
475.7478022522685 49.09959868634427 24.5999999999999
441.111713758574 11.02448861721809 0.0
418.4674702853889 39.98394268214976 4.4
477.8012342751466 78.43829570599226 20.86313350650905
331.1156558563505 102.4124384872779 14.4999999999999
391.2037809195557 39.48030702808033 28.9999999999999
327.12803544761 71.2180090375547 28.9999999999999
322.810914385896 66.1868185300141 23.19092926607413
481.8977436384508 78.62254563574298 28.82118926457237
424.6791139557727 43.30636716374252 28.99552571472479
464.5068355706748 47.79596500298295 24.5999999999999
479.32803544761 65.84907417173918 4.353581509667038
479.32803544761 62.91374904064961 24.5999999999999
349.7486779606381 35.0451392857054 4.4
416.632610837228 39.64796721395983 0.0
479.32803544761 67.16214242493191 0.0
479.32803544761 70.86122728058922 24.5999999999999
479.32803544761 67.66690966825144 28.9999999999999
479.32803544761 67.14676822083972 24.67131986916101
479.32803544761 72.04398221139432 4.4
479.32803544761 74.97633046770851 24.5999999999999
425.4994010613415 0.8791990578770491 0.4268390251414448
345.7910703384797 30.59487754474885 14.4999999999999
337.6154026237813 72.2703914554842 4.4
460.6650005567405 30.59487754474885 14.49999999999993
337.8238678034979 73.61684881744765 24.5999999999999
461.5618429087903 30.15588818205098 13.33042265854377
479.82803544761 78.4799337460587 23.01053586458842
479.32803544761 78.89829425086234 17.79908714535399
403.164435429959 8.84507621594348 24.5999999999999
479.32803544761 78.89829425086236 19.44683758549318
479.82803544761 78.8982942508623 11.02763930433825
479.32803544761 74.14217428532447 28.9999999999999
479.32803544761 81.20080498709378 0.0
402.5649271168021 -3.550526717767616 1.677624245529521
411.4879918863136 -0.5019192646571278 3.841277150216243
322.5015645181147 92.40697508212754 2.466682174230227
483.7523496829302 90.79158433100072 25.30406929481432
399.3065444909795 22.18855817319736 24.5999999999999
428.4969309709621 11.64718123419082 0.0
470.72803544761 93.2004073692764 0.0
479.32803544761 94.58362947005685 28.9999999999999
470.72803544761 96.63543208965332 28.9999999999999
414.346164344931 2.13390591702886 0.0
375.6832561552355 27.75447475289704 0.0
335.6477056546562 33.68656074688223 2.738593931206441
486.0634884943232 81.00486513325582 21.98140481142067
342.6202909838937 45.61306604635097 0.0
453.1446331847652 31.92735715419523 4.4
452.6156866109845 31.7129479213908 24.5999999999999
483.9713764824688 65.75461373371209 1.340304356627809
440.2994032362631 17.67807804809168 24.5999999999999
461.8236671946763 43.04453337936852 24.5999999999999
412.687167596947 15.81408708958693 24.5999999999999
356.9434920031144 12.78741249750715 2.311594000620841
344.9807206071726 34.1042589955973 0.0
475.1779021457785 88.12696661474766 0.0
348.3565619796811 39.26101573289417 24.5999999999999
477.1148035552524 77.75186498609813 23.63290318207873
435.7520357205573 17.81318184279216 24.5999999999999
459.3770676588309 28.9316374520813 28.9999999999999
346.1651070537646 40.83726127841305 4.4
476.0973348652682 40.03363730411171 27.08786062247912
432.0161461454862 6.712379093869254 4.4
390.1171298348601 -0.2497541444443142 28.01861189504084
366.3682892270387 19.53993858648413 24.5999999999999
327.12803544761 99.35893145999101 11.15789948450946
459.955556273161 28.4114691189474 15.76249999999999
393.5269849910297 11.13329955257261 0.0
489.2309719214029 83.39412720134086 12.50808862718388
335.9616167293439 47.72504875915995 0.0
449.9432012066716 27.48424551514492 28.9999999999999
436.5106413264519 38.1391342072875 28.9999999999999
417.4658394794799 30.93883347739823 0.0
479.32803544761 88.17099240849205 3.058323137480023
464.1440237312994 56.67108932152273 0.0
414.413607450308 35.23008804772179 0.0
483.5629388671704 65.12829147796037 28.97566502173023
330.5841356903628 39.84190588317829 27.46847510501814
327.12803544761 82.60637096808664 23.82699770496671
341.031270010451 48.65358094667592 4.4
411.71794528091 1.852343865624562 26.94831563471972
329.5903371139453 41.79520023837274 3.950637456862115
466.9346034013753 46.90738561806437 0.0
475.6068856335533 77.71592042771847 10.77740410423351
422.6731885391465 14.2279050584722 24.5999999999999
459.0104532926395 27.2998226060228 15.60592495695985
388.9830469612807 36.0392325128102 28.9999999999999
387.8052534311062 37.14589689424479 24.5999999999999
403.2699256580259 5.003476535742029 0.0
403.2030922298553 17.83044493034353 24.5999999999999
403.1988482953581 15.96442742706497 28.9999999999999
334.7220532215089 76.58417190221067 24.5999999999999
452.442929752448 23.53847231717651 28.9999999999999
464.0042674431707 33.39841831145114 13.23749999999996
440.1454460019647 7.773551464905995 2.031228120472335
463.8449087314884 23.09798740904689 3.14082937860144
484.2360333597802 92.80227768819526 8.540780521228006
424.422971662534 4.194649273279705 0.0
335.5749502482159 60.75760880630128 4.4
367.3038252536619 33.58316977303434 28.9999999999999
369.3585519775905 15.95770782820665 4.4
485.4099147178875 84.31780498297051 10.93166730681619
330.1625884644525 38.12558372888198 1.821168397822927
457.6846736870601 35.43886579704703 4.4
399.8405808107044 -1.189221447851326 0.4259867320778558
340.9368251126904 57.65924717189815 28.9999999999999
372.0889867467755 17.47248572977913 4.4
343.820347737171 31.35993034590929 15.74638169942383
317.225098973817 94.46090393584191 23.46360117767228
371.0241777977646 17.68551492944156 28.9999999999999
384.8250155876919 39.01803968238232 28.9999999999999
479.32803544761 78.8982942508623 7.299003834514534
436.2835407767864 3.83897644022082 26.94723626145661
479.32803544761 78.8982942508623 10.06881155207417
415.3330528127476 40.77327721441725 0.0
408.6015620911555 8.248257071788064 24.5999999999999
420.8964026664991 0.2834650960806983 2.232214053581794
397.0707061821967 24.90815019267849 28.9999999999999
443.7753273386969 38.02964059771926 24.5999999999999
458.8265712596756 29.41441728606857 13.34746945978438
428.6220472083299 17.43264163733042 4.4
388.8014407569638 27.2276716291892 28.9999999999999
340.9752327927637 27.81313329577974 25.92172781296239
328.8016039709638 43.35233417440569 24.90721958529188
467.1960650890416 44.04229712569606 28.9999999999999
335.391405597696 54.62982733293126 24.5999999999999
432.2166891765212 3.39916465596206 27.35535482965654
327.12803544761 83.8848432576005 14.5
484.5370779463288 80.07785240047141 10.26757443299552
396.8989856073548 8.529462487252873 0.0
422.6030182596153 0.4083715755650917 27.54422931382489
374.9628876215586 15.17031151438272 28.9999999999999
467.6336398626323 51.2624903438492 24.5999999999999
462.641843449373 31.30169966369057 13.31121232812226
327.12803544761 85.33452624743671 25.86030721322215
484.3051281060278 96.51643644722702 11.13186280319183
330.6258396725536 86.7773803333032 28.9999999999999
470.72803544761 106.084843257601 21.7499999999999
330.4376741411255 86.7429457783944 0.0
329.3650209474443 52.30488096510891 28.9999999999999
327.12803544761 68.33957841072915 4.4
424.085718564899 16.07131689894059 4.4
462.63815753104 31.33676883405973 15.57105895398092
482.8108265381237 82.72059336533565 4.835786269150782
471.0046847581265 66.36950632329211 4.4
373.326526140629 24.42478879067859 28.9999999999999
338.7583866104519 69.12839865041931 28.9999999999999
362.3306974520664 22.7002206753888 24.5999999999999
338.0951933379877 67.21475874296635 4.4
466.5499467096096 68.59047137475231 24.5999999999999
465.9998312562676 67.64178660378283 4.4
340.5051267713917 69.10043288502123 24.5999999999999
426.514959491537 12.79292747581343 4.4
474.0330925877099 45.11483894141441 2.170384480887646
363.9306310047029 7.116228115597073 2.209987861078701
480.8858498694825 55.67071219360654 27.35347044501796
327.12803544761 62.45340858668678 28.9999999999999
336.0267732285525 68.67289255325333 0.0
481.5037985338505 78.76819735354945 8.106108871531545
327.12803544761 92.58413031471855 28.9999999999999
347.9927945626334 46.54761922043399 28.9999999999999
357.8421339716593 20.15007870184399 28.9999999999999
349.7167665851269 45.1458346729578 0.0
476.4224759776618 78.5133017133739 6.164349973922091
454.9613339425449 16.90000838177697 27.53856194754632
453.669232082797 27.61834069324654 0.0
337.8861759145021 54.45724860758995 4.4
414.8756178971213 9.320235237836469 0.0
374.741363464021 10.46630258216597 0.0
339.8630174241902 26.87388848090758 1.44038796583931
324.7136736581754 72.682800327972 25.65374453277793
474.9367335531368 80.10025551973894 0.0
479.32803544761 87.01022986581117 14.50000000000027
398.8280277904371 6.861039328889925 28.9999999999999
324.8041653857333 79.44738418081387 22.46349461465856
482.1027585217865 78.23581159059394 19.08018272322269
343.820347737171 31.35993034590929 13.22138169942384
470.2657275004955 53.6197262249727 28.9999999999999
466.180085353017 64.98806617889426 28.9999999999999
338.2548896982914 64.20015410022408 28.9999999999999
473.6056809954469 84.24007790363534 22.20665942462999
335.72803544761 83.47630129335779 26.08751539878305
472.650027266708 66.59061299801711 28.9999999999999
375.654510746101 4.25405766307717 28.5811816846069
423.2943618045322 43.43717013893845 24.5999999999999
424.8532757292544 43.28991593229551 4.346019309630084
424.533564551728 43.32011568550506 0.07091172648465038
430.9402943424572 3.434164583219733 5.529835417005481
434.7008631104945 5.009413260066121 4.904836629714869
421.8051765059622 12.86717115156115 0.0
448.131067359482 25.37244998729451 4.4
333.5896985297502 37.21575372500639 24.76846170188989
471.0779678336328 76.15068224044104 4.4
344.8861434846927 30.15673789742359 11.42310941219595
482.6718634661376 81.44630636938443 7.442316947698064
395.872451076907 29.70171858584105 24.5999999999999
372.0349076887504 4.544469033332049 3.811668895319548
461.3764263032007 47.49935091164661 0.0
473.5205738476629 68.88122488181907 0.0
345.7604724811825 49.25496543275771 0.0
388.4843721034447 39.92159068098186 28.9999999999999
475.592872315213 77.7299337460587 5.612245162399855
330.466324162501 55.6268172860935 23.38849828132692
335.264961920617 56.98997267576958 28.9999999999999
476.4666828087172 54.69077753288476 19.85947831332135
465.3344737942033 31.43579032093518 4.4
335.72803544761 85.8045210305993 6.710166255604715
323.8981676880951 79.3679755690447 24.81695997723705
335.72803544761 86.91499113143273 24.5270245962191
390.2973972301707 8.861092183404311 0.0
400.6958296834087 9.89942523252968 26.91662008543557
357.8727473209701 25.47598069356557 24.5999999999999
480.2980853907572 53.52124110077996 1.370059107418248
485.3069439706515 80.08662502014987 18.20234451956813
479.32803544761 99.139633503957 11.35621316111674
463.9530236765196 23.20548608585479 27.65926798020862
330.7928301977871 78.79457220445674 20.90883476145097
373.4950365585336 14.68920778679515 4.4
396.2749627532073 7.722649289870713 26.71075180124236
391.8994580557052 33.53287152228569 24.5999999999999
345.9365607482109 31.20016363457027 11.03765311494821
407.8862533161773 12.27388884113058 24.5999999999999
330.0157031213674 72.9573135634325 28.9999999999999
470.0804019912474 38.16576356083045 4.331988839358145
459.372399241411 48.2484518592236 28.9999999999999
367.7696772880764 4.183914953128984 24.70426168189768
440.5774387133646 7.50598820152686 25.89483174671807
386.700001316365 7.014061603578108 28.9999999999999
484.8907062089525 83.08050086321067 14.68818714383521
395.324538740111 3.28318560816215 8.8806474425194
461.7416161451072 30.17478311057529 15.61846664687301
388.9526117081393 8.871525294521197 28.9999999999999
474.544315756051 53.79102575837955 9.45
474.544315756051 53.7910257583796 19.54999999999995
434.163879698751 8.996889926223414 19.54950313958255
355.0434793846946 21.32333998414358 9.45
357.3091599363426 19.42846743682522 9.45
451.4125915105252 21.3233399841436 19.54999999999995
449.1469109588778 19.42846743682509 19.54999999999995
435.7464725153475 11.40343216022816 9.45
370.7095983798735 11.40343216022815 9.45
368.0958800166954 12.78467179038707 19.5499999999999
438.3601908785255 12.78467179038707 19.5499999999999
438.3601908785255 12.78467179038705 9.44999999999995
370.7095983798732 11.40343216022815 19.54999999999995
435.7464725153475 11.40343216022814 19.54999999999995
368.0958800166947 12.78467179038679 9.44999999999995
382.5661734561399 7.081567248616908 9.45
423.8898974393055 7.08156724865009 9.45
339.2749186136758 47.21524132395582 0.0
385.4114561113203 6.274802212411265 9.45
382.5661734560948 7.081567248279405 19.54999999999995
423.8898974391253 7.081567248279405 19.54999999999995
385.4114561113203 6.274802212411267 19.54999999999995
330.0543206292342 76.12842050031898 9.45
324.7124445178627 70.22951347101612 4.429845385705741
330.1720765307809 73.16787452605277 9.44999999999995
330.0543206292342 76.12842050031895 19.54999999999995
413.3698465186694 4.972459892011486 9.45
416.2735726539872 5.360090315691384 9.45
390.1528287980011 5.400926800946716 9.45
398.3179739633189 15.36705242042254 4.4
393.086224376555 4.972459891079891 9.45
393.086224376554 4.972459891081256 19.54999999999995
413.369846518666 4.972459891081262 19.54999999999995
390.152828798001 5.400926800946661 19.54999999999995
416.303242097219 5.400926800946682 19.54999999999995
338.0727090689134 51.90728546549222 24.5999999999999
378.01045042675 8.600236605791169 9.337402796201683
431.2368003263058 9.653865149776294 9.45
448.1144175685852 20.57751345863471 28.9999999999999
375.209709147258 9.67534045442706 9.355493341311261
428.4551818901273 8.62171191044197 19.54999999999995
375.2192705689142 9.653865149776284 19.54999999999995
431.2368003263057 9.653865149776294 19.54999999999995
378.0008890050938 8.621711910441965 19.54999999999995
403.22803544761 25.10954676180662 28.9999999999999
428.4551818900188 8.62171191019834 9.45
476.0057881782607 57.46951176405105 9.45
476.0057881782607 57.46951176405105 19.54999999999995
351.498873915041 24.64904070694732 9.45
457.07851732374 26.69200570243522 9.45
454.95719698018 24.68821838098318 19.5499999999999
349.377553571481 26.73118337647108 19.5499999999999
454.95719698018 24.68821838098318 9.44999999999995
349.377553571481 26.73118337647108 9.44999999999995
457.07851732374 26.69200570243523 19.54999999999995
351.498873915041 24.64904070694732 19.54999999999995
472.9599101663932 50.14113036952675 9.45
474.0731124291228 52.85630120993665 19.5499999999999
472.9599101663932 50.14113036952675 19.54999999999995
472.6002168053998 77.07453131706733 0.0
472.5712520807023 49.22173954864615 9.45
472.5712520807023 49.2217395486461 19.54999999999995
393.98954859196 4.93176114611601 9.45
381.725266695416 7.44711438749435 9.45
358.439741279384 16.8341354041678 9.099735685750026
445.058467693757 16.8183659045497 9.45
368.721753448675 10.7575421890251 10.35859451904873
430.3165601902936 7.767240573152259 10.33009818281847
361.926087236318 14.7639305502725 9.339514937384298
384.3770433513616 8.12707346977893 8.040421862689879
442.475548304625 15.2924145851268 9.45
470.62286327018 48.473823158021 10.92325842954717
361.397603201463 16.8183659045497 9.45
434.924092920601 10.977313077301 9.45
382.3267318149767 19.26545188087158 28.9999999999999
424.730804199804 7.44711438749435 9.45
449.114032292516 19.43192312390965 9.45
477.810093716314 62.62702787819 9.27368703588968
436.372345947327 13.4305617615902 8.769686740122516
376.062048893415 7.760954040698727 8.799985153978767
427.58397374869 8.37416537061922 9.45
417.251023125193 5.29236217613892 9.408353377866588
386.270604967826 5.9160972485923 9.45
426.62091446581 6.48405510461406 9.705667755831152
383.600586216054 5.22929599091174 10.35938628161886
348.563417105475 27.2412412163925 9.45
415.071196005503 3.705160835121254 10.50319848698392
474.9047912236364 59.28334061870502 10.25347338079971
449.335770648127 21.5416226526699 9.747926563585178
454.95719698018 26.750772213489 9.45
357.0674262425371 21.53606537085551 8.350248038036728
346.796610499651 20.3850914618097 27.29712561139916
364.746275489785 14.8275703344361 9.45
351.49887391504 26.750772213489 9.391751393405325
429.3479334180309 10.52057520391485 9.488446956055151
421.018367372079 6.28995616269153 9.45
371.531977974619 10.977313077301 9.45
452.131682615323 24.1354923240233 9.623528014679346
477.791761054646 58.5006436849976 9.406256520059138
472.116140658012 52.0362677140497 10.198214807301
377.147631711322 10.5381591698549 9.428901865029236
378.872097146531 8.374165370619215 9.45
444.529983658903 14.7639305502725 9.45
363.980522590595 15.2924145851268 9.45
422.855484679167 5.22929599091174 9.45
395.638124129914 6.266751294266965 9.497625011690484
420.185465927395 5.916097248592301 9.383823330331184
473.618106825274 55.6088131362157 9.48037850617158
370.0837249478936 13.4305617615902 8.033123102908435
355.2278151473771 19.25322705442044 9.44642004160973
457.07851732374 24.65308938274229 8.061294478122445
391.854178284838 6.66822585690667 9.45
379.835156429411 6.484055104614055 9.649772480957253
454.170143643505 21.9344297086977 9.444670059202373
388.049693905153 7.071451113466315 9.503649017916077
387.4259588327 4.137008311264915 9.044872039346963
451.445470176887 21.3198842970591 9.45
476.731100882867 60.337760992085 9.45
448.34817722896 18.9293387741689 9.45
406.8729081140295 7.742853382520929 0.0
332.742872315213 78.4799337460588 9.45
389.205047770027 5.29236217613892 9.45
396.973114278065 4.618175756313081 9.45
363.452038555741 17.346849939404 8.992023211098514
422.148434276222 8.087001474165609 8.744374544885774
457.892653789746 27.2412412163925 9.45
439.111719194082 13.327570334436 9.45
391.3543179504936 3.747218853813386 8.524277628680622
419.030112062521 4.137008311264915 9.256041595673953
374.272614347547 9.757103148073604 9.45
425.693863482685 9.33722465349951 10.14428842706163
360.534944649385 17.1659830172915 9.45
372.29219119647 8.99688992622342 9.349326818179676
418.4062392882174 7.071239071212694 9.45934380105125
354.324388279897 24.1354923240233 8.945721324114865
380.762207412536 9.33722465349951 8.451273543717289
414.6018926103825 6.66822585690668 9.45
443.00403233948 17.346849939404 9.973412872857669
441.709795405435 14.8275703344361 9.45
373.5331137058349 11.6835681831325 10.01523371655761
331.613198580008 78.4799337460587 19.19290965561872
330.113198580008 76.9799337460587 19.5499999999999
360.203097036261 19.2611863872927 19.61641977522399
445.921126245835 17.1659830172915 19.5499999999999
358.10789366626 18.9293387741689 19.5499999999999
403.22803544761 7.393736597783642 2.181235059515987
437.734317446546 10.7575421890251 19.45329779389422
367.344351701138 13.327570334436 19.5499999999999
366.795313595462 15.3766084401127 19.4473415513743
328.6686079546177 74.62889883992287 18.83083207044118
349.377553571481 24.6294518699294 19.5499999999999
439.6502229075624 15.33729355320803 19.65955624656014
454.251444437077 24.0541915304514 19.5499999999999
352.204626458144 24.0541915304514 19.5499999999999
452.050381821751 22.0157305022696 19.5499999999999
441.160757299759 12.7785322287594 19.5499999999999
352.285927251716 21.9344297086977 20.38868025155066
475.508217091279 56.5718724190961 19.5499999999999
354.405689073469 22.0157305022696 19.5499999999999
474.916881937504 50.9611638654137 20.17324003251489
352.285927251716 21.9344297086977 8.380364196056846
445.921126245835 17.1659830172915 9.44999999999995
476.031004778986 61.47167401331595 9.44999999999995
475.508217091279 56.57187241909605 9.44999999999995
331.5401523537055 78.40688751975625 11.08467528472752
437.734317446546 10.7575421890251 9.396765215418117
439.6428504766233 15.30977926636805 9.21972842158789
330.113198580008 76.97993374605875 9.44999999999995
349.377553571481 24.70078744326457 9.09975386421507
474.875650914112 63.25076295064325 10.07745886625131
354.405689073469 22.0157305022696 9.58190385399148
452.050381821751 22.0157305022696 9.44999999999995
474.916881937504 50.9611638654137 9.44999999999995
360.2030970362615 19.26118638729265 9.549159910646232
365.295313595462 12.7785322287594 9.763229289636353
454.251444437077 24.0541915304514 9.44999999999995
328.6542649961262 74.61296937072267 8.461644029266951
367.344351701138 13.327570334436 9.44999999999995
358.10789366626 18.9293387741689 9.44999999999995
352.204626458144 24.0541915304514 9.44999999999995
441.1756065341436 12.83395032593651 10.22639567796454
366.7542238792486 15.36559848383609 10.14398152269137
391.854178284838 6.66822585690668 19.64614529989564
386.2706049678255 5.916097248592305 19.54999999999995
410.817946765306 6.26675129426696 19.96352037293387
454.95719698018 26.750772213489 19.45936828190847
476.7311008828665 60.337760992085 19.54999999999995
363.452038555741 17.346849939404 19.54999999999995
387.4259588327 4.13700831126492 20.22921573656897
445.058467693757 16.8183659045497 19.54999999999995
335.72803544761 80.27225118693356 20.42347283197354
452.131682615323 24.1354923240233 20.00132139355454
474.893983575779 59.2771008203052 18.91348182640234
442.475548304625 15.2924145851268 19.54999999999995
377.1269729078755 10.52896127795638 18.95550185768162
421.018367372079 6.28995616269153 19.54999999999995
361.397603201463 16.8183659045497 19.54999999999995
422.8554846791665 5.229295990911735 19.54999999999995
331.5900725010508 74.70325041862148 19.78541032527753
389.205047770027 5.292362176138925 19.54999999999995
381.725266695416 7.44711438749436 19.54999999999995
374.272614347547 9.7571031480736 19.54999999999995
415.071196005503 3.70516083512125 19.54999999999995
380.762207412536 9.337224653499504 19.94477035202718
383.600586216054 5.229295990911733 21.61622855976338
412.46652230326 4.931761146116 19.54999999999995
473.6827784699013 55.64176498501396 20.92398109300813
439.111719194082 13.327570334436 19.54999999999995
417.251023125193 5.292362176138925 19.54999999999995
354.3251077188021 24.1167343383111 21.12882731547391
440.4118639775951 21.15067483493436 24.5999999999999
444.529983658903 14.7639305502725 19.54999999999995
429.3781116446003 10.50713899177422 19.13939960307218
348.563417105475 27.2412412163925 19.54999999999995
430.383543032534 7.737417890363305 19.69994980457881
424.730804199804 7.44711438749436 19.54999999999995
420.185465927395 5.916097248592305 19.54999999999995
414.601892610382 6.66822585690669 19.07836924209076
371.531977974619 10.977313077301 19.54999999999995
372.2921911964695 8.996889926223416 19.42668351012358
391.384874889717 3.70516083512125 19.54999999999995
331.9590949074979 83.87576236785377 23.48861415280073
451.223731821276 19.2101847682989 19.14612372798253
425.693863482685 9.337224653499504 19.60166833894543
379.8007348170925 6.551611322566607 19.0069466466512
368.7505038747481 10.76688376873136 18.75862749942369
449.335770648127 21.5416226526699 19.45246070783775
436.372345947327 13.4305617615902 20.45638541440707
472.1255339864454 52.015169952959 19.73511667470041
357.342038602704 19.43192312390965 19.54999999999995
361.9722987924498 14.77581803536207 19.81689203836739
376.0973475133285 7.748468310788685 19.57146062379235
427.58397374869 8.37416537061922 19.54999999999995
378.872097146531 8.37416537061922 19.54999999999995
434.924092920601 10.977313077301 19.54999999999995
363.980522590595 15.2924145851268 19.54999999999995
355.2253734637933 19.27645812191777 19.56137907443255
393.98954859196 4.931761146116 19.54999999999995
358.439741279384 16.8341354041678 20.33697205831663
355.010600718333 21.3198842970591 19.54999999999995
364.746275489785 14.8275703344361 19.54999999999995
419.030112062521 4.13700831126492 20.97315344768786
411.131532155109 3.28318560816215 20.97892335775422
443.00403233948 17.346849939404 19.15401463835397
370.083724947893 13.4305617615902 18.74614439930481
432.183456547673 9.7571031480736 19.54999999999995
457.892653789746 27.2412412163925 19.54999999999995
360.534944649385 17.1659830172915 19.54999999999995
422.079027543859 8.12707346977893 18.87049422140563
441.709795405435 14.8275703344361 19.54999999999995
448.34817722896 18.9293387741689 19.54999999999995
477.791761054646 58.5006436849976 20.7567851695545
457.0785173237394 24.6730610934269 20.26359441420194
384.4140205981878 8.063026999550974 19.50186993069881
426.6209144658094 6.484055104614054 20.68448325273685
373.512401125697 11.7375262991512 19.54999999999995
357.120300247094 21.5416226526699 21.10485631933435
388.0747511973803 7.032866267077391 19.00735675336137
335.72803544761 91.77955594727341 4.455737502907501
469.1079769580732 55.79380660504666 24.5999999999999
457.1658768030717 28.32144192998811 0.0
444.8775810914871 9.687978653746274 27.11668738262091
476.6588966014563 77.090228562254 0.0
344.6518303801922 30.18136519708484 13.22349041481801
432.9436697695236 11.7375262991512 18.72415591738273
446.9218208628132 22.88416952532368 4.4
394.2458014996391 1.905086724688495 26.7999999999999
474.3244155600702 45.7030872643685 24.5999999999999
321.2622253555313 79.64786234995833 4.369094851652449
477.2161249638319 52.60333726160735 4.333188116195537
338.5313528662973 72.96331019663708 0.0
412.0212756343836 9.821453084760424 24.5999999999999
470.72803544761 82.83628371002521 7.689216149957476
476.4875814853163 78.45872615786847 11.58192303010765
475.7615690116257 101.8522437338543 9.92741072723695
456.4748205543253 35.86922564697008 28.9999999999999
327.12803544761 74.50136045920485 28.9999999999999
327.12803544761 81.72074203024103 4.496341185599869
327.5339384037521 50.79905905226182 25.45757065100659
471.7030999351096 70.39459765500715 24.5999999999999
417.8022419487062 6.439833693257157 28.9999999999999
327.12803544761 63.16951463500713 0.01032041930766514
408.4230470463996 20.04576819824182 28.9999999999999
322.0361460318513 85.25811588707961 8.367548398960135
388.7378088055786 0.2423648070655636 24.21849373755245
367.7743141993235 18.15835795033464 0.0
321.161136078679 86.71499790279447 21.02426009069287
325.6439819403686 77.88581160798735 23.75988874069012
353.6794095057989 43.78596811123833 0.0
479.32803544761 92.82942505816474 21.97456286678286
451.8235578032214 35.4046114997367 28.9999999999999
330.3125322753222 74.51542040191624 3.28514386471468
321.6967022725419 77.60277412306849 20.90375455572768
475.6288290266363 77.69397703463542 18.45792927078878
322.5349734469959 104.4725170219477 15.72027481183432
403.1788470026363 26.28004195274535 4.4
455.0865928007387 17.24135201268082 2.458308636763065
483.7765862033696 72.19308079768598 25.79063774899536
332.4121485696256 45.03376916556533 4.4
382.2517637535791 4.122144922669681 4.4
474.5025393595557 46.12812954050769 28.9999999999999
335.4863114277236 75.84122199364377 4.4
415.8982145692285 39.98814520473702 28.9999999999999
336.7887260704737 32.10591053314692 27.60252491760674
479.32803544761 81.49748085477484 28.95273683205586
374.4545263973717 6.707537508341647 4.4
459.476154215688 20.93271565682837 2.419824209606549
384.9098326669392 12.88154782237928 24.5999999999999
392.3610490605909 39.12551545297683 24.5999999999999
344.9955376265719 32.27824527885459 10.92888849057199
449.7309384838343 12.97341188872776 26.69791748203889
406.1028593826684 30.33663460611725 0.0
464.6167831282751 49.9130372757467 4.4
431.2323670200248 16.24918598991734 0.0
458.2144144417164 32.41363020650383 28.9999999999999
482.6307436643456 69.9466565035448 2.859452932782875
433.6963993190848 16.00190573335335 4.4
322.8027120297377 80.72245806631337 21.64106723103262
371.8666246165788 4.605137757159772 0.5525277234865642
382.2308969344912 43.3492461019402 4.4
421.1205652160543 40.70563678853389 0.0
372.1412029476883 4.385547780391487 24.44054238658472
421.0853682035881 43.64583053707064 26.89572506998353
342.6075010926783 40.73801587416484 4.4
438.3822511393559 23.09061446059498 0.0
471.0968497620467 61.50756554074648 4.4
384.9613956867823 43.60716760814511 2.417568699782946
332.9983347597359 76.86804344413872 0.0
405.4237580550795 8.750627616318468 24.5999999999999
417.4611311845672 41.92514585425175 24.5999999999999
345.0137095946812 32.2763353280432 13.27934538288599
403.22803544761 28.00412294726646 27.09301580857016
383.5969876529965 1.193058103136017 26.38108717072738
343.7710426076816 24.14643731914061 3.838045670514848
393.687848198311 9.929746912473837 24.5999999999999
353.2247699867197 24.09331785001208 13.18934224965878
322.3398959145882 80.42277439467333 7.77660604695044
324.8924146533699 76.1634865000551 0.4006584112326512
386.4864498739304 41.70279585563591 28.9999999999999
428.4324870874508 2.606826238514428 2.939463619012504
320.8141225064663 93.7740962423108 9.93672796727095
332.1182169335314 45.7351542246966 0.0
327.12803544761 83.6284164172179 28.9999999999999
386.9330516528728 -0.1332488649120164 26.78382673666902
379.49730401661 2.679048876218608 26.39363893898607
344.4821973741823 38.1869745042852 24.5999999999999
390.8890765337387 40.5247995985025 4.4
357.1450924378766 13.04812439146822 26.62929195666579
433.5388013157344 14.85973898423362 24.5999999999999
459.5469026436519 21.1021802314648 27.0220320241923
470.9213941603902 67.74778772948622 24.5999999999999
391.1529359668543 9.002163194981803 24.5999999999999
359.7319143187433 17.17326484381872 28.9999999999999
347.6486498495537 33.59183837928217 28.9999999999999
415.4392516590672 38.53648034517197 24.5999999999999
473.9658632477501 56.93890516780224 28.9999999999999
431.101856925087 10.75515982193864 0.0
465.3113951948509 31.41453782909267 24.5999999999999
450.8164322187976 28.4986987154523 4.4
330.0833388289421 79.04493610709646 28.9999999999999
399.7818566829607 -0.8926359728549458 25.7871135736821
367.902060029662 9.555291684761169 0.0
437.3038612017892 14.21826795597482 0.0
477.1426836994621 78.77892246316988 15.26730159568288
340.8441618911245 31.77622676141888 24.6820973997294
475.8930071859968 79.0526070217875 18.42438096710011
339.8879916661676 29.69895636704385 2.910297121803503
479.32803544761 95.10831284529625 7.790329765009832
481.8701808636104 77.44405609138697 9.112393214434524
477.4418878476328 42.16743487209456 3.582501551890412
479.32803544761 102.0134875399354 4.544100892532495
336.0700571530468 38.60276044870476 24.5999999999999
362.4786917713561 17.93523538488769 28.9999999999999
395.5049870974061 -2.85388833073164 0.4280222215907272
421.1034189281103 9.21387083590019 0.0
479.32803544761 71.1172664860698 0.0
471.4187005951246 40.07940831817072 26.96169865335024
327.12803544761 60.68535198333135 26.9000967803587
466.7100443883371 27.76153646119351 27.05557938208878
470.72803544761 92.91178357569434 24.0035731197104
327.12803544761 87.07161246786245 23.15478219973333
431.9068241521373 6.67613032290809 24.5999999999999
475.9401365147304 70.01180198979033 2.512636979536018
354.4367307370823 27.33288895710096 4.4
390.8576904775929 38.65372678259876 0.0
324.129321837116 78.57407551712316 6.877960955635639
357.0203277342971 21.76451450937316 0.0
339.0469890187139 48.45645918456262 24.5999999999999
427.6952524302017 1.934823570444434 23.65495768950371
424.9159230733695 1.635894913793377 3.760017746774335
446.0423324293175 11.00353091438201 2.149480809633342
354.1253455587012 13.71624292173605 26.27968785865121
479.32803544761 82.6980321624336 23.3728819331359
479.32803544761 81.25532020871735 24.31874070267079
417.3927691866049 2.460289786921184 24.5999999999999
389.3867214930089 2.425641709367464 0.01960238732338127
362.8440064570777 12.50165954038434 0.0
406.4359432383698 28.79492124617562 28.9999999999999
423.6294426801681 12.21079352283871 4.4
473.7002565950272 81.05729166457745 18.27151254208368
389.6793998184269 43.31501258813716 3.029229874444069
398.1622923851172 -0.2521915370716779 2.245239521293678
477.0393375067077 78.65708053590531 6.946443034697665
390.4943778100645 4.585626979157774 26.79434930028354
327.12803544761 91.7331744029338 23.8363781591119
324.8382528610946 74.94305725882352 3.642462096828914
457.2424092947182 22.75548967693502 2.230083629192378
430.2330354048336 6.121138750948909 2.216246479269814
479.32803544761 84.74985284973327 4.807794016477913
348.4432650138709 36.84487695370932 28.9999999999999
474.1268970229423 37.38936429114656 24.27564685583069
335.896444437558 76.48757300564944 0.0
471.4898471845938 34.26867428570818 24.06686753125848
421.265440721914 43.62882097970908 28.9999999999999
433.912523086541 12.79859988893028 0.0
476.4628021525241 78.7085317889433 17.18229999972194
403.22803544761 7.187983098932003 26.74831570526012
471.3394543702379 59.09015029061498 24.5999999999999
473.0412962655717 81.84834317101597 2.576376870691341
367.9647631765654 6.847333064676263 4.30478493438962
324.6794054752375 72.50869245842458 1.806517922533023
409.2187367229038 8.592623809828499 28.9999999999999
411.2240656296358 -0.6701137936270088 0.249327251429758
439.0542682115627 9.808979623668597 2.440297519975056
403.2537953002861 8.656292346310122 4.4
479.4402002465687 49.05277451124883 26.48433109222244
432.4528275456075 6.857173051343905 28.9999999999999
455.900571934281 43.47090504002441 28.9999999999999
374.0032433496135 6.857173051343905 28.9999999999999
456.826782742551 43.88574509225595 0.0
432.4528275456075 6.857173051343895 0.0
476.8790231577227 70.27996277348187 0.0
323.2153182464102 78.01675244715933 13.43412699093378
349.0740836550574 32.20353065340265 4.4
483.5198871989734 78.14297212401243 20.76494883584658
462.6246925489743 35.32767798242685 11.92826779659927
443.6449352293555 20.7693450342768 4.4
479.32803544761 84.3044257784089 9.61082457872725
411.4935962007515 1.828309268164693 28.9999999999999
395.0539491229925 1.818509579813535 28.9999999999999
334.2568718089134 79.34462087463348 12.1659549609712
436.0721248276905 11.02926703963704 0.0
444.3208797044509 12.92041732098005 24.5999999999999
334.3655137194376 71.88246729830924 0.0
323.7910872998644 79.20903096010423 19.34663658645258
453.2086503783228 19.01972119361257 26.81554638886838
453.6210631153183 19.40166729820658 2.042555618675726
457.5049663862429 22.99865059158567 26.82716886627653
353.4110085824439 18.86821805418793 26.7942878410979
438.6113630790055 9.547317694051841 28.9999999999999
468.4908763139147 35.89288703665803 26.67764654415016
337.4759140733559 50.46438031413502 28.9999999999999
387.7469846951293 5.104495736494041 26.72296210139276
335.236420544419 35.28405721477861 27.3140053370423
482.1440470311007 78.71598369546108 16.56560971417833
358.10789366626 18.9293387741689 17.0249999999999
388.7885358250032 9.434070428587482 24.5999999999999
460.5526124481276 30.88521627745961 15.73421171498378
365.7924576677324 7.397066161631797 27.14318948528948
339.6734328152479 69.7819145932435 0.0
353.1755321400536 28.8636019328329 0.0
461.9834610370963 37.32601309207722 0.0
391.1589758337707 37.65723153935453 24.5999999999999
332.1643785250043 61.00939519241006 27.25595058352343
473.4296265602691 60.87338454331302 0.0
480.9939181304004 76.44482577886222 2.893047837774591
401.1916870729751 4.122671331888887 2.577333044566162
406.6529089906464 4.27458026679424 0.0
327.12803544761 85.5908265041335 3.457225103401638
374.0605955630602 6.865147042053235 0.0
335.72803544761 82.7708858774848 17.63259369150185
455.6748094154779 24.9661952932214 0.0
470.72803544761 82.40383992548203 12.49837856195215
353.3099102296378 21.97370328549998 15.87140659580151
343.4136432970662 41.25385696164928 24.5999999999999
330.7809123119066 75.47419441068764 5.577986896992768
439.2097711911183 18.69035742120166 0.0
378.7501623991559 12.49528646600492 24.5999999999999
476.9771677896324 77.61422922047807 10.96140496477843
334.1998932763077 72.4955771538792 4.4
394.260548440152 38.64449839310665 26.75326749342971
446.2663469782672 19.25906829327558 7.22994651855593
471.6142772226954 54.85312211716166 4.4
346.6536506744384 35.18736870478051 4.4
406.8991147924943 28.36319893281819 24.5999999999999
409.7162748783214 6.694585560613378 2.157201517141299
464.1046958780893 45.49066844853029 4.4
327.1637506923001 84.6522907423138 0.0
439.660757299759 15.3766084401127 11.70980980860187
383.5469558595932 0.8734137637028445 2.355869916777656
414.9463429412369 2.198203265411343 4.4
352.5985987176945 16.00500054244063 27.77251501870236
348.3544787129799 20.55959966657893 4.244219232077556
476.3648943422369 78.58780782153391 21.21053644743427
447.2023920854771 25.9634197910332 24.5999999999999
476.342872315213 76.9799337460587 18.28944522638752
327.12803544761 100.085364569099 17.95091286843665
395.5934572074182 6.230580733617918 11.89241580770038
330.113198580008 76.97993374605879 5.662499999999987
476.7317170274736 57.41916736164389 26.76461897694819
398.4246541662786 9.427613619138517 24.5999999999999
400.9800962480571 30.88688683219652 0.0
400.7427350595536 8.219930037949908 24.5999999999999
327.12803544761 76.32433708915129 26.70193427741907
328.631666069115 66.6650295318035 9.492490925883281
464.4451520529288 30.10787089806989 26.82805592388393
342.0617153185077 30.03523657705861 26.55020014148258
477.1393699895151 77.77643142036081 8.948843626030643
357.8889162501873 15.42905497939027 2.500347562207958
479.8089736304271 78.4799337460587 21.39401999238381
378.6142753613843 9.481461065606835 0.0
477.1669320971316 47.23266073785854 28.35618123164639
427.2688785332207 12.71562603952722 24.5999999999999
325.7178658996052 77.61379608190616 4.344993253789584
460.4388500829491 40.68539457205326 4.4
437.4402896995121 16.93007467156515 4.4
432.943669769524 11.7375262991512 10.30248321874089
466.4945770816994 28.628206828457 1.107792341723635
476.1073877725396 78.21170429677673 7.243074129224547
368.2410364863018 12.24670687952688 28.9999999999999
461.856643941773 43.22741761199497 28.9999999999999
348.4061077884833 33.31175077504588 0.0
391.720574390362 36.56557573295697 4.4
389.5214873007267 42.62638514611347 28.9999999999999
344.349551588793 38.05701391888774 0.0
483.7266754386096 78.51409574128887 7.558995125409662
474.0407514589677 45.0262027854845 4.4
479.32803544761 61.84119124196875 4.4
479.82803544761 78.4799337460587 8.926011661616915
412.9374306186335 3.548608254275564 26.11473344873843
467.581406254254 38.03842388045105 26.74668171618539
412.6136947002821 7.948320496455688 4.4
473.537584305622 74.75459862748062 28.9999999999999
484.1332119532227 82.15966002854127 12.15939112310138
378.1318282406966 12.17917781011424 0.0
330.4709676507211 49.66585066479418 28.96159908670354
456.1773903138164 25.25387930365799 28.9999999999999
358.4364628516291 16.85483458237127 11.49835712214353
466.1604013029089 68.90327569617111 28.9999999999999
433.9195029724098 7.343490396938498 2.310087589504807
479.32803544761 92.49080342668583 5.189019286445762
345.2955511843708 26.38415309240824 24.5999999999999
328.664309840574 58.5006436849976 17.18332564522488
346.3877837576774 35.41309492520681 24.5999999999999
419.4359186731726 39.14875218101943 28.9999999999999
399.0391216402683 1.391576618050621 4.373811834667822
333.0959007238568 47.26228679922473 9.409122195838542
398.470807225088 -1.713624562163935 5.135729132056208
330.0217320540971 54.75425614347495 9.244881844427443
471.802837796284 43.53932675535917 17.17690117974049
473.2324957245544 73.21006902651314 4.4
372.5879466136291 3.592683414517829 27.99598721219832
408.5899056462229 4.458135654342892 9.45
397.8661652490013 4.458135654064503 9.45
408.589905646219 4.458135654064503 19.54999999999995
397.866165249001 4.458135654064495 19.54999999999995
460.6363730810563 30.08828708885694 16.6570940047581
345.735635749577 30.0674526625588 9.44999999999995
460.7204351456433 30.0674526625588 9.44999999999995
476.4017502659859 76.12842050031887 9.45
476.2839943644393 73.16787452605274 19.5499999999999
476.2839943644393 73.16787452605274 9.44999999999995
476.401750265986 76.12842050031895 19.54999999999995
330.4502827169592 57.46951176405105 9.45
330.4502827169593 57.46951176405102 19.54999999999995
341.1996560011993 36.45422450857313 9.45
465.256414894021 36.45422450857313 9.45
339.551095619795 38.90134501354714 19.5499999999999
466.9049752754257 38.90134501354713 19.5499999999999
339.551095619795 38.90134501354714 9.44999999999995
465.256414894021 36.45422450857313 19.54999999999995
341.1996560011993 36.45422450857312 19.54999999999995
466.9049752754256 38.90134501354794 9.44999999999995
333.47711152178 50.0983451499859 9.317883160453587
332.3829584660973 52.85630120993665 19.5499999999999
332.402007673144 52.8990864294775 9.31547305236216
333.4961607288267 50.14113036952675 19.54999999999995
469.7738896380865 42.919050265813 9.45
336.6821812571335 42.91905026581304 19.5499999999999
336.6821812571335 42.919050265813 9.44999999999995
469.7738896380865 42.919050265813 19.54999999999995
333.8848188145179 49.22173954864603 9.45
335.0409600626352 46.50569683816853 19.5499999999999
335.0409600626352 46.5056968381685 9.44999999999995
333.8848188145178 49.2217395486461 19.54999999999995
471.4151108325848 46.5056968381685 19.54999999999995
464.6898651195262 35.65476918835569 9.44999999999995
343.4924459688298 33.2335967288531 9.45
464.689865119424 35.65476918417113 19.5499999999999
341.7476479938742 35.65770844807457 19.5499999999999
462.9636249263909 33.23359672885303 19.5499999999999
462.9636249263909 33.23359672885305 9.44999999999995
343.4924459688298 33.23359672885307 19.54999999999995
341.7476479938841 35.65770845234904 9.44999999999995
405.6194404349805 4.278236459435695 9.45
400.8267285416725 4.2693207319117 9.45
405.6194404349806 4.278236459435598 19.54999999999995
400.8267285416782 4.269320731903628 19.54999999999995
346.556025286398 29.4706756928246 9.45
459.900045608822 29.4706756928246 9.45
331.5947310909 67.1343329269241 9.45
457.781632461068 29.3596543641469 9.079189526831396
477.824404826105 66.6650295318034 9.47192619922457
343.928652301715 32.3903794450398 9.45
447.9719902474774 16.84115807020962 9.693202756161462
446.252973858959 19.2611863872926 10.43266290147056
467.041757260592 41.6370642793421 9.45
432.183456547673 9.757103148073604 9.45
330.425066116234 61.4716740133159 9.45
341.6149947365379 38.40823962848128 7.829265093324942
412.46652230326 4.93176114611601 9.45
411.1752740130165 3.337202304113603 9.674253942236305
410.8669217763697 6.227092112282039 9.469796110914789
409.482956617155 4.618175756313081 9.45
407.2455296859127 2.923884484651505 9.268028095424427
339.113709139489 36.843603408822 9.861065311960115
407.033929843465 5.85914255969398 10.04881483196853
404.72803544761 4.2826943231977 9.45
337.365275528952 42.1861023850188 9.45
403.22803544761 5.78269432319772 9.565009203753439
403.1814251813358 2.829304589471838 10.5833850120352
401.72803544761 4.2826943231977 9.45
399.4221410517555 5.85914255969399 9.45
399.265133183027 2.86325395543025 9.503909837423897
474.8787648390319 74.75711826248265 8.51506895015287
469.639833471945 40.1370642793421 9.45
335.30875713561 45.556822291251 9.45
328.664309840574 58.5006436849976 8.678158624249416
477.840816617345 74.5696435788214 10.39434670174879
476.65473985144 64.4061168155173 9.45
476.499665010114 72.2870375735671 9.45
462.527418593505 32.3903794450398 9.45
476.186079620311 69.3034718874623 9.45
474.8961795247324 70.89636584770656 9.126947570339315
474.9157787378452 78.40702732342652 9.574454483042754
346.4967758840647 27.34954929338128 10.28885715874548
348.674438434152 29.3596543641468 9.21209659737757
471.802837796284 43.5393267553592 9.51082075679324
471.147313759611 45.556822291251 9.45
469.129818223719 44.9012982545778 9.488920667821356
467.342361755731 36.843603408822 9.36714314535109
331.874904787066 53.7187028702106 9.45
465.049549405431 33.5639747100251 9.45
328.621415736955 70.6384620356132 9.339809603315318
464.826350051895 38.4775205138671 9.510798819109715
460.0106692700268 27.35224170420103 8.857853608541983
462.7434838090673 30.33465623830322 9.264003732516283
329.724970012354 60.337760992085 9.45
462.7026851238425 35.34003079274682 9.409602716113001
460.4260347066395 32.08952304177321 8.2093933704566
330.947853803941 56.5718724190961 19.5499999999999
346.0321668489642 32.10979492118324 17.97513237261997
331.580419981108 63.2507629506433 19.5499999999999
331.539188957717 50.9611638654137 19.50102634294866
343.706913946105 30.2806799162796 19.55243197027928
477.834655158265 70.6384620356132 19.79502162901882
473.713198580007 78.4799337460587 19.5499999999999
330.347850277568 65.4181487184711 19.5499999999999
330.269991274909 69.3034718874623 19.5499999999999
339.414313634629 41.6370642793421 19.40300195303876
338.865275528952 39.5880261736654 19.5499999999999
341.406521489789 33.5639747100251 19.5499999999999
337.326252671501 44.9012982545778 19.92512689600864
328.645977178907 62.62702787819 19.86342384351131
336.816237423275 40.1370642793421 19.5499999999999
335.7696558307177 48.49821840622329 19.48160680004898
467.590795366268 39.5880261736654 19.5499999999999
329.956405885106 72.2870375735671 19.5499999999999
329.878546882447 68.3812137402565 19.5499999999999
334.653233098936 43.5393267553592 18.93976268213154
334.33891042791 52.03397718486395 18.605515205636
329.801331043781 64.4061168155173 19.5499999999999
476.577524012773 68.3812137402565 19.5499999999999
476.342872315213 76.9799337460587 19.5499999999999
331.60498142306 70.9520474254162 19.4562170259072
476.108220617652 65.4181487184711 19.5499999999999
476.0573819413303 61.48880354282933 18.56957244578389
474.9010321163464 63.21167932658309 18.98108980612995
473.363499643108 47.2536132287936 19.5499999999999
332.837964069947 55.6088131362157 18.83552524327505
470.72803544761 80.1848432576005 19.5499999999999
469.090795366268 42.1861023850188 19.5499999999999
331.5399145899685 59.23869652631651 20.40301657129896
474.9081440238388 67.06991244537657 19.75216825776262
343.833572472914 35.3273304669025 19.5499999999999
331.580419981108 63.2507629506433 8.788507641731847
331.5593962247171 59.27865452456847 9.330456010641203
476.342872315213 76.9799337460587 9.44999999999995
343.833572472914 35.3273304669025 10.24625166793879
330.947853803941 56.5718724190961 9.44999999999995
343.7858319621366 30.27238529855591 10.43977293261996
328.645977178907 62.62702787819 9.44999999999995
330.347850277568 65.4181487184711 9.44999999999995
330.269991274909 69.3034718874623 9.44999999999995
341.4138708941134 33.61037702270645 8.66714486147602
331.5555891777832 50.99799936278273 9.51147197118717
473.5744741487799 78.55916311872392 8.974098301140774
474.86133980432 67.1343329269241 9.597898602985401
469.090795366268 42.1861023850188 9.44999999999995
335.8332076250405 48.473823158021 9.45870533794255
339.414313634629 41.6370642793421 9.35830806682582
338.865275528952 39.5880261736654 9.44999999999995
337.326252671501 44.9012982545778 8.841420809242573
336.816237423275 40.1370642793421 9.44999999999995
476.577524012773 68.3812137402565 9.44999999999995
329.956405885106 72.2870375735671 9.44999999999995
329.878546882447 68.3812137402565 9.44999999999995
334.7075324720649 43.52168381953648 9.281610117968281
334.323296414869 51.99890753738575 8.92591666298098
329.801331043781 64.40611681551735 9.44999999999995
331.60498142306 70.9520474254162 9.44999999999995
476.108220617652 65.41814871847106 9.44999999999995
467.590795366268 39.5880261736654 9.44999999999995
332.837964069947 55.6088131362157 9.434710959442253
470.72803544761 80.19632662329407 9.246872559932434
346.556025286398 29.4706756928246 19.54999999999995
331.5947310909 67.1343329269241 19.53149857452015
459.900045608822 29.4706756928246 19.54999999999995
346.446259545579 27.37622058863156 18.89818503606022
343.928652301715 32.3903794450398 19.54999999999995
448.016329615836 16.8341354041678 19.90397763509909
446.252973858959 19.26118638729265 19.29861662434302
476.6547398514395 64.40611681551735 19.54999999999995
330.425066116234 61.4716740133159 19.54999999999995
474.9284514942706 78.39435456700106 20.42446982838474
341.629720843325 38.4775205138671 19.45783169706176
409.482956617155 4.61817575631307 19.54999999999995
474.844928013081 74.7266514475503 19.54999999999995
339.1165855552679 36.85713588110266 19.13348533894856
474.8749378985584 70.97135950033042 19.4831051942924
406.9789784011674 5.798112800170413 20.29471462162616
404.72803544761 4.282694323197704 19.54999999999995
337.365275528952 42.1861023850188 19.54999999999995
403.22803544761 5.782694323197724 19.00503976553727
403.2084817603086 2.8022480104991 18.61972930980573
457.781632461068 29.35965436414685 20.06294917345585
401.72803544761 4.282694323197704 19.54999999999995
399.3603216491859 5.803480119604789 18.8697052932243
399.265133183027 2.863253955430241 19.25513193496023
396.973114278065 4.61817575631307 19.54999999999995
395.638124129914 6.26675129426696 19.67629942609505
471.802837796284 43.53932675535914 20.11716898163147
328.664309840574 58.5006436849976 20.14797697114118
335.3087571356095 45.556822291251 19.54999999999995
477.7886915091947 74.62753437626994 19.86011797438596
476.499665010114 72.2870375735671 19.54999999999995
329.6913947018351 60.27960684838634 19.57553644661801
471.147313759611 45.556822291251 19.54999999999995
476.186079620311 69.3034718874623 19.54999999999995
328.621415736955 70.6384620356132 19.54689916102629
469.639833471945 40.1370642793421 20.76774317746846
477.824404826105 66.6650295318034 19.88017864795989
469.129818223719 44.9012982545778 20.18933994094593
467.3273063132551 36.91443369680564 19.32223036638295
467.041757260592 41.6370642793421 19.36304353905708
331.874904787066 53.7187028702106 19.54999999999995
465.0099482083305 33.55770249658615 19.12027077148097
464.826350051895 38.4775205138671 20.90543561845176
462.527418593505 32.3903794450398 19.54999999999995
462.749156949116 30.2806799162796 19.28251552591837
462.622498422306 35.3273304669025 18.96950431970551
348.6725031584567 29.32355458432803 18.84004870999561
477.742249790383 62.58296951753842 20.19871785992665
460.417719064745 32.1686410894291 18.31899553028447
434.163879698751 8.99688992622342 8.678902409555318
375.7618844265933 3.670035138417219 3.401018966423711
478.2457141997372 55.06016197330584 26.54515229372537
384.0175336790496 6.152269369606751 0.0
329.984794521061 54.6817621530909 18.73842133797138
416.7761469888805 4.505932537699959 2.277172711598379
382.520071624074 5.723995810255142 26.64456234970706
388.4329031730786 11.57924902864807 4.4
470.62286327018 48.473823158021 19.07998153002994
417.4355218242556 2.464869892333503 0.0
333.092571252113 47.2536132287936 19.68221516401008
327.12803544761 81.95003821699557 2.837107403081566
389.0958099609441 2.456807166184453 26.73796569001632
329.3450350965499 75.38014728912327 5.22619412378425
480.2812675638628 77.5141783006639 3.833157367097698
414.6401096294085 2.16539638083041 24.5999999999999
395.324538740111 3.28318560816215 19.91276582694154
474.682672550123 77.36752518834376 28.9999999999999
479.32803544761 76.73283974802948 2.836564188303184
340.6949138093445 45.41064631918412 24.5999999999999
360.6514873505791 10.70727314900578 2.867559387855198
390.7236281647174 9.443181579865032 4.4
379.835156429411 6.484055104614058 7.024886240478627
391.4044867825926 2.209477789865876 24.68262336369785
461.2716181407725 37.58670521087511 4.4
324.6231910598206 79.32883291600068 1.538703762862221
482.2301780611841 82.64437688825679 27.58159378380613
469.7904582576472 50.17782812387697 0.0
330.0659819500352 50.63223496897239 26.77381646284126
340.5262248250955 32.24077035419313 4.4
479.32803544761 62.65486322351322 0.0
479.32803544761 62.65486322351327 28.9999999999999
359.3084237168761 18.41772915531512 0.0
328.631666069115 66.66502953180346 19.37806722246014
438.0475371071448 4.42355875388021 2.583901364597977
459.1411794840869 34.62320272148197 28.9999999999999
379.4784164212088 10.24133659420774 28.9999999999999
418.5299098889132 6.92464790146358 0.0
480.6460028952454 78.29725358521874 7.646713047085068
406.1764678047488 1.258683395172191 26.71108327099497
460.0074305227691 27.42164947160456 15.81472795874011
415.4771783235785 40.01123411329009 4.4
404.8486185475554 32.00823072653895 28.9999999999999
386.60244865839 10.37179067691681 24.5999999999999
378.7146853297618 1.416532822917346 1.330951238755087
335.72803544761 82.9145462877492 20.57265659817757
440.1843299021809 18.05932589686909 4.4
434.163879698751 8.99688992622342 11.57986839537047
392.4659980983424 41.42666447784791 26.72123615899379
479.32803544761 90.64753656170583 14.50000000000009
393.4323604214697 4.724923178947435 28.9999999999999
375.7631981743937 3.172186113148287 25.26294991809697
327.12803544761 60.81396647317005 2.183148014432587
422.3556064536498 6.039964902644855 2.173731005577708
470.72803544761 85.52877034703099 6.02366964444228
389.7052709536376 5.847297666799921 28.9999999999999
349.2870719947466 34.47448819000054 24.5999999999999
332.600469956069 44.58439322045979 26.38877968041646
335.72803544761 83.15062027858403 28.9999999999999
431.2922969188172 14.49621699325721 4.4
477.0213939057328 77.6584553365785 18.45146720433183
477.1505269120692 52.44680598778504 0.0
377.8802116143511 14.05507150853455 4.4
460.8066789028268 41.28431511297637 0.0
327.12803544761 70.893085120101 24.5999999999999
477.1875700715433 77.82463150238904 9.902844157689294
362.8912443178175 12.47375209726947 2.324034503630568
321.8384056360262 82.02029144150406 17.95840245646453
336.4936984147583 37.99699214175256 0.0
469.9623724804619 37.99699214175284 0.0
469.9623724804619 37.99699214175284 28.9999999999999
479.2900911860048 75.54550898721905 4.4
481.5076527976003 76.0936469436865 26.5354558130673
474.2063275653815 81.77970502963326 25.25870501730736
335.7409637223458 39.07333399373535 28.9999999999999
472.5659130239432 49.21969007677525 17.02499999999997
345.7896208997691 30.06177859463115 19.67586989293368
396.973114278065 4.618175756313075 11.975
443.0009826165527 17.33499440888759 21.73545086358411
441.709795405435 14.8275703344361 11.975
451.3029605425675 28.23319397581049 24.5999999999999
448.34817722896 18.9293387741689 6.925
463.7552243336026 32.38579457321374 26.68522557517147
343.2764474249931 31.61277769762815 2.141692476726252
371.531977974619 10.977313077301 22.07499999999992
418.2867135925137 40.31073350015888 24.5999999999999
457.892653789746 27.2412412163925 17.02499999999997
329.9641441458257 46.12279665977717 26.31519756490036
327.12803544761 99.92030926262733 14.48096403185335
390.3585322822296 41.85411349819381 24.5999999999999
473.4931110878524 72.96466476976879 0.0
448.3598753060928 17.59380142065544 28.9999999999999
463.8371765629633 43.65941301224242 0.0
337.5693420022841 73.15118280380003 28.9999999999999
458.0960175348074 36.81654507127962 24.5999999999999
399.422141051755 5.859142559694 16.98975563247784
331.2519187581295 79.20923936818022 0.0
349.8272433229433 22.18723577080286 26.65628526942984
469.0736081542564 31.55546429504436 27.39076830163759
334.653233098936 43.53932675535917 11.79088056943123
443.00403233948 17.346849939404 16.88883842847904
386.662841067788 7.641920953996951 0.0
401.034191717863 8.25037572832976 4.4
336.1602159067835 42.07423426274053 28.9999999999999
460.4824667423326 31.55260808729358 15.32558053119123
406.4501674723051 30.95459781987055 24.5999999999999
414.0213224496549 9.905359377842826 28.9999999999999
470.72803544761 90.43999871517094 4.027480069449674
455.296136593216 20.95299617920265 4.4
455.7149643902227 21.34088343682665 24.5999999999999
455.1113475338904 20.78185825098251 28.9999999999999
351.4936288254854 20.64395304853597 24.5999999999999
469.8871959900728 75.13667366745791 24.5999999999999
351.5399916500336 20.65877516080115 28.9999999999999
351.0301927201009 21.07315321453807 0.0
419.4868165372696 9.67181605503093 24.5999999999999
327.12803544761 80.19981350171679 28.9999999999999
348.8863909528573 26.90731784100557 0.0
340.6272100161677 32.08977718498429 28.9999999999999
335.72803544761 82.58998535368517 12.44399904037461
334.0017526324791 73.0444635532225 24.5999999999999
470.6403659891139 75.62048050626552 28.9999999999999
326.62803544761 78.47993374605873 21.84385359955981
405.9485992635004 5.206608775139085 28.9999999999999
344.8985811120096 29.24051169264656 26.64060974804949
479.32803544761 69.38675307899365 4.4
477.7464918617582 71.43874561064878 2.220171714895952
477.9520778157611 54.35948145019229 28.9999999999999
393.2465164288567 31.84261724244727 0.0
476.6791404389108 60.3704940123472 28.9999999999999
353.750787215109 22.91676015849131 0.0
480.8888739210951 78.71451979802049 11.80276400582316
332.4356384649397 45.16313034869887 28.9999999999999
476.7558202938788 80.28449776121968 2.421350258791947
368.61672365238 9.091221933275119 2.477163782564202
422.036263691345 5.688921680199621 28.9999999999999
335.72803544761 83.38449206719383 23.21534276026308
479.32803544761 83.78895663633529 25.88733099696136
451.4662188389984 20.15317802074901 28.9999999999999
421.5818557073731 5.720863397455821 0.0
365.295313595462 12.7785322287594 17.29756329208026
397.8895216449046 1.514733678061363 26.54465371563565
330.6956340567856 87.17937255839868 25.92472728815704
362.737392647319 12.5646454331515 26.60737159891173
472.6164138582976 47.83536656905815 0.0
451.6455096874025 20.08284520138285 0.0
363.8192686681518 14.42509142228195 28.9999999999999
330.3860615880622 61.02617572415602 0.0
460.561328992527 36.02718836709106 28.9999999999999
346.505217912936 28.50121325505826 12.33021815195311
465.1399253147847 27.15992814537515 2.822718102712089
470.72803544761 82.65677473322233 17.02499999999978
331.4920289023318 57.91140737636272 2.283182906622186
461.472568829125 32.27951026723445 14.5
465.3889546251588 31.45742236519353 28.983577468339
465.0560431627597 30.98138938359093 0.0
341.3434388755016 31.11758500435938 0.0
420.5863415111699 10.83584138680131 4.4
346.5066615591053 28.52875966494359 10.92593314201817
481.6667356132732 79.45846680272915 25.59922022144531
437.8094722432315 13.90198972673886 28.9999999999999
473.2424258035693 87.29855970441476 3.939048110896945
400.9324142161017 1.188747505037247 2.364100529275042
479.32803544761 83.89855460284471 10.5855565783785
421.7968551488044 43.57862384657084 2.210189055604774
479.32803544761 84.16232032618473 13.16748143147648
460.0110669375 27.3522625450702 11.64005327728368
479.32803544761 84.95037150387289 0.07806895471044334
375.1985215849207 3.719613755830092 0.4061674157586702
477.1756142353437 46.20396987205821 2.458898852202366
386.0253029824592 7.147034354369421 26.58268606720661
417.6650780999593 2.489462338520608 26.98343165821009
479.32803544761 84.36756180528202 20.60157911512033
451.223731821276 19.2101847682989 11.83702526311443
328.9204580345125 75.38529175741685 2.452944830522727
461.3341162971778 26.57619587765851 28.9999999999999
449.1656735450466 15.78265126621934 2.172095606164936
460.5334729022692 31.06731689224542 16.55353510662292
444.9558535385589 18.08480426202425 28.9999999999999
460.6659214988572 30.06680690383785 21.09012163634149
475.6517726570086 43.15779922439178 25.59517930272434
474.2334682763032 45.48606718837273 0.0
330.0825005299304 78.11000571570915 8.410395840828304
335.0850900849385 43.60113756776862 1.997697022225504
333.3812897074826 48.51738776652765 0.0
477.5297602666243 53.35173957147023 24.5999999999999
462.622498422306 35.3273304669025 21.90807453688559
391.7301520201825 8.667723384524262 28.9999999999999
448.395343828202 15.32755164028605 0.0
456.073031240194 32.97492777798745 24.5999999999999
337.4763091053728 40.87986177903989 26.63536988071532
400.9641544461699 1.185347162800796 26.68591923334
470.5436662643652 45.40019382690082 28.9999999999999
459.3011964234444 28.48683601196424 1.948125136152735
385.4786071418769 5.040923693970946 26.52254688020145
412.3240702537802 1.976284851256838 4.4
425.693863482685 9.33722465349951 7.048836480587622
346.0370645854932 32.15639377152097 9.69464590385429
447.9941599316567 16.83764673718871 7.046601378080731
331.9625097506939 81.56720549191316 3.996214363389738
403.22803544761 30.50317663725559 26.6913729596855
329.3022171469888 77.79091517907797 5.460186161881163
358.0779843446891 15.33298226180786 28.9999999999999
444.0692344728617 22.76519482559765 24.5999999999999
428.9646910901877 13.33961361361807 4.4
480.5877775937173 78.27009933551226 5.685800186706592
453.1970675756077 43.87136291059385 24.5999999999999
329.5721318519713 57.1682558153144 2.095451998792895
373.9168964418588 14.30556323470674 24.5999999999999
327.12803544761 80.9913577182502 24.3941408592694
476.6041145917565 60.64267731259994 0.0
405.9666533093003 1.236205892987706 2.2
475.2843369210287 56.79242598322305 0.0
384.3612510647862 10.6240326681125 0.0
325.4435768532242 77.92287178395384 22.43259029749466
371.3825637608616 10.42642125584 26.55529061516406
435.9972649699102 11.08476727985374 2.511272917636262
436.4775959105193 11.3156455316901 26.72912098369167
339.3138388491453 33.96444892487047 28.9999999999999
368.721753448675 10.7575421890251 22.01634643921729
449.5759187075845 41.85655957766332 24.5999999999999
416.8887980819969 9.723731581162827 4.4
344.3495135492727 38.22404217878295 4.4
332.9760072799331 48.41688545313205 2.551524036495184
432.1967101479049 8.578095822474499 27.99073686051407
448.43893652644 23.78036274815277 28.9999999999999
327.12803544761 94.04598423088602 5.981566454538508
334.2115652913647 69.39414589459622 4.4
365.295313595462 12.7785322287594 7.032474877384784
399.7894810979467 29.45409791055884 28.9999999999999
470.72803544761 80.19058494044728 11.87343627996617
381.9225081372359 4.305283436869136 28.9999999999999
482.578000652145 78.77501675160387 17.86054145631578
382.0194996088465 4.199158609732973 0.07064957907185354
341.9188563511252 34.2136137241775 28.9999999999999
478.0406067072759 54.57073071425583 1.836529717682696
324.0610461487788 77.14538612856953 22.98260958065259
460.5238682880685 31.1586986921938 17.52411389473704
344.8682088861335 26.77992584988676 26.89517902196839
442.0197299102909 15.50600974059705 28.9999999999999
372.29219119647 8.99688992622342 7.019671128949165
327.12803544761 83.95819502766572 6.969707587341926
417.4019596299667 2.461274362416319 4.4
384.4588150939114 5.711503123265192 28.9999999999999
323.1505088669841 96.21857349193425 5.685109763528497
474.875650914112 63.25076295064322 6.994905153054522
481.3037954785711 73.33929686049576 24.54062565652429
360.109662251355 17.06552788338799 26.42960305246912
446.6529112016983 17.26879323752451 26.76953845939519
431.7471075547506 8.557868055874485 2.371469373933313
443.897618552637 12.67036077032322 2.342269339758871
452.131682615323 24.1354923240233 7.011764007339673
333.2760189458866 84.81299306886068 28.9999999999999
366.3769445628567 10.414450939668 2.539895005798023
341.6636877279062 42.20063654350218 0.0
479.32803544761 59.89358205807805 26.88509908659476
342.4984903086974 34.01710626487102 2.229788282814076
388.6335609794016 41.15897355215255 24.5999999999999
331.562087319441 59.2771008203052 22.28308342609147
401.2823504617314 29.48329831057582 26.71082099476446
442.1351750530507 19.41155079320383 28.9999999999999
390.189803764816 41.49834641823234 28.9999999999999
395.9032723283451 4.23153493964783 0.0
388.8066668802957 2.508319135675347 24.5999999999999
413.1581936973321 40.38107867228052 2.264620770192167
327.12803544761 65.89712757935311 2.280246412472632
476.1628407536531 44.08035167101639 28.38836639198048
477.1931436408387 74.29920780190676 26.65582602340712
399.6606377226175 4.004033723128222 28.9999999999999
345.776124612221 30.06319711161385 10.77802927883028
331.5394055824538 76.43663249493316 2.572700984199888
444.9034053776297 15.08669947289028 26.9620017812557
352.3930381488429 16.7008614783658 1.189038542318882
331.580419981108 63.2507629506433 12.00129716741115
484.9339182241977 84.8272540496741 19.91964924174003
382.1533931203385 4.154762463243282 24.5999999999999
351.1672241096928 26.21983895617036 28.9999999999999
352.5921350131134 15.99820455827717 23.91333734124561
405.1499548281735 33.50608079877613 26.67604002496717
401.0390549692495 33.54559665961065 26.68974537954777
401.2524235300697 33.51402544828341 2.367009220930493
329.3497830831348 77.74334924293188 20.37514630647516
410.2759431313556 3.976027938574541 17.78060406929899
372.3458439383944 9.017485284229492 21.76451599216827
345.8169894607967 30.06251882785315 13.41764316908118
429.2125193113208 8.373823224651503 0.0
434.5421173006345 13.18404138010015 4.4
416.310659458027 5.411135922260495 17.02499999999997
330.4417586451756 57.47443313918991 17.02499999999997
406.7095517227673 1.315792866594361 4.4
328.8484695738383 53.5374853235073 0.0
472.9567352985521 50.14826123945022 17.02499999999997
471.4151108325847 46.50569683816846 9.45
412.1424720850633 1.897823574485147 24.5999999999999
473.363499643108 47.2536132287936 21.91318850984986
336.816237423275 40.1370642793421 22.0749999999999
332.837964069947 55.6088131362157 21.29960606692274
479.32803544761 86.82331976331415 6.983964167923124
403.22803544761 5.78269432319772 6.98250460187672
339.1927978165513 36.8267925915586 22.23221074584581
479.32803544761 101.6414097334494 0.0
454.170143643505 21.9344297086977 19.54999999999995
417.4552291477 -0.1913260816986942 2.76815314971651
476.9639038639722 82.50364956237578 2.262650040565797
396.973114278065 4.61817575631307 17.02499999999997
417.251023125193 5.292362176138923 17.02499999999997
341.9865065567694 30.14277823643828 4.4
477.197622227278 77.83468365812367 17.36276723672398
329.7012290891377 78.9874409381488 20.18018403669822
399.265133183027 2.86325395543025 12.01888641485809
434.834013836075 5.066381447931681 24.32197897281721
377.4596178742798 4.065001921369634 26.950625495824
460.9770550895969 32.22742967457769 15.32147001901289
333.492992007386 37.1526315390894 4.088498376394748
351.6948067552365 16.70561771565194 4.03539135678349
376.4079429858156 9.581217841579711 26.74907370928905
467.2890709713081 42.11999888841696 0.0
462.6653896895971 30.27187562252756 11.6591273909383
332.6124549250866 49.28569019642085 28.9999999999999
479.32803544761 81.25346100016537 17.46882799823167
380.6969886334758 7.195982341940138 2.125031712244553
426.6214780995308 7.675231380844847 2.231442310605797
328.7558176047913 53.75857315077267 24.5999999999999
417.7543538786981 2.499026484731453 2.168121677458081
335.450971926643 76.22211059146899 28.9999999999999
482.1810718236626 79.58213240623556 15.41609300922295
457.781632461068 29.3596543641469 11.99879502901885
358.5121355468436 18.18125606664611 2.626942817635944
484.1945110947827 85.44681639880072 8.11167644849604
364.8582294096088 13.34293747632636 1.881550230231984
460.5865942385421 36.29300178832232 24.5999999999999
481.2230576376027 77.32757252975992 0.6184325613569922
415.7777669444005 5.27661304820695 0.0
341.714877641106 39.04454177929269 28.9999999999999
330.656421030673 55.84359781303851 0.0
464.826350051895 38.4775205138671 12.00539940955486
462.749156949116 30.2806799162796 16.9257376043708
339.4168510585939 41.29129601407084 0.0
467.431921788744 72.88904494059717 28.9999999999999
479.32803544761 92.71554543925866 12.2518050257947
439.2553186709403 9.927757319576905 24.62817391253649
441.1293374563356 11.03490044228917 2.2
479.32803544761 78.33183322975907 28.9999999999999
469.910968010649 29.94091967277555 1.005572003309454
334.339930237208 52.03626771404963 11.93386495071269
477.9173915406686 78.4799337460587 8.178270174846745
354.3655672200265 23.06183066204314 15.70258436186279
403.3019929459618 31.14941820103312 0.0
330.6058339788805 82.48316419328756 0.0
345.8031171873171 30.06036007765002 17.21380483940057
343.706913946105 30.2806799162796 17.2771865421076
378.6998648660502 7.050527189201715 26.30362496378626
481.834668188394 80.35321379585683 9.17237626171642
395.638124129914 6.266751294266967 7.01072784821055
470.137062939323 38.24678354091324 24.5999999999999
339.414313634629 41.6370642793421 16.95150097651933
476.2965872913668 78.83836149667944 23.11878168894673
446.7287844691831 17.11964621815582 2.338776919794603
474.8511131927584 57.51617073186979 2.442458064121082
356.3063487731113 19.23873472548951 26.48797814485888
475.0462627801274 76.66947829082265 2.614274394799214
356.4476723223699 19.46439561303354 2.363692904851885
449.5664827935433 19.2596559049105 26.69629602586125
371.3254320173784 15.69767075788567 24.5999999999999
391.384874889717 3.70516083512125 16.79101338826466
473.618106825274 55.6088131362157 6.94018925308579
329.7935237635876 80.12872774130805 2.674802895812332
345.9165907975415 31.01016224576933 12.7399868881381
466.3087436673937 36.72648081126646 28.9999999999999
340.0133716695866 32.96418089010852 2.067738262193573
376.0668875601298 7.750086217320409 17.26267702798179
426.1719987817545 4.774588236221748 2.208194346990504
374.0664869517806 12.18529727769249 28.9999999999999
469.0949153379786 40.56229781695285 0.0
341.629720843325 38.4775205138671 11.41018511361639
477.3071942349029 75.91969238153989 28.9999999999999
479.32803544761 59.73721864406395 2.168765437874373
328.7813862991047 53.69756066361361 4.4
476.471276374159 54.6817621530909 22.18325947448707
403.22803544761 5.232148701027469 28.9999999999999
418.4063081391422 7.071345092339502 6.929671900525626
478.6311045960086 49.1224878773847 -0.2642043243605627
460.417719064745 32.1686410894291 15.3982511620698
335.8332076250408 48.473823158021 6.952923421995896
461.7094119430886 38.78109021314076 24.5999999999999
333.5152355870827 55.63972075678171 0.0
479.32803544761 83.57060465672205 12.12810804172127
345.9094191392443 30.94192847498854 16.21578008946427
473.1758685249588 80.5190833596914 4.921997620700539
349.4612271329047 25.58331737985867 2.399191992019589
327.12803544761 90.00328784914427 5.147227217562286
479.32803544761 89.66404657192297 5.903991689700288
479.32803544761 89.5773523573065 23.78179088545361
335.6551661201858 39.19601672768597 4.4
421.018367372079 6.28995616269153 11.975
414.6255272399672 6.651054293379555 11.92022164121931
411.131532155109 3.28318560816215 11.975
399.4221410517553 5.859142559693994 11.50801674456425
437.734317446546 10.7575421890251 22.10100301128812
332.742872315213 78.4799337460588 6.925
454.95719698018 26.750772213489 7.092246047333452
445.058467693757 16.8183659045497 6.925
444.529983658903 14.7639305502725 6.824603060540502
341.406521489789 33.5639747100251 16.95795490513557
470.72803544761 80.1848432576005 17.0249999999999
454.251444437077 24.0541915304514 17.0249999999999
373.512401125697 11.7375262991512 22.07499999999992
415.071196005503 3.705160835121251 21.99730904673039
363.452038555741 17.346849939404 22.07499999999992
399.265133183027 2.863253955430235 22.07499999999992
462.749156949116 30.2806799162796 22.07499999999992
460.0110669375 27.35226254507027 22.07499999999992
327.12803544761 86.8850205088525 14.99543855000795
341.629720843325 38.4775205138671 17.02499999999997
343.706913946105 30.2806799162796 21.97817254507936
459.988508419986 25.29872311673223 0.0
334.050079482941 47.43279611888907 28.9999999999999
342.0877864504415 29.99795723984754 2.508490819584551
479.32803544761 79.75087495971756 8.335997102938686
433.3023655493022 9.399746660596666 28.9999999999999
335.7704685677295 48.49790642571461 12.36652510168858
460.6799462829991 30.06319711161385 11.81953647788357
483.3533085196229 82.0522297324115 24.08550686495366
463.4966109698537 37.36141506781014 28.9999999999999
479.82803544761 79.67404464757746 22.48371127353295
333.4678334361685 82.02229475707954 21.76083268315515
322.1225326021199 81.93487395572826 12.90430007415059
479.32803544761 79.67404464757746 22.48371127353295
403.22803544761 3.08748273990127 28.9999999999999
443.00403233948 17.346849939404 11.92752832684549
326.62803544761 78.47993374605872 23.24103133334336
424.4210981175067 4.238421885037978 4.4
377.0778454719618 10.50708833425193 6.897870307958964
364.8724920056339 15.80605646076662 0.0
376.0849376880072 7.742943100575992 22.08573031189612
339.3664365878932 30.38018546651975 26.14243260559819
393.8866255442312 1.943565373673346 24.5999999999999
415.8111625303408 40.8137228322455 24.5999999999999
406.6331931586629 1.30761254622236 24.5999999999999
472.7542709679254 70.75951366555454 4.4
443.00403233948 17.346849939404 6.906104863447133
426.460797007877 4.870347382501663 26.7999999999999
404.9978865141733 -1.169858263816326 3.317310058274546
479.783344671607 78.4799337460587 20.04951937826369
403.148283084523 29.87596733894382 28.9999999999999
366.4117058005811 10.39391450450345 26.82611694634348
479.32803544761 80.84489985180062 10.36133797943452
400.0280544819136 -0.9761173832708817 28.4115339226092
374.1362119971909 10.72023209839022 26.54356552612491
437.734317446546 10.7575421890251 6.898382607709059
414.4740503494006 4.791988690486775 2.375610927712656
325.203886434079 74.87320246998078 24.01406177745893
462.527418593505 32.3903794450398 13.21336331861404
326.62803544761 78.47993374605876 19.24381174780473
475.5663462219131 72.07349327439515 26.89351956697758
373.512401125697 11.7375262991512 17.05392206073053
448.5931806086348 18.23160004161379 0.0
414.6721792936748 38.5978368623295 0.0
414.8998793653992 42.24191367107339 1.066565890614457
479.82803544761 78.8982942508623 6.711870487733826
456.5999349151508 26.3204833252059 2.262356945506657
479.32803544761 88.52039583400246 17.24559558195695
473.5589130527516 48.76270473799073 2.476352217335774
423.424299749925 7.966135855961906 2.385092416309216
369.1502800876125 11.63393515717723 2.158510328554351
477.3465538913374 73.42247743477574 2.587176751214974
479.82803544761 78.85114770631932 21.02899731134668
418.5966742214794 5.758645461892578 2.54577514049657
370.083724947893 13.4305617615902 16.62307219965241
405.0484931481807 30.25494460622534 2.527850483713154
344.3119137729198 32.34266729478887 28.9999999999999
410.7631638783803 6.199100062975627 6.96020332682605
479.32803544761 82.89519530240356 20.33114265456674
351.351291961897 31.04838453088534 4.4
446.6965049201318 14.32390224876226 2.513151498661818
345.1862523603501 32.40511611688432 2.468780863392677
328.621415736955 70.6384620356132 22.11853718491927
377.0424427023499 11.97408409347015 28.9999999999999
403.22803544761 3.346681270725133 2.183757673753716
403.22803544761 4.209596668324845 26.11609198958336
391.2898254687004 42.4381715946629 1.195225867792921
479.32803544761 82.23728128389304 4.731780758317367
379.9977621596857 4.869522326065725 2.410369840499435
471.802837796284 43.5393267553592 6.879296362162571
479.32803544761 82.49355884033572 1.792542158511552
427.0353499227029 7.817993049012848 26.72997226531444
332.2373676413217 45.45083462120121 24.5999999999999
474.3947316471876 80.52117999327514 8.579926423369887
418.6301268730207 4.354318872473797 0.0
474.6465511909258 75.20230081889689 0.0
331.21653158504 76.8858645295315 26.49815672457252
460.9897599191603 30.8607434035133 26.55450618787158
460.8701639212156 30.84245430661753 2.327525864712277
481.0350593750786 78.09146222038231 21.0545155488436
479.82803544761 81.34060939817776 19.63442961691554
333.1608216906479 81.18724319953299 25.64158203036362
415.7364986456432 42.79131367215089 25.80576543085726
357.8217425709989 17.23865457867925 26.84453659781433
388.5763236252944 41.50378329935984 4.4
470.62286327018 48.473823158021 16.79742731982717
374.40832754199 6.722856033700531 24.68252800259417
390.3619875462419 43.00159106724655 28.01229019831471
327.12803544761 79.88477918694636 25.86225574431035
372.2921911964697 8.996889926223417 17.20155222725055
349.4389942981813 22.54680323639719 2.468603696467628
411.131532155109 3.28318560816215 17.62011660577912
479.32803544761 80.01711991246518 9.638539505977386
479.82803544761 78.4799337460587 18.70231451799824
329.8800209255321 51.07597857513986 24.5999999999999
362.6128716981573 12.63821060420119 4.4
479.32803544761 79.85285407748613 24.35191137529804
353.1503122432848 19.10965567793624 2.193000797016646
471.8657408988827 50.76349000377337 2.390164451129243
479.32803544761 79.75363022391957 20.61003499803656
452.1343431925601 24.13539028093595 12.07935378740653
389.6690354840445 43.25300316319414 28.45012583821463
379.9074106618907 4.899480897522751 26.7999999999999
384.3770433513613 8.12707346977893 11.27021093134494
327.12803544761 79.77162929959121 24.39443327113149
328.5239515123585 78.4799337460587 21.2214766894073
479.32803544761 98.73484325760063 14.49999999999993
327.12803544761 84.32476678454296 22.08375696290618
476.8299219271493 58.64859961732248 2.220861142065064
346.4456317516496 27.36424156685088 16.69909251803011
331.8537391351386 81.01286059854466 7.135813573872708
330.0170724640148 76.12652039986286 5.587115564028792
475.716431135884 80.4627034572064 28.9999999999999
476.3870307782927 76.11516701406975 5.6625
330.059227125132 76.12400267156927 20.81249999999994
464.2131454564198 33.92835003476202 2.256977245450248
452.1343431925601 24.13539028093595 16.98383601324841
330.113198580008 76.9799337460587 23.3374999999999
459.9039888207054 29.39543472789379 13.39841307336814
327.12803544761 76.08635647363565 2.193639663990055
346.556025286398 29.4706756928246 10.7125
457.07851732374 24.70411692849897 11.14244828246645
348.563417105475 27.2412412163925 13.2375
330.0750663355993 77.01806599046743 20.89305410266035
326.62803544761 78.89829425086236 18.97387081419841
476.342872315213 76.9799337460587 15.81506939642628
481.1606244764686 74.14771917034005 4.988571853263929
464.0132743338419 34.67215210479854 26.7428654443221
476.342872315213 76.9799337460587 8.120531337346055
327.12803544761 80.26798517927594 21.6056825838599
403.22803544761 29.57554689581906 24.5999999999999
368.721753448675 10.7575421890251 12.42452558902072
443.3031493372167 9.788189935942976 2.842810530137718
346.5809725374248 29.46936826279907 15.57751950242198
459.900045608822 29.4706756928246 15.84297830671688
412.9883795976502 4.860541218641791 0.0
479.32803544761 82.52076228224708 7.579146377311302
334.0297476562639 80.5493180560752 13.26103823987023
375.4168817696819 11.35804631897783 24.5999999999999
479.32803544761 96.99165942841525 19.31139901342809
366.795313595462 15.3766084401127 16.93557100862007
465.9111700482565 44.64340816221666 24.5999999999999
480.3454841802191 78.40500741368577 12.41308680010437
361.9924980665782 16.81810067480346 0.0
372.29219119647 8.99688992622342 12.06967112894916
479.32803544761 82.07985931818237 16.8609607546642
480.7366689622651 78.71022592246302 21.89529225257812
471.5208263748941 55.03267866843539 0.0
419.030112062521 4.137008311264912 6.946041213508028
326.62803544761 78.4799337460588 10.76732408405875
338.3588342306718 40.3209319146928 2.261784196419212
471.908692034771 48.59234478209456 28.9999999999999
325.5771992578163 78.51090273168222 19.914633782723
379.8035042467799 6.546176010768012 12.15362552840035
481.2128564433986 77.32545683735138 24.43261957186666
477.0996267507792 77.73668818162487 7.679797165703088
479.32803544761 93.44324878524547 13.9830154539523
458.0832083863197 26.89453759574034 26.83725672748
347.2361128255358 27.9164424122176 2.132439033389657
335.9397696042026 43.45064814345612 26.76063458388291
330.1427535621798 78.65148551954428 18.20965409292243
479.32803544761 79.7338149951492 18.96579616293253
467.5700801204544 40.65889219797414 26.74991939199639
334.7324982027936 40.5153475689259 2.400858745202323
322.3506737649445 77.95049211636383 17.37001032035664
329.3050390733675 77.78809325269921 22.75223929923945
398.7230474507286 2.712223004945469 2.442548560272475
477.2367293401007 77.87379077094643 6.456729268069582
479.32803544761 79.75452097934145 15.52326687107011
397.6369374887155 4.514574342810111 2.242218212670483
398.7827632248486 3.97568011107805 26.53011188447187
329.2878989724427 77.80523335362402 7.72817714882458
331.613198580008 78.47993374605878 7.772609752669266
475.5619996348464 74.20952227198134 1.821527558941056
331.8181180666343 80.41146774396185 20.64775824590608
476.3060755142006 79.41691836129768 7.698786399240933
479.82803544761 78.89829425086239 22.138608662618
391.854178284838 6.668225856906675 16.9079246282053
443.6641723294618 12.53244412694387 4.4
329.3409505919724 75.37561098722259 15.59069216171318
412.422335246342 3.778712689037588 27.72703045973389
473.618106825274 55.6088131362157 17.68458554341484
448.016329615836 16.8341354041678 12.14346969064862
352.285927251716 21.9344297086977 10.92224924844768
395.638124129914 6.26675129426696 16.90172438918481
389.3656594283627 43.4305356799829 25.66908669640344
333.04855961124 81.1260177155372 11.58111351773146
326.62803544761 78.8982942508624 8.97112961006381
412.3767270000385 38.94508795104148 0.0
446.252973858959 19.26118638729262 16.89930831217151
477.8240538844042 78.46111531524993 17.78403543622737
369.1572261189652 11.82171404539138 27.02458147138989
414.7874370558884 42.15081964571822 25.85558888001162
473.7513609058366 81.06069452860976 21.02486336005147
331.604400617977 74.73272220946949 11.44514677954501
479.32803544761 79.7066909770359 17.48658465385068
362.5299915578674 15.31191639349783 26.75731441190453
324.1146119692345 80.18312479806205 17.51832988741664
396.3278222503748 1.68203909457712 1.961967436085316
479.32803544761 79.04213946002405 4.969394543705289
357.120300247094 21.5416226526699 12.05953714178082
361.9137363465707 14.81194355138537 21.95174343823266
460.639457420355 30.0589415606689 15.30222129007297
327.12803544761 71.46544021816675 2.188293865328443
327.12803544761 79.27160552822517 23.89083748747015
389.7541845566683 43.1958652614629 28.9838532707762
354.324388279897 24.1354923240233 11.92121016000714
388.7598924247151 42.84784164062304 24.5999999999999
451.223731821276 19.2101847682989 6.759220154214956
383.6083244465394 5.233763660365534 17.66935161015949
416.4944973370475 6.798074767506717 2.360800817466694
345.816613474865 30.0589415606689 15.94610642153096
329.403478396124 73.85992339493771 15.55820317063323
330.0298877824823 78.812636337843 16.82074722608906
372.4803248575279 13.60270180213116 24.5999999999999
327.12803544761 84.07373645417994 18.33290459595524
477.1062278601917 77.74328929103739 5.246294548091831
352.2478411470334 22.92745163503367 11.96595465658673
329.8559159483215 51.13349831371212 2.112761167654206
322.9091160402618 78.93564822751254 11.01466874351701
354.3254453665841 24.10793082181668 16.90516872372569
391.2153503415338 6.505261387147082 26.78733918420579
353.2616211808163 21.97185121988123 12.20798565628743
327.12803544761 84.14130673398051 19.86680511077524
329.5072684493388 72.29525678860946 26.62399293296944
473.9583075836226 54.57465833957883 0.0
327.12803544761 78.93429830259589 11.8995639528675
327.12803544761 78.93429830259586 17.10043604713245
452.3037080724195 21.57266936729405 26.61592623191241
328.9658716480366 71.44771224191554 0.0
351.49887391504 26.750772213489 11.92678263118524
405.1909315635592 31.88232730928375 4.4
337.9988688596727 32.81123435506176 3.632053156803289
454.7221284262006 24.77203092923433 26.75421425601537
414.2084130991271 5.286296595886961 26.64974880607095
324.7598550376078 80.19080407571627 12.64656430363361
477.1696570881851 77.80671851903074 20.29618025640363
352.285927251716 21.9344297086977 16.75660518687872
453.4542609982316 19.24718754250492 4.4
355.0270400515138 21.32161214060134 11.975
357.3255992695233 19.43019528036746 11.975
330.0445076374386 76.13725615781834 11.975
330.0445076374386 76.13725615781833 17.02499999999997
351.498873915041 24.63924628843836 11.975
349.377553571481 26.74097779498004 17.0249999999999
349.377553571481 26.74097779498004 11.97499999999993
351.498873915041 24.63924628843836 17.02499999999997
348.563417105475 27.2412412163925 11.975
353.4688663292658 18.81463449811207 0.0
348.8510022747432 23.09135786029323 28.9999999999999
354.405689073469 22.0157305022696 17.0249999999999
349.377553571481 24.6294518699294 17.0249999999999
352.204626458144 24.0541915304514 17.0249999999999
330.113198580008 76.9799337460587 17.0249999999999
349.4627501272291 24.6294518699294 11.81348305931456
360.2030970362613 19.26118638729267 11.77271957318265
328.615254277876 74.56964357882143 11.97499999999993
352.204626458144 24.0541915304514 11.97499999999993
358.1108901030662 18.91042001674545 12.10836078155317
330.113198580008 76.97993374605872 11.97499999999993
348.563417105475 27.2412412163925 17.02499999999997
357.342038602704 19.43192312390968 17.02499999999997
331.611142882139 74.72665144755027 17.51460004842778
351.49887391504 26.750772213489 17.73667377747742
332.89746559566 78.56822625891817 17.33054846922028
355.010600718333 21.3198842970591 17.02499999999997
357.120300247094 21.5416226526699 17.09032820947981
348.8510022747432 23.09135786029323 0.0
452.4105283271068 21.46333000774793 2.653631668863506
354.4032796223246 22.07855230661756 12.09744775497854
481.5443469890823 82.38122590959475 2.017708132641107
460.4213882536604 32.13373108883619 11.24985497932234
331.5135988580623 78.38033402411297 16.82584822850602
327.12803544761 80.34393996287533 16.46378091154301
394.270934487221 38.62726959071831 2.299027596544649
412.3936020332498 38.97308095074215 26.63131949222486
432.4854879531086 9.41463516986409 26.53669243386641
327.12803544761 71.89613356560137 0.0
388.7299690700706 43.62562688089439 2.19922373385078
327.12803544761 79.01194338751846 18.41487081467248
328.6266636702352 78.4664686558314 16.98165496672284
476.6297053487664 78.31124308370872 18.0727214683431
399.3438303114962 29.19361531922482 4.4
363.1157543994353 15.0217239444513 2.218596612811182
353.3896727244189 29.36063761869742 24.5999999999999
460.417719064745 32.1686410894291 21.45949776514218
383.975629247537 3.550549001811071 26.83210400321021
352.204626458144 24.0541915304514 15.7624999999999
409.2857054458059 4.633824939803183 28.9999999999999
424.5583550708635 6.868373323449062 0.0
405.2885957267758 3.356262607587917 28.9999999999999
371.9737516462257 12.68889315051911 0.0
329.2020340066446 76.63909610401208 28.9999999999999
339.2305955348294 34.08347926052404 4.391921487579237
327.4208203021395 78.47993374605876 13.75657326981667
332.170206681659 78.9465228650242 2.059150901996786
483.6788327724669 79.39302532874946 23.22199130542135
479.32803544761 78.68337219489943 0.0
479.82803544761 82.46197169861732 11.68441473761114
474.8736344984462 70.92420663656138 6.763473785169658
327.12803544761 83.54416791883489 16.81923665163197
365.295313595462 12.7785322287594 22.23759022968759
327.12803544761 87.75688015465387 14.49999999999999
328.4788208536123 78.47993374605872 13.44582270390124
407.6278185302733 30.45456188161519 4.4
327.12803544761 74.19335723376325 2.510913138800966
327.12803544761 86.82755335791062 13.89438148819509
327.9081062005158 55.78139764600117 26.87547639863312
477.842872315213 78.4799337460587 9.471279231309454
327.12803544761 80.44725276456391 14.58694935249981
450.1676140574024 21.55816403082997 0.0
385.5210598340795 41.98568386935352 0.0
396.2513824987827 4.317559290056486 26.78745772472881
326.6462405447908 82.31448264636249 13.81311850019436
479.32803544761 80.08634544901443 19.63560644001204
326.62803544761 82.68043058129109 13.34356910939481
481.0090112496229 79.1499874001286 17.42208607038926
483.3382971053567 79.76910922319006 5.325479320567279
391.6243112393691 5.248215260314573 25.63411904172133
327.8689847993686 55.87474985068905 2.44492062100558
477.1323845003734 80.95529682036175 0.0
469.639833471945 40.1370642793421 17.65914134339173
479.32803544761 95.17789856883849 15.27005622549604
377.367225703949 7.912088374125287 26.18070654975035
479.32803544761 94.89786666704396 16.3523390398177
384.3944568334081 3.411674976856063 2.149294297135748
479.32803544761 83.27156020749278 11.44874423763965
370.9140405483731 10.72920077988021 28.9999999999999
378.8718570054497 9.342784525386472 26.45299946415465
327.12803544761 80.53761075485727 19.46860341417687
440.5633468198509 13.76206768447216 0.0
480.827923398306 78.28935178560924 18.27193816334472
395.324538740111 3.28318560816215 22.23510665855864
479.32803544761 83.20114500779472 17.44779191027909
401.5493436264178 31.57842928711545 28.9999999999999
391.7766392774759 42.06332010783497 25.81488686553126
366.8282624734715 13.12699379153307 26.46373141627805
434.0469831323021 7.385760016952519 26.7999999999999
334.653233098936 43.53932675535912 6.887423575043049
479.82803544761 78.4799337460587 7.775909932074722
473.9528980360842 50.47684728498948 0.0
326.62803544761 80.34821199762017 22.33358718313942
398.5959803119101 1.439050507568676 2.2
479.32803544761 73.65719671602197 2.198809823876013
412.3366861848483 1.918629800684363 2.506570306114256
453.1849249622592 24.09509654099208 22.15384806663587
474.279063296544 76.6032925968045 24.5999999999999
405.7634927767053 -0.9344089864176474 0.511470723874346
479.32803544761 81.09359177213624 22.89958991646339
422.089125978633 3.420797323979142 26.7999999999999
476.0301640304111 49.77337553830408 26.96049193204809
479.32803544761 80.86853068294364 3.186495704821277
479.82803544761 79.44991438230929 23.53323691001285
338.5300561667532 38.98917653728128 28.9999999999999
416.3006308973545 43.10738991904719 27.30423280430051
463.9711987966758 35.59030784609469 0.0
377.147631711322 10.5381591698549 17.08555214086103
479.32803544761 82.74858941067987 19.51972532840626
389.3315174967014 43.44190299806111 1.108382721769364
368.9696763396381 15.05223372713971 24.5999999999999
333.8188354332844 47.11959844405858 26.8800211695031
345.14488730964 26.52368680437772 2.573596343136693
460.6930398371194 30.06457329960656 13.08606177231383
443.9733991980984 14.80754829003027 0.0
459.533315279937 34.48493713541891 24.5999999999999
347.2936485732059 28.32838086263616 26.73723400929558
410.817946765306 6.26675129426696 22.28176018646689
479.82803544761 80.95094962807687 20.38198869859528
479.32803544761 80.70726993885563 25.85553580635027
472.2206170138087 79.3323885018296 6.924999999999975
479.32803544761 81.23810143538189 6.077720119647103
472.3003747132714 79.28683666616703 16.71826750769076
477.1323845003734 79.39181385731919 0.0
392.7204772099656 41.13499815031641 25.60332060007967
415.071196005503 3.705160835121257 7.451599243491958
479.32803544761 77.6063867470441 3.618282094151592
327.12803544761 81.13572205868138 22.77504626831192
329.194639926464 59.4192023385413 11.64713548402622
370.7003800661559 10.24018855084085 2.34970109061141
442.5658377970184 14.55202042304449 1.490901637868756
363.452038555741 17.346849939404 12.09050788854503
335.9756482405765 45.91481841430907 26.55954466289893
334.6406785819703 40.6466412394867 26.59752915502804
441.2895731426196 13.32759921128353 1.970459826949995
417.649397322704 41.29742738886414 28.9999999999999
422.8967588705277 3.688590645544155 2.158535025684158
379.8806194094651 4.908364288167148 24.5999999999999
472.805257238642 80.98774393035036 12.54338451355951
329.548772206983 57.98999909966319 11.64713548402622
415.1729649470909 42.44268061976689 26.99746694794369
392.1437843936012 41.73958475440526 2.526351841568964
445.264855864046 17.67151872743968 0.0
473.388408639545 82.4604650300498 6.142512909872048
372.512963905688 7.35131697038685 24.5999999999999
429.1885510364709 8.809704765400376 2.694933649405435
414.601892610382 6.66822585690669 16.91181310955555
330.3709122830066 79.71558937216751 25.86481763208893
452.8948100362917 18.729065534002 28.9999999999999
438.9751616854622 9.76224463519553 4.4
436.372345947327 13.4305617615902 11.48038647597316
372.8750963779424 9.862926471637987 28.9999999999999
376.1417200777182 8.141218794842855 0.0
418.1610253849667 43.68678284050115 25.43235172784334
483.7165622138718 78.87424969911525 16.29215735438592
458.3294369436873 32.03402014719956 24.5999999999999
415.5466316463604 42.6934235871913 1.832115206297531
329.3158485950578 77.77728373100884 21.45802414300676
346.1454718192629 30.11915057415688 0.0
346.7833269867721 31.1491085717228 26.78460617569229
426.089533855245 4.747244678518468 4.4
477.0792885646364 56.69566348634641 2.573282506632845
426.9282006204539 9.419198948486114 28.9999999999999
342.2865964528531 35.3730358515492 0.0
479.32803544761 72.71042275654564 26.6196057562623
404.9390540845745 2.780578659423059 26.38722470594309
480.7730365888937 78.5117398434891 19.41936520764582
407.0816955567902 3.213301923951926 28.9999999999999
459.3922627506611 29.00548243790562 26.26831179268408
325.815370345267 77.93365916873482 6.535733614002761
449.7148832503427 20.28966539869677 2.480688144156391
479.32803544761 93.03385023812889 15.90752495644952
434.2260444164868 7.445132804436463 4.4
406.9967522887843 3.459308616005442 26.92435666370138
335.1461433718374 49.11959047264801 28.9999999999999
431.1260544767115 11.13784273450305 4.4
479.82803544761 93.01849320377377 18.28228689174133
369.306990195487 14.30063422932235 28.9999999999999
336.734696756969 41.5380918917302 2.23287615889292
325.7270470549882 77.07968250881302 3.1284726406537
328.864395227715 79.03906093963826 0.0
464.826350051895 38.4775205138671 17.72162605820651
391.052453211892 40.45405535776869 24.5999999999999
447.8746683408071 15.01994411280196 4.4
445.0724046297805 34.45760348442824 28.9999999999999
479.32803544761 79.49497710840902 25.11410890574227
340.5295029662827 36.5264800517361 28.9999999999999
391.384874889717 3.705160835121252 11.84550471799525
414.1510760256355 41.58302398127095 2.526252154827141
390.6991088621949 42.81691874961577 25.66689556551973
409.1587917270079 1.578180827101868 2.2
480.6059018028815 78.88281000989736 13.97784703826355
439.71827380195 15.36119693979914 6.557521625433299
388.8556991366398 41.73904328566186 0.0
408.8436870221029 1.544423546997349 26.61744045902401
401.325088249683 5.82091844144585 4.4
453.138250085976 18.95452166165818 24.5999999999999
365.0565319655552 15.80297625856182 26.62114346643512
346.4481881978872 27.41302146694825 13.3287706998008
475.0881796147089 80.87117376362619 3.721432807756941
479.2902604832645 73.60922769929601 0.0
470.62286327018 48.473823158021 7.826717482564353
475.5253307758444 71.9522451408636 1.949216364798388
479.32803544761 89.2515787689876 11.61516232642668
469.6438798745157 42.56220948792355 28.9999999999999
457.781632461068 29.35965436414682 22.34650052879443
372.1559173394253 7.469705766698165 26.73990438171157
390.6039715903494 41.14917763884419 0.0
480.8392868214387 79.36952886776336 8.850673910217518
430.3500516114138 7.752329231757784 7.365049091409234
479.1781739134344 78.4799337460587 13.64243345452823
479.32803544761 83.41585154329567 15.34181522115142
433.4624184073172 9.994382853260245 2.767720795003184
464.0292244761902 29.51313245602639 2.41157913590871
443.0013806541681 15.33372897325335 26.48734363754599
345.8653471790894 28.93361928575322 28.9999999999999
471.1740724714894 46.33105357417024 2.37169139007487
380.5201566258899 7.20526182804246 28.9999999999999
475.0862548633822 54.42091442344444 2.314081353628028
338.2704442387404 35.45640790940033 26.94590882329436
380.762207412536 9.337224653499502 22.35840589636644
388.3162946635854 43.72315197577298 1.074208342281097
417.2974490789167 43.49946740926464 26.05417909694162
388.9656711943577 6.715773420987052 26.65782691806921
432.9436697695233 11.7375262991512 21.66207795869131
473.1613716435306 80.32187523742327 10.59213345033273
479.32803544761 78.8982942508623 11.17660866405562
479.32803544761 78.8982942508623 13.39220288801854
331.1369305264539 74.06394259344479 26.50697885934802
329.9477635392409 78.54708461873055 6.022837686987127
479.32803544761 87.09906201234992 15.87763128397633
418.9254373874682 43.8449896719304 26.71524484322173
387.3035110691561 43.82840262120662 2.226419551751748
327.12803544761 77.93975873877619 26.19562977901057
387.629533202665 43.83088585924687 27.63096165285826
387.884106843805 43.79458181450784 25.82014464912044
342.1247327131719 29.95549355062202 24.64104869986465
479.32803544761 81.55134239502001 13.78275166889878
327.12803544761 77.81365484626555 2.097934033829132
404.0389141142467 33.34168497102294 26.75834840163795
402.3339760524678 33.35399285906374 26.9004293759012
479.32803544761 91.89992414045604 17.38263138655832
328.615254277876 74.5696435788214 21.18935023279026
408.5420846511647 5.391422643534515 0.0
418.2089234776057 41.26647889358203 0.0
479.32803544761 91.7163828782218 12.58062003118872
460.6511472899567 30.07754699634739 18.87360782054979
479.32803544761 86.87067492863844 13.38815766258931
479.32803544761 78.8982942508623 12.28440577603708
483.6075287327746 80.58700482683076 21.33672198206287
479.32803544761 89.03403288518163 10.58519742613569
333.5086484331204 48.27369858210541 16.02615914464239
386.848281900263 5.026552779928608 11.77243601967348
388.3155033013635 4.714685243701918 11.77243601967348
389.1643631706618 43.49755586536491 27.68156402455493
388.0622225512666 7.052158690271855 16.79732014529642
327.12803544761 78.25060316782627 3.275499530210094
441.1537835485383 13.61439823237983 26.66389092263626
477.5154555861822 72.65773964354976 0.0
329.4634605951416 72.59323861854007 2.433208706185659
327.1388235171421 60.51116089333985 4.4
353.6357135910062 18.66011293277873 24.5999999999999
359.3164344524079 14.58569792638091 26.78979776985891
479.32803544761 78.57838582828745 2.726807757109361
386.8687606948876 2.695391753182291 26.42662438252269
341.4101961919512 33.58717586636578 11.58357243073796
391.0720179097087 42.58432781831279 2.683388188352623
405.0885800144768 2.475151853374455 24.5999999999999
479.32803544761 80.1933144099527 11.40756060198729
479.32803544761 78.41111620851548 26.2075108368732
477.1570413966259 80.00608478828154 26.74053910222069
480.9615946190201 79.57760104006188 18.93759105555378
474.6591267223033 80.11795211998457 14.49999999999996
479.82803544761 79.27892487223076 5.278712636906003
413.2886149393477 40.56365576051743 27.15130321826724
403.22803544761 0.942816778775072 26.7999999999999
403.22803544761 33.4006810384972 26.80434194843514
329.1969000071348 77.89623231893188 6.690942663973884
393.2697331683664 40.42047758370014 27.04270417117353
418.6545932321217 43.80636533404149 2.252663216243715
393.5869126215295 3.600298872477178 2.36507538385507
479.32803544761 89.97135231611574 17.81120731138889
403.832832130264 33.3111919225531 2.2
403.22803544761 33.4006810384972 2.2
475.9317171816159 64.91410501192239 0.0
402.623238764956 33.311191922553 2.2
393.0829657131316 40.68193390497982 2.11009695274992
390.0964316352691 43.13312613684995 1.975216976939989
401.254244351895 31.70626093168486 4.4
345.6407387761848 26.06446593383982 4.388295280501484
438.6113630790055 9.547317694051827 0.0
443.5802308037473 12.48285269081254 0.0
443.6120644381425 12.50165954038435 28.9999999999999
479.32803544761 81.319859996444 12.14017850175997
327.12803544761 77.61182244384261 0.0
412.3152040163021 38.84303109321178 1.800242972689971
370.0837249478933 13.4305617615902 11.60792297392753
387.4259588327 4.13700831126492 17.48282673060738
479.82803544761 78.8982942508623 12.06698049910283
327.12803544761 87.24920406504043 6.214493062128904
416.8841827981368 5.363344619087465 26.51787181110911
433.8380036328274 10.22847388758658 0.0
388.8849439687753 43.58909104144426 26.69869429769095
401.8316654226973 31.96498878387872 26.55181769091986
414.0298696052075 41.46531344927711 26.5222228791686
412.9779910131062 37.69891766198253 0.0
403.2772110485415 2.831869924129234 21.91528467890475
460.582573392742 31.1194653929756 14.49999999999995
479.32803544761 89.9709966254323 16.22369013127047
473.7030217965373 44.220306072896 26.92041849704584
474.7479543687729 54.00099412692676 26.75827194494813
474.8455552220228 74.72721618901805 11.610391373686
436.372345947327 13.4305617615902 6.584843370061258
461.5183889838326 32.28432615955469 16.29285534044059
479.82803544761 82.31044623744617 13.75303863218222
416.6128270707948 41.28749451968014 4.4
436.1893300939727 8.128781170425876 2.23594438183131
422.079027543859 8.12707346977893 6.854279612303259
352.024996034594 22.87747132874861 2.292474282364803
482.9380301512657 79.52799621493675 19.80642808214595
329.4050374271586 62.13408838928112 17.1568285533074
376.2824616908609 6.101434328590087 26.63107936748924
327.12803544761 79.080894470245 3.595358267289423
348.674438434152 29.3596543641468 16.55122858903533
390.1883946824447 43.09301688948608 26.83986542597701
327.12803544761 79.75635965478924 20.26973820344936
340.8796719077464 31.72545068129396 26.65689108487065
392.3379264713657 41.23265119856922 24.5999999999999
348.6734707963043 29.34160447423741 21.72002435499775
407.190937712194 2.863253955430241 19.2069575805301
479.32803544761 85.79761431508794 22.50321666185114
479.82803544761 78.4799337460587 5.538488735043418
401.1853934159896 31.20319775461269 24.5999999999999
474.8455552220228 74.72721618901805 6.560391373686005
366.885985700744 14.29190198344539 1.677444892371129
416.8558506216211 43.34954637151217 1.638038280806471
479.82803544761 78.4799337460587 10.16269101780709
327.12803544761 80.5467628483386 5.238619429738614
470.8370375560237 41.84432729690662 26.48398106424225
470.7381409501241 42.41368723974122 2.143796581019168
328.967297487039 75.59410593147591 26.40410860791628
473.363499643108 47.2536132287936 11.76218594629621
479.32803544761 82.7344916174983 13.46661013074631
434.147467881319 10.65386971694647 26.75371513076417
339.8515958357419 33.19550555517539 26.72397230446865
366.795313595462 15.3766084401127 7.599854963526484
333.1017677074616 54.11787042114447 26.77506166356501
407.0064541223162 5.828627679932207 22.44735731081303
352.0951598537897 23.94721628444439 26.66817474405655
407.0064541223162 5.828627679932197 17.42470319252567
462.7955808582019 34.23453097510209 7.297853383811113
327.12803544761 83.30126150152064 4.615665249426064
411.4935962007515 1.828309268164695 0.0
479.82803544761 80.44590271562416 6.844720763006877
473.8577357500508 49.03508606229924 26.59039060856373
420.7789754827077 4.885132462072391 26.36671112146768
420.3639087937321 4.707887055083346 2.173524765848026
356.0811575379269 16.49705261175143 26.76216689034744
323.907689854632 79.35272494563431 9.260483388862045
342.1266260999931 32.99577990531338 26.31076100130321
346.5397011385477 28.45048368812896 14.5
479.82803544761 94.73664459956754 16.40457296841749
331.6450401640959 46.86425730737242 26.33664216780211
386.6118515383403 5.178925891338261 2.243242002943139
479.32803544761 78.89829425086238 20.46463509999649
479.32803544761 78.92619395677968 22.59537337280929
341.4101961919517 33.58717586636578 6.53357243073801
472.205502497789 79.34102082139846 13.07693754973968
334.653233098936 43.5393267553592 16.768864757691
437.8665728359634 11.57356299089514 0.0
476.9653268900073 66.04087287635704 17.36545319009278
399.5673977064731 3.051619871454645 1.125538849370719
346.6613822311076 31.09802272084312 28.9999999999999
328.664309840574 58.5006436849976 11.82688337674212
343.3074891838955 31.48154306458751 26.95443782770682
367.7606109092163 9.597000927192717 4.4
482.043108330223 79.40633903668275 21.60368160881015
367.4641162417544 9.772165677172602 24.5999999999999
380.7837851256601 7.351356789910884 26.85207526118998
479.82803544761 78.89829425086232 15.30447880196368
440.5916907796044 15.12716556598097 20.92990464626958
474.893983575779 59.2771008203052 21.75674091320112
335.72803544761 80.18484325760058 17.34280422642563
461.7482923349275 30.17548480640085 14.45836119680803
475.6320287985393 77.69077726273247 13.13926790828762
479.32803544761 90.92321843971966 11.60582603320758
481.1159095570578 79.73629262315684 7.218309110426985
475.6056057816968 77.71720027957497 8.145659688607896
480.7367768909688 78.63449715388684 15.12722534610718
392.470201330696 5.820342873993965 18.22896231410262
474.85108947216 70.9520474254162 11.89099048998348
479.32803544761 68.95370119579248 2.545255019402162
432.943669769524 11.7375262991512 7.227847242622146
474.9151374311063 78.81894360535487 1.983387589063469
473.9069272605001 80.74627776117647 16.24225471594399
476.8278682393972 67.91841039071363 2.204716332308083
340.8775012484552 35.15635986369489 26.68591006487988
380.7845288580827 9.29341634997154 11.74882478535879
476.3546501883661 74.84933435776266 3.272319770013951
479.32803544761 90.91921087632048 17.54070749877851
410.307244386132 3.95068068223761 22.78946167887706
411.7990272291845 4.107473377139075 22.78946167887706
461.4790014682193 32.28018636484715 13.127116447647
475.4750820874916 66.28958914453779 17.09563244092868
327.12803544761 77.49010257085175 24.5999999999999
344.7159974796032 30.17462096317204 15.7079414978857
479.32803544761 76.04560515427298 26.53096610585903
466.8052359842145 39.57799286775033 2.163845932188129
476.5975051365285 78.46291808394666 8.925458100487058
476.2050124993315 79.21565903424593 15.90814534376283
426.407934720589 7.13847173872214 28.9999999999999
479.32803544761 83.55223179079255 16.78669100146272
479.32803544761 83.03468634298552 9.4719744807565
479.8258562812184 78.4799337460587 17.32107416689864
395.324538740111 3.28318560816215 11.72290067898355
391.5199527121558 41.88546974208579 24.5999999999999
479.32803544761 96.6810974931038 9.506598713206992
462.1496190381416 31.07651273550383 28.9999999999999
353.6780789218946 18.62087730387814 4.4
349.5817776554347 22.41456787552755 4.4
479.82803544761 82.25535523699551 15.63369986979832
474.8856619047418 78.43714415652988 22.51223491419232
336.7338880043247 45.53871639820164 2.513825983924304
479.723364622023 78.4799337460587 6.572042685289252
333.9971825660854 79.19630514095118 22.35690207689527
336.3323056619574 45.22425121499032 22.25444441003647
346.4483538509864 27.35208698460328 12.19761868407609
474.2854019098791 79.14992315521353 26.78777834858268
374.4414155263761 8.774799705223806 2.14666277612142
392.201949261939 4.298800115083809 18.08545476863999
344.9421219326469 29.41214009355757 2.473029335760093
419.0607819914168 4.184235860214149 17.39014123405062
337.0011108661425 43.90061467297821 21.45945953655836
407.7395344818264 5.195137678551972 2.316947150517102
411.642234534283 5.599256220191492 5.6625
325.9440862952038 79.28829595370684 21.65508536777857
476.9846946065325 77.62175603737819 15.51350647945009
327.12803544761 81.66915693830889 7.452461643790844
479.82803544761 80.99735962155984 8.629675488939913
458.6841514566397 29.40695338046553 15.73490307765608
479.82803544761 92.3296535225995 18.84318873432548
343.833572472914 35.3273304669025 12.43366013054489
349.377553571481 25.75055536552902 15.58421905324912
327.12803544761 78.95230032846264 8.344839018424642
327.12803544761 78.94185628494898 6.476121422086082
477.791761054646 58.5006436849976 17.28344508017729
364.7694517779856 13.47509038960097 26.78781930138891
326.62803544761 79.25312186921289 23.74966493085298
414.7112608762548 6.35753572050973 28.9999999999999
439.3668346887038 12.08428989501337 26.6022862638422
358.1681722704468 15.26407457219489 24.5999999999999
330.7366389866735 67.75777333359031 12.01573836703844
331.0032267346297 66.32019702507347 12.13186581090004
334.0640961289945 46.88067976941648 15.76051267893463
410.2337628583295 3.794888982430746 0.0
413.9895782449311 5.825447435348544 5.6625
329.4046129083697 73.85890187552357 5.575018312036192
425.434622697704 7.50381055494159 26.61945328491025
390.413945420976 42.97312896564617 28.9999999999999
436.372345947327 13.4305617615902 17.27019975198181
479.82803544761 82.01884292643585 18.95975505517664
387.4259588327 4.137008311264918 11.80266424791149
479.32803544761 81.26788592841075 12.98632976983052
330.6627324909102 59.79634357265462 6.426322080822802
479.32803544761 81.9693540347445 19.1017247048767
479.32803544761 79.1118052418926 23.9050818086677
424.5075811781427 6.027599475013086 2.641916909563035
479.32803544761 82.79757853089535 15.43760431762687
327.12803544761 80.35479492777735 6.650509647808944
479.32803544761 81.9693540347445 9.89827529512323
327.12803544761 80.27691444557735 22.4369686698497
479.32803544761 80.3334535108857 22.35498699640787
327.12803544761 79.11180524189265 5.094918191332185
479.32803544761 82.46638948985503 17.29393063754414
479.32803544761 81.23517184047066 20.82619916119445
479.82803544761 82.71370797878853 13.51426355971918
350.4129256700476 26.750772213489 15.93169546754157
474.633712971021 80.04732552068107 22.97376949760347
327.12803544761 79.73551326560002 10.10358052917154
482.3007151136977 78.72019022353606 12.19058499953937
481.2738053307605 78.62961994003129 10.41123293518396
470.62286327018 48.473823158021 21.83999076501492
426.6209144658097 6.484055104614058 17.25948351800552
477.2547607882029 59.43075543015578 11.99369674950883
326.7282186211717 78.4799337460588 5.280912357841149
410.817946765306 6.26675129426696 17.25707526368685
476.5057818395723 78.4486137592656 10.15347815941786
335.4370838438376 47.48975999809477 20.76231122297501
330.9515503739241 54.18917544260944 11.70309655365364
330.4530012709095 55.60066963909208 11.95148546774899
479.32803544761 78.89829425086239 21.48243261449979
481.0050877259334 78.14728448488573 16.23231828508115
381.243737053976 8.392169520496935 17.01081413239906
474.875650914112 63.2507629506433 21.76454893227286
439.0784338581697 12.21566076832158 2.190234490383246
346.44500395772 27.3522625450702 7.673560460847412
326.62803544761 78.8982942508624 6.426643346489914
477.7768071233404 78.41386855418607 19.44867743145883
346.44500395772 27.35226254507027 21.85289856897298
479.32803544761 79.67428709276662 7.707910096743848
326.62803544761 79.09847542646395 5.080258357347623
388.4372343725718 35.11512097994407 0.0
476.907298688237 57.98999909966319 11.95312826002957
479.32803544761 92.6934726294118 16.68971898951168
479.82803544761 82.49935103063633 17.13236351915689
325.8109167222221 79.23483305755515 6.636851738134632
351.49887391504 26.750772213489 16.10296106870285
390.7536033558471 5.7514100537528 2.235289420894818
327.12803544761 80.86209584572956 8.363114900954734
479.32803544761 80.8620958457295 20.6368850990452
479.32803544761 81.99561786286033 11.84575969629975
479.32803544761 81.57430734164025 18.9640162365571
479.82803544761 78.85114770631927 16.51998348959348
479.32803544761 81.50637483680094 10.15109287125628
441.160757299759 12.7785322287594 7.140367641706276
479.32803544761 82.28550060025074 13.59091592165655
332.5910087501252 49.04508927796525 26.1136391515108
481.6898044565936 79.29393620500396 14.01084374346561
479.7652683283792 78.4799337460587 11.67373644860873
477.340346764573 74.62455178011218 0.0
331.0722416504948 58.42866323382293 22.50125387784962
460.417719064745 32.1686410894291 13.20187717038831
340.1566825703442 36.64891395869756 17.02499999999997
466.3697747434083 36.63687365755769 7.367705401553159
408.8300378938613 3.463597622575401 26.43723454539029
440.2846259978142 14.13941067542726 3.229511008189494
465.8153098836175 38.68773041532776 6.463134985581357
326.62803544761 78.4799337460588 9.798707697398331
327.12803544761 78.97208692873421 20.59754175821061
327.12803544761 78.97565607754396 22.39088108610201
451.3231064218083 20.1556709352554 17.00422778728168
393.3322111572267 22.0029127090259 24.5999999999999
464.8875873250769 34.58656304017994 6.61488008265053
403.2406745549561 31.82792425430576 28.9999999999999
414.2205212620845 4.338810363101256 17.02499999999997
350.5294000479079 26.750772213489 6.826725963337932
343.6657820574924 34.26794347738437 21.80993904900851
341.5725911801568 34.61249746912601 16.99643176528436
479.32803544761 77.59331832063776 1.546400586147131
342.3642211294239 31.90164124100169 4.4
475.7344577627505 63.80847863923903 11.91240072854605
332.4469133878587 54.84133295936505 17.25907573835971
372.5004997253079 11.34909374453992 16.20090855944012
427.1024441072495 7.429110237616635 22.07499999999992
365.8019174164442 15.11042873618078 21.5655610710607
479.82803544761 78.51495383480315 13.7280990029225
329.2885674024596 71.46232573032245 11.91739569852026
425.2123338412445 8.39216952049693 22.07499999999992
339.1451527630352 40.6325422311443 21.90368089980602
339.1529922249148 40.66179950118303 17.43321221659503
470.091341819791 45.21371620933425 12.28382410791532
446.0888766921676 18.22511765190931 22.0305190681002
394.813836360937 5.59925622019149 6.925
326.6848274181452 78.8982942508624 7.994667755663361
479.32803544761 78.95329300164272 6.450974496093165
465.8638322541156 38.6980441635649 11.97499999999995
396.148826509088 3.950680682237615 6.925
327.12803544761 79.70139167776804 21.1616976069227
329.445703505932 69.97096696153775 22.0749999999999
477.0624162545001 70.0131153015322 22.07337872066106
403.22803544761 4.316380510771772 23.54614129720364
477.1655385118597 71.46475227964929 21.80621650656906
326.62803544761 81.25582420693975 20.78550011286828
340.5490820595583 35.49056769501874 2.450163112057689
459.955556273161 28.4114691189474 6.925
457.8368639095929 28.32939126744515 6.994841985081755
413.0036366245038 6.537407922328514 2.227364640260494
326.2136505663648 78.40760679197811 6.956753859201276
388.62737083759 6.181906644802618 11.975
479.32803544761 82.28772613898926 21.34187551507111
331.0119565766685 62.37540607093604 21.97896694951099
329.2169871066783 59.45790879007836 22.25099163144547
475.7114913189714 59.74908913590179 22.64252470592935
479.32803544761 89.83775424737178 13.02973632451681
475.7194319085465 67.75777333359031 22.0749999999999
330.7818478492031 71.61860785071246 12.16652118816416
479.7500748948466 82.72383952685375 15.3349335649641
330.8994505250738 70.08078932564547 11.61110562085724
351.49887391504 26.750772213489 19.99779711138238
329.4051456961913 66.1030636881869 22.25575354540332
421.9369260256227 5.759626076801633 17.02499999999997
479.32803544761 79.00368629810869 15.35795241935387
346.5293079949521 28.96087940282748 13.78175177344474
329.2400453762273 63.54181268136013 21.79653904698456
448.182253422398 17.88173708916835 22.07499999999992
337.0800699602154 41.12170071189375 16.4450031444082
348.6189277698135 28.30044779026965 6.925
326.62803544761 80.1643667380337 6.399837096991696
480.8499175318001 76.47853085081186 5.219158413814247
471.518823497852 44.41343288596609 12.23298118442152
327.12803544761 76.1484818913372 24.61572456003376
387.4259588327 4.13700831126492 22.57765418691468
475.6709428820944 67.7225439937311 11.99797613441273
475.6389416903353 67.69929376697127 6.823445695698445
330.7527340936619 67.74607955387071 6.835811855713759
477.200964419439 67.52312163602994 22.0749999999999
415.4124411223319 6.079327891963546 16.71360034895435
329.4077231344093 70.00172285997184 16.96289021332567
329.255106475781 67.52312163602994 22.0749999999999
329.2889108110305 71.46274980459015 17.02499999999995
450.3782659834158 21.43205197768625 7.012555088659362
326.9095133826578 78.89829425086235 18.96252436429526
325.9671729399655 78.87789741984253 22.60623945310216
446.0948565181972 18.26287278756154 17.00880977994563
447.3231380704044 19.09168902760753 21.99407115352673
329.8551574392955 78.45853324062038 1.449543555837647
391.4610215659603 42.31901467636903 27.31906039618582
380.7610310727367 6.955811798430138 16.70067000481961
329.4178839394392 77.67524838662752 18.25115441823661
477.1012680859646 77.73832951681031 13.43356201737567
467.31627631343 40.61254522650375 6.924999999999975
331.002743048671 62.3612184819796 17.02499999999995
327.12803544761 79.45264554151306 22.7155761171327
330.9503146530442 66.24736979260473 22.35906402157978
381.243737053976 8.39216952049693 22.07499999999992
366.7748479650456 11.51569368223764 24.5999999999999
326.6826997941574 78.4799337460588 6.980568026049182
425.6758593328065 6.965584746054205 22.07499999999992
327.12803544761 79.02716829568593 18.97455028144113
479.32803544761 80.64452593684605 4.841292595236215
475.484780210986 66.2762408226976 11.97499999999993
329.2190608032831 67.47350902409269 6.988938839545588
330.971290684234 66.2762408226976 6.924999999999975
458.840839034945 29.41516502848575 6.925
374.2351019659194 8.639664944508443 26.52923912405145
399.4671966629104 1.345716787270132 1.109564298091287
340.592238641105 38.6980441635649 17.02499999999992
479.82803544761 78.89829425086236 19.56428939045517
479.32803544761 78.8982942508623 8.68390769329435
442.7629163747279 16.40953276462239 11.72258624863517
467.1258286065725 37.86231178205362 11.96569541347238
327.12803544761 77.29934657953828 4.374882733838252
467.1277424089421 37.8533080498017 22.09003133162108
342.4549283692551 33.39792337318848 22.20864512398178
464.0112266113915 33.39952053541495 6.924999999999999
479.82803544761 79.7112555464486 6.589619217366584
479.82803544761 78.8982942508623 9.577499581922334
332.177007598676 76.60329259680445 24.5999999999999
330.9298496540635 54.20023251165075 17.03065987030671
332.177007598676 76.60329259680455 4.4
463.6754813530877 35.49410657906564 6.902755993639621
474.2790632965445 76.6032925968045 4.4
479.32803544761 73.24191204902517 24.5999999999999
403.22803544761 4.2826943231977 5.657646814355115
449.3820016503271 18.22854763352517 2.36469717804071
477.842872315213 78.4799337460587 12.51438331244336
363.6407815578812 13.71149148087019 24.5999999999999
394.52107753901 5.477164396282503 2.436217519662643
368.721753448675 10.7575421890251 7.130241330619692
479.32803544761 92.7895892556229 13.25484949844781
476.9663127218785 66.04158912513725 11.98596309961223
477.1924430463959 67.53485029982413 12.00828292068855
346.5973958405974 29.4685075539513 13.23580191780307
326.62803544761 78.47993374605875 20.8314576079233
462.5931260996377 35.40952368563715 28.9999999999999
437.303156017652 10.34324841485081 1.25053680776828
475.0077509167577 79.92548527255073 19.19177147975899
368.5209214827099 13.33603423900854 25.77952504604074
405.934531752091 1.232764699037795 0.0
405.934531752091 1.232764699037801 28.9999999999999
323.9720640103238 77.49314286196139 4.411725635735944
400.5215391431295 1.232764699037795 0.0
400.5215391431295 1.232764699037801 28.9999999999999
479.32803544761 79.85320706267792 1.551987765066633
422.079027543859 8.12707346977893 11.7812616120928
360.1145502621607 15.97727960059762 2.263160197987185
444.8320524604012 15.51475454689718 2.050926307153464
461.6227890300455 28.89354664563595 2.743009637591148
461.3920771680149 28.80842816549623 26.66056599422298
441.3323948196195 16.36172918975835 4.4
474.8845898574981 78.43821620377364 17.21248212221935
330.6382476776275 54.82386608935445 26.81856415999498
331.0562570813989 58.40097714801166 12.06660030365514
327.12803544761 90.77478890304091 16.72815777069665
399.3039537841076 2.898208181645366 6.86953392067708
400.4099621055709 1.244717987108295 24.5999999999999
377.7020121504684 7.88701864341877 28.9999999999999
331.5527934097478 78.41952857579855 22.04284903159063
349.7674058224108 29.75189936346124 0.0
479.32803544761 84.75633193864168 8.113030349123557
471.1657386686858 50.43891650929899 4.4
340.9695418026294 39.97758572499066 4.4
466.4467251165389 32.96993754636045 26.9336258637856
325.9839946665161 78.85532035084744 15.7851284237579
327.12803544761 82.02954922609221 9.806271485430663
327.12803544761 81.23517184047066 8.173800838805494
331.539188957717 50.9611638654137 21.90554577254606
465.7292450094325 35.99463294411115 26.61995511774639
347.6167035012452 30.91033018791193 4.4
456.0420300428165 24.6294518699294 22.58104860588632
461.5201087435255 33.7479857781658 24.5999999999999
466.2353390134516 32.69581001164357 2.2
477.824404826105 66.6650295318034 17.284229901728
395.324538740111 3.28318560816215 16.80058598044727
325.9217848687576 78.61636137117152 13.94020036130719
373.512401125697 11.7375262991512 7.086745729182973
464.4621458533802 34.26511510741655 28.9999999999999
342.8067054093807 37.32215735191389 4.4
325.6282169903434 76.41503434256099 4.953149860679374
328.645977178907 62.62702787819 17.11496127580206
420.3939663173343 7.378334754458194 2.43911954033
362.7874340548128 12.53508169526942 24.5999999999999
355.232339073944 19.2101847682989 6.974575422242805
326.629106740639 78.4799337460588 13.76018475267658
410.5578896056443 3.741025508013997 26.88367419887261
326.62803544761 78.89829425086239 15.67588039355542
334.3999057548228 46.11613079195597 2.492886154409787
390.1323709758208 7.02092365605609 24.5999999999999
377.147631711322 10.5381591698549 21.93035654186037
403.22803544761 31.48811396715813 24.5999999999999
477.840816617345 74.56964357882143 17.16800068561101
428.8055145293761 7.397978831527454 26.71495478059565
377.6232886582297 7.704136012787986 2.347290782597333
371.8313978228161 12.36534284198569 24.5999999999999
462.622498422306 35.3273304669025 7.066734497241526
479.32803544761 91.68717897884184 16.17381204086085
333.6191966624782 80.95781762465708 16.68627723123514
366.795313595462 15.3766084401127 21.69088025375115
419.8795434810039 8.644370721921547 4.4
343.3092377954029 34.53166700793105 26.76281043352647
438.0149827704751 14.47113516418951 4.4
460.417719064745 32.1686410894291 16.37524662035127
452.131682615323 24.1354923240233 21.91103725691472
378.8271922368476 10.34249591906961 24.5999999999999
427.7774883288068 10.149023408387 4.4
465.4092221510771 36.44261736228738 2.409144454453355
361.9015354646299 14.75193918176747 7.054189359252022
405.2739162300222 6.136123018235635 24.5999999999999
343.833572472914 35.3273304669025 7.051703891548907
448.395343828202 15.32755164028605 28.9999999999999
345.816613474865 30.0589415606689 12.1060585576606
446.252973858959 19.26118638729267 21.94930831217146
393.7625318972558 6.90514403906038 24.5999999999999
325.3337894857065 78.37113684664251 8.755287840869222
479.32803544761 80.1792256989053 13.22431219111079
367.7156758270038 11.80663983189875 25.81585058741509
479.82803544761 78.8982942508623 7.92428299316416
481.1211774444878 79.25029017044183 20.26356723576225
333.7374344352316 50.63176533656818 2.351025468600678
474.4800627419356 80.0714708239287 13.23795689807621
475.4113939670739 58.38091973421842 12.56831898421042
475.812542229323 59.8074309061951 12.07875410131737
338.2731080307121 35.45259893020348 2.22753971729987
477.840816617345 74.5696435788214 7.038285354842184
355.232339073944 19.2101847682989 21.96362956483539
461.5110687038859 32.28355676712898 23.258829166073
348.5079894566804 25.9271396399551 26.75231859363495
474.9910879240218 76.32985281276405 26.59114478167978
476.471276374159 54.6817621530909 17.07623131358305
475.492838855242 66.26514905044021 22.07230757929119
474.893983575779 59.2771008203052 7.028754101317366
411.7954863697026 4.429528327028819 2.178366310707497
474.86133980432 67.1343329269241 17.1604673231789
343.706913946105 30.2806799162796 7.023032177010031
444.5456049330732 18.51260811246645 4.4
454.95719698018 26.70696533260726 22.10177503564677
479.32803544761 87.93824371132754 12.53600741850607
327.12803544761 75.71508723273205 4.398449791699961
333.092571252113 47.2536132287936 17.54086715818006
477.810093716314 62.62702787819 11.88684351794484
476.6220435855785 79.7953663211614 12.55397642330553
328.631666069115 66.66502953180343 21.98797500934782
334.26972013278 49.68473811185762 27.08225452408911
454.170143643505 21.9344297086977 11.8969806256216
430.383543032534 7.737417890363307 17.03649655681902
358.430750828845 16.89089887487609 17.78635507037268
329.5355216475705 62.04935094575295 22.2317119217556
448.016329615836 16.8341354041678 17.09282209834229
469.129818223719 44.9012982545778 17.09273976795094
332.402007673144 52.8990864294775 11.77012518850743
333.4898109931445 50.12686862967981 11.90894158022679
354.405689073469 22.0157305022696 6.990951926995741
324.0734389734781 78.30654663565306 16.23985360371104
477.8220532951798 78.45911472602549 22.73156675325448
337.326252671501 44.9012982545778 22.01272810413638
472.6563063407293 50.56899816240696 26.48571164478818
326.62803544761 78.89829425086234 20.97230888870888
467.2563562250034 36.82532236892593 21.95021292005412
378.01045042675 8.600236605791174 11.91870139810084
479.82803544761 78.8982942508623 12.9598550581573
349.377553571481 25.66223647379374 6.891544039069995
419.0353717718453 5.202275210741904 26.8919180078065
457.0785173237398 24.6294518699294 17.07550901628976
449.335770648127 21.5416226526699 22.02623035391882
375.209709147258 9.67534045442706 11.92774667065563
350.5317970879216 24.6294518699294 6.900291054750193
388.049693905153 7.071451113466317 12.01864176861574
436.7389665240055 12.42247237187348 1.252739794789509
418.406376990067 7.07145111346632 17.06693368293059
376.072527862686 7.737417890363309 11.52064903865611
332.5056633201091 78.7630724135401 28.9999999999999
472.5916218032803 80.88814678209542 14.49999999999991
328.615254277876 74.56964357882148 6.287013922341649
331.5947310908999 67.1343329269241 12.1427667736616
332.46493240906 53.69863757836213 2.271749619675155
479.32803544761 88.8288832137585 14.50000000000018
479.32803544761 92.46618990965317 14.49999999999999
429.4073974614902 8.19775822318164 5.882524545704618
411.131532155109 3.28318560816215 22.78946167887706
481.2889648526667 79.17871173320746 5.290333289813352
474.916881937504 50.9611638654137 11.74645049345063
430.815905855202 8.708520689744427 6.045794242976953
339.8232371864815 38.41234447598771 2.553747891888586
399.422141051755 5.859142559694 22.26391415834331
420.185465927395 5.916097248592301 11.94191166516559
333.1038909769547 47.28310212019409 6.943241967845564
344.607953388364 32.59000728645792 26.21015503767722
474.85108947216 70.9520474254162 16.97651585350555
331.562087319441 59.2771008203052 6.868957711097877
339.3947893469447 41.64229579645991 6.95418028826148
407.033929843465 5.85914255969398 12.00234588171259
441.160757299759 12.7785322287594 16.99823502482803
469.639833471945 40.1370642793421 12.0002697546575
384.377043351361 8.12707346977893 21.85570009112358
472.865517851193 45.55901588018052 26.35644701068189
329.984794521061 54.6817621530909 11.93394625426197
325.4948417533257 78.40621982283362 5.272631083871622
375.641118504972 8.706379172395184 13.04921778821866
328.631666069115 66.6650295318035 6.946245462941641
328.631666069115 66.6650295318035 12.03873638882492
417.251023125193 5.29236217613892 11.95417668893329
477.1377374076578 77.46898396602884 26.38701065453882
467.342361755731 36.843603408822 11.88299123132232
429.3281863009649 10.52936718688487 6.944223478027576
327.12803544761 78.9738715031391 21.49421142215631
380.762207412536 9.337224653499506 17.11285719993004
430.5098037536735 8.97185833616611 26.48744119276466
393.5309219935608 4.967012789771127 26.49360884553193
477.824404826105 66.6650295318034 6.935963099612285
376.0758439119148 10.33700588612969 2.138796969357868
332.837964069947 55.6088131362157 11.96735547972108
346.0232797612334 32.13393688895322 19.71235201683177
477.8034641120375 62.63723657353884 17.03124196242646
474.9054743459842 80.40473112415592 5.905451774335755
333.1010627567583 51.57956638079428 26.35796362112759
331.539188957717 50.9611638654137 12.37330888106024
376.100046252001 6.161919280066513 24.64126400129703
474.5627409321025 53.75486431429502 11.975
474.5627409321025 53.75486431429502 6.925
474.5627409321025 53.75486431429511 22.07499999999992
474.5627409321025 53.75486431429505 17.02499999999997
416.2958247364111 5.390717679632846 11.975
477.8344884265478 70.65827925218154 11.97499999999993
477.8341549631133 70.69791368531823 6.924999999999975
355.0599187178753 21.32506782768582 6.925
357.2927206031618 19.42673959328298 6.925
451.3961521773443 21.32506782768585 22.07499999999992
449.1633502920586 19.42673959328284 22.07499999999992
451.4372581400621 21.24175198579549 17.07416252398617
449.1304716256969 19.43019528036735 17.02499999999997
370.7244236822202 11.40824919296323 11.975
368.1107053190422 12.78948882312216 22.0749999999999
435.7316472130008 11.40824919296323 11.975
438.3453655761788 12.78948882312216 22.0749999999999
435.7612978176942 11.39861512749309 6.924999999999999
370.6947730775267 11.39861512749308 6.925
438.3750161808723 12.77985475765199 17.0249999999999
368.0810547143487 12.77985475765199 17.0249999999999
370.6947730775263 11.39861512749307 22.07499999999992
438.3750161808723 12.77985475765198 11.97499999999993
438.3453655761788 12.78948882312212 6.924999999999974
370.7244236822201 11.40824919296322 17.02499999999997
435.7316472130008 11.40824919296322 17.02499999999997
435.7612978176943 11.39861512749306 22.07499999999992
368.0810547143483 12.77985475765184 11.97499999999993
368.110705319041 12.78948882312173 6.924999999999975
382.553049750207 7.073990273308019 11.975
382.5792971620729 7.089144223925797 6.925
423.9030211451258 7.07399027332461 11.975
423.8767737334853 7.089144223975571 6.925
385.4245798172307 6.282379187551397 11.975
385.3983324054099 6.267225237271132 6.925
423.8767737332149 7.089144223419542 22.07499999999992
382.5792971620051 7.089144223419542 22.07499999999992
385.3983324054099 6.267225237271136 22.07499999999992
423.9030211450356 7.073990273139268 17.02499999999997
382.5530497501844 7.073990273139268 17.02499999999997
385.4245798172307 6.282379187551398 17.02499999999997
408.6001418630919 4.448918923134711 11.975
408.5796694293539 4.467352385551074 6.925
397.8559290321301 4.448918922995516 11.975
397.845692815259 4.43970219192653 6.979489134920449
397.8764014658719 4.467352385133478 22.07499999999992
408.579669429348 4.467352385133489 22.07499999999992
408.60014186309 4.448918922995516 17.02499999999997
397.85592903213 4.448918922995513 17.02499999999997
345.749132037125 30.06603414557715 6.924999999999975
460.7069388580954 30.06603414557715 6.924999999999975
476.2938073562349 73.17671018355212 22.0749999999999
476.4115632577815 76.13725615781829 11.975
330.1622635389854 73.17671018355216 22.0749999999999
330.0641336210298 76.11958484281962 6.925
476.3919372741904 76.11958484281945 6.925
476.2741813726436 73.15903886855338 17.0249999999999
330.1818895225765 73.15903886855338 17.0249999999999
476.2741813726436 73.15903886855338 11.97499999999993
330.0641336210298 76.11958484281959 22.07499999999992
330.1818895225765 73.15903886855338 11.97499999999993
476.3919372741905 76.11958484281958 22.07499999999992
476.2938073562349 73.17671018355212 6.924999999999975
330.1622635389854 73.17671018355216 6.924999999999975
476.4115632577815 76.13725615781833 17.02499999999997
413.3624291578597 4.962250770232552 11.975
413.3772638794791 4.982669013790419 6.925
390.145411437193 5.411135922260513 11.975
416.2809900147953 5.3702994370052 6.925
390.1602461588091 5.390717679632919 6.925
393.0699689184332 4.994833609747809 11.59821779093416
393.0788070157475 4.982669012393028 6.925
390.160246158809 5.390717679632837 22.07499999999992
416.295824736411 5.390717679632868 22.07499999999992
413.377263879474 4.982669012395083 22.07499999999992
393.078807015746 4.982669012395073 22.07499999999992
413.362429157858 4.962250769767441 17.02499999999997
390.145411437193 5.411135922260486 17.02499999999997
393.093641737362 4.962250769767438 17.02499999999997
431.2415810371339 9.664602802101687 11.975
431.2320196154777 9.643127497450902 6.925
431.2320196154776 9.643127497450902 22.07499999999992
377.9961082942656 8.632449562767357 22.07499999999992
428.4599626009554 8.632449562767366 22.07499999999992
375.2240512797424 9.643127497450896 22.07499999999992
431.246361747962 9.67534045442708 16.99764504662021
378.0056697159219 8.610974258116572 17.02499999999997
428.5084920506741 8.572244373903628 17.04208302468043
375.2144898580862 9.664602802101673 17.02499999999997
428.4504011792449 8.610974257994759 11.975
428.4599626007927 8.632449562401918 6.925
476.0216957378194 57.4786959978444 12.03970935823031
330.4417586451756 57.47443313918993 11.975
330.4588067887429 57.46459038891217 6.924999999999999
475.9972641064771 57.46459038891217 6.924999999999999
480.7477016749022 78.2376536060941 13.25080989922414
330.4588067887429 57.46459038891213 22.07499999999992
476.0143122500443 57.47443313918993 17.02499999999997
475.9972641064771 57.46459038891217 22.07499999999992
349.377553571481 26.72138895796213 22.0749999999999
457.07851732374 26.68221128392626 11.975
454.95719698018 24.67842396247421 22.0749999999999
351.498873915041 24.65883512545629 6.925
457.07851732374 26.70180012094419 6.925
454.95719698018 24.69801279949214 17.0249999999999
351.498873915041 24.65883512545629 22.07499999999992
454.95719698018 24.69801279949214 11.97499999999993
457.07851732374 26.7018001209442 22.07499999999992
454.95719698018 24.67842396247421 6.924999999999975
349.377553571481 26.66028352606251 7.120419795545656
457.07851732374 26.68221128392626 17.02499999999997
339.54926521025 38.89273361368937 22.0749999999999
466.9068056849706 38.89273361368934 22.0749999999999
465.254584484476 36.46283590843092 11.975
341.2014864107441 36.46283590843092 11.975
465.258245303566 36.44561310871535 6.925
341.1978255916544 36.44561310871535 6.925
466.9031448658809 38.90995641340491 17.0249999999999
339.55292602934 38.90995641340492 17.0249999999999
465.258245303566 36.44561310871534 22.07499999999992
341.2030810792934 36.47033823410294 22.06899018873256
339.55292602934 38.90995641340492 11.97499999999993
339.54926521025 38.89273361368937 6.924999999999975
466.901314456336 38.9185678132627 11.98834771908238
341.2014864107441 36.46283590843091 17.02499999999997
465.254584484476 36.46283590843092 17.02499999999997
466.9068056849704 38.89273361369056 6.924999999999975
473.0504561153129 50.13017755037382 11.67272552197067
332.3861333339383 52.86343207986013 22.0749999999999
474.0699375612817 52.86343207986013 22.0749999999999
472.9630850342344 50.13399949960328 6.925
474.0762872969639 52.84917034001317 17.0249999999999
332.3797835982562 52.84917034001317 17.0249999999999
472.9630850342344 50.13399949960328 22.07499999999992
333.4929858609856 50.13399949960328 22.07499999999992
474.0762872969639 52.84917034001317 11.97499999999993
474.0699375612817 52.86343207986013 6.924999999999975
333.4993355966678 50.14826123945022 17.02499999999997
379.8294897153017 6.480143493417994 22.07499999999992
469.7719808677023 42.92492485700085 11.975
336.5868445527783 42.91105830914425 21.52258147995652
469.7757984084708 42.91317567462515 6.925
336.6840900275178 42.92492485700087 17.0249999999999
336.6840900275178 42.92492485700085 11.97499999999993
469.7757984084708 42.91317567462515 22.07499999999992
336.6802724867492 42.91317567462515 6.924999999999975
469.7719808677023 42.92492485700085 17.02499999999997
471.4204498893438 46.50774631003933 11.975
472.5659130239432 49.21969007677528 11.975
333.890157871277 49.21969007677522 11.975
471.4097717758255 46.5036473662976 6.925
472.5765911374614 49.22378902051702 6.925
333.8794797577589 49.22378902051685 6.925
334.992607528775 46.52425763692033 22.0036539314133
335.0356210058761 46.50774631003937 17.0249999999999
333.8794797577586 49.22378902051695 22.07499999999992
335.0356210058761 46.50774631003935 11.97499999999993
472.5765911374614 49.22378902051695 22.07499999999992
335.0462991193943 46.50364736629766 6.924999999999974
333.8901578712769 49.21969007677525 17.02499999999997
471.4097717758257 46.50364736629766 22.07499999999992
471.4204498893439 46.50774631003935 17.02499999999997
464.6852256739946 35.65403437028755 11.97499999999993
464.717701792307 35.6591780800263 6.834839810884918
343.4970854143104 33.23286191287725 11.975
464.6945045649045 35.65550400014699 22.0749999999999
343.4878065233491 33.23433154482895 6.925
341.8166043408247 35.64678683565602 22.10217647295788
341.7430085483936 35.65844326405043 17.0249999999999
464.6852256739435 35.65403436819527 17.0249999999999
462.9501770323498 33.25844914641385 21.9001060760307
462.9589854809104 33.23286191287717 17.0249999999999
343.4878065233491 33.2343315448289 22.07499999999992
462.9589854809104 33.23286191287718 11.97499999999993
462.95434603543 33.23212709690138 7.001694730565075
343.501724859791 33.23212709690138 16.93499457522032
341.7430085483986 35.65844326618767 11.97499999999993
341.7522874393696 35.65697363851041 6.924999999999975
400.8242530620308 4.2670918000307 11.975
405.6169649553387 4.280465391316702 11.975
405.672278307968 4.230661024905736 7.110500306234453
400.8292040213142 4.271549663792699 6.925
405.6219159146224 4.276007527554542 22.07499999999992
400.8292040213228 4.271549663780592 22.07499999999992
405.6169649553388 4.280465391316653 17.02499999999997
400.8242530620336 4.267091800026664 17.02499999999997
343.833572472914 35.3273304669025 22.0749999999999
374.272614347547 9.757103148073602 11.975
335.30875713561 45.556822291251 11.975
329.801331043781 64.4061168155173 22.0749999999999
476.499665010114 72.2870375735671 11.975
427.58397374869 8.37416537061922 11.975
473.713198580007 78.4799337460587 22.0749999999999
444.4573370776676 14.78261819517197 11.97679730233942
465.049549405431 33.5639747100251 11.82947030261643
343.928652301715 32.3903794450398 11.975
476.108220617652 65.4181487184711 22.0749999999999
409.482956617155 4.618175756313075 11.975
331.874904787066 53.7187028702106 11.975
424.730804199804 7.44711438749435 11.975
330.347850277568 65.4181487184711 22.0749999999999
449.114032292516 19.43192312390962 11.975
469.090795366268 42.1861023850188 22.0749999999999
354.405689073469 22.0157305022696 22.0749999999999
348.673648220692 29.34491407056264 12.07715656649571
469.129818223719 44.9012982545778 11.975
349.377553571481 24.6294518699294 22.0749999999999
363.980522590595 15.2924145851268 11.975
386.2870528140565 5.890769786451766 11.90553765974444
330.1690072117437 77.03574237779449 21.93971836063351
352.204626458144 24.0541915304514 22.0749999999999
445.058467693757 16.8183659045497 12.10262740956249
439.7070734254801 15.36419807162918 22.64574412257206
367.3223665706526 13.4096199584186 22.05397675660932
457.892653789746 27.2412412163925 11.975
328.6832864199141 70.58836014443008 11.78732016944608
441.160757299759 12.7785322287594 22.0749999999999
335.72803544761 80.1848432576006 11.975
412.46652230326 4.931761146116004 11.975
432.183456547673 9.757103148073602 11.975
381.725266695416 7.44711438749435 11.975
361.397603201463 16.8183659045497 11.975
401.72803544761 4.2826943231977 11.975
434.924092920601 10.977313077301 11.975
329.9715043148736 72.27481110621501 22.03570535393585
331.60498142306 70.9520474254162 22.0749999999999
448.34817722896 18.9293387741689 11.975
339.414313634629 41.6370642793421 21.78782123418659
393.98954859196 4.931761146116004 11.975
371.531977974619 10.977313077301 11.975
404.72803544761 4.2826943231977 11.975
476.342872315213 76.9799337460587 22.0749999999999
476.186079620311 69.3034718874623 11.975
332.8983788039245 78.56874781750211 11.88805584479518
474.9211852818655 78.40162077940623 11.77853581657534
364.746275489785 14.8275703344361 11.975
476.031004778986 61.471674013316 21.80705133556659
334.653233098936 43.5393267553592 22.0749999999999
338.865275528952 39.5880261736654 22.0749999999999
360.534944649385 17.1659830172915 11.975
442.475548304625 15.2924145851268 11.975
389.205047770027 5.29236217613892 11.975
391.854178284838 6.66822585690667 11.9657701012939
341.406521489789 33.5639747100251 22.37051143241705
330.947853803941 56.5718724190961 22.0749999999999
330.269991274909 69.3034718874623 22.0749999999999
462.527418593505 32.3903794450398 11.92672663722808
346.6332962741827 29.4666260919518 11.95872197221853
476.5828161546054 68.37392973191777 22.07474303724959
330.425066116234 61.4716740133159 11.975
476.65473985144 64.4061168155173 11.975
471.147313759611 45.556822291251 11.975
378.872097146531 8.374165370619217 11.975
467.590795366268 39.5880261736654 22.0749999999999
324.8171129758255 78.55379226415367 21.02492850396914
459.900045608822 29.4706756928246 11.975
331.580419981108 63.2507629506433 22.0749999999999
454.251444437077 24.0541915304514 22.0749999999999
358.10789366626 18.9293387741689 22.0749999999999
329.878546882447 68.3812137402565 22.0749999999999
449.335770648127 21.5416226526699 11.91635193913775
335.83320762504 48.473823158021 21.97462244595013
360.203097036261 19.2611863872927 22.0749999999999
337.365275528952 42.1861023850188 11.975
329.724970012354 60.337760992085 11.975
445.921126245835 17.1659830172915 22.0749999999999
475.508217091279 56.5718724190961 22.0749999999999
451.445470176887 21.3198842970591 11.95851400029298
452.050381821751 22.0157305022696 22.0749999999999
454.95719698018 26.750772213489 11.975
410.817946765306 6.266751294266963 11.9478523334678
439.111719194082 13.327570334436 11.975
334.339930237208 52.0362677140496 22.0749999999999
477.834655158265 70.6384620356132 22.0749999999999
328.621415736955 70.6384620356132 6.925
432.183456547673 9.757103148073607 6.925
434.924092920601 10.977313077301 6.925
411.131532155109 3.28318560816215 6.976219187907815
335.30875713561 45.556822291251 6.925
427.58397374869 8.37416537061922 6.925
426.62091446581 6.48405510461406 7.031097184701489
401.72803544761 4.2826943231977 6.925
364.746275489785 14.8275703344361 6.925
442.475548304625 15.2924145851268 6.925
330.425066116234 61.4716740133159 6.925
424.730804199804 7.44711438749435 6.925
409.482956617155 4.618175756313086 6.925
371.531977974619 10.977313077301 6.925
348.563417105475 27.2412412163925 6.925
331.874904787066 53.7187028702106 6.925
469.129818223719 44.9012982545778 6.925
476.186079620311 69.3034718874623 6.925
462.527418593505 32.3903794450398 6.925
361.397603201463 16.8183659045497 6.925
449.114032292516 19.43192312390968 6.925
391.854178284838 6.66822585690667 6.925
346.556025286398 29.4706756928246 6.925
476.499665010114 72.2870375735671 6.925
474.842872315213 78.4799337460587 6.82449032479971
348.674438434152 29.3596543641468 6.925
449.335770648127 21.5416226526699 6.925
339.113709139489 36.843603408822 6.925
414.6018926103827 6.668225856906675 6.925
389.205047770027 5.29236217613892 6.925
343.928652301715 32.3903794450398 6.925
393.98954859196 4.931761146116015 6.925
472.1967142626359 52.07214139410696 7.081618409996055
386.270604967826 5.9160972485923 6.925
381.725266695416 7.44711438749435 6.925
337.365275528952 42.1861023850188 6.925
388.049693905153 7.071451113466312 6.931689112640147
422.855484679167 5.22929599091174 6.925
363.980522590595 15.2924145851268 6.925
439.1276724746914 13.38710878821751 6.763351594685772
412.46652230326 4.931761146116015 6.925
459.900045608822 29.4706756928246 7.251420402076297
360.534944649385 17.1659830172915 6.925
467.041757260592 41.6370642793421 6.925
471.147313759611 45.556822291251 6.925
383.600586216054 5.22929599091174 6.925
464.826350051895 38.4775205138671 6.83479185574714
378.872097146531 8.374165370619213 6.925
469.639833471945 40.1370642793421 6.925
457.892653789746 27.2412412163925 6.925
457.781632461068 29.3596543641469 7.071507372670778
374.272614347547 9.757103148073607 6.925
399.4221410517557 5.859142559693986 6.925
476.65473985144 64.4061168155173 6.925
396.973114278065 4.618175756313086 6.925
421.018367372079 6.28995616269153 6.925
441.709795405435 14.8275703344361 6.925
407.033929843465 5.85914255969398 6.925
465.0243068437603 33.55997668102253 6.913931334308908
451.445470176887 21.3198842970591 6.925
329.801331043781 64.4061168155173 17.0249999999999
360.203097036261 19.2611863872927 17.0249999999999
476.108220617652 65.4181487184711 17.12703606010176
330.947853803941 56.5718724190961 17.0249999999999
343.7617104404212 35.33871229469946 17.05279553183084
329.9432009180859 72.27073079734191 16.71467563144464
452.050381821751 22.0157305022696 17.0249999999999
469.090795366268 42.1861023850188 17.0249999999999
335.83320762504 48.473823158021 17.0249999999999
477.834655158265 70.6384620356132 16.85011552703846
476.577524012773 68.3812137402565 17.0249999999999
331.60498142306 70.9520474254162 17.0249999999999
439.660757299759 15.3766084401127 17.0249999999999
475.508217091279 56.5718724190961 17.0249999999999
326.62803544761 78.8982942508624 7.149593484899942
331.562087319441 59.2771008203052 17.0249999999999
338.865275528952 39.5880261736654 17.0249999999999
367.344351701138 13.327570334436 17.0249999999999
330.347850277568 65.4181487184711 17.0249999999999
330.3218767770127 69.36754514647562 17.00473478016851
336.816237423275 40.1370642793421 16.67911744056733
473.6394099035751 78.52207650701118 17.24833079357065
467.590795366268 39.5880261736654 17.0249999999999
329.878546882447 68.3812137402565 17.0249999999999
476.342872315213 76.9799337460587 17.0249999999999
427.58397374869 8.37416537061922 22.07499999999992
465.049549405431 33.5639747100251 22.07499999999992
445.058467693757 16.8183659045497 22.07499999999992
441.709795405435 14.8275703344361 22.07499999999992
473.7131985800072 78.4799337460587 11.97499999999993
386.2706049678253 5.916097248592307 22.07499999999992
434.924092920601 10.977313077301 22.07499999999992
475.508217091279 56.57187241909608 11.97499999999993
409.482956617155 4.61817575631307 22.07499999999992
471.147313759611 45.556822291251 22.07499999999992
414.601892610382 6.66822585690669 22.07499999999992
346.556025286398 29.4706756928246 22.07499999999992
346.038351830476 32.1686410894291 12.25752768411646
355.010600718333 21.3198842970591 22.07499999999992
360.534944649385 17.1659830172915 22.07499999999992
330.425066116234 61.4716740133159 22.07499999999992
462.5334134929359 32.33334178698718 22.1197613124699
331.874904787066 53.7187028702106 22.07499999999992
332.742872315213 78.47993374605873 22.1010343076516
420.185465927395 5.916097248592307 22.07499999999992
422.8554846791662 5.229295990911733 22.07499999999992
391.384874889717 3.70516083512125 22.07499999999992
343.928652301715 32.3903794450398 22.07499999999992
476.7311008828663 60.337760992085 22.07499999999992
407.190937712194 2.863253955430236 21.37030881667478
457.892653789746 27.2412412163925 22.07499999999992
348.563417105475 27.2412412163925 22.07499999999992
452.050381821751 22.0157305022696 11.97499999999993
417.251023125193 5.292362176138927 22.07499999999992
454.170143643505 21.9344297086977 22.07499999999992
403.22803544761 5.782694323197727 22.07499999999992
329.956405885106 72.2870375735671 11.97499999999993
476.577524012773 68.3812137402565 11.97499999999993
331.60498142306 70.9520474254162 11.80453477304441
444.529983658903 14.7639305502725 21.68242992145566
364.746275489785 14.8275703344361 22.07499999999992
370.083724947893 13.4305617615902 22.07499999999992
424.7649865758894 7.51420107790263 22.08531523934826
389.205047770027 5.292362176138927 22.07499999999992
474.844928013081 74.7266514475503 22.07499999999992
474.86133980432 67.1343329269241 11.90457599203885
338.865275528952 39.5880261736654 12.18759545009583
330.947853803941 56.5718724190961 11.97499999999993
476.186079620311 69.3034718874623 22.07499999999992
357.342038602704 19.43192312390962 22.07499999999992
328.645977178907 62.62702787819 11.97499999999993
336.9029499952907 40.11382971569687 12.10589395128768
412.46652230326 4.931761146116 22.07499999999992
467.041757260592 41.6370642793421 22.07499999999992
388.049693905153 7.07145111346632 22.07499999999992
361.397603201463 16.8183659045497 22.07499999999992
329.878546882447 68.3812137402565 11.97499999999993
330.347850277568 65.4181487184711 11.97499999999993
469.090795366268 42.1861023850188 11.97499999999993
476.6547398514392 64.40611681551738 22.07499999999992
467.590795366268 39.5880261736654 11.97499999999993
459.900045608822 29.4706756928246 22.07499999999992
393.98954859196 4.931761146116 22.07499999999992
421.018367372079 6.28995616269153 22.07499999999992
476.031004778986 61.47167401331598 11.97499999999993
335.3087571356093 45.556822291251 22.07499999999992
330.269991274909 69.3034718874623 11.99786872109736
476.0841057205989 65.45134002678908 11.96246849431657
337.326252671501 44.9012982545778 11.86433228549885
374.2604827917371 9.752446280109162 22.07444457319228
381.725266695416 7.447114387494365 22.07499999999992
363.980522590595 15.2924145851268 22.07499999999992
432.183456547673 9.7571031480736 22.07499999999992
476.342872315213 76.9799337460587 11.97499999999993
329.801331043781 64.40611681551732 12.15327889014315
378.872097146531 8.37416537061922 22.07499999999992
476.5273749660034 72.25281862783152 21.99475666997265
448.34817722896 18.9293387741689 22.0211978430736
396.973114278065 4.61817575631307 22.07499999999992
445.921126245835 17.1659830172915 11.97499999999993
404.72803544761 4.282694323197707 22.07499999999992
442.475548304625 15.2924145851268 22.07499999999992
329.77046419703 60.31149491231575 22.50631233483688
337.365275528952 42.1861023850188 22.07499999999992
454.251444437077 24.0541915304514 11.97499999999993
439.111719194082 13.327570334436 22.07499999999992
367.344351701138 13.327570334436 11.97499999999993
358.10789366626 18.9293387741689 6.924999999999975
469.090795366268 42.1861023850188 6.924999999999975
329.878546882447 68.3812137402565 6.956013871504789
473.6491382407307 78.51652038367347 6.815913797657712
476.031004778986 61.47167401331592 6.924999999999975
329.801331043781 64.40611681551738 6.924999999999975
330.113198580008 76.97993374605878 6.924999999999975
330.269991274909 69.3034718874623 6.924999999999975
476.342872315213 76.9799337460587 6.924999999999975
346.038351830476 32.1686410894291 6.924999999999975
336.816237423275 40.1370642793421 6.924999999999975
352.204626458144 24.0541915304514 6.924999999999975
331.60498142306 70.9520474254162 6.924999999999975
331.580419981108 63.2507629506433 7.020680194053437
474.8365523302498 50.92539881998455 6.70335943608696
474.86133980432 67.1343329269241 6.924999999999975
328.645977178907 62.62702787819 6.98349328061967
330.947853803941 56.5718724190961 6.924999999999975
445.921126245835 17.1659830172915 6.924999999999975
367.344351701138 13.327570334436 6.924999999999975
475.508217091279 56.57187241909602 6.924999999999975
338.865275528952 39.5880261736654 6.924999999999975
476.108220617652 65.41814871847103 6.924999999999975
330.347850277568 65.4181487184711 6.924999999999975
454.251444437077 24.0541915304514 6.924999999999975
360.2030970362617 19.26118638729262 6.924999999999975
452.050381821751 22.0157305022696 6.924999999999975
467.590795366268 39.5880261736654 6.924999999999975
476.6115553920424 68.33437356510146 6.898063991438525
329.956405885106 72.2870375735671 6.924999999999975
360.534944649385 17.1659830172915 17.02499999999997
427.58397374869 8.37416537061922 17.02499999999997
420.185465927395 5.916097248592303 17.02499999999997
454.170143643505 21.9344297086977 17.02499999999997
476.6547398514398 64.40611681551732 17.02499999999997
401.72803544761 4.282694323197703 17.02499999999997
329.724970012354 60.337760992085 17.02499999999997
393.98954859196 4.931761146116 17.02499999999997
364.746275489785 14.8275703344361 17.02499999999997
374.272614347547 9.7571031480736 17.02499999999997
424.730804199804 7.447114387494356 17.02499999999997
465.049549405431 33.5639747100251 17.02499999999997
462.527418593505 32.3903794450398 17.02499999999997
434.924092920601 10.977313077301 17.02499999999997
474.844928013081 74.7266514475503 17.02499999999997
476.5463231309031 72.22941959287525 17.01963194715936
343.928652301715 32.3903794450398 17.02499999999997
404.72803544761 4.282694323197703 17.02499999999997
459.900045608822 29.4706756928246 17.02499999999997
439.111719194082 13.327570334436 17.02499999999997
328.621415736955 70.6384620356132 16.88995988193379
476.7311008828667 60.337760992085 17.02499999999997
386.2706049678258 5.916097248592303 17.02499999999997
409.5005878965924 4.639948573156409 17.18511082261294
476.186079620311 69.3034718874623 17.02499999999997
432.183456547673 9.7571031480736 17.02499999999997
421.018367372079 6.28995616269153 17.02499999999997
467.041757260592 41.6370642793421 17.08793928731641
448.34817722896 18.9293387741689 17.02499999999997
444.529983658903 14.7639305502725 17.02499999999997
381.725266695416 7.447114387494356 16.98804634860933
335.3087571356098 45.556822291251 17.02499999999997
445.058467693757 16.8183659045497 17.02499999999997
379.835156429411 6.48405510461405 16.74965084470088
460.0110669375 27.35226254507023 17.31818977687475
331.7958310692975 53.75899294179977 17.1678073164675
378.872097146531 8.37416537061922 17.02499999999997
371.531977974619 10.977313077301 17.02499999999997
337.365275528952 42.1861023850188 17.02499999999997
457.781632461068 29.35965436414687 17.11759735247975
412.46652230326 4.931761146116 17.02499999999997
389.205047770027 5.292362176138923 17.02499999999997
441.709795405435 14.8275703344361 17.02499999999997
471.147313759611 45.556822291251 17.02499999999997
363.980522590595 15.2924145851268 17.02499999999997
442.475548304625 15.2924145851268 17.02499999999997
361.397603201463 16.8183659045497 17.02499999999997
330.425066116234 61.4716740133159 17.02499999999997
346.556025286398 29.4706756928246 17.02499999999997
473.363499643108 47.2536132287936 17.02512429073596
432.5635631585985 10.7473147236124 5.813923621311073
331.539188957717 50.9611638654137 7.013338572486702
474.8879662247254 52.32245346687031 2.900502128505886
418.406376990067 7.071451113466318 12.34987975517583
396.0621544814252 4.164873712133939 28.9999999999999
332.837964069947 55.6088131362157 6.917355479721127
416.7920508203334 41.88424793357371 0.0
403.22803544761 2.78269432319768 6.915293628710228
477.824404826105 66.6650295318034 12.04804525354982
422.079027543859 8.12707346977893 22.08716011821976
476.471276374159 54.6817621530909 6.911019743325983
476.471276374159 54.6817621530909 11.93305922997795
473.618106825274 55.6088131362157 11.99018925308579
329.984794521061 54.6817621530909 6.90711773090865
407.190937712194 2.863253955430245 17.04360634438542
460.5281591380061 31.11787398206978 12.95936362253396
429.3281863009645 10.52936718688487 11.99422347802757
467.342361755731 36.843603408822 6.936747666835951
417.251023125193 5.29236217613892 6.904176688933294
403.22803544761 32.27943846649529 25.90118329582957
333.092571252113 47.2536132287936 12.01864280165602
329.687458116518 77.44513618496045 3.001348486435704
460.6796820347021 30.06571126621667 22.84506081817069
331.580419981108 63.2507629506433 17.05129716741112
475.6667251924238 79.57622246033034 10.74024920135214
339.3910777660886 41.64329031155295 11.9869845617343
331.562087319441 59.2771008203052 12.0070406281316
474.85108947216 70.9520474254162 22.10562662214138
479.7431914232953 78.4799337460587 13.00830792221419
403.22803544761 5.782694323197723 17.05721224007424
420.185465927395 5.916097248592301 6.891911665165592
474.8941194993391 50.95102937499514 17.1953379816423
334.3269899386099 52.04202910618201 6.788006523602514
376.072527862686 7.73741789036331 6.883171891692123
418.406376990067 7.07145111346632 22.25398101746141
422.8554846791667 5.229295990911737 17.06730323788584
327.12803544761 86.11537481357557 7.678130793740259
327.12803544761 79.95301796884405 2.630333138574003
479.32803544761 83.84464348668655 18.89778824804134
375.2192705689142 9.653865149776284 6.877746670655631
351.49887391504 26.750772213489 6.876782631185243
449.335770648127 21.5416226526699 16.89954679187209
370.6770183907253 11.97441849244665 25.77077498838061
457.0785173237392 24.65903230937156 22.34366097527658
403.22803544761 32.12529180582459 27.71169884816418
446.1387392931804 15.53593988617244 4.4
378.0008890050938 8.621711910441952 6.868701398100842
467.2742388092159 36.82912342953992 16.97502473683036
350.3304430918824 25.4115090162955 26.4419497976693
337.326252671501 44.9012982545778 16.80905262961309
345.7761246122212 30.06319711161228 22.13793494646679
454.1799197031013 23.34949488116768 2.116603669127223
333.4834612574622 50.11260688983285 6.858941580226793
332.4547046449489 52.87562422600105 6.91764491988806
469.129818223719 44.9012982545778 22.13985216197556
325.7308270424105 78.22525503003601 7.613031984218061
454.170143643505 21.9344297086977 6.8469806256216
326.62803544761 78.47993374605878 16.75652111773843
479.32803544761 80.6154086127229 14.49999999999995
323.7529680078273 80.23634760964832 15.42362352398635
452.0907645119816 23.06863147961133 8.326513055614475
474.86133980432 67.1343329269241 22.01311951444612
333.1592320743042 47.22802453660849 22.47712540902448
329.984794521061 54.6817621530909 22.17699656265395
341.6223577899315 38.44288007117419 6.114632546662471
332.4609205463506 50.55078252199887 23.22889885850018
474.893983575779 59.2771008203052 12.42996677445853
423.1154915452412 7.726233477418249 26.58335900470845
355.232339073944 19.2101847682989 16.8062105914365
346.038351830476 32.1686410894291 16.24660766351773
476.6585319767954 78.85609490598326 19.33259136908012
477.840816617345 74.56964357882148 22.21800068561096
369.163926848281 13.13170124246836 5.98708437100198
331.5784632345672 74.69035702197674 22.53185178937193
355.2678433901593 19.21391642230335 12.17516134342087
373.512401125697 11.7375262991512 12.06655329540438
349.377553571481 24.6294518699294 6.743689555018943
331.539188957717 50.9611638654137 16.85554577254606
355.0080328541523 22.16291011218782 2.447717837750353
336.3175049035552 45.2290602729144 18.25636405206816
373.892507736622 10.7473147236124 13.26642206073056
443.0846306937136 15.64036939182308 2.968212863768786
333.4886950333155 48.23767638871981 10.73432140082801
479.32803544761 80.52541200958304 16.69737221623367
351.4988739150405 25.70245210392119 8.095278212933966
383.4718648233063 7.627522640631661 26.36623703707158
339.5897682694386 37.97087977846137 26.653553759294
479.32803544761 78.89829425086232 16.14954357267699
345.9115248579228 30.96196304993369 8.174071019909805
379.3507934309164 7.427154432018607 23.33749999999991
423.3551824610215 6.094797937513865 5.482267511174325
373.3928092220661 10.68240317967867 2.364098817587867
465.7609283534445 38.67617126425583 22.90890211459802
350.4939739815785 24.6294518699294 12.93297550988413
347.522111987008 27.29581370520735 13.34228784226377
347.5303140241406 27.29538385465564 15.70372475595214
422.0201637105189 5.711568777020202 5.816968001489377
421.548697457969 7.20851481623523 5.6625
410.3206752849879 3.939804554792641 5.704160486676209
459.955556273161 28.4114691189474 13.2375
346.5014909064777 28.43009773539251 13.2939347637792
475.675377241137 71.61954249949164 5.6625
346.4939326983829 28.28587853362056 15.73727923855304
411.7990272291845 4.10747337713908 8.1875
448.182253422398 17.88173708916835 15.76249999999999
388.62737083759 6.181906644802625 23.33749999999991
373.9119057892958 10.69678106871531 18.16876287948764
348.6189014505167 28.32369195016442 15.85520323753194
347.7520888436429 29.40799265790801 13.33848591533175
347.5428979407083 29.41895588857703 10.69201145871801
347.615231860275 29.4151650284857 8.1875
347.57520820321 29.41726257947127 15.74176125574014
354.9275269273118 22.26810327984581 26.74241731596431
336.3175049035555 45.2290602729144 13.23749999999996
336.3555015788047 45.21671440473445 10.55251180936931
373.9015381570263 10.72378967416735 20.81556599576837
475.6282456354313 75.43195380268429 13.2375
354.324388279897 24.1354923240233 6.672860662057433
428.8964648062657 9.586277200745185 5.672111739013788
479.32803544761 77.15271632225645 24.5999999999999
333.9148706151763 51.0815681718647 23.3374999999999
474.0751715013332 54.71177320128657 5.731996649491866
479.32803544761 88.29977320479593 15.85560906303929
330.0939969544559 79.1476691103994 7.553615373063986
477.1683225361866 71.46131429592434 5.472952469478175
437.371838765763 13.10580685863704 5.556741595156472
413.9808747455713 5.81346809549172 23.21852499068489
327.12803544761 90.8982298191276 12.6707380379034
449.2249014703215 20.48677288828975 15.73811517695944
332.472322116255 79.8911153722828 18.35998032657319
333.928015294289 80.96303954142726 19.17302624940067
328.6414658199799 78.45166650608675 12.2592942932106
398.677645437225 5.188795697409176 20.75914078833469
327.12803544761 82.11549429895402 6.460865364870825
366.7747687373553 15.37110346197439 12.32199076134563
336.3175049035555 45.2290602729144 15.73136405206819
367.1694463853518 12.47847327549954 2.304433918071132
334.3021243167636 79.3704658377504 18.69459834799798
328.615254277876 74.5696435788214 16.87789236146172
352.285927251716 21.9344297086977 22.49434012577528
327.12803544761 89.71761929131073 11.47781580490365
479.8020055185895 78.4799337460587 15.78315782175378
357.1205504541116 21.53924209191544 19.1253060479296
327.12803544761 83.83393494546806 9.57872024769572
331.611142882139 74.7266514475503 7.708004316677005
332.2333439482255 79.73325718671558 12.97023474831009
327.12803544761 89.845994832649 17.25772665544149
331.4501207539317 80.32204174807372 23.11872574625352
327.12803544761 79.47199361786558 0.0
477.7464169078757 78.38347833872139 16.14328649041757
325.6657952859964 78.09443486967434 16.3277008962164
327.12803544761 88.72246338987406 13.01000322641083
357.120300247094 21.5416226526699 6.493280046782292
403.22803544761 32.26954348558677 3.287630703119722
325.3487874787916 78.4785160858403 15.00683380980319
330.7465260295126 77.6132611955633 20.78731578261183
327.12803544761 84.79846971016738 8.70702928187266
327.12803544761 82.28402978313254 21.47395710565755
481.2702211197817 79.08567250677038 23.51707675061598
325.2961522731912 78.65044347611827 17.61299820808801
327.12803544761 78.93429830259589 7.390550131114284
403.22803544761 32.26954348558677 1.087630703119721
481.3747218167497 77.84760661514846 6.669802114285491
326.62803544761 78.4799337460588 12.92314128589437
325.2464270294685 78.95195569809162 13.43286616924006
326.679247245335 78.4799337460588 8.741791631495486
479.32803544761 77.03714542694476 4.386933878952
326.62803544761 78.89829425086238 16.44849956963141
479.32803544761 80.75919749266362 18.50189633689315
330.136882280457 78.40533729073371 15.79824012073348
327.12803544761 81.13814542213531 12.04664647795073
328.6217141759325 78.47141815013426 8.260059317316955
327.12803544761 80.17275224001925 10.92320384365446
327.12803544761 91.39418685054851 14.49999999999996
327.12803544761 82.59301441928301 16.23489900580736
354.3635954739003 23.11324014990577 13.2473996176266
354.324388279897 24.13549232402326 18.88139499515711
330.1380261050404 78.57229822981056 12.22157511902602
352.285927251716 21.9344297086977 12.79827390219857
331.8930370817787 80.32925117179948 16.65645249250539
352.285927251716 21.9344297086977 18.70477700060651
331.5705157799952 78.43725094604596 12.81790220208807
325.1473092554806 79.07987989148798 10.33447395351059
352.2452396901062 22.99527962087421 15.61040398606666
355.1214698961385 20.265034532679 15.75906967102278
355.952025163603 21.41883199343961 15.66591541805381
330.8318306565027 77.69856582255349 13.44108538621795
357.231169424899 20.48677288828977 18.28851234397876
351.4988739150405 25.69500925096368 13.2375
351.4988739150406 25.64628722462882 16.08084187064767
357.0938632448156 21.53884401176271 9.974776990241976
327.12803544761 91.93651135957094 16.66777446453778
327.12803544761 82.10337050534875 16.5110088416934
327.12803544761 87.25186797342255 12.89614736051547
329.3354360524648 77.75769627360194 13.34742189076199
327.12803544761 92.51577225258866 12.81926379044269
327.12803544761 88.90057897333298 15.82767555561915
330.4585872502826 79.39045495443304 13.45994168798015
329.3823299184174 77.70873331607973 15.59265575600845
353.3301785912828 24.09736066421524 10.73286220195976
327.12803544761 80.07737946838586 17.85777106010682
330.1302960897579 78.48845701688421 10.13382762941859
327.12803544761 79.99756399462001 13.13182818917331
356.1833991305151 21.44315037729229 13.24522963901084
327.12803544761 85.54053917654063 20.97216735107434
416.0714111796926 42.81765064183411 0.0
327.12803544761 87.32420552576103 15.97608947718491
354.3647431541716 23.08331659423357 11.06904923571177
326.62803544761 78.8982942508624 10.28677404634097
378.1963830830982 6.998880678914089 24.5999999999999
325.859544536802 78.40172184909818 9.777824481618081
327.12803544761 83.98187258851827 15.91599180610013
353.6476719910651 21.98665771224759 10.90084624920093
327.12803544761 79.87042524614336 4.413557119578051
329.8676886795819 78.60098150727467 14.4999999999999
325.6758842018761 79.14305234163967 23.46811771168057
327.12803544761 83.46064755046741 11.93460459664379
353.2704672559697 21.97219049994684 9.933378843572962
327.12803544761 78.95230032846264 10.59934592930125
327.12803544761 78.9975257184707 13.26588374554568
327.12803544761 78.91629627672913 15.80021802356623
327.12803544761 92.68342494658559 15.82172908605405
352.204626458144 24.0541915304514 13.23749999999991
355.010600718333 21.3198842970591 15.71711139659023
327.12803544761 82.5343569387988 11.75121166230186
327.12803544761 88.37117924858104 17.1521763411675
327.12803544761 82.06802463137959 12.19886277208252
325.9351234421926 79.11849246056906 8.164872751111508
326.7440933170256 78.47993374605878 18.36549226197656
354.405689073469 22.0157305022696 13.27047596349779
326.62803544761 78.8982942508624 13.4313305343261
479.32803544761 79.70381617613336 4.037876777005161
352.9405207324833 21.95953581680251 13.39774248430644
327.12803544761 80.9178176733805 6.055464891572725
326.62803544761 82.47288429011772 17.26209516692988
326.62803544761 85.55072478778561 12.66037546483813
327.12803544761 81.4769516258714 15.44443785325784
326.62803544761 85.19937532132789 15.16200818819096
352.24527685493 22.99431061957455 14.49587374966236
353.3458081625924 21.97508010548365 14.49587374966236
326.62803544761 85.14675129397395 13.79397249415583
327.12803544761 83.29885692273108 15.30106680280169
327.12803544761 81.47396579365329 14.5
327.12803544761 82.56895722042005 8.25674141454583
329.5722053570521 79.00770344568782 8.984668806914847
479.82803544761 81.61851924173351 8.929252977087952
327.12803544761 80.60345566857279 21.0119134874169
479.32803544761 80.60345566857282 7.988086512583023
325.6908358260055 78.8409633281243 18.86176197675106
326.62803544761 78.89829425086235 19.7010503998364
327.12803544761 90.4534197993861 15.57276836032201
327.12803544761 79.67404464757746 6.516288726467005
324.8790752674535 78.85400115307998 11.97335697966964
351.4299823491598 24.6294518699294 13.29731553943952
346.556025286398 29.4706756928246 8.1875
326.62803544761 79.64787055372358 6.478336277071776
326.654753632673 78.89829425086232 22.3150010567141
329.2266641405399 77.8664681855268 9.02889156174204
326.7049117674233 78.4799337460588 7.692944171524264
327.12803544761 83.13655679466045 18.8535589497303
325.8612725748027 78.28555215343235 12.29086351050194
327.12803544761 84.25468079058693 10.90793225339245
327.12803544761 80.15845430357955 9.166926241870279
325.2027426656985 79.50306002096976 16.45629215425623
327.12803544761 79.72199189425865 8.36003388053705
327.12803544761 91.35769452615605 17.43707273311479
327.12803544761 83.57415608206554 10.68608939001687
325.8731774620032 78.81080613596212 11.27506450851594
328.6605971583894 78.43046607610776 15.56945523222881
327.12803544761 83.41673657351218 17.5388529697199
326.62803544761 80.8574218036506 8.353903895294252
327.12803544761 82.03314331001006 18.97921130581986
326.62803544761 78.47993374605879 15.67243857239333
326.62803544761 81.4540824847935 19.21907743372652
327.12803544761 82.78928700336297 19.95851024745479
326.62803544761 82.0413313750594 17.1917525848521
327.12803544761 82.59921164569649 9.37299560745703
327.12803544761 79.67907689676488 19.05540251467152
327.6488842537809 78.45166650608678 14.52973777358705
327.12803544761 81.21960022406363 17.41570060461023
327.12803544761 80.4780380799186 15.52800505371751
327.12803544761 80.03245635844621 11.96811593882724
326.62803544761 78.4799337460588 11.89201822144414
327.12803544761 80.97666037538384 18.53935672031187
327.12803544761 80.70172419437343 10.10393224301227
326.62803544761 81.1865803111093 8.078042853652816
327.12803544761 79.73786986559472 15.1873935763778
326.62803544761 81.95557898554583 9.858758570409742
327.12803544761 81.28094632940079 20.8110589569356
327.12803544761 82.97950145642733 10.17441593429034
326.7020865118848 81.66342411005265 10.2916345966197
327.12803544761 81.5590908174272 18.84311553039701
327.12803544761 81.57430734164035 10.03598376344281
327.12803544761 81.4798639356056 13.10558067223437
327.1253618533294 82.72036412811744 15.38666308536301
327.12803544761 82.49955475589512 17.10234850871104
327.12803544761 83.29110685472946 13.8855439425048
326.62803544761 82.45766280524748 11.66329389590561
327.12803544761 82.0043586239768 17.29598109684184
327.12803544761 82.1947584128717 15.74254117594253
326.6686560409396 82.30434137075966 15.33782916450756
326.62803544761 82.72576961095524 15.30620525708535
322.6521592990229 70.33633257416865 27.50376474134523
483.5581498296987 66.98367211938746 24.05306385827771
3 0 3 4055
3 4071 3 0
3 0 78 4071
3 4202 78 0
3 0 2657 4202
3 4387 2657 0
3 0 4055 4387
3 5159 4 1
3 1 4 5201
3 1 81 3616
3 5207 81 1
3 1 3616 5207
3 1 4265 4274
3 5083 4265 1
3 1 4274 5159
3 5201 5083 1
3 3338 5 2
3 2 5 4018
3 2 79 3975
3 4018 79 2
3 2 1557 2431
3 3975 1557 2
3 2 2431 3338
3 4071 7 3
3 3 7 5184
3 3 80 4015
3 5184 80 3
3 3 1729 4055
3 4067 1729 3
3 3 4015 4067
3 4 81 5149
3 5159 81 4
3 5149 4276 4
3 4 4276 5201
3 5 6 8
3 82 6 5
3 5 8 4018
3 5185 82 5
3 5 3338 5185
3 10 8 6
3 83 10 6
3 6 82 4183
3 4183 83 6
3 4071 84 7
3 7 84 4158
3 7 4158 5184
3 8 10 3663
3 8 85 4018
3 4041 85 8
3 8 3663 4041
3 4158 11 9
3 9 11 5199
3 9 86 5180
3 5199 86 9
3 5184 4158 9
3 9 5180 5184
3 14 12 10
3 10 12 3663
3 5175 14 10
3 10 83 3451
3 10 3451 5175
3 4039 87 11
3 11 87 5214
3 4158 4039 11
3 5214 5199 11
3 12 14 4133
3 12 88 4041
3 5217 88 12
3 4041 3663 12
3 12 4133 5217
3 5199 15 13
3 13 15 5216
3 13 89 5199
3 5219 89 13
3 13 5216 5219
3 14 16 4133
3 5202 16 14
3 5175 90 14
3 14 90 5202
3 5214 91 15
3 15 91 5216
3 15 5199 5214
3 16 22 92
3 5202 22 16
3 16 92 5217
3 5217 4133 16
3 17 19 5155
3 5226 19 17
3 5219 21 17
3 17 21 5226
3 5155 93 17
3 17 93 5219
3 5163 22 18
3 18 22 5202
3 18 94 5204
3 5220 94 18
3 5204 5163 18
3 18 5202 5220
3 19 24 3637
3 5226 24 19
3 3635 95 19
3 19 95 5155
3 3637 3635 19
3 20 25 5163
3 5230 25 20
3 5204 5121 20
3 20 5121 5228
3 20 5163 5204
3 20 5228 5229
3 20 5229 5230
3 5216 96 21
3 21 96 5226
3 5219 5216 21
3 5200 92 22
3 5163 97 22
3 22 97 5200
3 3635 26 23
3 23 26 5230
3 99 98 23
3 23 98 3635
3 5229 99 23
3 5230 5229 23
3 24 1449 3637
3 5153 1449 24
3 5226 5153 24
3 5223 5103 25
3 25 5103 5224
3 5224 5163 25
3 5230 5223 25
3 1449 100 26
3 26 100 5230
3 3637 1449 26
3 26 3635 3637
3 102 28 27
3 27 28 5169
3 27 29 2039
3 5166 29 27
3 27 32 5166
3 5169 32 27
3 2039 102 27
3 103 30 28
3 28 30 5164
3 5164 35 28
3 28 35 5169
3 28 102 103
3 38 31 29
3 29 31 104
3 29 36 38
3 5166 36 29
3 29 104 5140
3 5140 2039 29
3 30 33 39
3 105 33 30
3 39 37 30
3 30 37 5164
3 30 103 105
3 40 34 31
3 31 34 106
3 31 38 40
3 106 104 31
3 32 35 1773
3 5169 35 32
3 1773 36 32
3 32 36 5166
3 41 39 33
3 111 41 33
3 33 105 111
3 34 40 44
3 44 42 34
3 34 42 112
3 112 106 34
3 35 37 107
3 5164 37 35
3 35 107 1773
3 108 38 36
3 1773 108 36
3 37 39 109
3 109 107 37
3 110 40 38
3 38 108 110
3 39 41 43
3 39 43 113
3 113 109 39
3 114 44 40
3 40 110 114
3 47 43 41
3 41 45 47
3 116 45 41
3 41 111 116
3 42 44 46
3 42 46 117
3 117 112 42
3 43 47 118
3 118 113 43
3 48 46 44
3 115 48 44
3 44 114 115
3 49 47 45
3 120 49 45
3 45 116 120
3 46 48 51
3 46 51 52
3 46 52 123
3 123 117 46
3 47 49 50
3 47 50 118
3 119 51 48
3 48 115 119
3 53 50 49
3 55 53 49
3 120 55 49
3 50 53 121
3 121 118 50
3 56 52 51
3 51 54 56
3 125 54 51
3 51 119 125
3 52 56 123
3 53 55 59
3 59 57 53
3 53 57 124
3 124 121 53
3 58 56 54
3 125 58 54
3 126 59 55
3 55 120 126
3 56 58 60
3 56 60 127
3 127 123 56
3 57 59 66
3 66 61 57
3 57 61 129
3 129 124 57
3 62 60 58
3 128 62 58
3 58 125 128
3 131 66 59
3 59 126 131
3 60 62 67
3 60 67 132
3 132 127 60
3 69 63 61
3 61 63 129
3 61 66 69
3 62 64 70
3 130 64 62
3 70 67 62
3 62 128 130
3 73 68 63
3 63 68 135
3 63 69 71
3 63 71 73
3 133 129 63
3 135 133 63
3 64 65 70
3 134 65 64
3 64 130 134
3 65 68 73
3 135 68 65
3 72 70 65
3 73 72 65
3 65 134 135
3 136 69 66
3 66 131 136
3 67 70 139
3 137 132 67
3 139 137 67
3 138 71 69
3 69 136 138
3 70 72 139
3 135 73 71
3 140 135 71
3 71 138 140
3 72 73 135
3 135 134 72
3 72 134 141
3 141 139 72
3 74 75 1653
3 1657 75 74
3 2960 75 74
3 74 75 3641
3 74 1653 2425
3 3198 1657 74
3 74 2425 2960
3 3641 3198 74
3 3831 1653 75
3 75 1657 3285
3 75 2960 3831
3 75 3285 3641
3 2521 77 76
3 76 77 3629
3 76 1658 2521
3 3230 1658 76
3 3629 3230 76
3 77 1453 1481
3 1519 1453 77
3 77 1481 2607
3 1906 1518 77
3 77 1518 3629
3 2607 1519 77
3 2521 1658 77
3 77 1658 3629
3 2068 1692 77
3 77 1692 2521
3 3629 1906 77
3 2521 2068 77
3 78 3827 3893
3 4202 3827 78
3 78 3893 5142
3 78 4043 4071
3 5142 4043 78
3 3426 3410 79
3 79 3410 3804
3 3526 3426 79
3 4018 3526 79
3 79 3804 3975
3 5180 4015 80
3 5184 5180 80
3 5207 3616 81
3 5131 3631 81
3 81 3631 5215
3 5148 5131 81
3 5159 5148 81
3 5215 5149 81
3 82 4100 4183
3 5185 4100 82
3 4128 3451 83
3 4183 4100 83
3 83 4100 4395
3 4395 4128 83
3 5142 3908 84
3 84 3908 5162
3 84 4039 4158
3 5162 4039 84
3 4071 4043 84
3 84 4043 5142
3 85 3117 3426
3 3698 3117 85
3 85 3426 3526
3 85 3526 4018
3 4041 3698 85
3 86 4079 5193
3 5199 4079 86
3 86 5089 5180
3 5193 5089 86
3 87 4008 4256
3 5062 4008 87
3 87 4039 5162
3 87 4256 5214
3 5162 5062 87
3 88 3698 4041
3 5086 3698 88
3 5217 5086 88
3 5191 4079 89
3 89 4079 5199
3 5213 5191 89
3 5221 5213 89
3 89 5219 5221
3 5175 3651 90
3 90 3651 5212
3 5220 5202 90
3 90 5212 5220
3 5205 4255 91
3 91 4255 5216
3 91 4256 5172
3 5214 4256 91
3 91 5172 5205
3 5203 5086 92
3 92 5086 5217
3 92 5200 5203
3 93 5099 5101
3 5155 5099 93
3 93 5101 5213
3 93 5213 5221
3 5221 5219 93
3 5227 5204 94
3 5212 5208 94
3 94 5208 5227
3 5220 5212 94
3 3635 98 95
3 95 98 5171
3 5222 5155 95
3 95 5171 5222
3 96 4255 5205
3 5216 4255 96
3 96 5145 5153
3 5195 5145 96
3 96 5153 5226
3 5218 5195 96
3 96 5205 5218
3 97 5163 5224
3 5198 5188 97
3 97 5188 5200
3 5224 5198 97
3 98 99 5171
3 99 5165 5171
3 5228 5165 99
3 5229 5228 99
3 100 1449 5225
3 100 2039 5170
3 5225 2039 100
3 100 5170 5223
3 100 5223 5230
3 101 145 1429
3 1575 145 101
3 101 1258 1575
3 2020 1258 101
3 101 1429 1458
3 101 1458 2020
3 5145 103 102
3 102 1449 5145
3 5225 1449 102
3 102 2039 5225
3 5190 105 103
3 103 5145 5190
3 104 106 3537
3 104 3537 5198
3 104 3622 5140
3 5198 3622 104
3 5085 111 105
3 105 5072 5085
3 5190 5072 105
3 106 112 3545
3 3545 3537 106
3 107 109 5122
3 3628 1773 107
3 5122 3628 107
3 5135 110 108
3 108 1773 3320
3 108 3320 5135
3 109 113 5122
3 5135 114 110
3 4965 116 111
3 5085 4965 111
3 112 117 2524
3 112 2524 5133
3 5133 3545 112
3 113 118 5069
3 113 5069 5080
3 113 5080 5122
3 5154 115 114
3 114 5135 5154
3 5154 119 115
3 3298 120 116
3 3870 3298 116
3 4965 3870 116
3 117 123 2524
3 118 121 5069
3 5075 125 119
3 5154 5075 119
3 3298 126 120
3 121 124 5069
3 122 1681 1694
3 1948 1681 122
3 122 1694 1948
3 123 127 2548
3 2548 2524 123
3 124 129 5124
3 124 5056 5069
3 5124 5056 124
3 5194 128 125
3 125 5075 5194
3 3134 131 126
3 3298 3134 126
3 127 132 2548
3 5120 130 128
3 5194 5120 128
3 129 133 5124
3 5150 134 130
3 130 5120 5150
3 1747 136 131
3 3134 1747 131
3 132 137 1748
3 132 1748 2548
3 133 135 1467
3 133 1467 5124
3 134 135 141
3 1467 135 134
3 5150 1467 134
3 135 140 142
3 142 141 135
3 1747 138 136
3 137 139 1748
3 1977 140 138
3 138 1747 1977
3 139 141 2640
3 2640 1748 139
3 2996 142 140
3 140 1977 2996
3 141 142 2996
3 2996 2640 141
3 310 267 143
3 143 267 1406
3 1406 310 143
3 143 368 1425
3 1793 368 143
3 143 1361 1401
3 1425 1361 143
3 143 1401 1793
3 144 268 310
3 1579 268 144
3 144 310 1915
3 144 1361 1363
3 1977 1361 144
3 144 1363 2438
3 2438 1429 144
3 144 1429 2640
3 1915 1579 144
3 2996 1977 144
3 144 2640 2996
3 145 269 1579
3 1592 269 145
3 1579 406 145
3 145 406 1605
3 1575 1429 145
3 1605 1592 145
3 5123 185 146
3 146 185 5127
3 146 3625 5123
3 5143 3625 146
3 146 5127 5197
3 5197 5143 146
3 147 171 182
3 3830 171 147
3 147 177 2435
3 2921 177 147
3 2435 182 147
3 147 182 3830
3 147 182 4027
3 4363 2921 147
3 147 4027 4363
3 3501 178 148
3 148 178 3578
3 148 187 3534
3 4468 187 148
3 5067 3501 148
3 148 3534 5067
3 148 3578 4468
3 183 173 149
3 149 173 3546
3 149 179 1687
3 3799 179 149
3 4461 183 149
3 149 1687 4461
3 149 3546 3799
3 150 168 188
3 1482 168 150
3 150 171 3830
3 4878 171 150
3 150 188 1482
3 3830 188 150
3 150 188 4682
3 150 4682 4878
3 151 172 4117
3 4170 172 151
3 151 189 4168
3 4623 189 151
3 151 4117 4623
3 151 4168 4899
3 4899 4170 151
3 190 170 152
3 152 170 1484
3 3546 173 152
3 152 173 4632
3 1484 190 152
3 152 190 3546
3 4129 190 152
3 152 3384 4129
3 4632 3384 152
3 153 168 1482
3 4192 168 153
3 1482 191 153
3 153 191 4389
3 4389 4192 153
3 4765 169 154
3 154 169 4818
3 4390 192 154
3 154 192 4760
3 4760 2941 154
3 154 2941 4765
3 4818 4390 154
3 193 167 155
3 155 167 1481
3 1484 170 155
3 155 170 4169
3 1481 193 155
3 155 193 1484
3 4150 193 155
3 4332 4150 155
3 155 4169 4332
3 156 162 194
3 3055 162 156
3 156 165 1480
3 4854 165 156
3 156 194 4692
3 156 1480 3055
3 156 4692 4865
3 4865 4854 156
3 4742 166 157
3 157 166 4836
3 157 195 3891
3 4812 195 157
3 157 3891 4270
3 157 4270 4742
3 4836 4812 157
3 1481 167 158
3 158 167 4154
3 158 196 1481
3 4337 196 158
3 4154 2807 158
3 158 2807 4337
3 2771 162 159
3 159 162 3055
3 159 197 2771
3 3060 197 159
3 159 3055 3060
3 2686 163 160
3 160 163 3699
3 160 198 3196
3 3710 198 160
3 3196 2686 160
3 160 3699 3944
3 3944 3710 160
3 1549 164 161
3 161 164 4142
3 161 199 1549
3 4504 199 161
3 4142 2886 161
3 161 2886 4504
3 206 194 162
3 4034 206 162
3 162 2771 2791
3 162 2791 4034
3 163 207 4672
3 4757 207 163
3 163 2686 4885
3 4672 3699 163
3 4885 4757 163
3 164 196 208
3 1519 196 164
3 164 208 4844
3 1549 1519 164
3 4844 4142 164
3 209 191 165
3 165 191 1480
3 4854 209 165
3 166 210 3181
3 4952 210 166
3 166 3181 4836
3 166 4742 4952
3 167 193 211
3 167 211 4664
3 4597 4154 167
3 4664 4597 167
3 212 188 168
3 4165 212 168
3 4851 4165 168
3 168 4192 4851
3 169 213 4022
3 4765 213 169
3 169 4022 4818
3 170 190 214
3 170 214 4667
3 4667 4169 170
3 215 182 171
3 4878 215 171
3 172 216 4146
3 4753 216 172
3 4798 4117 172
3 172 4146 4798
3 172 4170 4747
3 172 4747 4753
3 173 183 217
3 173 217 4633
3 4633 4632 173
3 200 197 174
3 174 197 3115
3 3115 200 174
3 174 200 4365
3 4866 200 174
3 174 203 224
3 4365 203 174
3 174 224 4697
3 174 4697 4942
3 4942 4866 174
3 175 201 4060
3 4745 201 175
3 4059 225 175
3 175 225 4209
3 4209 2912 175
3 175 2912 4745
3 4386 4059 175
3 175 4060 4386
3 176 199 202
3 1639 199 176
3 176 202 1639
3 176 202 2114
3 4242 202 176
3 176 226 1576
3 1689 226 176
3 176 226 4242
3 4784 226 176
3 176 1576 1689
3 176 2114 4992
3 4992 4784 176
3 177 184 3178
3 4210 184 177
3 2619 218 177
3 177 218 4210
3 3178 2435 177
3 3433 2619 177
3 177 2921 3433
3 178 219 3563
3 3564 219 178
3 178 3501 3564
3 178 3563 3578
3 179 186 220
3 3398 186 179
3 179 220 5002
3 4467 1687 179
3 3799 3398 179
3 5002 4467 179
3 1992 1686 180
3 180 1686 3079
3 180 1810 1992
3 3079 1810 180
3 1635 227 181
3 181 227 1731
3 1457 1370 181
3 181 1370 1635
3 1552 1457 181
3 1750 1552 181
3 181 1731 1750
3 182 215 218
3 182 218 4471
3 182 2435 3830
3 4471 4027 182
3 220 217 183
3 5002 220 183
3 183 4461 5002
3 184 221 3178
3 4210 221 184
3 185 222 3594
3 5115 222 185
3 3594 3575 185
3 185 3575 5127
3 185 3581 5115
3 5123 3581 185
3 4208 220 186
3 3398 223 186
3 186 223 4208
3 187 219 4465
3 4468 219 187
3 4465 3534 187
3 188 212 215
3 188 215 4861
3 3830 1482 188
3 4856 4682 188
3 4861 4856 188
3 4148 216 189
3 189 216 4753
3 4828 4148 189
3 4761 4168 189
3 189 4623 4828
3 189 4753 4761
3 217 214 190
3 4633 217 190
3 190 1484 3546
3 190 4129 4653
3 4653 4633 190
3 191 209 212
3 191 212 4193
3 1482 1480 191
3 191 4193 4872
3 4872 4389 191
3 4023 213 192
3 192 213 4760
3 4819 4023 192
3 192 4390 4819
3 214 211 193
3 4184 214 193
3 193 1481 1484
3 193 4150 4608
3 4608 4184 193
3 194 206 209
3 194 209 4862
3 4862 4692 194
3 3181 210 195
3 195 210 4182
3 4657 3181 195
3 4926 3891 195
3 195 4182 4926
3 4812 4657 195
3 211 208 196
3 4141 211 196
3 2521 1481 196
3 196 1519 2607
3 2607 2521 196
3 4782 4141 196
3 196 4337 4782
3 197 200 206
3 197 206 4501
3 4501 2771 197
3 197 3060 3115
3 4243 207 198
3 198 207 4757
3 4757 3196 198
3 198 3710 4500
3 4500 4243 198
3 208 202 199
3 4091 208 199
3 1639 1549 199
3 4504 4091 199
3 234 206 200
3 4866 234 200
3 3115 3060 200
3 200 3060 3242
3 200 3242 4365
3 4745 235 201
3 201 235 4809
3 4809 4060 201
3 202 208 236
3 202 236 4652
3 202 1549 1639
3 4242 1549 202
3 4652 2114 202
3 228 224 203
3 4930 228 203
3 3131 240 203
3 203 240 4930
3 4309 3131 203
3 4365 4309 203
3 204 229 4406
3 5006 229 204
3 4406 242 204
3 204 242 5006
3 205 226 230
3 1689 226 205
3 205 230 4536
3 205 241 4087
3 4994 241 205
3 4405 1689 205
3 205 4087 4405
3 4536 4257 205
3 205 4257 4994
3 2010 209 206
3 206 234 2010
3 206 4034 4379
3 206 4379 4501
3 207 4243 4955
3 4955 4672 207
3 208 211 1755
3 1755 236 208
3 4091 3166 208
3 208 3166 4844
3 2060 212 209
3 209 2010 2060
3 209 4854 4862
3 4952 4182 210
3 211 214 1688
3 211 1688 1776
3 1776 1755 211
3 211 4141 4664
3 3135 215 212
3 212 2060 3135
3 4165 2744 212
3 212 2744 4193
3 213 2860 4760
3 4765 2860 213
3 4364 4022 213
3 213 4023 4364
3 214 217 1688
3 4184 2860 214
3 214 2860 4667
3 2623 218 215
3 3135 2623 215
3 4878 4861 215
3 4800 4146 216
3 216 4148 4800
3 217 220 3028
3 3028 1688 217
3 2623 2445 218
3 218 2445 4210
3 218 2619 5073
3 5073 4471 218
3 219 3516 3563
3 4468 3516 219
3 219 3564 3584
3 219 3584 4465
3 220 2003 3028
3 4208 2003 220
3 221 231 3107
3 4210 231 221
3 221 3107 3617
3 4950 3178 221
3 221 3617 4950
3 222 232 3594
3 222 232 5074
3 5108 232 222
3 5110 232 222
3 5098 3594 222
3 222 3594 5108
3 222 5074 5110
3 5143 5098 222
3 5115 5110 222
3 222 5110 5126
3 222 5126 5143
3 3403 233 223
3 223 233 4208
3 223 3398 3718
3 3718 3403 223
3 224 228 234
3 224 234 4934
3 4934 4697 224
3 225 235 4112
3 4401 235 225
3 225 4059 4606
3 225 4112 4914
3 4914 4209 225
3 4606 4401 225
3 236 230 226
3 4784 236 226
3 1689 1576 226
3 226 1689 4242
3 227 1377 1384
3 1635 1377 227
3 227 1384 1920
3 2688 1731 227
3 1920 1894 227
3 227 1894 2688
3 250 234 228
3 4982 250 228
3 228 4930 4982
3 229 251 4340
3 4540 251 229
3 229 4340 4406
3 5006 4540 229
3 230 236 2037
3 2037 252 230
3 230 252 4680
3 4680 4536 230
3 280 263 231
3 231 263 1770
3 2445 280 231
3 231 1770 3307
3 4210 2445 231
3 3432 3107 231
3 231 3307 3432
3 2584 264 232
3 232 264 3459
3 232 264 3953
3 4287 264 232
3 4641 2584 232
3 232 3459 5074
3 232 3586 3594
3 3953 3586 232
3 232 3586 4287
3 5108 3586 232
3 5110 4641 232
3 233 265 281
3 3995 265 233
3 233 281 2003
3 233 2003 4208
3 233 3403 5076
3 4785 3995 233
3 233 4248 4785
3 5076 4248 233
3 234 250 2078
3 2078 2010 234
3 234 4866 4934
3 235 2823 4112
3 4745 2823 235
3 235 4401 4809
3 236 1755 2037
3 236 3204 4652
3 4784 3204 236
3 247 240 237
3 237 240 3131
3 4560 247 237
3 237 253 259
3 4277 253 237
3 259 256 237
3 3131 256 237
3 237 256 4277
3 237 256 4376
3 237 4376 4560
3 3822 249 238
3 238 249 4949
3 238 257 4024
3 4949 257 238
3 4329 3822 238
3 238 4024 4329
3 3682 248 239
3 239 248 4991
3 239 258 261
3 4991 258 239
3 239 261 3682
3 240 247 250
3 240 250 4981
3 4981 4930 240
3 252 248 241
3 241 248 1818
3 5049 252 241
3 241 1818 4087
3 4994 4542 241
3 241 4542 5049
3 3252 251 242
3 242 251 4545
3 4341 3252 242
3 4406 4341 242
3 242 4545 5006
3 243 244 1993
3 2014 244 243
3 2442 244 243
3 243 244 3485
3 1981 1492 243
3 243 1492 3091
3 2442 1597 243
3 243 1597 2485
3 3091 1981 243
3 243 1993 2442
3 2976 2014 243
3 2485 2442 243
3 3485 2976 243
3 2442 1993 244
3 244 2014 3485
3 244 3221 3301
3 3485 3221 244
3 244 3301 3485
3 2965 246 245
3 245 246 3704
3 245 1989 2965
3 3704 1989 245
3 2965 2035 245
3 245 2035 3394
3 2515 2103 245
3 245 2103 3704
3 3704 2515 245
3 3394 2965 245
3 246 1670 2965
3 3040 1670 246
3 3011 1782 246
3 246 1782 3481
3 2965 1989 246
3 246 1989 2982
3 246 2965 3040
3 246 2982 3704
3 3481 3011 246
3 270 250 247
3 4560 270 247
3 248 252 272
3 248 272 4563
3 4087 1818 248
3 248 3682 4333
3 4333 4087 248
3 248 4563 4991
3 249 271 3328
3 4750 271 249
3 249 3328 4557
3 249 3822 4567
3 249 4557 4949
3 249 4567 4750
3 250 270 2078
3 250 4961 4981
3 4982 4961 250
3 4540 2814 251
3 251 2814 4545
3 251 3252 4340
3 2179 272 252
3 252 2037 2179
3 5049 4680 252
3 4686 259 253
3 3091 273 253
3 253 273 4553
3 3993 3091 253
3 4553 3660 253
3 253 3660 4686
3 4277 3993 253
3 254 260 4596
3 4910 260 254
3 254 275 4550
3 4551 275 254
3 254 3007 4551
3 4596 3007 254
3 4550 3939 254
3 254 3939 4910
3 3481 261 255
3 255 261 4645
3 255 274 3481
3 4645 274 255
3 256 259 283
3 283 270 256
3 256 270 4566
3 256 3131 4277
3 4566 4376 256
3 3328 271 257
3 257 271 4562
3 4564 3328 257
3 4562 4024 257
3 4949 4564 257
3 285 261 258
3 258 272 285
3 4669 272 258
3 258 4561 4669
3 4991 4561 258
3 4686 283 259
3 260 284 5042
3 5064 284 260
3 5042 4596 260
3 260 4910 5064
3 261 285 3996
3 261 3481 3703
3 3703 3682 261
3 261 3996 4827
3 4827 4645 261
3 262 263 279
3 2118 263 262
3 262 279 2555
3 262 1774 2118
3 3256 1774 262
3 2555 2471 262
3 262 2471 3004
3 262 3004 3256
3 280 279 263
3 2118 1770 263
3 263 2118 3107
3 3432 2118 263
3 263 3107 3432
3 264 2584 4625
3 264 2614 3953
3 4287 2614 264
3 264 3027 3459
3 4625 3027 264
3 265 266 281
3 2093 266 265
3 3044 2093 265
3 265 2334 3044
3 3995 2334 265
3 282 281 266
3 3232 282 266
3 2966 1456 266
3 266 1456 4361
3 266 2093 2966
3 4361 3232 266
3 267 310 1352
3 1352 1165 267
3 267 1165 1794
3 1794 1406 267
3 1352 310 268
3 268 406 467
3 1350 406 268
3 268 467 1579
3 268 1165 1352
3 1915 1165 268
3 1579 1350 268
3 268 1579 1915
3 269 406 1350
3 1592 406 269
3 269 1350 1579
3 270 283 1991
3 270 1991 2078
3 4560 3291 270
3 270 3291 4566
3 4750 4562 271
3 2531 285 272
3 272 2179 2531
3 4669 4563 272
3 273 276 286
3 3749 276 273
3 286 283 273
3 273 283 4553
3 273 3091 3749
3 288 278 274
3 274 278 3098
3 274 285 288
3 4003 285 274
3 274 3098 3481
3 4548 4003 274
3 4645 4548 274
3 4830 284 275
3 275 284 4978
3 4978 4550 275
3 275 4551 4830
3 4717 286 276
3 3472 293 276
3 276 293 4859
3 3749 3472 276
3 4859 4717 276
3 4156 287 277
3 277 287 4671
3 277 294 4758
3 4813 294 277
3 4762 4156 277
3 277 4671 4813
3 277 4758 4762
3 278 288 4845
3 278 295 3098
3 3203 295 278
3 4845 3203 278
3 279 280 289
3 279 289 2555
3 290 289 280
3 2445 290 280
3 281 282 292
3 292 291 281
3 281 291 1936
3 281 1936 2003
3 3232 292 282
3 283 286 299
3 283 299 1717
3 283 1717 1991
3 283 2846 4553
3 4686 2846 283
3 284 4830 5042
3 5064 4978 284
3 301 288 285
3 2927 301 285
3 285 2531 2927
3 4345 3996 285
3 285 4003 4345
3 4717 299 286
3 287 300 4671
3 4917 300 287
3 287 4156 4917
3 288 301 4845
3 289 290 305
3 289 305 2414
3 289 2414 2555
3 306 305 290
3 1934 306 290
3 2445 1934 290
3 291 292 308
3 308 307 291
3 291 307 1936
3 3001 308 292
3 3232 3001 292
3 293 296 302
3 4373 296 293
3 302 299 293
3 293 299 4380
3 293 3472 4373
3 293 4380 4870
3 4870 4859 293
3 294 300 4120
3 4954 300 294
3 294 4120 4758
3 4813 4808 294
3 294 4808 4954
3 303 298 295
3 295 298 5015
3 295 301 303
3 4119 301 295
3 5015 3098 295
3 295 3203 4646
3 4646 4119 295
3 4709 302 296
3 4134 309 296
3 296 309 4524
3 4373 4134 296
3 296 4524 4709
3 4526 304 297
3 297 304 4529
3 297 312 4093
3 4522 312 297
3 297 2759 4522
3 4529 2759 297
3 4093 2872 297
3 297 2872 4526
3 298 303 4519
3 4528 311 298
3 298 311 5015
3 4519 3207 298
3 298 3207 4528
3 299 302 4252
3 2467 1717 299
3 4252 2467 299
3 4717 4380 299
3 300 3263 4120
3 4917 3263 300
3 4954 4671 300
3 318 303 301
3 2618 318 301
3 2927 2618 301
3 301 4119 4635
3 301 4635 4845
3 302 316 4252
3 4993 316 302
3 4709 4530 302
3 302 4530 4993
3 303 318 4519
3 304 317 3282
3 4197 317 304
3 304 3282 4529
3 4526 4197 304
3 305 306 322
3 305 322 2414
3 323 322 306
3 1934 323 306
3 307 308 324
3 307 324 1936
3 325 324 308
3 3001 325 308
3 4268 316 309
3 309 316 4993
3 3615 319 309
3 309 319 4268
3 4134 3615 309
3 4993 4524 309
3 1406 1165 310
3 310 1165 1915
3 321 315 311
3 311 315 3967
3 311 318 321
3 4528 318 311
3 311 3967 5015
3 3282 317 312
3 312 317 4532
3 4522 3282 312
3 4532 4093 312
3 313 319 3164
3 3937 319 313
3 4110 330 313
3 313 330 4574
3 313 3164 4110
3 4574 3937 313
3 314 320 3836
3 4108 320 314
3 3836 332 314
3 314 332 4583
3 314 3311 4108
3 4583 3311 314
3 315 321 4575
3 315 331 345
3 4204 331 315
3 315 345 3930
3 315 3930 4290
3 4290 3967 315
3 4651 4204 315
3 315 4575 4651
3 3130 2467 316
3 316 2467 4252
3 4268 3130 316
3 4197 3321 317
3 317 3321 4532
3 342 321 318
3 2489 342 318
3 2618 2489 318
3 318 2869 4519
3 4528 2869 318
3 319 340 4268
3 4299 340 319
3 4134 3164 319
3 319 3615 4134
3 319 3937 4585
3 4585 4299 319
3 320 341 4584
3 4746 341 320
3 4584 3836 320
3 320 4108 4576
3 320 4576 4746
3 321 342 4575
3 322 323 333
3 322 333 2414
3 334 333 323
3 1934 334 323
3 324 325 335
3 324 335 2063
3 2063 1936 324
3 336 335 325
3 2058 336 325
3 3001 2058 325
3 3325 327 326
3 326 327 3683
3 326 364 2477
3 3683 364 326
3 2477 2081 326
3 326 2081 3064
3 326 3064 3325
3 327 2081 2477
3 2510 2081 327
3 327 2477 3860
3 3214 2510 327
3 3325 3214 327
3 3860 3683 327
3 2650 329 328
3 328 329 3146
3 328 1856 2034
3 2685 1856 328
3 328 2034 3807
3 3807 2650 328
3 3146 2685 328
3 1856 367 329
3 329 367 3146
3 329 1760 2034
3 3026 1760 329
3 2034 1856 329
3 329 2650 3026
3 358 340 330
3 330 340 4299
3 330 343 358
3 4110 343 330
3 3164 2991 330
3 330 2991 4110
3 4110 3164 330
3 330 4299 4574
3 331 342 2687
3 4107 342 331
3 360 345 331
3 2687 360 331
3 4580 4107 331
3 331 4204 4580
3 4012 341 332
3 332 341 4746
3 332 3836 4572
3 4572 4012 332
3 4746 4583 332
3 333 334 347
3 347 346 333
3 333 346 2603
3 2603 2414 333
3 2060 347 334
3 334 1934 2060
3 335 336 349
3 349 348 335
3 335 348 2063
3 2058 349 336
3 337 343 2991
3 4712 343 337
3 4001 350 337
3 337 350 4324
3 337 2991 3383
3 337 3383 4001
3 337 4324 4712
3 2019 344 338
3 338 344 2088
3 2407 1532 338
3 338 1532 3976
3 2088 1583 338
3 338 1583 2407
3 3258 2019 338
3 3976 3258 338
3 3945 345 339
3 339 345 4789
3 339 352 3945
3 4979 352 339
3 4789 3322 339
3 339 3322 4979
3 340 358 2627
3 2627 1859 340
3 340 1859 3130
3 340 3130 4268
3 341 4012 4584
3 342 2489 2687
3 342 4107 4594
3 4594 4575 342
3 4712 358 343
3 4110 2991 343
3 344 359 2474
3 4998 359 344
3 344 2019 4895
3 4603 2088 344
3 344 2474 4603
3 344 4895 4998
3 345 360 4789
3 4377 3930 345
3 345 3945 4377
3 346 347 355
3 355 354 346
3 346 354 1840
3 346 1840 2603
3 2060 355 347
3 348 349 356
3 348 356 2063
3 357 356 349
3 2091 357 349
3 349 2058 2091
3 369 358 350
3 350 358 4858
3 4001 369 350
3 4457 4324 350
3 4858 4457 350
3 351 353 1790
3 1883 353 351
3 351 1532 1739
3 1790 1532 351
3 351 1739 1883
3 352 360 371
3 4979 360 352
3 352 371 3032
3 352 3032 3730
3 352 3730 3945
3 3533 1790 353
3 353 1883 1933
3 353 1933 3533
3 354 355 372
3 354 372 1840
3 373 372 355
3 1775 373 355
3 2060 1775 355
3 356 357 374
3 356 374 1776
3 356 1776 2063
3 375 374 357
3 2091 375 357
3 358 369 4259
3 2577 1924 358
3 358 1924 2627
3 4259 2577 358
3 358 4712 4858
3 1933 1527 359
3 359 1527 4779
3 359 1855 1933
3 4998 1855 359
3 4779 2474 359
3 388 371 360
3 2964 388 360
3 360 2687 2964
3 360 4402 4789
3 4979 4402 360
3 361 369 3480
3 4704 369 361
3 3480 383 361
3 361 383 4066
3 361 4066 4704
3 5023 384 362
3 362 384 5024
3 5024 3431 362
3 362 3431 5031
3 3931 3769 362
3 362 3769 5023
3 5031 3931 362
3 3687 371 363
3 363 371 4069
3 363 385 3687
3 4069 385 363
3 364 365 3412
3 3683 365 364
3 364 1753 2477
3 3589 1753 364
3 364 3025 3480
3 3729 3025 364
3 364 3412 3589
3 364 3480 3729
3 2477 1753 365
3 365 1753 2636
3 3860 2477 365
3 365 2636 3990
3 3990 3412 365
3 365 3683 3860
3 3146 367 366
3 366 367 3571
3 2235 1856 366
3 366 1856 2685
3 3019 2235 366
3 366 2685 3146
3 366 3005 3019
3 3571 3005 366
3 3184 1498 367
3 3687 1498 367
3 367 1498 3786
3 367 1498 4317
3 367 1856 2235
3 367 2235 3571
3 4317 3184 367
3 3786 3687 367
3 368 1401 1425
3 1655 1401 368
3 3152 1655 368
3 368 1793 1947
3 368 1947 3152
3 369 386 4259
3 4704 386 369
3 4001 3480 369
3 370 387 5037
3 5040 387 370
3 3931 3455 370
3 370 3455 5040
3 4153 3931 370
3 4223 4153 370
3 5037 4223 370
3 371 388 3899
3 3687 3032 371
3 371 3899 4778
3 4778 4069 371
3 372 373 376
3 372 376 1742
3 372 1742 1840
3 377 376 373
3 1775 377 373
3 374 375 378
3 374 378 1776
3 379 378 375
3 2017 379 375
3 2091 2017 375
3 376 377 380
3 376 380 1742
3 396 380 377
3 1780 396 377
3 377 1775 1780
3 378 379 381
3 378 381 1749
3 378 1749 1776
3 382 381 379
3 2017 382 379
3 396 395 380
3 380 395 1494
3 380 1494 1742
3 381 382 397
3 381 397 1779
3 1779 1749 381
3 398 397 382
3 1495 398 382
3 2017 1495 382
3 392 386 383
3 383 386 4157
3 383 389 392
3 3297 389 383
3 3480 3297 383
3 4696 4066 383
3 383 4157 4696
3 3444 387 384
3 384 387 5036
3 5023 3444 384
3 384 3582 5024
3 5036 3582 384
3 385 388 393
3 3899 388 385
3 393 391 385
3 385 391 4317
3 4317 3687 385
3 4793 3899 385
3 385 4069 4793
3 386 392 407
3 386 407 3381
3 3381 2577 386
3 386 2577 4259
3 4707 4157 386
3 386 4704 4707
3 387 3444 4612
3 387 3894 5036
3 5040 3894 387
3 387 4612 5037
3 409 393 388
3 3606 409 388
3 388 2964 3606
3 4351 392 389
3 3297 403 389
3 389 403 4356
3 5005 4351 389
3 389 4356 5005
3 390 394 3567
3 4013 394 390
3 390 404 3573
3 5022 404 390
3 390 3567 3576
3 390 3573 4013
3 390 3576 5022
3 391 393 4317
3 391 393 4614
3 4977 393 391
3 391 405 415
3 4614 405 391
3 391 415 3919
3 391 3919 4977
3 4106 407 392
3 4517 4106 392
3 392 4351 4517
3 393 409 4507
3 4977 4317 393
3 393 4507 4614
3 394 408 3552
3 4047 408 394
3 394 3552 3567
3 4013 3566 394
3 394 3566 4047
3 395 396 399
3 395 399 2111
3 2111 1494 395
3 400 399 396
3 1780 400 396
3 397 398 401
3 397 401 1720
3 397 1720 1779
3 402 401 398
3 2072 402 398
3 398 1495 2072
3 399 400 416
3 399 416 2111
3 417 416 400
3 1666 417 400
3 1780 1666 400
3 401 402 418
3 401 418 1720
3 419 418 402
3 2072 419 402
3 410 407 403
3 403 407 4969
3 413 410 403
3 3889 413 403
3 403 3297 3889
3 4510 4356 403
3 4969 4510 403
3 5117 408 404
3 404 408 5118
3 404 3568 3573
3 5118 3568 404
3 404 5022 5182
3 5182 5117 404
3 405 409 412
3 4149 409 405
3 405 412 415
3 4513 4149 405
3 4614 4513 405
3 1579 467 406
3 406 1592 1605
3 407 410 424
3 407 424 2527
3 2527 1644 407
3 407 1644 3381
3 407 4106 4969
3 5117 3552 408
3 408 4047 4077
3 408 4077 5118
3 426 412 409
3 3606 426 409
3 409 4149 4507
3 410 413 4860
3 4860 424 410
3 411 425 2479
3 3609 425 411
3 411 2479 5151
3 5112 3609 411
3 5167 5112 411
3 411 5151 5167
3 4618 415 412
3 412 426 4618
3 430 427 413
3 413 427 4342
3 5007 430 413
3 4342 2304 413
3 413 2304 4860
3 413 3889 5007
3 414 2617 3559
3 5168 2617 414
3 414 3559 5112
3 414 5107 5161
3 5167 5107 414
3 414 5112 5167
3 414 5161 5168
3 415 429 432
3 5068 429 415
3 415 432 5041
3 5041 3919 415
3 415 4618 5068
3 416 417 420
3 416 420 2074
3 416 2074 2111
3 421 420 417
3 1666 421 417
3 418 419 422
3 418 422 1633
3 418 1633 1720
3 423 422 419
3 2072 423 419
3 420 421 440
3 420 440 2432
3 2432 2074 420
3 441 440 421
3 1469 441 421
3 1666 1469 421
3 422 423 442
3 422 442 1533
3 422 1533 1633
3 443 442 423
3 1650 443 423
3 2072 1650 423
3 424 427 444
3 4342 427 424
3 424 444 1847
3 424 1847 2527
3 5046 4342 424
3 424 4860 5046
3 3254 428 425
3 425 428 5104
3 3528 2479 425
3 3542 3254 425
3 5104 3528 425
3 3609 3542 425
3 446 429 426
3 426 429 4611
3 2123 446 426
3 3606 2123 426
3 4611 2353 426
3 426 2353 4618
3 427 430 444
3 3572 2617 428
3 428 2617 5168
3 428 3254 3572
3 5158 5104 428
3 5168 5158 428
3 446 432 429
3 5068 4611 429
3 3269 433 430
3 430 433 4415
3 5081 444 430
3 5007 3269 430
3 430 4415 5081
3 3561 434 431
3 431 434 5113
3 5114 445 431
3 431 445 5132
3 5132 3561 431
3 431 5113 5152
3 5152 5114 431
3 432 435 3267
3 4315 435 432
3 432 446 4780
3 432 3267 5041
3 4780 4315 432
3 3269 447 433
3 433 447 4416
3 433 4273 4415
3 4416 4273 433
3 434 448 3583
3 5003 448 434
3 434 3561 5003
3 434 3583 4997
3 434 4997 5113
3 435 449 3267
3 4811 449 435
3 435 4315 4811
3 1965 437 436
3 436 437 2652
3 436 437 3180
3 3419 437 436
3 436 463 1965
3 2652 463 436
3 436 2530 2940
3 3269 2530 436
3 436 2940 3269
3 436 3180 3570
3 3570 3419 436
3 450 447 437
3 437 447 3269
3 3269 450 437
3 1965 464 437
3 437 464 2652
3 3222 3180 437
3 3989 3222 437
3 437 3419 3989
3 438 449 452
3 3267 449 438
3 438 452 3267
3 438 2491 2535
3 4021 2491 438
3 438 2535 2635
3 3832 2592 438
3 438 2592 3928
3 438 2635 3185
3 438 3185 3832
3 438 3928 4021
3 2535 2491 439
3 439 2491 3110
3 2635 2535 439
3 439 2592 3021
3 3928 2592 439
3 3021 2635 439
3 439 3110 3928
3 440 441 453
3 440 453 2432
3 454 453 441
3 1469 454 441
3 442 443 455
3 442 455 1533
3 456 455 443
3 1650 456 443
3 444 447 450
3 4416 447 444
3 444 450 460
3 444 460 1372
3 444 1372 1847
3 5081 4416 444
3 445 448 3522
3 3588 448 445
3 445 3522 5132
3 5114 3588 445
3 452 449 446
3 446 449 4811
3 462 452 446
3 2059 462 446
3 2123 2059 446
3 446 2400 4780
3 4811 2400 446
3 3562 3522 448
3 5003 3562 448
3 3588 3583 448
3 3235 457 450
3 450 457 4849
3 4874 460 450
3 3269 3235 450
3 450 4849 4874
3 451 458 2599
3 3580 458 451
3 2599 461 451
3 451 461 3580
3 452 459 3155
3 4666 459 452
3 452 462 4666
3 3155 2073 452
3 452 2073 3267
3 453 454 471
3 453 471 1563
3 453 1563 2432
3 472 471 454
3 1469 472 454
3 455 456 473
3 455 473 1464
3 455 1464 1533
3 474 473 456
3 1650 474 456
3 3235 468 457
3 457 468 4724
3 4724 2208 457
3 457 2208 4849
3 4647 469 458
3 458 469 4879
3 4336 2599 458
3 3580 2681 458
3 458 2681 4647
3 4879 4336 458
3 459 470 3155
3 4781 470 459
3 4666 2382 459
3 459 2382 4781
3 460 468 475
3 4874 468 460
3 460 475 485
3 460 485 1372
3 461 469 4647
3 4879 469 461
3 461 2599 4743
3 461 3577 3580
3 4647 3577 461
3 461 4743 4879
3 477 470 462
3 462 470 4781
3 487 477 462
3 2059 487 462
3 4670 4666 462
3 4781 4670 462
3 2652 464 463
3 463 464 2974
3 2928 1965 463
3 2974 2928 463
3 463 2940 3465
3 4236 2940 463
3 463 3465 4236
3 464 1965 2928
3 464 2928 3417
3 3417 2974 464
3 465 470 477
3 3155 470 465
3 465 477 3155
3 465 1886 2491
3 4272 1886 465
3 465 2491 4021
3 3833 3051 465
3 465 3051 4272
3 4021 3833 465
3 1886 1786 466
3 466 1786 3051
3 2491 1886 466
3 3110 2491 466
3 2516 2496 466
3 466 2496 3518
3 3054 2516 466
3 466 3051 3833
3 3518 3054 466
3 3833 3110 466
3 4236 475 468
3 468 3235 4236
3 4874 4724 468
3 471 472 481
3 471 481 1563
3 482 481 472
3 1447 482 472
3 1469 1447 472
3 473 474 483
3 473 483 1441
3 473 1441 1464
3 484 483 474
3 1781 484 474
3 474 1650 1781
3 3605 478 475
3 475 478 4701
3 4701 485 475
3 475 3465 3605
3 4236 3465 475
3 4629 479 476
3 476 479 4925
3 476 486 4629
3 4925 486 476
3 477 480 3518
3 4817 480 477
3 477 487 4817
3 3518 3155 477
3 491 488 478
3 478 488 4720
3 3605 491 478
3 478 4297 4701
3 4720 4297 478
3 4615 489 479
3 479 489 4923
3 479 2212 4615
3 4629 2212 479
3 4923 2374 479
3 479 2374 4925
3 480 490 4217
3 4833 490 480
3 4217 3518 480
3 4817 3523 480
3 480 3523 4833
3 481 482 497
3 481 497 1466
3 481 1466 1563
3 498 497 482
3 1390 498 482
3 1447 1390 482
3 483 484 499
3 483 499 1441
3 500 499 484
3 1462 500 484
3 1781 1462 484
3 485 488 501
3 4720 488 485
3 485 501 1550
3 1550 1372 485
3 4701 2267 485
3 485 2267 4720
3 486 489 3702
3 4923 489 486
3 486 2331 4923
3 4925 2331 486
3 486 3702 4629
3 503 490 487
3 487 490 3316
3 1976 503 487
3 2059 1976 487
3 487 3316 4817
3 488 491 501
3 4615 3702 489
3 503 493 490
3 490 493 4217
3 4833 3316 490
3 3237 494 491
3 491 494 4690
3 4690 501 491
3 3605 3237 491
3 4643 495 492
3 492 495 4887
3 4887 502 492
3 492 502 5063
3 5063 4643 492
3 3623 496 493
3 493 496 3658
3 493 503 4115
3 4802 3623 493
3 493 3658 4017
3 493 4017 4217
3 493 4115 4802
3 507 504 494
3 494 504 3136
3 5065 507 494
3 494 3136 4690
3 494 3237 3905
3 494 3905 5065
3 495 505 4759
3 4848 505 495
3 4643 2318 495
3 495 2318 4848
3 4759 3048 495
3 495 3048 4887
3 496 506 509
3 3623 506 496
3 496 509 4186
3 4186 3658 496
3 497 498 1723
3 497 762 1466
3 1723 762 497
3 1426 1388 498
3 498 1388 1723
3 498 1390 1426
3 499 500 1382
3 499 1382 1383
3 499 1383 1702
3 499 1391 1441
3 1846 1391 499
3 499 1702 1846
3 1511 1382 500
3 500 1462 2011
3 2011 1511 500
3 501 504 2012
3 3916 504 501
3 2012 1550 501
3 4690 3916 501
3 3462 505 502
3 502 505 4848
3 4887 3462 502
3 502 4848 5063
3 3681 506 503
3 503 506 4621
3 1976 1468 503
3 503 1468 3681
3 4288 4115 503
3 4621 4288 503
3 504 507 513
3 504 513 2012
3 4868 3136 504
3 504 3916 4868
3 505 3462 4759
3 515 509 506
3 3681 515 506
3 506 3623 4621
3 3372 510 507
3 507 510 4436
3 5001 513 507
3 5065 3372 507
3 507 4436 5001
3 508 511 4428
3 4435 511 508
3 508 514 3867
3 4428 514 508
3 508 3867 4435
3 509 512 4186
3 4422 512 509
3 509 515 4422
3 509 3658 4186
3 4306 3658 509
3 509 4186 4306
3 3372 520 510
3 510 520 4219
3 510 4219 4436
3 4421 522 511
3 511 522 4432
3 511 2369 4428
3 4432 2369 511
3 511 3453 4421
3 4435 3453 511
3 512 521 3123
3 4429 521 512
3 512 3123 4971
3 4422 3127 512
3 512 3127 4429
3 512 3513 4228
3 4971 3513 512
3 4306 4186 512
3 512 4228 4306
3 513 520 523
3 4426 520 513
3 513 523 529
3 513 529 2129
3 2018 2012 513
3 2129 2018 513
3 513 2252 4426
3 5001 2252 513
3 514 522 3867
3 4432 522 514
3 4428 3376 514
3 514 3376 4432
3 525 521 515
3 515 521 4803
3 4284 525 515
3 515 3271 3536
3 3681 3271 515
3 515 3536 4284
3 4803 4422 515
3 516 517 1900
3 2108 517 516
3 516 517 2563
3 3042 517 516
3 516 1803 2505
3 2563 1803 516
3 516 1900 2613
3 3613 2080 516
3 516 2080 5020
3 2462 2108 516
3 2613 2462 516
3 516 2505 3042
3 3700 3613 516
3 5020 3700 516
3 2449 1900 517
3 517 2108 2449
3 3946 2563 517
3 517 3042 3946
3 2137 519 518
3 518 519 2602
3 518 519 3777
3 3948 519 518
3 518 521 525
3 3123 521 518
3 518 525 3123
3 3777 2137 518
3 3715 2465 518
3 518 2465 3777
3 518 2602 3948
3 3777 3715 518
3 519 1786 2602
3 3353 1786 519
3 519 2137 3777
3 2695 2572 519
3 519 2572 3777
3 3777 2695 519
3 3948 3353 519
3 3700 523 520
3 520 3372 3700
3 4426 4219 520
3 521 4429 4803
3 4421 3867 522
3 3700 526 523
3 523 526 4695
3 4266 529 523
3 4695 4266 523
3 524 527 3411
3 4637 527 524
3 4113 530 524
3 524 530 4637
3 524 3411 4916
3 4916 4113 524
3 2992 528 525
3 525 528 3123
3 525 531 2992
3 4284 531 525
3 3999 532 526
3 526 532 4733
3 526 3148 4695
3 4733 3148 526
3 526 3700 5020
3 5020 3999 526
3 4595 533 527
3 527 533 4888
3 4888 3411 527
3 527 3466 4595
3 4637 3466 527
3 528 534 4195
3 4831 534 528
3 528 2992 3191
3 3356 3123 528
3 528 3191 4831
3 4195 3356 528
3 529 532 535
3 4266 532 529
3 529 535 541
3 529 541 2970
3 2970 2129 529
3 4888 533 530
3 530 533 5009
3 4113 3363 530
3 530 3363 4888
3 5004 4637 530
3 5009 5004 530
3 537 534 531
3 531 534 4831
3 3460 537 531
3 3116 1904 531
3 531 1904 3460
3 3314 2992 531
3 3536 3116 531
3 4831 3314 531
3 4284 3536 531
3 538 535 532
3 3999 538 532
3 532 4266 4733
3 533 4595 5009
3 534 537 540
3 534 540 4195
3 535 538 4962
3 4968 541 535
3 535 4962 4968
3 4388 539 536
3 536 539 4496
3 536 542 4355
3 4496 542 536
3 536 4355 4388
3 537 540 3223
3 4195 540 537
3 4492 540 537
3 3460 543 537
3 537 543 4492
3 537 3223 4195
3 4283 548 538
3 538 548 4975
3 538 3999 4400
3 4400 4283 538
3 4975 4962 538
3 4349 550 539
3 539 550 4494
3 4494 3278 539
3 539 3278 4496
3 4360 4349 539
3 4388 4360 539
3 3342 549 540
3 540 549 5138
3 3645 3223 540
3 4492 3342 540
3 5138 3645 540
3 541 548 551
3 4975 548 541
3 541 551 557
3 541 557 1365
3 541 1365 2970
3 4968 3340 541
3 541 3340 4975
3 542 550 4349
3 4494 550 542
3 4349 2244 542
3 542 2244 4355
3 542 3678 4494
3 4496 3678 542
3 543 549 4279
3 4294 549 543
3 543 1904 2621
3 3460 1904 543
3 543 2621 4294
3 543 4279 4492
3 1900 545 544
3 544 545 3390
3 2654 1624 544
3 544 1624 3228
3 2613 1900 544
3 3076 2613 544
3 3228 2654 544
3 3723 2654 544
3 544 2654 4283
3 2952 2909 544
3 544 2909 3076
3 3141 2952 544
3 3390 3141 544
3 4283 3723 544
3 551 548 545
3 545 548 4283
3 4283 551 545
3 545 1900 2449
3 2952 2443 545
3 545 2443 3390
3 545 2449 2909
3 545 2909 2952
3 546 2488 3219
3 3708 2488 546
3 3219 2959 546
3 546 2959 4407
3 546 3424 3708
3 3892 3424 546
3 4407 3892 546
3 2572 2095 547
3 547 2095 3219
3 547 2488 3139
3 3219 2488 547
3 3892 2572 547
3 547 3139 3424
3 547 3424 3892
3 4294 553 549
3 549 553 5138
3 549 3259 3645
3 5138 3259 549
3 549 3342 4490
3 549 3645 5138
3 4490 4279 549
3 3228 554 551
3 551 554 4729
3 4729 557 551
3 4283 3228 551
3 4660 555 552
3 552 555 4915
3 552 558 3968
3 4915 558 552
3 552 3968 4660
3 3259 556 553
3 553 556 3949
3 5018 556 553
3 553 556 5138
3 4294 559 553
3 553 559 4837
3 3949 3259 553
3 553 4837 5018
3 563 560 554
3 554 560 4716
3 3228 563 554
3 4716 2930 554
3 554 2930 4729
3 555 561 4178
3 4628 561 555
3 555 3475 4628
3 4660 3475 555
3 555 4178 4912
3 555 4912 4915
3 556 562 565
3 4832 562 556
3 556 565 3949
3 556 3259 5138
3 556 4546 4832
3 5018 4546 556
3 557 560 569
3 4716 560 557
3 557 569 1365
3 557 2279 4716
3 4729 2279 557
3 558 561 3968
3 4063 561 558
3 4396 4063 558
3 4915 4396 558
3 571 562 559
3 559 562 4185
3 2451 571 559
3 559 1476 2451
3 2621 1476 559
3 4294 2621 559
3 4185 3791 559
3 559 3791 4837
3 560 563 569
3 4628 3968 561
3 561 4063 4909
3 4909 4178 561
3 571 565 562
3 4832 4185 562
3 2911 566 563
3 563 566 4438
3 2213 569 563
3 4438 2213 563
3 3228 2911 563
3 564 567 3531
3 4437 567 564
3 564 570 4437
3 4447 570 564
3 564 3531 4447
3 2348 568 565
3 565 568 5014
3 565 571 4384
3 4444 2348 565
3 5014 3949 565
3 565 4384 4444
3 575 572 566
3 2911 572 566
3 566 572 3934
3 566 572 4727
3 3934 575 566
3 4727 4438 566
3 567 574 3531
3 4441 574 567
3 4437 2228 567
3 567 2228 4441
3 568 573 577
3 2348 573 568
3 3102 573 568
3 568 573 5014
3 568 577 3102
3 569 572 589
3 2213 572 569
3 569 589 2915
3 2915 1365 569
3 570 574 3425
3 4448 574 570
3 4447 2397 570
3 570 2397 4448
3 570 3425 4437
3 591 573 571
3 571 573 4445
3 2951 591 571
3 571 2451 2951
3 4445 4384 571
3 572 575 589
3 572 2213 4442
3 572 2911 3934
3 572 4442 4727
3 591 577 573
3 573 2348 4445
3 573 3102 5014
3 4441 3425 574
3 4448 3531 574
3 3934 582 575
3 575 582 4715
3 4718 589 575
3 575 4715 4718
3 3823 583 576
3 576 583 3868
3 576 590 4357
3 4901 590 576
3 4616 3823 576
3 576 3868 4901
3 576 4357 4616
3 577 584 2596
3 4772 584 577
3 577 591 4816
3 577 2596 3078
3 577 3078 3102
3 4816 4772 577
3 578 579 2539
3 3647 579 578
3 2539 1475 578
3 578 1475 2633
3 578 2633 3141
3 578 2911 3009
3 3934 2911 578
3 578 3009 3934
3 578 3141 3647
3 579 1475 1724
3 2633 1475 579
3 579 1724 2539
3 579 2443 2633
3 3647 2443 579
3 3171 2428 580
3 580 2428 3835
3 2487 2476 580
3 580 2476 3183
3 3835 2487 580
3 3835 3171 580
3 580 3183 3608
3 580 3608 3835
3 1975 1811 581
3 581 1811 2920
3 2487 1975 581
3 581 2139 2596
3 2963 2139 581
3 581 2476 2487
3 3139 2476 581
3 581 2596 2963
3 581 2920 3835
3 3608 3139 581
3 3835 3608 581
3 3934 599 582
3 582 599 4711
3 4711 2259 582
3 582 2259 4715
3 3824 600 583
3 583 600 4920
3 583 3823 4032
3 4032 3824 583
3 4920 3868 583
3 584 601 2596
3 4805 601 584
3 4772 4162 584
3 584 4162 4805
3 585 592 1573
3 3792 592 585
3 585 1573 3633
3 3633 1586 585
3 585 1586 3803
3 3803 3792 585
3 597 593 586
3 586 593 3803
3 3406 597 586
3 2463 1801 586
3 586 1801 3406
3 2470 2463 586
3 3803 2470 586
3 587 594 3529
3 3806 594 587
3 587 1606 1819
3 1858 1606 587
3 587 1819 3806
3 3165 1858 587
3 3529 3165 587
3 1864 595 588
3 588 595 3805
3 588 1641 2482
3 3805 1641 588
3 2482 1864 588
3 589 599 602
3 4711 599 589
3 589 602 612
3 589 612 2929
3 2929 2915 589
3 4718 4711 589
3 590 600 4139
3 4920 600 590
3 4901 3826 590
3 590 3826 4920
3 590 4139 4357
3 604 601 591
3 591 601 5034
3 4278 604 591
3 2600 2495 591
3 591 2495 4278
3 2951 2600 591
3 5034 4816 591
3 3680 596 592
3 592 596 3764
3 3764 1573 592
3 3792 3680 592
3 593 597 2544
3 593 2544 3600
3 593 3600 3803
3 3507 598 594
3 594 598 3529
3 3806 3507 594
3 595 1864 2667
3 595 2667 3527
3 3527 3423 595
3 595 3423 3825
3 3825 3805 595
3 3388 608 596
3 596 608 3778
3 3858 3388 596
3 596 3680 3858
3 3778 3764 596
3 2490 609 597
3 597 609 3837
3 3406 2490 597
3 3837 2544 597
3 598 610 2997
3 3760 610 598
3 598 2997 3165
3 598 3165 3529
3 598 3507 3760
3 605 602 599
3 4078 605 599
3 599 3934 4078
3 600 3824 4649
3 4649 4139 600
3 601 604 607
3 601 607 2547
3 601 2547 3794
3 3794 2596 601
3 601 4805 5034
3 602 605 4477
3 4477 612 602
3 4475 606 603
3 603 606 4485
3 3499 613 603
3 603 613 4475
3 4485 3499 603
3 2547 607 604
3 604 607 3640
3 4480 607 604
3 4278 614 604
3 604 614 4480
3 3640 2547 604
3 629 623 605
3 605 623 4479
3 3851 629 605
3 605 2271 4477
3 4479 2271 605
3 4078 3851 605
3 3758 625 606
3 606 625 4486
3 606 3272 4485
3 4486 3272 606
3 4475 3758 606
3 607 624 4398
3 4483 624 607
3 4398 3640 607
3 607 4480 4788
3 4788 4483 607
3 3388 615 608
3 608 615 3778
3 2490 616 609
3 609 616 3712
3 609 3712 3837
3 3657 617 610
3 610 617 3986
3 3986 2997 610
3 3760 3657 610
3 1916 618 611
3 611 618 4177
3 3169 1916 611
3 4029 3169 611
3 611 3409 4029
3 4177 3409 611
3 612 623 626
3 4479 623 612
3 612 626 636
3 612 636 1553
3 612 1553 2929
3 612 4477 4703
3 4703 4479 612
3 3499 625 613
3 613 625 4478
3 4650 4475 613
3 613 4478 4650
3 628 624 614
3 614 624 4483
3 4303 628 614
3 614 2326 4480
3 4483 2326 614
3 2495 2478 614
3 614 2478 4303
3 4278 2495 614
3 615 619 3778
3 3857 619 615
3 615 3388 3712
3 615 3712 3857
3 2490 620 616
3 616 620 3857
3 3857 3712 616
3 3695 621 617
3 617 621 3898
3 617 3657 3695
3 617 3898 3986
3 1916 622 618
3 618 622 3849
3 3849 2956 618
3 618 2956 4177
3 619 632 2528
3 3596 632 619
3 619 2528 3778
3 3857 3596 619
3 2666 633 620
3 620 633 3596
3 620 2490 2666
3 620 3596 3857
3 621 634 2452
3 2624 634 621
3 621 2452 3753
3 3849 2624 621
3 621 3695 3849
3 621 3753 3898
3 1916 635 622
3 622 635 2624
3 622 2624 3849
3 629 626 623
3 624 628 631
3 624 631 4398
3 625 3499 4486
3 625 3758 4478
3 626 629 4713
3 4123 636 626
3 4713 4123 626
3 3985 630 627
3 627 630 4886
3 3506 637 627
3 627 637 4636
3 4886 3506 627
3 4636 3985 627
3 628 631 641
3 4398 631 628
3 4824 631 628
3 4303 638 628
3 628 638 4824
3 628 641 3634
3 628 3634 4398
3 647 639 629
3 629 639 4127
3 3491 647 629
3 4127 2141 629
3 629 2141 4713
3 4218 3491 629
3 629 3851 4218
3 630 640 3212
3 3985 640 630
3 630 3212 4264
3 630 4264 4886
3 4840 641 631
3 4824 3654 631
3 631 3654 4840
3 632 633 642
3 3596 633 632
3 632 642 3036
3 632 1631 2528
3 3036 1631 632
3 643 642 633
3 1547 643 633
3 2666 1547 633
3 634 635 644
3 2624 635 634
3 634 644 2131
3 634 2131 2606
3 2606 2452 634
3 645 644 635
3 1531 645 635
3 1998 1531 635
3 635 1916 1998
3 636 639 656
3 4736 639 636
3 636 656 1851
3 1851 1553 636
3 4123 3261 636
3 636 3261 4736
3 637 640 2985
3 3212 640 637
3 2985 2641 637
3 637 2641 4636
3 3506 3212 637
3 658 641 638
3 638 641 4840
3 2644 658 638
3 2478 1860 638
3 638 1860 2644
3 4303 2478 638
3 638 2884 4824
3 4840 2884 638
3 639 647 650
3 639 650 656
3 4736 4127 639
3 3985 2985 640
3 641 658 3492
3 3492 2130 641
3 641 2130 3634
3 642 643 660
3 660 659 642
3 642 659 1530
3 642 1530 3036
3 3604 660 643
3 643 1547 3604
3 644 645 661
3 644 661 2107
3 644 2107 2131
3 662 661 645
3 1531 662 645
3 3170 1711 646
3 646 1711 4232
3 2517 1809 646
3 646 1809 3520
3 646 2016 2545
3 4232 2016 646
3 2545 2517 646
3 3491 3170 646
3 3942 3491 646
3 646 3520 3664
3 646 3664 4196
3 4232 3942 646
3 646 4196 4232
3 653 650 647
3 3491 653 647
3 1724 1381 647
3 647 1381 1809
3 1809 1724 647
3 647 1809 2517
3 3520 1809 647
3 647 2517 2545
3 647 2545 2691
3 2691 2689 647
3 647 2689 3520
3 1888 1697 648
3 648 1697 3344
3 3049 1888 648
3 648 2410 3049
3 3344 2410 648
3 648 2504 3049
3 4246 2504 648
3 648 3049 4246
3 2583 1888 649
3 649 1888 3049
3 649 2410 2583
3 3049 2410 649
3 3049 2504 649
3 649 2504 3355
3 3099 3049 649
3 4233 3099 649
3 649 3355 4233
3 650 653 4245
3 4734 656 650
3 650 4245 4452
3 650 4452 4734
3 4451 654 651
3 651 654 4456
3 651 657 4451
3 4456 657 651
3 652 655 658
3 3317 655 652
3 652 658 4374
3 4453 3317 652
3 652 4374 4453
3 675 663 653
3 653 663 4589
3 653 672 675
3 3070 672 653
3 653 2610 3070
3 3488 2610 653
3 3491 3488 653
3 4589 4245 653
3 4586 664 654
3 654 664 4593
3 654 2882 4456
3 4593 2882 654
3 4451 3217 654
3 654 3217 4586
3 4591 658 655
3 655 3317 4591
3 656 663 3766
3 4589 663 656
3 3010 1851 656
3 3766 3010 656
3 4734 4589 656
3 657 664 4586
3 4593 664 657
3 4456 3003 657
3 657 3003 4593
3 657 3305 4451
3 4586 3305 657
3 2122 2085 658
3 658 2085 3492
3 2646 2122 658
3 658 2644 2646
3 4591 4374 658
3 659 660 3188
3 659 667 2645
3 3188 667 659
3 2645 1530 659
3 660 668 3188
3 3859 668 660
3 660 3604 3859
3 661 662 3187
3 3187 669 661
3 661 669 3903
3 3903 2107 661
3 662 670 3187
3 3656 670 662
3 662 1531 3137
3 662 3137 3656
3 675 665 663
3 663 665 3766
3 665 675 4689
3 665 678 3766
3 4689 678 665
3 2764 676 666
3 666 676 4884
3 666 679 4630
3 4958 679 666
3 4630 2764 666
3 666 4884 4958
3 667 681 3255
3 3854 681 667
3 3255 2645 667
3 667 3188 3856
3 3856 3854 667
3 1869 682 668
3 668 682 3854
3 3859 1869 668
3 3856 3188 668
3 668 3854 3856
3 3811 683 669
3 669 683 4280
3 669 3187 3811
3 4280 3903 669
3 670 684 3811
3 4973 684 670
3 3811 3187 670
3 670 3656 4104
3 670 4104 4973
3 671 672 1945
3 3070 672 671
3 671 672 3119
3 3350 672 671
3 671 1945 2016
3 671 2000 3386
3 4232 2000 671
3 671 2016 4232
3 4232 3070 671
3 671 3119 4229
3 3669 3350 671
3 671 3386 4232
3 4229 3669 671
3 3386 675 672
3 3070 1945 672
3 672 2689 2691
3 3070 2689 672
3 672 2691 3070
3 672 3070 3386
3 3197 3119 672
3 3350 3197 672
3 673 677 3838
3 3846 677 673
3 673 1617 1837
3 3346 1617 673
3 673 1837 3099
3 3099 2504 673
3 673 2504 4246
3 673 2947 3346
3 3846 2947 673
3 673 3099 3846
3 4246 3099 673
3 673 3346 3736
3 3838 3346 673
3 673 3736 3846
3 3099 1837 674
3 674 1837 4230
3 3355 3099 674
3 3846 3099 674
3 674 3099 4233
3 3612 3336 674
3 674 3336 3846
3 4233 3355 674
3 4230 3612 674
3 3846 3736 674
3 674 3736 4230
3 4230 3846 674
3 3386 678 675
3 675 678 4214
3 675 4214 4936
3 4936 4689 675
3 4638 688 676
3 676 688 4896
3 676 2764 4638
3 4896 2878 676
3 676 2878 4958
3 4958 4884 676
3 677 689 3838
3 4842 689 677
3 3846 3387 677
3 677 3387 4131
3 4131 3877 677
3 677 3877 4842
3 678 2289 2568
3 3386 2289 678
3 678 2568 3010
3 678 3010 3766
3 678 3206 4214
3 4689 3206 678
3 679 688 4638
3 4896 688 679
3 2764 2763 679
3 679 2763 4630
3 4638 2764 679
3 4958 4896 679
3 4298 689 680
3 680 689 4797
3 680 1940 2472
3 2560 1940 680
3 680 2472 4298
3 3387 2560 680
3 4131 3387 680
3 4797 4131 680
3 5090 3255 681
3 681 3854 5090
3 3553 694 682
3 682 694 3853
3 682 1869 3553
3 682 3853 5082
3 5082 3854 682
3 3810 686 683
3 683 686 4280
3 3847 3810 683
3 683 3811 4948
3 4948 3847 683
3 684 687 3810
3 4104 687 684
3 684 3810 3847
3 4973 3811 684
3 684 3847 4973
3 4973 4104 684
3 685 693 2455
3 3853 693 685
3 685 2455 3255
3 685 3255 5090
3 3854 3853 685
3 5090 3854 685
3 3186 695 686
3 686 695 4280
3 3810 3186 686
3 2950 696 687
3 687 696 3186
3 4104 2950 687
3 687 3186 3810
3 689 692 3838
3 4298 692 689
3 4842 4797 689
3 690 697 703
3 4739 697 690
3 703 700 690
3 690 700 4588
3 690 4588 4739
3 3920 698 691
3 691 698 4381
3 4587 701 691
3 691 701 4943
3 4592 3920 691
3 691 4381 4587
3 4943 4592 691
3 692 699 3918
3 4298 699 692
3 692 702 3838
3 4590 702 692
3 692 3918 4590
3 693 694 710
3 3853 694 693
3 693 710 1543
3 693 1543 2455
3 711 710 694
3 3626 711 694
3 694 3553 3626
3 695 696 712
3 3186 696 695
3 695 712 1420
3 695 1420 3013
3 695 3013 4280
3 713 712 696
3 1878 713 696
3 2541 1878 696
3 2950 2541 696
3 4739 703 697
3 697 714 717
3 4004 714 697
3 697 717 1418
3 697 1418 1839
3 697 1839 2263
3 697 2263 4004
3 3920 705 698
3 698 705 4449
3 4449 4381 698
3 716 704 699
3 699 704 4454
3 719 716 699
3 2027 719 699
3 2472 2027 699
3 4298 2472 699
3 4454 3918 699
3 700 703 4450
3 4450 2758 700
3 700 2758 4588
3 4449 705 701
3 701 705 4943
3 701 2758 4449
3 4587 2758 701
3 702 704 708
3 4454 704 702
3 702 708 4095
3 3736 3346 702
3 702 3346 3838
3 3744 3736 702
3 4095 3744 702
3 4791 4454 702
3 702 4590 4791
3 4739 4450 703
3 716 708 704
3 705 3920 4455
3 705 4455 4943
3 706 1765 3119
3 3761 1765 706
3 706 2566 3761
3 3923 2566 706
3 706 3119 3669
3 706 3119 3761
3 4229 3119 706
3 706 3669 4229
3 706 3761 3923
3 3197 1765 707
3 707 1765 3761
3 707 1946 3103
3 3761 1946 707
3 707 3103 3666
3 3761 3197 707
3 707 3666 3761
3 708 716 725
3 708 725 4275
3 1686 1662 708
3 708 1662 3346
3 3201 1686 708
3 708 1992 3201
3 3765 1992 708
3 708 3346 3765
3 4275 4095 708
3 709 1617 1626
3 4230 1617 709
3 709 1626 1802
3 709 1802 2582
3 2582 1992 709
3 709 1992 3765
3 3765 2947 709
3 709 2947 4230
3 709 3610 3738
3 4095 3610 709
3 709 3738 3744
3 709 3744 4095
3 710 711 720
3 710 720 1543
3 721 720 711
3 1445 721 711
3 3626 1445 711
3 712 713 722
3 712 722 1420
3 1558 722 713
3 1589 1558 713
3 1878 1589 713
3 4694 717 714
3 4322 723 714
3 714 723 5027
3 4004 2629 714
3 714 2629 4322
3 5027 4694 714
3 4056 718 715
3 715 718 4605
3 715 724 3190
3 4605 724 715
3 715 3190 4902
3 4902 4056 715
3 716 719 4775
3 3971 725 716
3 4775 3971 716
3 717 728 2675
3 4005 728 717
3 2675 1418 717
3 717 3379 4005
3 4694 3379 717
3 718 729 4626
3 4919 729 718
3 718 4056 4919
3 4678 4605 718
3 718 4626 4678
3 744 730 719
3 719 730 4814
3 2415 744 719
3 719 2027 2415
3 719 3688 4775
3 4814 3688 719
3 720 721 3866
3 1987 1543 720
3 3876 1987 720
3 3866 3510 720
3 720 3510 3876
3 1759 726 721
3 721 726 3866
3 721 1445 1485
3 721 1485 1759
3 722 731 2498
3 3597 731 722
3 1756 1420 722
3 722 1558 3597
3 2498 1756 722
3 4322 728 723
3 723 728 4722
3 4722 4685 723
3 723 4685 5027
3 724 729 3413
3 4626 729 724
3 3413 3190 724
3 4605 3304 724
3 724 3304 4626
3 725 730 3201
3 3972 730 725
3 3201 2673 725
3 725 2673 4275
3 725 3971 4369
3 4369 3972 725
3 2949 737 726
3 726 737 3172
3 726 1759 2949
3 726 3172 3866
3 1409 1378 727
3 727 1378 1547
3 1580 1409 727
3 1509 1508 727
3 727 1508 1580
3 1547 1509 727
3 728 733 742
3 4322 733 728
3 728 742 2675
3 728 4005 4722
3 4919 3413 729
3 744 735 730
3 730 735 3201
3 730 3972 4814
3 731 738 3345
3 3875 738 731
3 3345 2498 731
3 731 3597 3845
3 731 3845 3875
3 2446 739 732
3 732 739 3845
3 732 1558 1731
3 3597 1558 732
3 732 1731 2446
3 3845 3597 732
3 4026 742 733
3 3358 747 733
3 733 747 4474
3 4322 3358 733
3 4474 4026 733
3 734 743 4473
3 4484 743 734
3 734 748 4105
3 4473 748 734
3 734 4105 4484
3 735 744 5055
3 735 749 2923
3 3315 749 735
3 2923 2673 735
3 735 2673 3201
3 4482 3315 735
3 5055 4482 735
3 1622 740 736
3 736 740 2026
3 3759 1622 736
3 736 2026 3365
3 736 3172 3759
3 3866 3172 736
3 736 3365 3510
3 736 3510 3866
3 2949 741 737
3 737 741 3759
3 3759 3172 737
3 738 745 3345
3 3514 745 738
3 3875 3514 738
3 2446 746 739
3 739 746 3711
3 739 3711 3875
3 3875 3845 739
3 740 1551 1714
3 3366 1551 740
3 1714 1569 740
3 740 1569 2026
3 740 1622 3366
3 741 751 3727
3 3886 751 741
3 741 2949 3886
3 741 3727 3759
3 742 754 3129
3 4710 754 742
3 3129 2675 742
3 742 4026 4710
3 4167 756 743
3 743 756 4412
3 4412 3303 743
3 743 3303 4473
3 743 3717 4167
3 4484 3717 743
3 767 755 744
3 744 755 4481
3 1599 767 744
3 2415 1599 744
3 744 4481 4777
3 744 4777 5055
3 745 752 3345
3 3404 752 745
3 3514 3404 745
3 746 753 3676
3 3706 753 746
3 746 2446 3706
3 746 3676 3711
3 759 754 747
3 747 754 2913
3 3358 754 747
3 747 754 4476
3 2913 759 747
3 747 3696 4474
3 4476 3696 747
3 748 756 3195
3 4412 756 748
3 748 2230 4412
3 4473 2230 748
3 3195 2346 748
3 748 2346 4105
3 749 755 761
3 4481 755 749
3 749 761 2538
3 749 2538 3871
3 749 2673 2923
3 3556 2673 749
3 749 3315 4481
3 3871 3556 749
3 750 757 1734
3 3906 757 750
3 750 1551 1585
3 5134 1551 750
3 750 1585 3906
3 750 1734 5134
3 3886 758 751
3 751 758 3906
3 3906 3727 751
3 752 763 1907
3 3793 763 752
3 752 1907 2473
3 752 2473 3345
3 752 3404 3793
3 771 764 753
3 753 764 3676
3 3706 771 753
3 754 759 765
3 754 765 3129
3 3358 2913 754
3 4710 4476 754
3 767 761 755
3 4167 3195 756
3 757 768 3815
3 3850 768 757
3 4935 1734 757
3 757 3815 4935
3 3906 3850 757
3 1913 769 758
3 758 769 3850
3 3886 1913 758
3 758 3850 3906
3 4947 765 759
3 3375 772 759
3 759 772 4947
3 759 2913 3375
3 4359 766 760
3 760 766 4932
3 760 773 4002
3 4391 773 760
3 4002 3213 760
3 760 3213 4359
3 4932 4391 760
3 761 767 4963
3 761 774 2538
3 4795 774 761
3 4963 4795 761
3 1723 1389 762
3 762 1389 1843
3 1601 1466 762
3 1955 1601 762
3 762 1843 1955
3 763 770 1907
3 3724 770 763
3 3793 3724 763
3 764 771 3802
3 3793 3676 764
3 3802 3793 764
3 765 779 782
3 4959 779 765
3 765 782 4289
3 4289 3129 765
3 4947 3288 765
3 765 3288 4959
3 4359 780 766
3 766 780 4932
3 784 781 767
3 767 781 4786
3 787 784 767
3 3023 787 767
3 767 1599 3023
3 767 4786 4963
3 768 2098 2464
3 3072 2098 768
3 768 2464 3815
3 3850 3072 768
3 1913 1746 769
3 769 1746 2097
3 769 2097 3072
3 769 3072 3850
3 1570 1412 770
3 770 1412 1907
3 3802 1570 770
3 770 3724 3802
3 771 1894 2557
3 2688 1894 771
3 2557 2466 771
3 771 2466 3802
3 3706 2688 771
3 3375 779 772
3 772 779 4959
3 772 3470 4947
3 4959 3470 772
3 773 780 4002
3 4375 780 773
3 773 2272 4375
3 4391 2272 773
3 774 781 4352
3 4786 781 774
3 774 2385 4786
3 4795 2385 774
3 3871 2538 774
3 4352 3871 774
3 3231 776 775
3 775 776 3707
3 2009 1932 775
3 775 1932 3707
3 3707 2009 775
3 775 2028 2917
3 3707 2028 775
3 775 2917 3231
3 776 2028 2533
3 3210 2028 776
3 776 2533 3339
3 776 3150 3210
3 3231 3150 776
3 776 3339 3707
3 3079 778 777
3 777 778 3671
3 777 1673 2538
3 3079 1673 777
3 777 1806 2042
3 3671 1806 777
3 777 2042 3079
3 777 2538 3079
3 2042 1881 778
3 778 1881 3671
3 3079 2042 778
3 3043 2424 778
3 778 2424 4352
3 4352 3043 778
3 788 782 779
3 2961 788 779
3 4271 2961 779
3 779 3375 3927
3 779 3927 4271
3 4881 4002 780
3 780 4359 4881
3 780 4375 4932
3 781 784 790
3 781 790 3926
3 781 3926 4352
3 782 785 4289
3 5026 785 782
3 782 788 5025
3 5025 4737 782
3 782 4737 5026
3 783 786 4235
3 4905 786 783
3 3302 789 783
3 783 789 4151
3 4235 3302 783
3 783 4151 4905
3 784 787 4825
3 4825 790 784
3 785 791 794
3 4440 791 785
3 785 794 797
3 785 797 2542
3 785 2542 3065
3 785 3065 4289
3 785 3888 4440
3 5026 3888 785
3 786 793 4235
3 4446 793 786
3 786 2392 4446
3 4905 2392 786
3 796 792 787
3 787 792 4938
3 799 796 787
3 1996 799 787
3 3023 1996 787
3 4938 4825 787
3 2961 791 788
3 788 791 5019
3 5019 4719 788
3 788 4719 5025
3 4439 793 789
3 789 793 4446
3 3302 2248 789
3 789 2248 4439
3 4964 4151 789
3 789 4446 4964
3 4787 792 790
3 790 792 4996
3 4996 3926 790
3 4825 4787 790
3 800 794 791
3 4037 800 791
3 791 2961 3371
3 791 3371 4037
3 791 4440 5019
3 792 796 802
3 792 802 4028
3 792 4028 4996
3 4787 4443 792
3 792 4443 4938
3 4439 4235 793
3 4693 797 794
3 3229 800 794
3 794 800 4037
3 794 800 4693
3 4037 3229 794
3 795 798 4607
3 4889 798 795
3 4607 801 795
3 795 801 4889
3 796 799 4118
3 4188 802 796
3 796 4118 4804
3 4804 4188 796
3 3104 803 797
3 797 803 4295
3 797 2064 2542
3 4295 2064 797
3 4693 3104 797
3 798 804 2274
3 4880 804 798
3 798 2274 4607
3 798 2367 4880
3 4889 2367 798
3 815 805 799
3 799 805 4767
3 2656 815 799
3 799 1996 2656
3 799 2367 4118
3 4767 2367 799
3 3229 803 800
3 800 803 4688
3 800 4688 4693
3 4599 804 801
3 801 804 4880
3 801 2227 4599
3 4607 2227 801
3 4880 4053 801
3 801 4053 4889
3 802 805 3393
3 4114 805 802
3 802 2398 4114
3 4188 2398 802
3 802 3393 4028
3 810 806 803
3 803 806 4295
3 3716 810 803
3 803 3104 4687
3 803 3229 3716
3 803 4687 4688
3 4599 2274 804
3 805 808 811
3 815 808 805
3 805 811 4282
3 4282 3393 805
3 805 4114 4767
3 806 810 3716
3 806 813 4295
3 5047 813 806
3 3716 816 806
3 806 816 4368
3 806 4368 4498
3 806 4498 5047
3 4495 814 807
3 807 814 4945
3 807 817 4335
3 4497 817 807
3 807 4335 4495
3 4945 4497 807
3 4282 811 808
3 808 815 4491
3 808 818 4397
3 4491 818 808
3 4397 4282 808
3 809 1567 3193
3 3611 1567 809
3 809 1887 2483
3 2574 1887 809
3 809 1932 2009
3 2483 1932 809
3 809 2009 3279
3 809 2551 2574
3 3279 2551 809
3 809 3193 3229
3 809 3229 3611
3 2099 1974 810
3 810 1974 2551
3 2551 2099 810
3 810 2483 2551
3 3731 2483 810
3 810 2551 3279
3 810 3279 3731
3 811 812 2570
3 3349 812 811
3 2532 1806 811
3 811 1806 3349
3 2525 2038 811
3 811 2038 3349
3 2570 2525 811
3 3349 2532 811
3 1881 1413 812
3 812 1413 3349
3 812 1574 3733
3 4282 1574 812
3 3349 1881 812
3 812 2038 2570
3 3349 2038 812
3 812 3393 3733
3 3981 3393 812
3 812 3733 3981
3 812 3733 4282
3 813 819 3746
3 4394 819 813
3 3112 2064 813
3 813 2064 4295
3 3746 3112 813
3 5047 4394 813
3 4493 821 814
3 814 821 4945
3 814 2356 4493
3 4495 2356 814
3 827 820 815
3 815 820 4489
3 1516 827 815
3 2656 1516 815
3 4489 2356 815
3 815 2356 4491
3 822 819 816
3 816 819 3157
3 3716 819 816
3 816 819 4372
3 3157 822 816
3 816 3780 4368
3 4372 3780 816
3 4487 821 817
3 817 821 4493
3 817 2211 4487
3 4497 2211 817
3 4493 4335 817
3 818 820 824
3 4489 820 818
3 818 824 830
3 818 830 3598
3 818 2358 4489
3 4491 2358 818
3 818 3598 4397
3 819 822 825
3 819 825 3746
3 3716 3157 819
3 4488 4372 819
3 819 4394 4488
3 827 824 820
3 821 4487 4945
3 4929 825 822
3 3783 828 822
3 822 828 4683
3 822 3157 3783
3 822 4683 4929
3 823 826 4627
3 4904 826 823
3 4627 829 823
3 823 829 4904
3 824 827 4834
3 4834 830 824
3 825 831 3194
3 4684 831 825
3 825 2460 2967
3 3194 2460 825
3 825 2967 3746
3 825 3963 4684
3 4929 3963 825
3 826 832 4631
3 4892 832 826
3 826 2408 4892
3 4904 2408 826
3 826 2660 4627
3 4631 2660 826
3 843 833 827
3 827 833 4773
3 2492 843 827
3 827 1516 2492
3 4773 3795 827
3 827 3795 4834
3 3124 831 828
3 828 831 4684
3 828 2908 4683
3 4684 2908 828
3 3783 3124 828
3 4631 832 829
3 829 832 4892
3 4892 2146 829
3 829 2146 4904
3 4627 2955 829
3 829 2955 4631
3 830 833 3125
3 4773 833 830
3 830 2146 4773
3 4834 2146 830
3 830 3125 3914
3 3914 3598 830
3 838 834 831
3 831 834 841
3 3124 838 831
3 831 841 3194
3 833 836 839
3 843 836 833
3 833 839 3125
3 834 838 3124
3 4425 841 834
3 3124 844 834
3 834 844 4425
3 4030 842 835
3 835 842 4423
3 4423 845 835
3 835 845 4433
3 4433 4030 835
3 3125 839 836
3 836 843 4434
3 836 846 3125
3 4434 846 836
3 837 1887 2574
3 2683 1887 837
3 837 2006 2942
3 3861 2006 837
3 837 2574 2683
3 2942 2683 837
3 837 2683 3887
3 3887 3861 837
3 2942 2006 838
3 838 2006 3720
3 838 2100 2683
3 3743 2100 838
3 3720 2567 838
3 838 2567 3887
3 838 2683 2942
3 838 2683 3743
3 3887 2683 838
3 839 840 2024
3 2138 840 839
3 839 840 2593
3 3659 840 839
3 839 2024 3659
3 3248 2138 839
3 3218 2525 839
3 839 2525 3659
3 839 2593 3248
3 3659 3218 839
3 3125 1905 840
3 840 1905 3327
3 3659 2024 840
3 2570 2038 840
3 840 2038 3659
3 840 2138 2593
3 3659 2570 840
3 3914 3125 840
3 840 3327 3914
3 841 847 4291
3 5054 847 841
3 2659 2460 841
3 841 2460 3194
3 4291 2659 841
3 4425 3883 841
3 841 3883 5054
3 842 849 3721
3 4030 849 842
3 842 3721 4423
3 852 848 843
3 843 848 4424
3 855 852 843
3 1970 855 843
3 2492 1970 843
3 4424 2371 843
3 843 2371 4434
3 3124 847 844
3 844 847 4431
3 844 3357 4425
3 4431 3357 844
3 845 849 4427
3 4430 849 845
3 4427 2290 845
3 845 2290 4433
3 4423 2309 845
3 845 2309 4430
3 846 848 862
3 846 848 3125
3 4020 848 846
3 4424 848 846
3 846 862 4020
3 846 3306 4424
3 4434 3306 846
3 860 850 847
3 847 850 4291
3 4065 860 847
3 847 3124 4065
3 5054 4431 847
3 848 852 862
3 4020 3125 848
3 4430 3721 849
3 849 4030 4427
3 850 853 4291
3 4721 853 850
3 850 860 4721
3 851 854 4679
3 4898 854 851
3 851 861 4382
3 4679 861 851
3 851 4382 4898
3 852 855 4620
3 852 862 3828
3 4020 862 852
3 4624 862 852
3 852 3828 4020
3 852 4620 4847
3 4847 4624 852
3 3763 863 853
3 853 863 4240
3 2954 2659 853
3 853 2659 4291
3 4240 2954 853
3 4721 3763 853
3 854 864 2632
3 4754 864 854
3 854 2632 4679
3 4898 4754 854
3 868 865 855
3 855 865 4620
3 1962 868 855
3 1970 1962 855
3 856 857 881
3 1387 857 856
3 856 881 1562
3 1405 1387 856
3 856 1400 1405
3 1562 1400 856
3 857 872 881
3 1407 872 857
3 1387 1386 857
3 857 1386 1402
3 857 1402 1407
3 858 859 873
3 1384 859 858
3 858 873 2030
3 858 1380 1513
3 2030 1380 858
3 1385 1384 858
3 1513 1385 858
3 874 873 859
3 3755 874 859
3 859 1384 1983
3 859 1983 3755
3 3705 863 860
3 860 863 4738
3 4096 3705 860
3 860 4065 4096
3 860 4085 4721
3 4738 4085 860
3 2987 864 861
3 861 864 4382
3 861 2324 2987
3 4679 2324 861
3 862 865 3828
3 4624 865 862
3 875 866 863
3 863 866 4240
3 5010 875 863
3 3705 3701 863
3 863 3701 5010
3 863 3763 4738
3 2987 2632 864
3 4921 4382 864
3 864 4754 4921
3 865 868 877
3 865 877 3785
3 865 3785 3828
3 4770 4620 865
3 865 4624 4770
3 866 869 4240
3 4691 869 866
3 866 875 4691
3 867 870 4200
3 4924 870 867
3 4601 876 867
3 867 876 4908
3 867 4200 4648
3 4648 4601 867
3 867 4908 4924
3 1962 871 868
3 868 871 2986
3 4843 877 868
3 868 2986 4843
3 3348 878 869
3 869 878 4325
3 2580 1849 869
3 869 1849 2954
3 4325 2580 869
3 869 2954 4240
3 4691 3348 869
3 870 879 4619
3 4911 879 870
3 870 3008 4911
3 4924 3008 870
3 870 3337 4200
3 4619 3337 870
3 894 880 871
3 871 880 4769
3 3111 894 871
3 871 1962 2354
3 871 2354 3111
3 4769 2986 871
3 882 881 872
3 1461 882 872
3 872 1407 1461
3 873 874 883
3 873 883 1446
3 873 1446 2030
3 884 883 874
3 1564 884 874
3 3755 1564 874
3 875 878 3310
3 4237 878 875
3 875 3310 4691
3 5010 4237 875
3 4619 879 876
3 876 879 4908
3 876 4601 4619
3 877 880 3785
3 4769 880 877
3 4801 4769 877
3 4843 4801 877
3 878 885 892
3 4974 885 878
3 878 892 4325
3 4237 3265 878
3 878 3265 4974
3 878 3309 3310
3 3348 3309 878
3 4911 4908 879
3 880 887 890
3 894 887 880
3 880 890 3156
3 880 3156 3179
3 880 3179 3785
3 881 882 898
3 881 898 1562
3 899 898 882
3 1461 899 882
3 883 884 900
3 883 900 3128
3 3128 1446 883
3 901 900 884
3 1564 901 884
3 4867 892 885
3 3265 895 885
3 885 895 4867
3 4974 3265 885
3 4174 893 886
3 886 893 4841
3 886 896 4338
3 4841 896 886
3 886 2287 4174
3 4338 2287 886
3 3156 890 887
3 887 894 4122
3 887 897 3156
3 4673 897 887
3 887 4122 4673
3 888 1690 1872
3 3096 1690 888
3 888 1872 2534
3 888 2534 3862
3 3382 3096 888
3 888 3158 3382
3 3862 3158 888
3 2534 1872 889
3 889 1872 3754
3 3500 2534 889
3 3382 3158 889
3 889 3158 3500
3 3754 3382 889
3 890 891 2405
3 2454 891 890
3 2586 891 890
3 890 891 4300
3 890 917 2454
3 4300 917 890
3 890 2405 2586
3 3863 2405 891
3 891 2454 4300
3 891 2586 3863
3 891 3086 3147
3 3179 3086 891
3 891 3147 3179
3 892 902 908
3 2989 902 892
3 892 908 2409
3 892 2409 2580
3 892 2580 4325
3 892 2625 2989
3 4867 2625 892
3 893 903 4634
3 4907 903 893
3 4634 2749 893
3 893 2749 4841
3 4174 3511 893
3 893 3511 4907
3 910 904 894
3 894 904 4175
3 3111 910 894
3 4302 4122 894
3 894 4175 4302
3 895 902 2989
3 3265 902 895
3 895 2989 3106
3 895 3106 4867
3 4634 903 896
3 896 903 5033
3 896 3504 4634
3 4841 3504 896
3 5033 4338 896
3 897 904 3156
3 4155 904 897
3 897 2864 4155
3 4673 2864 897
3 898 899 911
3 898 911 1824
3 1824 1562 898
3 912 911 899
3 1461 912 899
3 900 901 913
3 900 913 3114
3 900 3114 3128
3 914 913 901
3 1375 914 901
3 1564 1375 901
3 902 905 908
3 4215 905 902
3 902 3265 4215
3 903 4907 5033
3 910 907 904
3 904 907 917
3 904 917 3270
3 3270 3156 904
3 904 4155 4839
3 4839 4175 904
3 4702 908 905
3 3741 919 905
3 905 919 4702
3 4215 3741 905
3 906 909 4609
3 5057 909 906
3 906 920 4420
3 4609 920 906
3 906 4420 5057
3 907 910 4354
3 3270 917 907
3 907 921 3270
3 4418 921 907
3 907 4354 4418
3 908 923 925
3 4171 923 908
3 908 925 928
3 908 928 2102
3 908 2102 2409
3 4708 4171 908
3 908 4702 4708
3 909 924 4675
3 4970 924 909
3 4668 4609 909
3 4675 4668 909
3 5057 4970 909
3 927 922 910
3 910 922 4417
3 930 927 910
3 2638 930 910
3 3111 2638 910
3 4417 4354 910
3 911 912 931
3 911 931 2573
3 2573 1824 911
3 932 931 912
3 1572 932 912
3 912 1461 1572
3 913 914 933
3 913 933 3114
3 934 933 914
3 2571 934 914
3 914 1375 2571
3 915 916 1690
3 2440 916 915
3 915 916 2590
3 3084 916 915
3 915 1474 2440
3 2590 1474 915
3 915 1690 3096
3 3096 3084 915
3 3754 1690 916
3 916 2440 3560
3 3560 2590 916
3 916 3084 3754
3 2076 918 917
3 917 918 2454
3 917 918 2589
3 4300 918 917
3 3767 2076 917
3 917 2589 3767
3 918 2076 3719
3 918 2182 2999
3 3046 2182 918
3 4300 2454 918
3 3719 2589 918
3 918 2999 3270
3 3270 3046 918
3 919 923 3530
3 3590 923 919
3 919 3530 4702
3 3741 3590 919
3 3081 924 920
3 920 924 4101
3 4101 2366 920
3 920 2366 4420
3 4609 3081 920
3 921 922 941
3 4417 922 921
3 921 941 3550
3 921 2366 4417
3 4418 2366 921
3 3550 3270 921
3 922 927 941
3 939 925 923
3 3590 939 923
3 4741 3530 923
3 923 4171 4741
3 924 3081 4675
3 4419 4101 924
3 4970 4419 924
3 4875 928 925
3 925 939 4875
3 926 929 3422
3 4748 929 926
3 4794 940 926
3 926 940 4882
3 926 3422 4794
3 4882 4748 926
3 927 930 4676
3 4796 941 927
3 927 4676 4796
3 928 942 948
3 4873 942 928
3 928 948 2502
3 2502 2102 928
3 928 3159 4873
3 4875 3159 928
3 3438 943 929
3 929 943 4846
3 4846 3422 929
3 4748 3438 929
3 950 944 930
3 930 944 3667
3 2988 950 930
3 930 2638 2988
3 930 3667 4293
3 930 4293 4676
3 931 932 935
3 931 935 2109
3 931 2109 2573
3 936 935 932
3 1636 936 932
3 932 1572 1636
3 933 934 937
3 933 937 1664
3 933 1664 3114
3 938 937 934
3 2136 938 934
3 2571 2136 934
3 935 936 951
3 935 951 2109
3 952 951 936
3 1636 952 936
3 937 938 953
3 937 953 1664
3 954 953 938
3 2136 954 938
3 945 942 939
3 3590 942 939
3 939 942 4980
3 939 942 4985
3 4980 945 939
3 4985 4875 939
3 4334 943 940
3 940 943 4882
3 4794 4334 940
3 941 944 946
3 4796 944 941
3 941 946 961
3 941 961 3555
3 3555 3550 941
3 942 945 948
3 942 3590 4980
3 942 4873 4985
3 3438 3313 943
3 943 3313 4882
3 943 4334 4846
3 950 946 944
3 4665 3667 944
3 4796 4665 944
3 4516 948 945
3 3368 959 945
3 945 959 4516
3 4980 3368 945
3 946 950 4326
3 4260 961 946
3 4509 4260 946
3 946 4326 4509
3 4512 949 947
3 947 949 4677
3 3443 960 947
3 947 960 4353
3 4514 3443 947
3 947 4353 4512
3 4677 4514 947
3 948 962 965
3 4511 962 948
3 948 965 1959
3 948 1959 2502
3 948 3308 4511
3 4516 3308 948
3 4518 963 949
3 949 963 4677
3 4512 2329 949
3 949 2329 4518
3 967 964 950
3 950 964 4515
3 1960 967 950
3 2988 1960 950
3 4515 4326 950
3 951 952 955
3 951 955 2109
3 956 955 952
3 1636 956 952
3 953 954 957
3 953 957 1778
3 1778 1664 953
3 958 957 954
3 2136 958 954
3 955 956 971
3 955 971 1706
3 955 1706 2109
3 972 971 956
3 1841 972 956
3 956 1636 1841
3 957 958 973
3 957 973 1778
3 974 973 958
3 1660 974 958
3 2136 1660 958
3 968 962 959
3 959 962 4511
3 3368 968 959
3 4511 2254 959
3 959 2254 4516
3 960 963 4353
3 4508 963 960
3 960 3443 4508
3 961 964 970
3 4515 964 961
3 961 970 3479
3 961 3479 3555
3 961 4260 4972
3 4972 4515 961
3 968 965 962
3 4518 4353 963
3 963 4508 4677
3 964 967 970
3 965 968 4136
3 965 983 997
3 4194 983 965
3 965 997 2015
3 2015 1959 965
3 965 4136 4732
3 4732 4194 965
3 966 969 2994
3 3234 969 966
3 966 984 2031
3 4010 984 966
3 966 2031 3234
3 966 2994 4918
3 4918 4010 966
3 4792 970 967
3 3726 985 967
3 967 985 4823
3 967 1960 3097
3 967 3097 3726
3 967 3776 4792
3 4823 3776 967
3 3101 990 968
3 968 990 4731
3 3368 3101 968
3 4731 4136 968
3 969 991 1997
3 4622 991 969
3 969 1997 2994
3 969 3234 4622
3 3319 992 970
3 970 992 3479
3 4792 3319 970
3 971 972 975
3 971 975 1986
3 1986 1706 971
3 976 975 972
3 1841 976 972
3 973 974 977
3 973 977 1807
3 1807 1778 973
3 978 977 974
3 1743 978 974
3 974 1660 1743
3 975 976 979
3 975 979 1986
3 980 979 976
3 1825 980 976
3 1841 1825 976
3 977 978 981
3 977 981 1769
3 977 1769 1807
3 982 981 978
3 1743 982 978
3 979 980 993
3 979 993 1411
3 979 1411 1986
3 994 993 980
3 2062 994 980
3 980 1825 2062
3 981 982 995
3 981 995 1777
3 1777 1769 981
3 996 995 982
3 2090 996 982
3 982 1743 2090
3 983 990 3101
3 4135 990 983
3 1000 997 983
3 4238 1000 983
3 983 3101 3400
3 983 3400 4238
3 4723 4135 983
3 983 4194 4723
3 1978 991 984
3 984 991 5028
3 3456 1978 984
3 3440 2031 984
3 5028 3440 984
3 4010 3456 984
3 3739 992 985
3 985 992 4823
3 985 999 1002
3 3726 999 985
3 985 1002 4239
3 4239 3739 985
3 986 1378 1439
3 1547 1378 986
3 986 1439 2173
3 3604 1547 986
3 2173 1871 986
3 986 1871 2439
3 986 2439 3604
3 2007 1027 987
3 987 1027 3323
3 2450 2007 987
3 3016 2450 987
3 987 2550 3016
3 3323 2550 987
3 2591 989 988
3 988 989 3083
3 988 1028 2127
3 3083 1028 988
3 988 2127 2493
3 988 2493 3017
3 3017 2591 988
3 989 1971 2680
3 3479 1971 989
3 2493 2127 989
3 989 2127 3083
3 3018 2493 989
3 989 2591 3018
3 989 2680 3479
3 4135 2789 990
3 990 2789 4731
3 991 1978 2948
3 2948 1997 991
3 4622 3074 991
3 991 3074 5028
3 992 3319 4823
3 3739 3479 992
3 993 994 1619
3 1471 1411 993
3 1619 1471 993
3 994 1004 1619
3 2062 1004 994
3 995 996 1006
3 1006 1005 995
3 995 1005 2061
3 2061 1777 995
3 2090 1006 996
3 997 1000 2793
3 997 1011 1023
3 2793 1011 997
3 1023 1014 997
3 997 1014 2015
3 998 1680 3878
3 4092 1680 998
3 998 3012 3290
3 3878 3012 998
3 3220 3061 998
3 998 3061 3973
3 3290 3220 998
3 998 3973 4092
3 4951 1002 999
3 4261 1013 999
3 999 1013 4316
3 4316 3607 999
3 999 3607 4951
3 3726 3686 999
3 999 3686 4261
3 3400 1017 1000
3 1000 1017 4458
3 4458 2793 1000
3 4238 3400 1000
3 1001 1003 1935
3 3954 1003 1001
3 1935 1680 1001
3 1001 1680 3684
3 3684 1937 1001
3 1001 1937 3954
3 1002 1019 3399
3 4951 1019 1002
3 1002 3399 4239
3 3524 1935 1003
3 1003 2142 3524
3 3954 2142 1003
3 1004 1008 1619
3 2062 1008 1004
3 1005 1006 1010
3 1010 1009 1005
3 1005 1009 2061
3 2682 1010 1006
3 1006 2090 2682
3 1619 1008 1007
3 1007 1008 1621
3 1007 1471 1619
3 1621 1471 1007
3 1008 1020 1621
3 2062 1020 1008
3 1009 1010 1021
3 1009 1021 2061
3 1022 1021 1010
3 2682 1022 1010
3 1011 1017 3400
3 4700 1017 1011
3 1040 1023 1011
3 3437 1040 1011
3 3400 1648 1011
3 1011 1648 3437
3 1011 2793 4700
3 1012 1018 2045
3 2054 1018 1012
3 1012 2045 3360
3 4891 2054 1012
3 1012 3061 3884
3 3973 3061 1012
3 1012 3360 3973
3 1012 3884 4891
3 1013 1019 3318
3 3399 1019 1013
3 1013 1025 1042
3 4261 1025 1013
3 1013 1042 2990
3 1013 2990 3399
3 1013 3318 4783
3 4783 4316 1013
3 1014 1023 3921
3 1014 1034 1037
3 4211 1034 1014
3 1014 1037 2932
3 2932 2015 1014
3 1014 3921 4285
3 4285 4211 1014
3 1015 1024 4579
3 4581 1024 1015
3 1015 1035 4570
3 4577 1035 1015
3 4570 2579 1015
3 1015 2579 4581
3 1015 2904 4577
3 4579 2904 1015
3 3094 1025 1016
3 1016 1025 4261
3 1039 1036 1016
3 1016 1036 4573
3 3292 1039 1016
3 4573 3094 1016
3 1016 3238 3292
3 3686 3238 1016
3 4261 3686 1016
3 1017 2790 4458
3 4700 2790 1017
3 1018 1937 3225
3 3954 1937 1018
3 3225 2045 1018
3 1018 2054 3244
3 3244 2142 1018
3 1018 2142 3954
3 4951 3318 1019
3 1031 1030 1020
3 1020 1030 1621
3 1865 1031 1020
3 2062 1865 1020
3 1021 1022 1032
3 1021 1032 1866
3 1021 1866 2061
3 1033 1032 1022
3 3246 1033 1022
3 1022 2682 3246
3 1023 1040 4205
3 4582 3921 1023
3 1023 4205 4582
3 2005 1041 1024
3 1024 1041 4579
3 4581 2005 1024
3 2990 1042 1025
3 1025 1042 3449
3 4578 1042 1025
3 3449 2990 1025
3 1025 3094 4578
3 3323 1027 1026
3 1026 1027 3784
3 1897 1648 1026
3 1026 1648 3400
3 3323 1897 1026
3 3058 2007 1026
3 1026 2007 3323
3 1026 2661 3058
3 3063 2661 1026
3 3784 3063 1026
3 1026 3101 3323
3 3400 3101 1026
3 1027 2007 3058
3 3058 2117 1027
3 1027 2117 3784
3 1028 1029 2127
3 2522 1029 1028
3 1028 1029 2649
3 3083 1029 1028
3 1028 2501 2522
3 2649 2501 1028
3 3083 2127 1029
3 1029 2522 3062
3 3062 2649 1029
3 1030 1031 1046
3 1030 1046 1632
3 1632 1621 1030
3 1047 1046 1031
3 1865 1047 1031
3 1032 1033 1048
3 1032 1048 3020
3 3020 1866 1032
3 1049 1048 1033
3 3029 1049 1033
3 3246 3029 1033
3 1043 1037 1034
3 1034 1040 1043
3 4103 1040 1034
3 4571 4103 1034
3 1034 4211 4571
3 1035 1041 4602
3 4890 1041 1035
3 4602 4570 1035
3 1035 4577 4890
3 1036 1039 1045
3 1045 1042 1036
3 1036 1042 4573
3 1037 1043 4523
3 1037 1050 1053
3 4097 1050 1037
3 1037 1053 1891
3 1037 1891 2658
3 1037 2658 2932
3 4728 4097 1037
3 1037 4523 4728
3 1038 1044 3752
3 4521 1044 1038
3 3752 1051 1038
3 1038 1051 4126
3 4126 3243 1038
3 1038 3243 4521
3 4527 1045 1039
3 1055 1052 1039
3 1039 1052 5021
3 1963 1055 1039
3 3292 1963 1039
3 1039 2901 4527
3 5021 2901 1039
3 1056 1043 1040
3 4296 1056 1040
3 1040 3437 4296
3 1040 4103 4740
3 4740 4205 1040
3 1041 2005 4602
3 4890 4579 1041
3 1042 1045 4258
3 4258 3449 1042
3 4768 4573 1042
3 1042 4578 4768
3 1043 1056 4094
3 1043 4094 4523
3 4521 1057 1044
3 1044 1057 4533
3 4533 3752 1044
3 1045 1058 4258
3 4527 1058 1045
3 1046 1047 1063
3 1063 1062 1046
3 1046 1062 1632
3 2104 1063 1047
3 1047 1865 2104
3 1048 1049 1064
3 1048 1064 3020
3 1065 1064 1049
3 3029 1065 1049
3 1059 1053 1050
3 1050 1056 1059
3 4534 1056 1050
3 1050 4097 4534
3 1051 1057 4201
3 4525 1057 1051
3 1051 3752 4525
3 4531 4126 1051
3 1051 4201 4531
3 1052 1055 1061
3 1061 1058 1052
3 1052 1058 4203
3 1052 4203 4520
3 1052 4520 5021
3 1053 1059 4181
3 1053 1066 1069
3 4850 1066 1053
3 1053 1069 2630
3 2630 1891 1053
3 1053 4181 4725
3 1053 4725 4850
3 4822 1060 1054
3 1054 1060 4906
3 4749 1067 1054
3 1054 1067 4820
3 4820 2750 1054
3 1054 2750 4822
3 4906 4749 1054
3 4815 1061 1055
3 1071 1068 1055
3 1055 1068 4815
3 3463 1071 1055
3 1055 1963 3463
3 3978 1059 1056
3 4296 3978 1056
3 4946 4094 1056
3 1056 4534 4946
3 4393 4201 1057
3 4521 4393 1057
3 1057 4525 4976
3 4976 4533 1057
3 1058 1061 2674
3 1058 2674 4258
3 4348 4203 1058
3 4527 4348 1058
3 1059 1066 1072
3 3281 1066 1059
3 1059 1072 4730
3 3978 3281 1059
3 4876 4181 1059
3 1059 4730 4876
3 1060 1073 3643
3 4383 1073 1060
3 1060 3643 4764
3 4822 4383 1060
3 1060 4764 4906
3 1061 1074 2674
3 2894 1074 1061
3 4661 2894 1061
3 4815 4661 1061
3 1062 1063 1082
3 1082 1081 1062
3 1062 1081 2203
3 2203 1632 1062
3 1117 1082 1063
3 2104 1117 1063
3 1064 1065 1084
3 1064 1084 1119
3 1064 1119 3020
3 1085 1084 1065
3 3029 1085 1065
3 1075 1069 1066
3 1066 1072 1075
3 3910 1072 1066
3 4730 1072 1066
3 1066 3281 3910
3 4850 4730 1066
3 3643 1073 1067
3 1067 1073 4383
3 4749 3643 1067
3 1067 4383 4820
3 1068 1071 1077
3 1077 1074 1068
3 1068 1074 2894
3 3484 1074 1068
3 1068 1074 3909
3 1068 1077 3775
3 3909 1077 1068
3 1068 2894 4610
3 3775 3484 1068
3 1068 4610 4815
3 1069 1075 4549
3 1092 1078 1069
3 1069 1078 1844
3 1069 1089 1092
3 4726 1089 1069
3 1069 1844 2630
3 1069 4549 4698
3 1069 4698 4726
3 1070 1076 4339
3 4547 1076 1070
3 1070 1090 4121
3 4339 1090 1070
3 1070 4121 4613
3 4613 4547 1070
3 4552 1077 1071
3 1071 1080 1093
3 1921 1080 1071
3 1093 1091 1071
3 1071 1091 4776
3 3463 1921 1071
3 4983 4552 1071
3 1071 4776 4983
3 3910 1075 1072
3 1074 1077 3909
3 3484 2674 1074
3 3910 1095 1075
3 1075 1095 4549
3 4547 1096 1076
3 1076 1096 4554
3 4554 4339 1076
3 1077 1097 3100
3 4552 1097 1077
3 1077 3100 3775
3 1078 1092 4558
3 1078 1101 4251
3 4559 1101 1078
3 1078 1600 1844
3 4251 1600 1078
3 4558 3772 1078
3 1078 3772 4559
3 2215 1094 1079
3 1079 1094 4569
3 3407 1102 1079
3 1079 1102 4556
3 4556 2215 1079
3 4569 3407 1079
3 4052 1093 1080
3 1080 1100 1103
3 2044 1100 1080
3 1080 1103 4052
3 1080 1921 2044
3 1081 1082 1488
3 1081 1488 1698
3 1081 1698 2083
3 1081 2083 2203
3 1082 1117 3691
3 2962 1488 1082
3 2858 2416 1082
3 1082 2416 2962
3 3691 2858 1082
3 1083 1118 3693
3 3938 1118 1083
3 1083 2616 3138
3 3709 2616 1083
3 3312 3059 1083
3 1083 3059 4362
3 1083 3138 3938
3 3693 3312 1083
3 4362 3709 1083
3 1084 1085 1541
3 4600 1119 1084
3 1084 1541 1637
3 2092 1541 1084
3 1084 1541 2981
3 1084 1637 2092
3 1084 1637 2824
3 3515 1637 1084
3 1084 2824 4600
3 1084 2981 4048
3 4048 3515 1084
3 1902 1541 1085
3 1085 1842 1902
3 3434 1842 1085
3 3029 2925 1085
3 1085 2925 3434
3 1369 1351 1086
3 1086 1351 2514
3 1423 1369 1086
3 1454 1423 1086
3 3208 1454 1086
3 1086 2514 3208
3 1087 1277 1369
3 1087 1277 1627
3 1651 1277 1087
3 2049 1277 1087
3 1087 1369 1651
3 1087 1627 2049
3 1473 1278 1088
3 1088 1278 2049
3 1953 1473 1088
3 2049 1953 1088
3 1111 1092 1089
3 1089 1095 3787
3 4726 1095 1089
3 3787 1111 1089
3 1090 1096 4160
3 4922 1096 1090
3 4659 4121 1090
3 1090 4160 4659
3 1090 4339 4922
3 1091 1093 1113
3 1091 1093 3100
3 4385 1093 1091
3 3100 1097 1091
3 1091 1097 4776
3 1091 1113 4385
3 1092 1111 4558
3 1093 1113 3925
3 4385 1113 1093
3 4568 1113 1093
3 4385 3100 1093
3 3925 3473 1093
3 1093 3473 4385
3 1093 4052 4568
3 3912 1112 1094
3 1094 1112 4928
3 1094 2215 4555
3 4555 3912 1094
3 4928 4569 1094
3 1095 3391 4549
3 4726 3391 1095
3 3910 3787 1095
3 1096 2693 4554
3 4922 2693 1096
3 1096 2781 4160
3 4547 2781 1096
3 4552 2885 1097
3 1097 2885 4776
3 4251 1108 1098
3 1098 1108 4538
3 1098 1120 2626
3 4544 1120 1098
3 1649 1600 1098
3 1098 1600 4251
3 2626 1649 1098
3 1098 4538 4714
3 4714 4544 1098
3 1099 1109 3199
3 4535 1109 1099
3 4539 1122 1099
3 1099 1122 4543
3 1099 2243 4535
3 4543 2243 1099
3 3199 2372 1099
3 1099 2372 4539
3 1110 1103 1100
3 4541 1110 1100
3 1100 1116 1121
3 2403 1116 1100
3 1100 1121 4537
3 1100 2044 2403
3 4537 2372 1100
3 1100 2372 4541
3 1111 1108 1101
3 1101 1108 4251
3 4559 1111 1101
3 1102 1112 3912
3 4928 1112 1102
3 3407 2983 1102
3 1102 2983 4928
3 1102 3912 4556
3 1103 1110 1113
3 1103 1113 4565
3 4565 4052 1103
3 1104 1105 1523
3 1104 1105 2065
3 2513 1105 1104
3 2977 1105 1104
3 1104 1523 2977
3 1104 2065 3089
3 3089 2513 1104
3 2135 1523 1105
3 2670 2065 1105
3 2977 2135 1105
3 1105 2513 2670
3 2520 1107 1106
3 1106 1107 3880
3 1106 1973 2520
3 3088 1973 1106
3 1106 2411 3088
3 3880 2411 1106
3 1106 2520 2554
3 3262 2520 1106
3 1106 2554 3262
3 1107 1800 2520
3 2978 1800 1107
3 2520 1973 1107
3 1107 1973 3088
3 3174 2444 1107
3 1107 2444 3880
3 1107 2520 2978
3 1107 3088 3174
3 1108 1111 3370
3 3370 1144 1108
3 1108 1144 4538
3 4535 1145 1109
3 1109 1145 4960
3 4960 3199 1109
3 1146 1113 1110
3 4541 1146 1110
3 1111 1771 4558
3 4559 1771 1111
3 3787 3370 1111
3 1113 1146 3925
3 1113 3202 4565
3 4568 3202 1113
3 1114 1120 1123
3 2626 1120 1114
3 1114 1123 5050
3 1147 1141 1114
3 1114 1141 1708
3 4869 1147 1114
3 1114 1708 2626
3 1114 3273 4869
3 5050 3273 1114
3 1115 1124 3503
3 4941 1124 1115
3 3503 1148 1115
3 1115 1148 4774
3 1115 4774 4941
3 1125 1121 1116
3 2350 1125 1116
3 1116 1143 1149
3 2561 1143 1116
3 1116 1149 2350
3 1116 2403 2561
3 1117 1126 3964
3 4212 1126 1117
3 1117 2104 4212
3 3770 3296 1117
3 1117 3296 4404
3 4852 3691 1117
3 3964 3770 1117
3 1117 4404 4706
3 1117 4706 4852
3 3843 1127 1118
3 1118 1127 4241
3 1118 1127 4310
3 4771 1127 1118
3 1118 3693 3965
3 4362 3693 1118
3 4763 3693 1118
3 4241 3843 1118
3 4310 3938 1118
3 1118 3938 4362
3 1118 3938 4771
3 1118 3965 4241
3 1118 4241 4763
3 2981 1128 1119
3 1119 1128 3668
3 1119 1128 4048
3 4600 1128 1119
3 4048 2981 1119
3 3668 3020 1119
3 1144 1123 1120
3 4544 1144 1120
3 1121 1125 1146
3 1121 1146 4537
3 1122 1145 4543
3 4960 1145 1122
3 1122 4539 4960
3 1123 1144 4931
3 3789 1172 1123
3 1123 1172 4939
3 4931 3789 1123
3 4939 4409 1123
3 1123 4409 5050
3 1124 1173 4411
3 4940 1173 1124
3 4411 3503 1124
3 1124 4408 4940
3 4941 4408 1124
3 1174 1146 1125
3 4410 1174 1125
3 1125 2350 4410
3 1126 1168 3268
3 4212 1168 1126
3 1126 3268 3964
3 1127 1169 1879
3 3955 1169 1127
3 3980 1685 1127
3 1127 1685 4180
3 1127 1879 4241
3 1127 3843 4241
3 4642 3955 1127
3 4241 3980 1127
3 1127 4180 4331
3 4642 4310 1127
3 1127 4331 4642
3 4771 4642 1127
3 1128 1170 3668
3 4318 1170 1128
3 1128 2981 3998
3 1128 3998 4392
3 4600 4048 1128
3 4392 4318 1128
3 2694 1162 1129
3 1129 1162 4470
3 1129 1166 1168
3 3904 1166 1129
3 1129 1168 4212
3 1129 2104 2694
3 4212 2104 1129
3 4470 3904 1129
3 1130 1163 4464
3 4466 1163 1130
3 4472 1171 1130
3 1130 1171 5045
3 1130 3882 4466
3 5045 3882 1130
3 1130 4464 4893
3 4893 4472 1130
3 1164 1134 1131
3 1131 1134 2423
3 4459 1164 1131
3 1170 1167 1131
3 1131 1167 4806
3 3668 1170 1131
3 2423 1866 1131
3 1131 1866 3020
3 1131 3020 3668
3 4806 4459 1131
3 1132 1135 1159
3 3347 1135 1132
3 1132 1159 4699
3 1175 1162 1132
3 1132 1162 2694
3 5030 1175 1132
3 1132 2694 3347
3 4699 3621 1132
3 1132 3621 5030
3 3961 1160 1133
3 1133 1160 4378
3 1133 1176 4598
3 4894 1176 1133
3 4598 3961 1133
3 1133 4378 4894
3 1161 1137 1134
3 1134 1137 2423
3 4810 1161 1134
3 1134 1164 1177
3 1134 1177 4956
3 4956 4810 1134
3 1135 1138 1156
3 2056 1138 1135
3 1135 1156 4871
3 1178 1159 1135
3 4164 1178 1135
3 3347 2056 1135
3 4864 4164 1135
3 4871 4864 1135
3 1136 1157 3974
3 4191 1157 1136
3 1136 1179 4163
3 4323 1179 1136
3 1136 3974 4323
3 1136 4163 4807
3 4807 4191 1136
3 1158 1140 1137
3 1137 1140 1777
3 4320 1158 1137
3 1137 1161 1180
3 1137 1180 4145
3 1137 1777 2494
3 2494 2423 1137
3 1137 4145 4990
3 4990 4320 1137
3 1138 1141 1153
3 2469 1141 1138
3 1138 1153 4853
3 1181 1156 1138
3 3153 1181 1138
3 1138 2056 2469
3 4853 3153 1138
3 1139 1154 2821
3 4826 1154 1139
3 1139 1182 4111
3 4883 1182 1139
3 4111 2313 1139
3 1139 2313 4826
3 1139 2821 4883
3 1155 1143 1140
3 1140 1143 2561
3 4644 1155 1140
3 1140 1158 1183
3 1140 1183 4821
3 2561 1777 1140
3 1140 4064 4644
3 4821 4064 1140
3 1141 1147 1150
3 1141 1150 4321
3 1184 1153 1141
3 4321 1184 1141
3 2469 1708 1141
3 1142 1152 2336
3 4311 1152 1142
3 1142 1185 4312
3 4900 1185 1142
3 1142 2336 4900
3 4995 4311 1142
3 1142 4312 4995
3 1151 1149 1143
3 4506 1151 1143
3 1143 1155 1186
3 1143 1186 4143
3 4143 3952 1143
3 1143 3952 4506
3 1144 3370 3420
3 1144 3420 4931
3 4863 4538 1144
3 1144 4544 4863
3 4535 4371 1145
3 1145 4371 4543
3 1146 1174 3881
3 3881 1614 1146
3 1146 1614 4346
3 1146 2303 4537
3 4541 2303 1146
3 4346 3925 1146
3 1172 1150 1147
3 3732 1172 1147
3 1147 1172 3789
3 4939 1172 1147
3 3789 3732 1147
3 1147 4869 4939
3 4319 1173 1148
3 1148 1173 4940
3 1148 3503 4755
3 4755 4319 1148
3 4940 4774 1148
3 1149 1151 1174
3 1149 1174 2643
3 3881 1174 1149
3 1149 1174 4674
3 4674 2350 1149
3 1149 2643 3881
3 1150 1172 3732
3 3430 1187 1150
3 1150 1187 4502
3 1150 3266 3430
3 3732 3266 1150
3 4502 4321 1150
3 2643 1174 1151
3 1151 1189 2643
3 4506 1189 1151
3 1152 1188 4016
3 4073 1188 1152
3 4505 2336 1152
3 1152 4016 4505
3 4499 4073 1152
3 1152 4311 4499
3 1153 1184 3118
3 3855 1190 1153
3 1153 1190 4853
3 1153 3118 3855
3 4330 1191 1154
3 1154 1191 4403
3 1154 2820 2821
3 4403 2820 1154
3 4826 4330 1154
3 3037 1186 1155
3 1155 1192 3037
3 4644 1192 1155
3 1156 1181 1193
3 1156 1193 4871
3 1157 1194 3941
3 4221 1194 1157
3 1157 3941 4744
3 4744 3974 1157
3 1157 4191 4829
3 4829 4221 1157
3 1677 1183 1158
3 1158 1195 1672
3 4604 1195 1158
3 1158 1672 1677
3 1158 4320 4604
3 1159 1178 1196
3 1159 1196 4414
3 1159 4414 4699
3 4413 1197 1160
3 1160 1197 4751
3 1160 3961 4640
3 4903 4378 1160
3 4640 4413 1160
3 1160 4751 4903
3 1198 1180 1161
3 4130 1198 1161
3 4810 4130 1161
3 1162 1175 1199
3 1162 1199 3373
3 3969 1199 1162
3 1162 1199 4470
3 1162 3373 3495
3 1162 3495 3969
3 1163 1200 4464
3 4466 1200 1163
3 1201 1167 1164
3 1164 1167 3175
3 1201 1177 1164
3 3175 1201 1164
3 4459 1201 1164
3 1165 1406 1794
3 3268 1168 1166
3 1884 1199 1166
3 1166 1199 3969
3 3435 1884 1166
3 3969 3268 1166
3 3904 3435 1166
3 1167 1170 4318
3 1167 1201 5000
3 4318 3175 1167
3 1167 4469 4806
3 5000 4469 1167
3 1168 2113 3538
3 4857 2113 1168
3 1168 3538 4857
3 1169 1202 4007
3 4180 1202 1169
3 3447 1879 1169
3 4007 3447 1169
3 1169 3955 4835
3 4835 4180 1169
3 1170 1969 3264
3 4639 1969 1170
3 1170 3264 3992
3 1170 3992 4639
3 1171 1200 4460
3 4472 1200 1171
3 1171 4460 5045
3 1173 4319 4411
3 4410 3286 1174
3 1174 3286 4674
3 1175 1196 2526
3 5053 1196 1175
3 3373 1199 1175
3 1175 2526 3034
3 1175 3034 3773
3 3773 3373 1175
3 5030 4705 1175
3 1175 4705 5053
3 1176 1197 4598
3 4894 1197 1176
3 1672 1198 1177
3 1177 1198 4132
3 1177 1201 3175
3 3362 1672 1177
3 1177 3175 3362
3 1177 4132 4838
3 1177 4838 4956
3 1178 1193 3966
3 4399 1193 1178
3 3966 1196 1178
3 1178 4164 4877
3 4877 4399 1178
3 1179 1194 4222
3 4263 1194 1179
3 4799 4163 1179
3 1179 4222 4799
3 4752 4263 1179
3 1179 4323 4752
3 1672 1195 1180
3 1180 1195 4166
3 1180 1198 1672
3 4656 4145 1180
3 1180 4166 4656
3 1181 1190 3855
3 4735 1190 1181
3 3855 1193 1181
3 1181 3153 4735
3 1182 1191 4330
3 4403 1191 1182
3 4658 4111 1182
3 1182 4330 4658
3 4883 4403 1182
3 1677 1192 1183
3 1183 1192 4821
3 2242 1187 1184
3 1184 1187 3430
3 2261 2242 1184
3 4321 2261 1184
3 3430 3118 1184
3 4016 1188 1185
3 1185 1188 4054
3 4054 2261 1185
3 1185 2261 4312
3 4900 4016 1185
3 1186 1189 2395
3 2643 1189 1186
3 1186 2395 4790
3 3037 2643 1186
3 4790 4143 1186
3 1187 2242 4502
3 1188 2242 4054
3 4073 2242 1188
3 4506 2395 1189
3 4735 2221 1190
3 1190 2221 4853
3 1192 1677 3037
3 4644 2906 1192
3 1192 2906 4821
3 1193 3855 3966
3 1193 4399 4871
3 4263 3941 1194
3 1194 4221 4937
3 4937 4222 1194
3 1195 2895 4166
3 4604 2895 1195
3 3966 2526 1196
3 5053 4414 1196
3 1197 4413 4598
3 4894 4751 1197
3 1198 4130 4681
3 4681 4132 1198
3 1199 1884 4314
3 1199 4314 4470
3 1200 2772 4460
3 4466 2772 1200
3 1200 4281 4464
3 4472 4281 1200
3 1201 4459 5000
3 1280 1210 1202
3 1202 1210 3781
3 3781 1280 1202
3 1202 1685 4007
3 4180 1685 1202
3 4007 2507 1202
3 1202 2507 5078
3 5078 4007 1202
3 1705 1204 1203
3 1203 1204 2124
3 3143 1204 1203
3 1203 1204 3284
3 2938 1705 1203
3 1203 2124 2969
3 3284 2938 1203
3 1203 2969 3143
3 1204 1705 2671
3 2413 2124 1204
3 3143 2413 1204
3 1204 2671 3284
3 1595 1206 1205
3 1205 1206 2067
3 2910 1206 1205
3 1205 1206 3163
3 1923 1595 1205
3 3163 1923 1205
3 1205 2067 2910
3 1206 1595 2939
3 3035 2067 1206
3 1206 2499 2643
3 3037 2499 1206
3 1206 2643 3037
3 1206 2910 3035
3 1206 2939 3163
3 1207 1279 3521
3 5095 1279 1207
3 1207 3521 5160
3 3834 3697 1207
3 1207 3697 5095
3 5160 3834 1207
3 4036 1281 1208
3 1208 1281 5048
3 3756 3418 1208
3 1208 3418 4036
3 3840 3756 1208
3 5048 3840 1208
3 4125 1212 1209
3 1209 1212 4206
3 1209 1282 4125
3 4206 1282 1209
3 1210 1280 3781
3 3798 1283 1210
3 1210 1283 3950
3 4152 3490 1210
3 1210 3490 4987
3 4305 3798 1210
3 1210 3950 4152
3 4987 4305 1210
3 1211 1284 3335
3 3936 1284 1211
3 1211 3335 3936
3 1212 1287 4206
3 5176 1287 1212
3 1212 2023 4070
3 4125 2023 1212
3 1212 4070 5176
3 1285 1216 1213
3 1213 1216 3692
3 3844 1285 1213
3 1213 3521 3844
3 5160 3521 1213
3 1213 3692 4190
3 1213 4190 5160
3 1214 1286 3674
3 4042 1286 1214
3 3418 2537 1214
3 1214 2537 3670
3 4036 3418 1214
3 1214 3670 4042
3 1214 3674 4036
3 3335 1288 1215
3 1215 1288 3689
3 4061 3335 1215
3 1215 3421 4061
3 4080 3421 1215
3 1215 3689 4080
3 1289 1220 1216
3 1216 1220 3458
3 1216 1285 3924
3 3924 1289 1216
3 1216 3458 3692
3 1290 1286 1217
3 1217 1286 4042
3 4045 1290 1217
3 4042 3670 1217
3 1217 3670 4140
3 4140 4045 1217
3 1218 1291 4009
3 4084 1291 1218
3 1218 3326 3414
3 5176 3326 1218
3 3414 3354 1218
3 1218 3354 4084
3 1218 4009 5176
3 3402 1292 1219
3 1219 1292 4082
3 3689 3402 1219
3 1219 3636 4080
3 5097 3636 1219
3 4080 3689 1219
3 1219 4082 5097
3 1220 1289 5174
3 1220 1298 4040
3 5174 1298 1220
3 3983 3458 1220
3 4040 3983 1220
3 1293 1290 1221
3 1221 1290 4045
3 4035 1293 1221
3 1221 3380 3679
3 4140 3380 1221
3 1221 3679 4035
3 1221 4045 4140
3 4081 1294 1222
3 1222 1294 4084
3 1222 3354 3839
3 4084 3354 1222
3 1222 3839 3864
3 1222 3864 4081
3 1223 1292 1295
3 4082 1292 1223
3 1223 1295 1297
3 1223 1297 3467
3 3467 3227 1223
3 1223 3227 5097
3 5097 4082 1223
3 1224 1296 4081
3 4086 1296 1224
3 4033 3808 1224
3 1224 3808 4086
3 1224 3864 4033
3 4081 3864 1224
3 1300 1228 1225
3 1225 1228 4987
3 3467 1297 1225
3 1225 1297 3991
3 3991 1300 1225
3 5012 3467 1225
3 1225 4987 5012
3 3620 1229 1226
3 1226 1229 3648
3 1226 1298 3620
3 4040 1298 1226
3 3648 3071 1226
3 1226 3071 3983
3 1226 3983 4040
3 1227 1299 4031
3 4044 1299 1227
3 1227 3655 4044
3 4967 3655 1227
3 4035 3679 1227
3 1227 3679 4967
3 1227 4031 4035
3 1228 1300 3885
3 4086 3808 1228
3 1228 3808 4987
3 1228 3885 4086
3 3620 1301 1229
3 1229 1301 3913
3 1229 3073 3294
3 3913 3073 1229
3 1229 3294 3648
3 1230 1233 3782
3 3982 1233 1230
3 1230 1302 4075
3 4147 1302 1230
3 1230 3655 3982
3 4044 3655 1230
3 1230 3782 4038
3 1230 4038 4147
3 4075 4044 1230
3 3782 1232 1231
3 1231 1232 3913
3 4046 1303 1231
3 1231 1303 4147
3 4038 3782 1231
3 1231 3913 4046
3 4147 4038 1231
3 1232 1233 1304
3 3782 1233 1232
3 1232 1304 1305
3 1232 1305 3073
3 1232 3073 3913
3 1233 1235 1306
3 3982 1235 1233
3 1306 1304 1233
3 1307 1236 1234
3 1234 1236 3071
3 1234 1305 1307
3 3073 1305 1234
3 1234 3071 3648
3 3294 3073 1234
3 3648 3294 1234
3 1235 1237 1308
3 4967 1237 1235
3 1308 1306 1235
3 3982 3655 1235
3 1235 3655 4967
3 1310 1242 1236
3 1236 1242 4250
3 1236 1307 1310
3 1236 2581 3071
3 4250 2581 1236
3 1237 1243 1311
3 3080 1243 1237
3 1311 1308 1237
3 4967 3080 1237
3 1238 1239 1312
3 3818 1239 1238
3 1309 1240 1238
3 1238 1240 2084
3 1312 1309 1238
3 1238 2084 3818
3 1239 1241 1312
3 3818 1241 1239
3 1314 1245 1240
3 1240 1245 3801
3 1240 1309 1313
3 1240 1313 1314
3 3801 2084 1240
3 1241 1244 1315
3 4327 1244 1241
3 1315 1312 1241
3 1241 3818 4327
3 1317 1248 1242
3 1242 1248 3205
3 1242 1310 1317
3 1242 3205 4250
3 1243 1249 1318
3 3901 1249 1243
3 1318 1311 1243
3 1243 3080 3901
3 1244 1246 1315
3 4327 1246 1244
3 1316 1247 1245
3 1245 1247 3369
3 1245 1314 1316
3 1245 3369 5051
3 5051 3801 1245
3 1319 1315 1246
3 1322 1319 1246
3 3821 1322 1246
3 1246 3774 3821
3 4327 3774 1246
3 1323 1250 1247
3 1247 1250 3369
3 1247 1316 1323
3 1320 1251 1248
3 1248 1251 3299
3 1248 1317 1320
3 3299 3205 1248
3 1249 1253 1321
3 3300 1253 1249
3 1321 1318 1249
3 3901 3300 1249
3 1326 1255 1250
3 1250 1255 3852
3 1250 1323 1326
3 3852 3369 1250
3 1324 1256 1251
3 1251 1256 3299
3 1251 1320 1324
3 1252 1254 1325
3 3956 1254 1252
3 1325 1322 1252
3 1252 1322 3821
3 3821 3774 1252
3 1252 3774 3956
3 1253 1257 1327
3 2433 1257 1253
3 1327 1321 1253
3 3300 2433 1253
3 1254 1260 1332
3 3956 1260 1254
3 1328 1325 1254
3 1332 1328 1254
3 1329 1259 1255
3 1255 1259 3970
3 1255 1326 1329
3 3970 3852 1255
3 1330 1262 1256
3 1256 1262 2684
3 1256 1324 1330
3 1256 2684 3299
3 1257 1263 1331
3 2433 1263 1257
3 1331 1327 1257
3 1258 1359 1712
3 2020 1359 1258
3 2071 1575 1258
3 1258 1712 1762
3 1258 1762 2071
3 1333 1261 1259
3 1259 1261 3812
3 1259 1329 1333
3 1259 3812 3970
3 1260 1264 1336
3 3247 1264 1260
3 1336 1332 1260
3 3816 3247 1260
3 3956 3816 1260
3 1337 1265 1261
3 1261 1265 4074
3 1261 1333 1337
3 4074 3812 1261
3 1334 1269 1262
3 1262 1269 2511
3 1262 1330 1334
3 1262 2511 2684
3 1263 1270 1335
3 1744 1270 1263
3 1335 1331 1263
3 2433 1744 1263
3 1264 1266 1338
3 4220 1266 1264
3 1338 1336 1264
3 1264 3247 4220
3 1339 1267 1265
3 1265 1267 3742
3 1265 1337 1339
3 1265 3742 4074
3 1266 1268 1340
3 3478 1268 1266
3 1340 1338 1266
3 4220 3478 1266
3 1344 1268 1267
3 1267 1268 4367
3 1267 1339 1341
3 1267 1341 1344
3 4367 3742 1267
3 1275 1273 1268
3 1268 1273 1347
3 3644 1275 1268
3 1344 1340 1268
3 1268 1347 1349
3 1268 1349 3644
3 1268 3478 4367
3 1342 1271 1269
3 1269 1271 3987
3 1269 1334 1342
3 3987 2511 1269
3 1270 1272 1343
3 3461 1272 1270
3 1343 1335 1270
3 1270 1744 3461
3 1347 1273 1271
3 1271 1273 2126
3 1271 1342 1345
3 1271 1345 1347
3 1271 2126 3987
3 1272 1274 1348
3 1784 1274 1272
3 1346 1343 1272
3 1348 1346 1272
3 3461 1784 1272
3 1273 1275 3428
3 3428 2126 1273
3 1784 1275 1274
3 1274 1275 3644
3 3646 1348 1274
3 1274 3644 3646
3 1275 1784 3428
3 1276 1351 1397
3 2514 1351 1276
3 1397 1353 1276
3 1276 1353 3208
3 3208 2514 1276
3 1397 1351 1277
3 1277 1351 2126
3 1277 1368 1472
3 1784 1368 1277
3 1651 1369 1277
3 1596 1397 1277
3 1472 1398 1277
3 1277 1398 1596
3 2049 1627 1277
3 3428 1784 1277
3 1277 2126 3428
3 1371 1368 1278
3 1278 1368 1645
3 1952 1371 1278
3 1278 1473 1522
3 1278 1522 2049
3 1278 1645 1952
3 1279 1282 3844
3 3902 1282 1279
3 2922 1885 1279
3 1279 1885 3113
3 5095 2922 1279
3 1279 3113 3902
3 3844 3521 1279
3 3950 1283 1280
3 1280 1283 4116
3 1280 3762 3959
3 4116 3762 1280
3 5070 3950 1280
3 1280 3959 5070
3 1281 1284 1938
3 3674 1284 1281
3 1281 1938 5087
3 1281 3476 5048
3 5087 3476 1281
3 4036 3674 1281
3 1282 1285 3844
3 4206 1285 1282
3 3994 3367 1282
3 1282 3367 4125
3 1282 3902 3994
3 1283 3798 4350
3 4350 4116 1283
3 1284 1286 3332
3 3674 1286 1284
3 3498 1938 1284
3 1284 3332 3335
3 3936 3498 1284
3 4206 3924 1285
3 1290 1288 1286
3 1286 1288 3332
3 1287 1289 3924
3 4009 1289 1287
3 1287 3924 4206
3 5176 4009 1287
3 1288 1290 3689
3 3335 3332 1288
3 1289 4009 5174
3 1290 1293 3689
3 1291 1294 1298
3 4084 1294 1291
3 1291 1298 5174
3 5174 4009 1291
3 3402 1293 1292
3 1292 1293 4031
3 1299 1295 1292
3 4031 1299 1292
3 1293 3402 3689
3 4035 4031 1293
3 1294 1296 3620
3 4081 1296 1294
3 3620 1298 1294
3 1299 1297 1295
3 1296 1301 3620
3 4046 1301 1296
3 1296 3885 4046
3 4086 3885 1296
3 1297 1299 4075
3 1297 1302 3991
3 4075 1302 1297
3 1299 4044 4075
3 3991 1302 1300
3 1300 1302 4147
3 1300 1303 3885
3 4147 1303 1300
3 4046 3913 1301
3 4046 3885 1303
3 1309 1305 1304
3 1304 1306 1313
3 1313 1309 1304
3 1312 1307 1305
3 1305 1309 1312
3 1306 1308 1313
3 1315 1310 1307
3 1307 1312 1315
3 1308 1311 1314
3 1314 1313 1308
3 1310 1315 1319
3 1319 1317 1310
3 1316 1314 1311
3 1318 1316 1311
3 1316 1318 1323
3 1317 1319 1322
3 1322 1320 1317
3 1318 1321 1323
3 1320 1322 1325
3 1325 1324 1320
3 1326 1323 1321
3 1327 1326 1321
3 1324 1325 1328
3 1324 1328 1330
3 1326 1327 1331
3 1331 1329 1326
3 1334 1330 1328
3 1328 1332 1334
3 1329 1331 4011
3 4011 1333 1329
3 1331 1335 4011
3 1342 1334 1332
3 1332 1336 1342
3 3747 1337 1333
3 4011 3747 1333
3 1335 1343 3747
3 1335 3747 4011
3 1336 1338 1345
3 1345 1342 1336
3 1346 1339 1337
3 1337 1343 1346
3 3747 1343 1337
3 1338 1340 1347
3 1347 1345 1338
3 3932 1341 1339
3 1339 1346 3932
3 1340 1344 1349
3 1349 1347 1340
3 1349 1344 1341
3 1341 1348 1349
3 3932 1348 1341
3 1346 1348 3932
3 3644 1349 1348
3 3646 3644 1348
3 1351 1369 2514
3 1351 1745 2126
3 2514 1745 1351
3 1353 1397 1436
3 1353 1436 1896
3 1896 1517 1353
3 1353 1517 3208
3 1552 1379 1354
3 1354 1379 3014
3 1354 1457 1552
3 1665 1457 1354
3 1682 1665 1354
3 3014 1682 1354
3 1355 1358 1669
3 1817 1358 1355
3 1355 1669 3334
3 2975 1817 1355
3 4988 2975 1355
3 1355 3334 4988
3 1356 1712 2430
3 2461 1712 1356
3 1356 2430 2975
3 2975 2461 1356
3 1357 1358 1491
3 1669 1358 1357
3 1357 1360 1947
3 2484 1360 1357
3 1357 1491 2484
3 1835 1534 1357
3 1357 1534 2427
3 2427 1669 1357
3 1947 1835 1357
3 1358 1359 1736
3 1817 1359 1358
3 1736 1491 1358
3 2430 1712 1359
3 2020 1736 1359
3 1359 1817 2430
3 1491 1363 1360
3 1360 1363 3152
3 2484 1491 1360
3 3152 1947 1360
3 1425 1363 1361
3 1977 1401 1361
3 2529 2412 1362
3 1362 2412 4231
3 4231 2529 1362
3 1425 1401 1363
3 1363 1401 1655
3 1363 1491 1548
3 1363 1548 2438
3 1363 1655 3152
3 1603 1562 1364
3 1364 1562 1824
3 1897 1603 1364
3 1364 1648 1897
3 2605 1648 1364
3 1364 1824 2573
3 1364 2573 2971
3 2971 2605 1364
3 1365 1378 1409
3 1439 1378 1365
3 1365 1409 2970
3 2915 1439 1365
3 1377 1370 1366
3 1366 1370 1459
3 1983 1377 1366
3 1366 1459 1598
3 1366 1598 3755
3 3755 1983 1366
3 1955 1415 1367
3 1367 1415 2429
3 1699 1601 1367
3 1367 1601 1955
3 1752 1699 1367
3 2429 1752 1367
3 1368 1371 1472
3 1784 1645 1368
3 1369 1423 1651
3 2418 1423 1369
3 1369 1423 2514
3 1369 1651 2418
3 1370 1377 1635
3 1370 1457 1763
3 1704 1459 1370
3 1370 1663 1704
3 1763 1663 1370
3 1371 1438 1472
3 1952 1438 1371
3 1372 1550 1613
3 1613 1581 1372
3 1372 1581 1847
3 1373 1380 1408
3 1443 1380 1373
3 1373 1408 2638
3 1588 1443 1373
3 2354 1588 1373
3 3111 2354 1373
3 1373 2638 3111
3 1441 1391 1374
3 1374 1391 1846
3 1758 1441 1374
3 1846 1560 1374
3 1374 1560 2059
3 3606 1758 1374
3 1374 2059 2123
3 1374 2123 3606
3 1375 1564 2434
3 2419 1674 1375
3 1375 1674 2571
3 2434 2419 1375
3 2582 1810 1376
3 1376 1810 4019
3 3014 2565 1376
3 1376 2565 3610
3 3610 2582 1376
3 4019 3014 1376
3 1983 1384 1377
3 1379 1552 2426
3 2002 1555 1379
3 1379 1555 2565
3 2426 2002 1379
3 1379 2565 3014
3 2030 1408 1380
3 1380 1443 1513
3 1381 1724 1809
3 1641 1383 1382
3 1511 1510 1382
3 1382 1510 2022
3 2022 1641 1382
3 1641 1606 1383
3 1383 1606 1845
3 1845 1702 1383
3 1384 1385 1920
3 1561 1412 1385
3 1385 1412 2096
3 1385 1513 1561
3 2096 1920 1385
3 1386 1387 2098
3 1451 1402 1386
3 1838 1451 1386
3 2097 1838 1386
3 2098 2097 1386
3 1387 1405 1880
3 1387 1880 2098
3 1388 1389 1723
3 2463 1389 1388
3 1388 1426 1509
3 1388 1509 2463
3 1875 1843 1389
3 1890 1875 1389
3 2463 1890 1389
3 1508 1426 1390
3 1390 1447 1644
3 1581 1508 1390
3 1847 1581 1390
3 1390 1644 1847
3 1721 1556 1392
3 1392 1556 2032
3 1849 1721 1392
3 2659 1849 1392
3 1392 2032 2460
3 1392 2460 2659
3 1445 1422 1393
3 1393 1422 1556
3 1485 1445 1393
3 1393 1451 1485
3 1556 1451 1393
3 1394 1563 1652
3 2432 1563 1394
3 1394 1652 2665
3 1394 1798 2074
3 2668 1798 1394
3 2665 1966 1394
3 1394 1966 2668
3 1394 2074 2432
3 1395 1665 1682
3 3733 1665 1395
3 1395 1682 3043
3 3043 1881 1395
3 1395 1881 4996
3 1395 3349 3981
3 4996 3349 1395
3 3981 3733 1395
3 2943 2458 1396
3 1396 2458 3988
3 3056 2943 1396
3 4225 3056 1396
3 3988 3062 1396
3 1396 3062 4267
3 4267 4225 1396
3 1596 1419 1397
3 1397 1419 2047
3 2047 1436 1397
3 1398 1472 1596
3 1399 1462 1504
3 2011 1462 1399
3 1399 1504 1505
3 1399 1505 2057
3 1399 1511 2011
3 2057 1511 1399
3 1463 1405 1400
3 2468 1463 1400
3 1400 1562 1640
3 1640 1593 1400
3 1400 1593 2468
3 1977 1747 1401
3 1401 1747 3134
3 3134 1793 1401
3 1721 1407 1402
3 1402 1451 1556
3 1402 1556 1721
3 1403 1407 1721
3 2102 1407 1403
3 1403 1721 1849
3 1403 1849 2580
3 2409 2102 1403
3 2580 2409 1403
3 1404 1509 1547
3 1801 1509 1404
3 1404 1547 2666
3 3406 1801 1404
3 2666 2490 1404
3 1404 2490 3406
3 1405 1463 1880
3 1959 1461 1407
3 2502 1959 1407
3 1407 2102 2502
3 1408 1446 1960
3 2030 1446 1408
3 1408 1960 2988
3 2988 2638 1408
3 1409 1580 2018
3 1409 2018 2129
3 1409 2129 2970
3 1566 1455 1410
3 1410 1455 1870
3 1870 1540 1410
3 1410 1540 2041
3 1979 1566 1410
3 2041 1979 1410
3 1411 1471 3855
3 1411 1873 1986
3 2608 1873 1411
3 3855 2608 1411
3 1412 1561 1756
3 1412 1570 2096
3 1412 1756 2993
3 2993 1907 1412
3 1881 1806 1413
3 1413 1806 3349
3 1414 1463 1618
3 1722 1463 1414
3 1414 1578 1722
3 2457 1578 1414
3 1414 1618 2457
3 1415 1610 2429
3 3613 1610 1415
3 1415 1850 1877
3 1955 1850 1415
3 1415 1877 3613
3 1561 1443 1416
3 1416 1443 1588
3 1588 1516 1416
3 1416 1516 1996
3 1416 1554 1561
3 1638 1554 1416
3 1996 1638 1416
3 1417 1954 2634
3 3666 1954 1417
3 1417 2634 3666
3 1418 1545 1804
3 2675 1545 1418
3 1418 1695 1839
3 1871 1695 1418
3 1418 1804 1871
3 1596 1437 1419
3 1419 1437 2047
3 1554 1427 1420
3 1420 1427 2628
3 1700 1554 1420
3 1756 1700 1420
3 1420 2628 3013
3 1421 1483 1840
3 3055 1483 1421
3 1421 1742 1789
3 1840 1742 1421
3 1421 1789 3293
3 3242 3055 1421
3 3293 3242 1421
3 1422 1445 1460
3 1422 1460 1544
3 1422 1544 2053
3 2032 1556 1422
3 2053 2032 1422
3 1517 1454 1423
3 1423 1454 1951
3 1423 1454 2514
3 1951 1517 1423
3 2418 1651 1423
3 1424 1654 2411
3 2655 1654 1424
3 2411 1911 1424
3 1424 1911 3672
3 3672 2655 1424
3 1426 1508 1509
3 1427 1554 1638
3 1427 1638 1964
3 2001 1791 1427
3 1427 1791 2628
3 1427 1964 2133
3 2133 2001 1427
3 1428 1813 2052
3 2425 1813 1428
3 2167 1814 1428
3 1428 1814 2425
3 1428 2052 2167
3 2438 1458 1429
3 1429 1575 1748
3 1429 1748 2640
3 1627 1522 1430
3 1430 1522 1953
3 2049 1627 1430
3 1430 1953 2049
3 1431 1433 2013
3 3236 1433 1431
3 2055 1643 1431
3 1431 1643 3236
3 1431 2013 2040
3 1431 2040 2106
3 3639 2055 1431
3 1431 2106 3639
3 2140 1808 1432
3 1432 1808 2677
3 2677 2140 1432
3 1799 1434 1433
3 1433 1434 1980
3 1433 1436 1799
3 2008 1436 1433
3 1433 1643 1661
3 3236 1643 1433
3 1433 1661 1797
3 1433 1797 2008
3 1433 1980 2013
3 1796 1435 1434
3 1434 1435 1820
3 1820 1767 1434
3 1434 1767 1980
3 1799 1796 1434
3 1796 1438 1435
3 1435 1438 1948
3 1435 1694 1828
3 1948 1694 1435
3 3182 1820 1435
3 1435 1828 3182
3 1436 1437 1799
3 2047 1437 1436
3 1436 1797 1896
3 2008 1797 1436
3 1472 1438 1437
3 1437 1438 1903
3 1596 1472 1437
3 1437 1796 1799
3 1903 1796 1437
3 1438 1796 1903
3 1952 1948 1438
3 1439 1553 2173
3 2915 1553 1439
3 3446 3361 1440
3 1440 3361 5157
3 4172 3446 1440
3 1440 3549 3601
3 5096 3549 1440
3 1440 3601 4172
3 1440 4986 5096
3 5157 4986 1440
3 1758 1464 1441
3 1442 3471 5137
3 5211 3471 1442
3 5147 3548 1442
3 1442 3548 5148
3 5159 5092 1442
3 1442 5092 5211
3 1442 5137 5147
3 1442 5148 5159
3 1561 1513 1443
3 1444 1476 1656
3 2451 1476 1444
3 1444 1656 1848
3 1444 1848 1863
3 1444 1853 2451
3 4102 1853 1444
3 1444 1863 4102
3 1536 1460 1445
3 3626 1536 1445
3 1446 1470 1960
3 3128 1470 1446
3 1447 1469 1644
3 1448 1678 2631
3 2933 1678 1448
3 1448 2631 2919
3 1448 2919 4966
3 5077 2933 1448
3 1448 4966 5077
3 5153 5145 1449
3 1526 1521 1450
3 1450 1521 1861
3 1450 1525 1727
3 3095 1525 1450
3 1727 1526 1450
3 1450 1861 2143
3 1450 2143 3095
3 1838 1485 1451
3 1452 1528 1535
3 2115 1528 1452
3 1452 1535 3226
3 2595 2115 1452
3 3745 2595 1452
3 1452 3226 3745
3 2115 1481 1453
3 1453 1518 1528
3 4242 1518 1453
3 1453 1519 1549
3 1453 1528 2115
3 1453 1549 4242
3 1454 1517 1951
3 3208 2514 1454
3 1850 1506 1455
3 1455 1506 3036
3 1455 1530 1870
3 3036 1530 1455
3 1455 1566 1850
3 1456 2048 3050
3 3160 2048 1456
3 3718 2503 1456
3 1456 2503 4361
3 1456 2966 3160
3 1456 3050 3160
3 1456 3160 3403
3 1456 3403 3718
3 1457 1665 1763
3 1458 1548 1736
3 2438 1548 1458
3 1458 1736 2020
3 1704 1587 1459
3 1459 1587 3168
3 3168 1598 1459
3 1460 1536 1804
3 1545 1544 1460
3 1804 1545 1460
3 2015 1572 1461
3 1461 1959 2015
3 1462 1502 1504
3 1781 1502 1462
3 1722 1546 1463
3 1463 1546 1880
3 2468 1618 1463
3 1968 1533 1464
3 1464 1758 2964
3 2964 1968 1464
3 3239 1538 1465
3 1465 1538 3771
3 3665 2926 1465
3 1465 2926 4109
3 3619 3239 1465
3 4109 3619 1465
3 3771 3665 1465
3 1601 1501 1466
3 1466 1501 1652
3 1652 1563 1466
3 1467 5102 5124
3 5150 5102 1467
3 1848 1559 1468
3 1468 1559 3271
3 1468 1560 1848
3 1976 1560 1468
3 1468 3271 3681
3 1924 1644 1469
3 1469 1666 1972
3 1469 1859 1924
3 1972 1859 1469
3 1470 1571 3002
3 3114 1571 1470
3 3097 1960 1470
3 1470 3002 3097
3 3128 3114 1470
3 1471 1621 1632
3 1471 1632 2110
3 1471 2110 3855
3 1953 1522 1473
3 1474 1604 2615
3 4980 1604 1474
3 3016 2440 1474
3 1474 2450 3016
3 3323 2450 1474
3 3016 2550 1474
3 1474 2550 3323
3 1474 2590 3016
3 1474 2615 4980
3 1809 1724 1475
3 2539 1809 1475
3 1852 1656 1476
3 2621 1852 1476
3 2471 1478 1477
3 1477 1478 3082
3 3004 2471 1477
3 3751 3004 1477
3 1477 3082 3178
3 1477 3178 4950
3 1477 3617 4176
3 4950 3617 1477
3 4176 3751 1477
3 2587 1482 1478
3 1478 1482 3551
3 1478 2435 3082
3 3830 2435 1478
3 1478 2471 2587
3 1478 3551 3830
3 1479 1692 1815
3 2521 1692 1479
3 1479 1812 1815
3 1918 1812 1479
3 1479 1815 1918
3 1479 1815 2068
3 1479 2068 2521
3 1480 1482 1483
3 1480 1483 3055
3 2091 1484 1481
3 2115 2091 1481
3 1481 2521 2607
3 2069 1483 1482
3 2587 2069 1482
3 3830 3551 1482
3 2069 1840 1483
3 2091 1486 1484
3 1484 1486 2134
3 1484 2134 3546
3 1913 1759 1485
3 1485 1838 1913
3 1486 1487 2134
3 3232 1487 1486
3 2091 2058 1486
3 1486 2058 3001
3 1486 3001 3232
3 2420 2134 1487
3 3911 2420 1487
3 1487 2503 3614
3 4361 2503 1487
3 1487 3232 4361
3 1487 3614 3911
3 1967 1698 1488
3 1488 1951 1967
3 3015 1951 1488
3 1488 2962 3015
3 1489 1818 2936
3 3933 1818 1489
3 2679 1827 1489
3 1489 1827 3933
3 2936 2679 1489
3 1789 1494 1490
3 1490 1494 1981
3 3293 1789 1490
3 3092 1821 1490
3 1490 1821 4309
3 1490 1981 3092
3 1490 3198 3242
3 4365 3198 1490
3 1490 3242 3293
3 4309 3540 1490
3 1490 3540 4365
3 1736 1548 1491
3 2161 1958 1492
3 1492 1958 3162
3 1492 1981 2161
3 3245 2976 1492
3 1492 2976 3472
3 3749 3091 1492
3 1492 3162 3245
3 1492 3472 3749
3 1830 1715 1493
3 1493 1715 1862
3 1862 1782 1493
3 1493 1782 3011
3 3241 1830 1493
3 3011 2982 1493
3 1493 2982 3675
3 3675 3241 1493
3 1789 1742 1494
3 2111 1958 1494
3 1494 1958 2161
3 2161 1981 1494
3 1862 1715 1495
3 1495 1715 2072
3 2595 1862 1495
3 1495 2017 2115
3 1495 2115 2595
3 3734 1832 1496
3 1496 1832 4134
3 3162 2668 1496
3 1496 2668 3734
3 1496 2976 3245
3 4373 2976 1496
3 3245 3162 1496
3 1496 4134 4373
3 2553 1830 1497
3 1497 1830 3241
3 1497 2497 2553
3 3378 2497 1497
3 1497 3142 3378
3 3757 3142 1497
3 1497 3241 3757
3 1498 1502 1623
3 3184 1502 1498
3 1498 1623 2497
3 1498 2497 3943
3 1498 3687 4317
3 3943 3786 1498
3 2604 1501 1499
3 1499 1501 3038
3 4249 2604 1499
3 3038 3022 1499
3 1499 3022 3889
3 3589 3025 1499
3 1499 3025 4249
3 1499 3297 3589
3 3889 3297 1499
3 1504 1502 1500
3 1500 1502 3184
3 2073 1504 1500
3 3021 2073 1500
3 3919 3021 1500
3 1500 3184 3571
3 1500 3571 3919
3 1501 1601 1699
3 2604 1652 1501
3 1501 1699 2530
3 1501 2530 3038
3 1781 1623 1502
3 1503 1699 1752
3 2530 1699 1503
3 1503 1752 2429
3 1503 2429 3341
3 2940 2530 1503
3 3465 2940 1503
3 1503 3341 3465
3 2073 1505 1504
3 1505 1512 2021
3 2516 1512 1505
3 1505 2021 2057
3 1505 2073 2516
3 1955 1843 1506
3 1506 1843 4072
3 1506 1850 1955
3 4072 3036 1506
3 3633 1573 1507
3 1507 1573 3764
3 1507 1843 1875
3 4072 1843 1507
3 1507 1875 3633
3 3764 2528 1507
3 1507 2528 4072
3 1508 1550 1580
3 1613 1550 1508
3 1508 1581 1613
3 1509 1801 2463
3 1510 1511 1515
3 1510 1515 2033
3 1510 1998 2022
3 2033 1998 1510
3 2057 1515 1511
3 1512 1786 2663
3 3054 1786 1512
3 3658 1786 1512
3 1512 1786 4017
3 3748 2021 1512
3 1512 2516 3054
3 1512 2663 3748
3 4017 3658 1512
3 3223 2572 1514
3 1514 2572 4247
3 1514 2944 3385
3 4247 2944 1514
3 4195 3223 1514
3 3385 3280 1514
3 1514 3280 3722
3 1514 3722 4195
3 2218 2033 1515
3 1515 2057 2218
3 1516 1588 1970
3 1516 1970 2492
3 2656 1996 1516
3 2511 1745 1517
3 1517 1745 2514
3 1517 1896 1898
3 1517 1898 2684
3 2684 2511 1517
3 1517 2514 3208
3 4242 1528 1518
3 2051 1542 1518
3 1518 1542 3629
3 1518 1906 2051
3 1861 1594 1520
3 1520 1594 2944
3 2139 1861 1520
3 3151 2139 1520
3 1520 2914 3151
3 3949 2914 1520
3 1520 2944 3788
3 3788 3139 1520
3 1520 3139 3949
3 1521 1526 2029
3 2218 1861 1521
3 1521 2029 2033
3 1521 2033 2218
3 1522 1627 2049
3 1523 1577 1892
3 2135 1577 1523
3 1523 1892 2977
3 1524 1809 2539
3 3170 1809 1524
3 1524 1979 2041
3 2121 1979 1524
3 1524 2041 3170
3 2539 2121 1524
3 2085 1727 1525
3 4933 2085 1525
3 3095 2958 1525
3 1525 2958 4933
3 1526 1727 2002
3 1526 2002 2188
3 2188 2029 1526
3 1527 1933 3192
3 1527 3192 3275
3 1527 3275 4779
3 4242 1535 1528
3 1529 1990 2046
3 3117 1990 1529
3 1529 2046 2486
3 1529 2486 3410
3 3410 3117 1529
3 1530 1868 1870
3 2645 1868 1530
3 1531 1998 2033
3 2033 2029 1531
3 1531 2029 3137
3 2407 1739 1532
3 1532 1790 3976
3 1968 1633 1533
3 1835 1678 1534
3 1534 1678 2412
3 1534 2412 2480
3 2480 2427 1534
3 1535 1647 3226
3 4405 1647 1535
3 3917 1689 1535
3 1535 1689 4405
3 4242 3917 1535
3 1871 1804 1536
3 2439 1871 1536
3 3626 2439 1536
3 3019 2592 1537
3 1537 2592 3021
3 3021 3019 1537
3 1538 2459 2519
3 3665 2459 1538
3 1538 2519 3771
3 3239 2609 1538
3 1538 2609 3448
3 1538 3448 3665
3 1539 1609 2079
3 2263 1609 1539
3 1539 2079 3457
3 3814 2263 1539
3 1539 3457 4025
3 4025 3814 1539
3 1870 1609 1540
3 1540 1609 2263
3 1839 1695 1540
3 1540 1695 2289
3 2000 1711 1540
3 1540 1711 2041
3 2263 1839 1540
3 2289 2000 1540
3 2092 1637 1541
3 1857 1842 1541
3 1541 1842 2981
3 1902 1857 1541
3 1542 2051 2936
3 1542 2936 3416
3 3416 3230 1542
3 1542 3230 3629
3 1876 1867 1543
3 1543 1867 2455
3 1984 1876 1543
3 1987 1984 1543
3 1544 1545 3129
3 2542 2053 1544
3 3065 2542 1544
3 3129 3065 1544
3 1545 2675 3129
3 1546 1722 1876
3 1546 1876 1984
3 1984 1880 1546
3 2018 1580 1550
3 1550 2012 2018
3 3727 1585 1551
3 5134 1714 1551
3 1551 3366 3727
3 1552 1750 1878
3 1552 1878 2426
3 1553 1851 2173
3 1553 2915 2929
3 1700 1561 1554
3 1555 1696 1940
3 2002 1696 1555
3 2002 1727 1555
3 1555 1727 2085
3 1555 1940 2560
3 2122 2002 1555
3 1555 2085 2122
3 1555 2560 3287
3 3031 2565 1555
3 3287 3031 1555
3 1557 1719 2119
3 3359 1719 1557
3 1557 2119 2431
3 4161 3359 1557
3 1557 3975 4161
3 1558 1589 1731
3 1848 1656 1559
3 1559 1656 1852
3 1559 1852 1904
3 1559 1904 3116
3 1559 3116 3271
3 1560 1846 1848
3 1560 1976 2059
3 1561 1700 1756
3 1562 1603 1640
3 3755 2434 1564
3 1565 1609 1876
3 2079 1609 1565
3 1876 1722 1565
3 1565 1722 2101
3 2945 2079 1565
3 1565 2101 2518
3 1565 2518 2945
3 1566 1764 1850
3 3121 1764 1566
3 1566 1979 2121
3 1566 2121 3009
3 1566 3009 3121
3 1567 1578 1950
3 2101 1578 1567
3 1567 1950 3193
3 2518 2101 1567
3 3611 2518 1567
3 1568 1643 2055
3 3592 1643 1568
3 1568 1854 3592
3 3639 1854 1568
3 1568 2055 3639
3 1569 1714 5134
3 4935 2026 1569
3 5134 4935 1569
3 2466 2096 1570
3 3802 2466 1570
3 1571 1664 1963
3 3114 1664 1571
3 1571 1963 3292
3 3292 3002 1571
3 1891 1636 1572
3 2658 1891 1572
3 1572 2015 2658
3 1763 1665 1574
3 1574 1665 3733
3 1905 1763 1574
3 3327 1905 1574
3 3132 2570 1574
3 1574 2570 3327
3 4397 3132 1574
3 1574 4282 4397
3 2548 1748 1575
3 1575 2071 2548
3 2977 1892 1577
3 3251 1892 1577
3 1577 1892 4262
3 1577 2117 3251
3 4262 2117 1577
3 1577 2135 2977
3 2101 1722 1578
3 2457 1950 1578
3 1582 1702 1845
3 1846 1702 1582
3 1582 1845 1863
3 1848 1846 1582
3 1863 1848 1582
3 1583 2088 4603
3 2834 2105 1583
3 1583 2105 4301
3 4301 2407 1583
3 4603 2834 1583
3 1661 1643 1584
3 1584 1643 3075
3 1896 1661 1584
3 1898 1896 1584
3 3075 1898 1584
3 1585 3727 3906
3 1586 1890 2470
3 3633 1890 1586
3 1586 2470 3803
3 1587 1704 3068
3 1587 3068 3147
3 1587 3147 3168
3 2354 1970 1588
3 1750 1731 1589
3 1878 1750 1589
3 2620 1728 1590
3 1590 1728 3713
3 3652 2620 1590
3 3685 3652 1590
3 3713 3685 1590
3 1591 1645 1744
3 1952 1645 1591
3 1591 1744 2433
3 2433 1952 1591
3 1713 1605 1592
3 1592 1605 1741
3 1882 1713 1592
3 1592 1741 1882
3 1667 1604 1593
3 1593 1604 3632
3 1593 1640 1667
3 1740 1728 1593
3 1593 1728 2468
3 3632 1740 1593
3 2218 1630 1594
3 1594 1630 2944
3 1594 1861 2218
3 1595 1923 2939
3 1597 1816 1821
3 2442 1816 1597
3 1597 1821 2485
3 3133 1982 1598
3 1598 1982 3755
3 3086 2182 1598
3 1598 2182 3133
3 3168 3086 1598
3 1964 1638 1599
3 1599 1638 1996
3 2415 1964 1599
3 1599 1996 3023
3 1600 1649 1841
3 1600 1841 2456
3 2456 1844 1600
3 1602 1629 1982
3 2434 1629 1602
3 1602 1971 2458
3 2680 1971 1602
3 1602 1982 2004
3 1602 2004 2680
3 2458 2434 1602
3 1667 1640 1603
3 2077 1667 1603
3 1603 1897 2404
3 2404 2077 1603
3 1604 1667 2077
3 1604 2077 2615
3 3590 3053 1604
3 1604 3053 3632
3 4980 3590 1604
3 1605 1713 1741
3 1606 1641 1819
3 1858 1845 1606
3 1607 2285 3189
3 4179 2285 1607
3 1607 3189 3216
3 1607 3216 3482
3 1607 3482 3602
3 1607 3602 4179
3 1608 2036 2664
3 3775 2036 1608
3 1608 2664 3331
3 3276 2978 1608
3 1608 2978 3775
3 3331 3276 1608
3 1609 1870 1876
3 1610 1785 3341
3 5065 1785 1610
3 3341 2429 1610
3 1610 2505 3372
3 3613 2505 1610
3 1610 3372 5065
3 1611 1994 2935
3 3224 1994 1611
3 1611 2935 3052
3 1611 3052 3787
3 3281 3224 1611
3 3910 3281 1611
3 1611 3787 3910
3 1743 1660 1612
3 1612 1660 2136
3 2089 1743 1612
3 2664 2036 1612
3 1612 2036 3100
3 3473 2089 1612
3 1612 2136 2664
3 1612 3100 3473
3 2499 2089 1614
3 1614 2089 3473
3 3035 2499 1614
3 3881 3035 1614
3 1614 3473 3925
3 1614 3925 4346
3 1953 1902 1615
3 1615 1902 2523
3 2523 1953 1615
3 3420 1675 1616
3 1616 1675 3662
3 2935 1710 1616
3 1616 1710 3469
3 3662 2935 1616
3 3547 2969 1616
3 1616 2969 3789
3 4931 3420 1616
3 1616 3469 3547
3 1616 3789 4931
3 3765 1626 1617
3 3346 1662 1617
3 1617 1662 3765
3 4230 1837 1617
3 2558 2457 1618
3 1618 2468 2620
3 1618 2506 2558
3 2620 2506 1618
3 1672 1668 1620
3 1620 1668 2676
3 2094 1672 1620
3 1620 2090 2094
3 2682 2090 1620
3 1620 2676 3029
3 3246 2682 1620
3 1620 3029 3246
3 3759 3366 1622
3 1781 1650 1623
3 1623 1650 2553
3 2553 2497 1623
3 2654 1764 1624
3 1624 1764 3121
3 3009 2911 1624
3 1624 2911 3141
3 3121 3009 1624
3 1624 3141 3228
3 1625 1892 3677
3 4296 1892 1625
3 1625 2605 2971
3 3677 2605 1625
3 1625 2971 3000
3 3281 2977 1625
3 1625 2977 4296
3 1625 3000 3224
3 1625 3224 3281
3 3765 1802 1626
3 1821 1816 1628
3 1628 1816 3285
3 3198 1821 1628
3 3285 3198 1628
3 3755 1982 1629
3 1629 2434 3755
3 1630 1732 2043
3 2218 1732 1630
3 1630 2043 3385
3 3385 2944 1630
3 4072 2528 1631
3 1631 3036 4072
3 2998 2110 1632
3 1632 2203 2998
3 2927 1720 1633
3 1633 1968 2618
3 1633 2618 2927
3 1634 2575 2998
3 3829 2575 1634
3 1634 2998 3397
3 1634 3397 4090
3 4090 3829 1634
3 2456 1841 1636
3 1636 1891 2630
3 2630 2456 1636
3 3515 2824 1637
3 3805 1819 1641
3 1641 2022 2482
3 1642 1703 2636
3 3419 1703 1642
3 1642 2636 3022
3 1642 3022 3180
3 1642 3180 3419
3 3592 3075 1643
3 2527 1847 1644
3 1644 1924 3381
3 3461 1744 1645
3 1645 1784 3461
3 1646 1669 2427
3 3334 1669 1646
3 1646 2427 2480
3 1646 2480 3541
3 3541 3334 1646
3 4333 3226 1647
3 4405 4333 1647
3 1648 1892 3437
3 3677 1892 1648
3 1648 2605 3677
3 1649 1708 1841
3 2626 1708 1649
3 2072 1830 1650
3 1650 1830 2553
3 1652 2604 4249
3 4249 2665 1652
3 1653 1813 2425
3 3831 1813 1653
3 2444 1909 1654
3 1654 1909 3672
3 1654 1911 2411
3 3672 1911 1654
3 3088 2411 1654
3 1654 2411 3880
3 3880 2444 1654
3 1654 2655 3174
3 3174 3088 1654
3 1657 3198 3285
3 1658 3230 3629
3 1659 1880 1984
3 2464 1880 1659
3 3365 1925 1659
3 1659 1925 3815
3 1659 1984 1987
3 1659 1987 3365
3 3815 2464 1659
3 1896 1797 1661
3 1662 1686 1992
3 1992 1802 1662
3 1662 1802 3765
3 3068 1704 1663
3 1663 1763 1905
3 1663 1905 3068
3 1664 1778 1921
3 1664 1921 1963
3 1666 1717 1972
3 1991 1717 1666
3 1666 1780 1991
3 1668 1672 3735
3 2925 2676 1668
3 3283 2925 1668
3 1668 3175 3283
3 3362 3175 1668
3 3735 3362 1668
3 1670 1827 2995
3 3040 1827 1670
3 2995 2965 1670
3 1677 1672 1671
3 1671 1672 2094
3 3037 1677 1671
3 2090 1743 1671
3 1671 1743 2499
3 2094 2090 1671
3 1671 2499 3037
3 1672 3362 3735
3 2923 2538 1673
3 3079 2923 1673
3 1674 2419 2943
3 2664 2571 1674
3 3331 2664 1674
3 1674 2943 3056
3 1674 3056 3331
3 1910 1901 1675
3 1675 1901 3289
3 1675 1908 1910
3 2969 1908 1675
3 1675 2124 2413
3 3289 2124 1675
3 1675 2413 3143
3 3143 2969 1675
3 1675 3420 3662
3 1676 1823 1909
3 3093 1823 1676
3 1676 1909 2569
3 1676 1909 3035
3 3672 1909 1676
3 3093 1911 1676
3 1676 1911 3672
3 1676 2569 3093
3 3035 2910 1676
3 1676 2910 3093
3 1835 1761 1678
3 1678 1761 2631
3 2933 2412 1678
3 1679 3067 3476
3 3618 3067 1679
3 1679 3476 5087
3 5087 3618 1679
3 1680 1935 3878
3 4944 3684 1680
3 1680 4092 4944
3 2934 1694 1681
3 1681 1948 1952
3 1681 1952 3300
3 1681 2448 2934
3 3045 2448 1681
3 3300 3045 1681
3 3014 2424 1682
3 1682 2424 3043
3 1683 2437 2868
3 4241 2437 1683
3 2868 2509 1683
3 1683 2509 4241
3 2868 2800 1683
3 1683 2800 4241
3 4227 2868 1683
3 4241 4227 1683
3 4057 2417 1684
3 1684 2417 4216
3 1684 2622 2973
3 4216 2622 1684
3 1684 2973 3630
3 1684 3630 4057
3 1685 3980 4007
3 1686 2923 3079
3 3201 2923 1686
3 1687 3813 4461
3 4467 3813 1687
3 2063 1776 1688
3 1688 1936 2063
3 3028 1936 1688
3 1689 3917 4242
3 3754 1872 1690
3 1941 1939 1691
3 1691 1939 4083
3 4198 1941 1691
3 1691 3415 3653
3 3737 3415 1691
3 3984 3415 1691
3 1691 3415 4198
3 1691 3653 3737
3 4083 3984 1691
3 2068 1815 1692
3 1967 1951 1693
3 1693 1951 3015
3 3015 1967 1693
3 2934 1735 1694
3 1694 1735 3330
3 3330 1828 1694
3 2173 1851 1695
3 1695 1851 3010
3 1695 1871 2173
3 2568 2289 1695
3 3010 2568 1695
3 1696 1860 2001
3 2644 1860 1696
3 2472 1940 1696
3 1696 2001 2133
3 1696 2002 2122
3 1696 2122 2646
3 1696 2133 2472
3 2646 2644 1696
3 1888 1811 1697
3 1697 1811 1975
3 1697 1975 2931
3 1697 2931 3344
3 1698 1967 3069
3 3642 2083 1698
3 3069 2562 1698
3 1698 2562 3211
3 1698 3211 3642
3 2609 1854 1701
3 1701 1854 3639
3 1701 1885 2609
3 4370 1885 1701
3 1701 3639 4370
3 3990 2636 1703
3 1703 3022 3412
3 3419 3022 1703
3 3419 3222 1703
3 1703 3222 3989
3 1703 3412 3990
3 3989 3419 1703
3 1705 1922 2671
3 2938 1922 1705
3 1986 1710 1706
3 1706 1710 2109
3 1707 1712 2119
3 2486 1712 1707
3 2119 1719 1707
3 1707 1719 3024
3 3024 2486 1707
3 1708 1825 1841
3 2469 1825 1708
3 1709 2291 3623
3 4759 2291 1709
3 4802 2384 1709
3 1709 2384 4887
3 1709 3048 4759
3 4887 3048 1709
3 1709 3623 4802
3 1986 1873 1710
3 1710 1873 3469
3 1710 1994 2109
3 2935 1994 1710
3 1711 2000 4232
3 3170 2041 1711
3 2486 1762 1712
3 2461 2119 1712
3 3050 1741 1713
3 1882 1792 1713
3 1713 1792 2120
3 1713 2120 3050
3 1715 1830 2072
3 1716 1791 1949
3 3452 1791 1716
3 1716 1949 4102
3 1716 2107 3903
3 4102 2107 1716
3 3903 3452 1716
3 2467 1972 1717
3 1718 3468 3947
3 5087 3468 1718
3 3947 3618 1718
3 1718 3618 5087
3 2420 1737 1719
3 1719 1737 3024
3 1719 1738 2082
3 3359 1738 1719
3 2082 1917 1719
3 1719 1917 2420
3 2179 1779 1720
3 2531 2179 1720
3 2927 2531 1720
3 1724 1809 2539
3 2167 2052 1725
3 1725 2052 3525
3 2564 2167 1725
3 1725 2549 2564
3 4328 2549 1725
3 1725 3525 3627
3 1725 3627 4328
3 2564 2481 1726
3 1726 2481 3865
3 3599 2564 1726
3 1726 3441 3627
3 3865 3441 1726
3 1726 3525 3599
3 3627 3525 1726
3 1728 1740 3713
3 2620 2468 1728
3 4138 3740 1729
3 1729 3740 4387
3 4387 4055 1729
3 1729 4067 4756
3 4187 4138 1729
3 4756 4187 1729
3 1730 3509 4014
3 5137 3509 1730
3 1730 4014 5193
3 1730 4049 5147
3 5191 4049 1730
3 5147 5137 1730
3 5193 5191 1730
3 2688 2446 1731
3 1732 2021 2043
3 2057 2021 1732
3 2218 2057 1732
3 1733 3896 4099
3 5206 3896 1733
3 1733 4099 4347
3 1733 4172 4189
3 5178 4172 1733
3 1733 4189 5206
3 1733 4347 5178
3 1734 4935 5134
3 1735 2934 3067
3 1735 3067 3618
3 3618 3330 1735
3 1737 2420 2647
3 1737 2647 3804
3 3804 3024 1737
3 2420 1917 1738
3 1738 1917 2972
3 2972 2082 1738
3 2647 2420 1738
3 4161 2647 1738
3 1738 3359 4161
3 3192 1883 1739
3 1739 2407 3192
3 1740 3053 3364
3 3632 3053 1740
3 1740 3364 3713
3 1741 1792 1882
3 2048 1792 1741
3 3050 2048 1741
3 1743 2089 2499
3 3987 2126 1745
3 1745 2511 3987
3 1913 1838 1746
3 1746 1838 2097
3 1749 1755 1776
3 2037 1755 1749
3 1749 1779 2179
3 2179 2037 1749
3 1794 1774 1751
3 1751 1774 2050
3 2402 1794 1751
3 2050 1874 1751
3 1751 1874 2402
3 3022 2636 1753
3 3589 3022 1753
3 2422 1818 1754
3 1754 1818 2995
3 1754 1827 2679
3 2995 1827 1754
3 1754 2051 2422
3 2679 2051 1754
3 1756 2498 2993
3 1757 1774 2050
3 2118 1774 1757
3 1757 2050 3256
3 3107 2118 1757
3 3256 3107 1757
3 3606 2964 1758
3 1759 1913 2949
3 2650 2034 1760
3 3343 2650 1760
3 1760 3026 3343
3 1947 1793 1761
3 1761 1793 3298
3 1761 1835 1947
3 1761 2612 2631
3 3298 2612 1761
3 2486 2046 1762
3 1762 2046 2524
3 2548 2071 1762
3 1762 2524 2548
3 1877 1850 1764
3 2678 1877 1764
3 1764 2654 2678
3 3197 3119 1765
3 3813 2293 1766
3 1766 2293 4465
3 3584 2342 1766
3 1766 2342 4461
3 4465 3584 1766
3 4461 3813 1766
3 1767 1820 1980
3 4609 2220 1768
3 1768 2220 4702
3 1768 2260 3081
3 3530 2260 1768
3 1768 3081 4609
3 4702 3530 1768
3 1769 1777 2561
3 2403 1807 1769
3 2561 2403 1769
3 1770 2118 3432
3 2584 2264 1770
3 1770 2264 3307
3 3432 2264 1770
3 1770 2264 3508
3 4625 2584 1770
3 3508 3027 1770
3 1770 3027 4625
3 1771 2204 3912
3 4559 2204 1771
3 4555 3200 1771
3 1771 3200 4558
3 1771 3912 4555
3 1772 2284 3586
3 5058 2284 1772
3 3496 2334 1772
3 1772 2334 3995
3 1772 2334 5059
3 5066 2334 1772
3 4248 3496 1772
3 1772 3586 5066
3 1772 3995 4785
3 4785 4248 1772
3 5059 5058 1772
3 3624 3320 1773
3 3628 3624 1773
3 1774 1794 2402
3 1774 1874 2050
3 2402 1874 1774
3 3256 2050 1774
3 2078 1780 1775
3 2060 2010 1775
3 1775 2010 2078
3 1777 2061 2494
3 1778 1807 1921
3 2078 1991 1780
3 1782 1862 2595
3 1782 2595 3745
3 3324 3040 1782
3 1782 3040 3682
3 3745 3324 1782
3 3703 3481 1782
3 1782 3682 3703
3 1783 3624 5080
3 5125 3624 1783
3 5080 5056 1783
3 1783 5056 5102
3 1783 5102 5179
3 5179 5125 1783
3 1785 1803 2066
3 2505 1803 1785
3 1785 2066 2974
3 3161 2505 1785
3 1785 2974 3161
3 1785 3237 3341
3 3905 3237 1785
3 5065 3905 1785
3 1786 1886 2602
3 3658 2663 1786
3 3353 3051 1786
3 1786 3054 4017
3 1787 1788 2586
3 3248 1788 1787
3 2405 2138 1787
3 1787 2138 3248
3 2586 2405 1787
3 1788 2138 2405
3 2593 2138 1788
3 1788 2405 3863
3 3863 2586 1788
3 3248 2593 1788
3 3147 3068 1788
3 1788 3068 3828
3 3828 3147 1788
3 1790 3533 3976
3 1791 1899 2188
3 3452 1899 1791
3 2001 1949 1791
3 1791 2188 2475
3 1791 2475 3452
3 3452 2628 1791
3 1792 2048 3160
3 1792 2093 2120
3 2966 2093 1792
3 3160 2966 1792
3 1793 3134 3298
3 1956 1832 1795
3 1795 1832 3064
3 3277 1956 1795
3 1795 2510 2937
3 3064 2510 1795
3 1795 2937 3554
3 3554 3277 1795
3 1798 1958 2074
3 3162 1958 1798
3 1798 2668 3162
3 1800 1893 2594
3 2978 1893 1800
3 3262 2520 1800
3 1800 2594 3262
3 1992 1810 1802
3 1802 1810 2582
3 3946 2066 1803
3 1803 2563 3946
3 1805 2311 5060
3 5186 2311 1805
3 1805 5060 5130
3 1805 5130 5186
3 1806 1881 2042
3 1806 1881 3349
3 3671 1881 1806
3 1806 2532 3349
3 2044 1921 1807
3 2403 2044 1807
3 1808 2040 2677
3 4050 2040 1808
3 2140 2125 1808
3 1808 2125 3725
3 3725 3233 1808
3 1808 3233 4088
3 4088 4050 1808
3 4078 2539 1809
3 1809 3170 3851
3 1809 3851 4078
3 1810 1992 2582
3 2923 1992 1810
3 3871 2424 1810
3 1810 2424 4019
3 1810 2582 3502
3 3079 2923 1810
3 1810 3502 3556
3 1810 3556 3871
3 1811 1888 2583
3 2583 2410 1811
3 1811 2410 2931
3 2931 2920 1811
3 1917 1815 1812
3 1918 1815 1812
3 1812 1815 5231
3 2972 1917 1812
3 5231 2972 1812
3 3173 2052 1813
3 2960 2425 1813
3 1813 2425 3173
3 3831 2960 1813
3 1814 2052 3173
3 3525 2052 1814
3 1814 2167 2564
3 3173 2425 1814
3 1814 2564 3599
3 3599 3525 1814
3 1815 1917 5231
3 2485 1821 1816
3 1816 1821 3540
3 1816 2442 2485
3 3540 3285 1816
3 2975 2430 1817
3 1818 2422 3416
3 3416 2936 1818
3 3394 2995 1818
3 3933 3394 1818
3 1819 3805 3806
3 1820 1957 2125
3 3182 1957 1820
3 2140 1980 1820
3 1820 2125 2140
3 1821 3092 4309
3 1821 3198 3540
3 2602 1886 1822
3 1822 1886 4272
3 3948 2602 1822
3 1822 3051 3353
3 4272 3051 1822
3 1822 3353 3948
3 3035 1909 1823
3 1823 2910 3035
3 3093 2910 1823
3 1825 2056 2062
3 2469 2056 1825
3 1826 2006 3454
3 3720 2006 1826
3 3249 2567 1826
3 1826 2567 3720
3 1826 3158 3249
3 3500 3158 1826
3 1826 3454 3500
3 1827 3040 3933
3 1828 1957 3182
3 3330 1957 1828
3 2597 2447 1829
3 1829 2447 3126
3 1829 2515 2982
3 3790 2515 1829
3 2982 2597 1829
3 1829 3126 3790
3 3221 1956 1831
3 1831 1956 3554
3 1831 2976 3301
3 4313 2976 1831
3 3301 3221 1831
3 1831 3554 3615
3 1831 3615 4313
3 1832 1956 2976
3 1832 2976 4313
3 3277 3064 1832
3 4313 3277 1832
3 1832 3734 4134
3 1833 2447 2597
3 3343 2447 1833
3 1833 2508 3343
3 3915 2508 1833
3 2597 2515 1833
3 1833 2515 3790
3 1833 3790 3915
3 2928 2066 1834
3 1834 2066 3946
3 3417 2928 1834
3 3161 2974 1834
3 1834 2974 3417
3 3946 3161 1834
3 2043 2021 1836
3 1836 2021 3748
3 3280 2043 1836
3 1836 2663 3649
3 3748 2663 1836
3 3722 3280 1836
3 1836 3649 3722
3 1840 2069 2603
3 1842 1857 1902
3 3434 2981 1842
3 1844 2456 2630
3 1845 1858 1999
3 1999 1863 1845
3 1849 2659 2954
3 2621 1904 1852
3 1853 1860 2478
3 4102 1860 1853
3 2951 2451 1853
3 1853 2478 2495
3 1853 2495 2600
3 1853 2600 2951
3 1854 1944 3592
3 3619 1944 1854
3 1854 2609 3239
3 1854 3239 3619
3 3533 1933 1855
3 1855 3295 3533
3 4998 3295 1855
3 3165 1999 1858
3 2627 1924 1859
3 1859 1972 3130
3 1860 1949 2001
3 4102 1949 1860
3 1861 2139 2143
3 1863 1999 2131
3 2131 2107 1863
3 1863 2107 4102
3 2482 2112 1864
3 1864 2112 3169
3 3169 2667 1864
3 2062 2056 1865
3 1865 2056 3347
3 2694 2104 1865
3 3347 2694 1865
3 2423 2061 1866
3 1870 1868 1867
3 1867 1868 2455
3 1876 1870 1867
3 1868 1869 2439
3 5090 1869 1868
3 1868 2439 3377
3 3255 2455 1868
3 1868 2645 3255
3 1868 3377 5090
3 3377 2439 1869
3 3604 2439 1869
3 1869 2439 3626
3 5082 3377 1869
3 3626 3553 1869
3 3859 3604 1869
3 5090 5082 1869
3 1873 2608 3120
3 1873 3120 3469
3 1875 1890 3633
3 2678 2080 1877
3 1877 2080 3613
3 2541 2426 1878
3 1879 3447 4766
3 4766 4241 1879
3 2464 2098 1880
3 1881 3043 4996
3 3192 1933 1883
3 1884 3435 4463
3 4463 4314 1884
3 4159 2609 1885
3 1885 2922 4159
3 4370 3113 1885
3 2100 1974 1887
3 1887 1974 2551
3 2683 2100 1887
3 2551 2483 1887
3 1889 2390 2994
3 3319 2390 1889
3 1889 2861 4823
3 4897 2861 1889
3 1889 2994 4913
3 4823 3319 1889
3 4913 4897 1889
3 1890 2463 2470
3 3251 3063 1892
3 1892 3063 4262
3 3677 3437 1892
3 4296 3677 1892
3 2978 2594 1893
3 3006 2594 1893
3 1893 2594 4253
3 3062 3006 1893
3 4253 3062 1893
3 1894 1920 2557
3 3006 2501 1895
3 1895 2501 4253
3 1895 2556 2594
3 3262 2556 1895
3 1895 2594 3006
3 1895 2594 3262
3 4253 2594 1895
3 3323 2404 1897
3 1898 1985 2684
3 3075 1985 1898
3 2475 2188 1899
3 3452 2475 1899
3 1900 2108 2462
3 2909 2108 1900
3 1900 2462 3076
3 3076 2909 1900
3 1901 1910 3289
3 1902 1953 2523
3 1905 2593 3068
3 3125 2593 1905
3 2422 2051 1906
3 3230 2422 1906
3 3629 3230 1906
3 2993 2473 1907
3 2065 1910 1908
3 3089 2065 1908
3 1908 2969 3289
3 1908 3077 3089
3 3289 3077 1908
3 1909 2444 2655
3 2655 2569 1909
3 1910 2065 2670
3 1910 2670 3077
3 1910 3077 3289
3 3093 2569 1911
3 1911 2569 3672
3 3454 2006 1912
3 1912 2006 3861
3 1912 2567 3249
3 3861 2567 1912
3 1912 3249 3862
3 3862 3454 1912
3 3886 2949 1913
3 3558 2637 1914
3 1914 2637 4344
3 4639 3558 1914
3 1914 4344 4639
3 2112 1998 1916
3 3169 2112 1916
3 1917 2082 5231
3 1919 1943 2980
3 3250 1943 1919
3 2934 2448 1919
3 1919 2448 3250
3 3067 2934 1919
3 1919 2980 3067
3 1920 2096 2466
3 1920 2466 2557
3 3463 1963 1921
3 1922 1926 2938
3 3962 1926 1922
3 1922 1961 2459
3 2938 1961 1922
3 1922 2459 3033
3 2938 2671 1922
3 1922 3033 3962
3 1923 1928 1929
3 1923 1928 1988
3 2939 1928 1923
3 5232 1928 1923
3 1923 1929 5232
3 1923 1988 2939
3 3163 2939 1923
3 1924 2577 3381
3 3365 2026 1925
3 1925 2026 4935
3 4935 3815 1925
3 2459 1961 1926
3 1926 1961 2938
3 2519 2459 1926
3 3962 2519 1926
3 3855 2575 1926
3 1926 2575 3966
3 3966 3855 1926
3 1929 1928 1927
3 2441 1928 1927
3 1927 1928 3735
3 1927 1928 5232
3 5232 1929 1927
3 3735 2441 1927
3 1927 3154 3735
3 4213 3154 1927
3 1927 3735 4213
3 2441 1943 1928
3 1928 1943 3735
3 2939 1988 1928
3 3033 2459 1930
3 1930 2459 3448
3 3448 2979 1930
3 1930 2979 3665
3 3962 3033 1930
3 1930 3665 3962
3 1931 2980 3154
3 3476 2980 1931
3 1931 3154 4213
3 5048 3476 1931
3 1931 3735 3977
3 4213 3735 1931
3 1931 3977 5048
3 1932 2483 3279
3 3279 2533 1932
3 1932 2533 3707
3 3135 2060 1934
3 1934 2445 2623
3 1934 2623 3135
3 3524 2601 1935
3 1935 2601 3878
3 3028 2003 1936
3 3329 3225 1937
3 3684 3329 1937
3 1938 2653 3468
3 3498 2653 1938
3 1938 3468 5087
3 1939 1941 3483
3 1939 3483 3517
3 1939 3517 5016
3 5016 4083 1939
3 1941 3421 3636
3 3935 3421 1941
3 3636 3483 1941
3 4198 3935 1941
3 3797 2025 1942
3 1942 2025 4207
3 3819 3797 1942
3 3869 3819 1942
3 4089 3869 1942
3 1942 3907 4089
3 4207 3907 1942
3 1943 2441 2980
3 1943 3250 3977
3 3977 3735 1943
3 3392 3075 1944
3 1944 3075 3592
3 4234 3392 1944
3 1944 3619 4234
3 3070 2016 1945
3 1946 2566 3666
3 3761 2566 1946
3 1946 2634 3103
3 3666 2634 1946
3 1950 2457 2500
3 1950 2500 3193
3 1952 2433 3300
3 3666 2566 1954
3 1954 2566 3923
3 3210 2634 1954
3 1954 2634 3231
3 3666 2634 1954
3 1954 2917 3210
3 3231 2917 1954
3 3923 3666 1954
3 3221 2976 1956
3 1956 3277 3554
3 3820 2125 1957
3 1957 3330 3618
3 1957 3618 3820
3 2111 2074 1958
3 1962 1970 2354
3 2415 2133 1964
3 1966 2665 3729
3 3734 2668 1966
3 3064 2991 1966
3 1966 2991 3164
3 3164 3064 1966
3 3729 3064 1966
3 1966 3064 3734
3 1967 3015 3069
3 1968 2489 2618
3 2687 2489 1968
3 2964 2687 1968
3 4639 3264 1969
3 3988 2458 1971
3 3739 3399 1971
3 1971 3399 4239
3 1971 3479 3739
3 4239 3988 1971
3 1972 2467 3130
3 1974 2099 2551
3 1974 2100 3743
3 2683 2551 1974
3 3743 2683 1974
3 2920 2428 1975
3 1975 2428 2931
3 1975 2487 2920
3 4913 2948 1978
3 1978 3456 4897
3 1978 4897 4913
3 2040 2013 1980
3 2677 2040 1980
3 1980 2140 2677
3 1981 2485 3092
3 3131 2485 1981
3 1981 3091 4277
3 4277 3131 1981
3 3133 2004 1982
3 3075 2552 1985
3 1985 2552 3205
3 3299 2684 1985
3 1985 3205 3299
3 3876 3365 1987
3 1989 2103 2982
3 3704 2103 1989
3 2524 2046 1990
3 3429 2524 1990
3 1990 3117 3698
3 5086 3429 1990
3 1990 3698 5086
3 1992 2923 3201
3 3000 2109 1994
3 3224 3000 1994
3 1995 2417 4057
3 4953 2417 1995
3 1995 2778 2831
3 4642 2778 1995
3 1995 2831 4835
3 1995 4057 4953
3 4835 4642 1995
3 1997 2948 4913
3 4913 2994 1997
3 2112 2022 1998
3 2606 2131 1999
3 3753 2606 1999
3 1999 3165 3753
3 2000 2289 3386
3 2426 2188 2002
3 2004 2182 3046
3 3133 2182 2004
3 3018 2680 2004
3 3046 3018 2004
3 2004 3018 3550
3 3555 3018 2004
3 2004 3550 3555
3 2005 4581 4602
3 2007 2450 3323
3 3707 3279 2009
3 2014 2976 3485
3 2932 2658 2015
3 2691 2545 2016
3 3070 2691 2016
3 2017 2091 2115
3 2019 3258 4895
3 2022 2112 2482
3 4125 3367 2023
3 2023 3367 4307
3 4199 4070 2023
3 4307 4199 2023
3 3839 3414 2025
3 2025 3414 4199
3 2025 3797 3839
3 2025 4199 4207
3 2027 2133 2415
3 2472 2133 2027
3 3707 2533 2028
3 3210 2917 2028
3 2029 2188 3137
3 4663 3234 2031
3 2031 3440 4663
3 2032 2053 2064
3 2032 2064 3112
3 2967 2460 2032
3 3112 2967 2032
3 2034 2650 3343
3 2034 3343 3807
3 2035 2965 3394
3 3775 3100 2036
3 2038 2525 3218
3 2038 3218 3659
3 2039 5140 5170
3 2669 2106 2040
3 2040 2512 3260
3 4051 2512 2040
3 3260 2669 2040
3 2040 4050 4051
3 2043 3280 3385
3 2045 3225 4654
3 4654 3360 2045
3 2051 2679 2936
3 2542 2064 2053
3 4891 3244 2054
3 2061 2423 2494
3 2670 2513 2065
3 2065 2513 3077
3 3077 2670 2065
3 2066 2928 2974
3 3035 2910 2067
3 2587 2414 2069
3 2069 2414 2603
3 3260 2512 2070
3 2070 2512 3779
3 2070 2669 3260
3 3957 2669 2070
3 2070 2672 2946
3 3779 2672 2070
3 2070 2946 5091
3 5091 3957 2070
3 2073 2496 2516
3 3405 2496 2073
3 2073 3021 5041
3 2073 3155 3405
3 5041 3267 2073
3 3538 2113 2075
3 2075 2113 4706
3 2662 2546 2075
3 2075 2546 3489
3 4706 2662 2075
3 2075 3489 3538
3 2076 3017 3018
3 3767 3017 2076
3 2076 3018 3719
3 2077 2404 2615
3 2079 2945 3240
3 2079 3240 3457
3 2678 2654 2080
3 2080 2654 3723
3 2080 3723 3999
3 2080 3999 5020
3 2081 2510 3064
3 2082 2972 5231
3 2406 2203 2083
3 3694 2406 2083
3 3211 2562 2083
3 2083 2562 3770
3 2083 3041 3642
3 3964 3041 2083
3 3642 3211 2083
3 2083 3642 3694
3 2083 3770 3964
3 2084 3801 5051
3 4327 3818 2084
3 4366 4327 2084
3 5051 4366 2084
3 2085 3176 3634
3 4933 3176 2085
3 3634 3492 2085
3 4662 3122 2086
3 2086 3122 5144
3 2086 3144 4662
3 5144 3144 2086
3 3842 3140 2087
3 2087 3140 3890
3 2087 3737 3842
3 4308 3737 2087
3 2087 3890 3947
3 2087 3947 4308
3 3044 2120 2093
3 2095 2572 2695
3 2095 2695 3892
3 2095 2959 3219
3 3892 2959 2095
3 2097 2098 3072
3 2103 2515 2597
3 2103 2597 2982
3 2105 2834 3177
3 2105 3177 4301
3 2106 2669 3639
3 2909 2449 2108
3 2971 2573 2109
3 3000 2971 2109
3 2998 2575 2110
3 2110 2575 3855
3 4857 4706 2113
3 2114 4652 4992
3 4410 2145 2116
3 2116 2145 4411
3 4319 2301 2116
3 2116 2301 4674
3 2116 3286 4410
3 4674 3286 2116
3 4411 4319 2116
3 3058 2661 2117
3 2117 2661 3063
3 2117 3063 3251
3 2117 3063 3784
3 4262 3063 2117
3 3144 2431 2119
3 2119 2461 3144
3 3044 2365 2120
3 2120 2365 3160
3 3160 3050 2120
3 2121 2539 3009
3 3289 2969 2124
3 2125 3140 3725
3 3890 3140 2125
3 2125 3820 3890
3 2128 2284 3216
3 4248 2284 2128
3 2128 3216 3728
3 2128 3728 4248
3 2130 3492 3634
3 2132 2701 3105
3 3177 2701 2132
3 2132 3105 4779
3 4301 3177 2132
3 2132 3275 4301
3 4779 3275 2132
3 2134 2420 3911
3 3799 3546 2134
3 3911 3799 2134
3 2136 2571 2664
3 2963 2143 2139
3 3102 2596 2139
3 3151 3102 2139
3 3985 2206 2141
3 2141 2206 4713
3 2141 2266 3985
3 4127 2266 2141
3 3244 2700 2142
3 2142 2700 3524
3 2143 2963 3095
3 2144 2251 4409
3 4941 2251 2144
3 4940 4408 2144
3 2144 4408 4941
3 2144 4409 4939
3 2144 4939 4940
3 2145 2350 3503
3 4410 2350 2145
3 2145 3503 4411
3 2146 2378 4773
3 4892 2378 2146
3 4834 2389 2146
3 2146 2389 4904
3 2147 2234 4415
3 5119 2234 2147
3 2147 2253 3561
3 4415 2253 2147
3 2147 3561 5119
3 4416 2234 2148
3 2148 2234 5119
3 3562 2253 2148
3 2148 2253 4416
3 5119 3562 2148
3 2149 2366 4101
3 4417 2366 2149
3 2149 2370 4417
3 4970 2370 2149
3 2149 4101 4419
3 2149 4419 4970
3 2150 2366 4418
3 4420 2366 2150
3 4354 2370 2150
3 2150 2370 4970
3 4418 4354 2150
3 4970 4420 2150
3 3721 2222 2151
3 2151 2222 4425
3 2151 2309 4423
3 4425 2309 2151
3 4423 3721 2151
3 2152 2210 4219
3 4421 2210 2152
3 2152 2252 3867
3 4426 2252 2152
3 2152 3867 4421
3 2152 4219 4426
3 2153 2369 3127
3 4428 2369 2153
3 2153 2388 4428
3 4803 2388 2153
3 2153 3127 4422
3 2153 4422 4803
3 4424 2290 2154
3 2154 2290 4427
3 4030 2371 2154
3 2154 2371 4424
3 4427 4030 2154
3 2155 2222 3721
3 4431 2222 2155
3 4430 2309 2155
3 2155 2309 4431
3 2155 3721 4430
3 4429 2369 2156
3 2156 2369 4432
3 4432 2388 2156
3 2156 2388 4803
3 4803 4429 2156
3 4433 2290 2157
3 2157 2290 4434
3 2157 2371 4030
3 4434 2371 2157
3 2157 4030 4433
3 4219 2210 2158
3 2158 2210 4435
3 3867 2252 2158
3 2158 2252 4436
3 4435 3867 2158
3 4436 4219 2158
3 3425 2213 2159
3 2159 2213 4438
3 2159 2228 4437
3 4438 2228 2159
3 4437 3425 2159
3 4439 2248 2160
3 2160 2248 4719
3 2160 2268 4235
3 4440 2268 2160
3 2160 4235 4439
3 4719 4440 2160
3 2162 2213 3425
3 4442 2213 2162
3 4441 2228 2162
3 2162 2228 4727
3 2162 3425 4441
3 4727 4442 2162
3 3531 2348 2163
3 2163 2348 4444
3 4384 2397 2163
3 2163 2397 4447
3 4447 3531 2163
3 4444 4384 2163
3 4787 2341 2164
3 2164 2341 4964
3 4446 2392 2164
3 2164 2392 4938
3 2164 4443 4787
3 4938 4443 2164
3 4964 4446 2164
3 2165 2348 3531
3 4445 2348 2165
3 2165 2397 4445
3 4448 2397 2165
3 2165 3531 4448
3 2166 2320 3578
3 4462 2320 2166
3 3563 3516 2166
3 2166 3516 5073
3 3578 3563 2166
3 5073 4462 2166
3 3578 2320 2168
3 2168 2320 4471
3 2168 3516 4468
3 5073 3516 2168
3 4468 3578 2168
3 2168 4471 5073
3 2169 2293 3436
3 3564 2293 2169
3 3436 2342 2169
3 2169 2342 3584
3 3584 3564 2169
3 3696 2230 2170
3 2170 2230 4473
3 4473 2280 2170
3 2170 2280 4474
3 4474 3696 2170
3 2171 2230 3696
3 4412 2230 2171
3 2171 2280 4412
3 4710 2280 2171
3 2171 3696 4476
3 2171 4476 4710
3 4475 2255 2172
3 2172 2255 4477
3 2172 2271 4475
3 4477 2271 2172
3 2174 2255 4478
3 4479 2255 2174
3 3758 2271 2174
3 2174 2271 4479
3 4478 3758 2174
3 3960 2326 2175
3 2175 2326 4483
3 2175 2364 4000
3 4788 2364 2175
3 4486 3960 2175
3 2175 4000 4486
3 2175 4483 4788
3 4105 2346 2176
3 2176 2346 4482
3 2176 2361 4484
3 4777 2361 2176
3 4484 4105 2176
3 2176 4482 4777
3 4480 2326 2177
3 2177 2326 4485
3 2177 2364 4480
3 4485 2364 2177
3 2178 2346 3195
3 4481 2346 2178
3 4167 2361 2178
3 2178 2361 4481
3 2178 3195 4167
3 4349 2223 2180
3 2180 2223 4975
3 2180 2244 4349
3 4975 2244 2180
3 2181 2211 3780
3 4487 2211 2181
3 4394 2238 2181
3 2181 2238 4945
3 2181 3780 4488
3 4488 4394 2181
3 4945 4487 2181
3 3086 2999 2182
3 2183 2223 4360
3 4968 2223 2183
3 4355 2244 2183
3 2183 2244 4968
3 4360 4355 2183
3 4491 2356 2184
3 2184 2356 4495
3 4335 2358 2184
3 2184 2358 4491
3 4495 4335 2184
3 4279 2338 2185
3 2185 2338 4496
3 2185 2375 4492
3 4496 2375 2185
3 4492 4279 2185
3 2186 2356 4489
3 4493 2356 2186
3 4489 2358 2186
3 2186 2358 4493
3 2187 2338 4279
3 4494 2338 2187
3 4490 2375 2187
3 2187 2375 4494
3 2187 4279 4490
3 2188 2426 2541
3 2188 2541 3352
3 3352 3137 2188
3 3780 2211 2189
3 2189 2211 4497
3 2189 2238 4394
3 4945 2238 2189
3 4498 3780 2189
3 2189 4394 4498
3 2189 4497 4945
3 4311 2231 2190
3 2190 2231 4321
3 2190 2242 4073
3 4502 2242 2190
3 2190 4073 4499
3 4499 4311 2190
3 2190 4321 4502
3 2191 2336 4505
3 4506 2336 2191
3 4016 2395 2191
3 2191 2395 4506
3 4505 4016 2191
3 2192 2237 3552
3 5013 2237 2192
3 3576 2312 2192
3 2192 2312 4356
3 2192 3552 3565
3 2192 3565 3576
3 2192 4356 4510
3 2192 4510 5013
3 4511 2233 2193
3 2193 2233 4677
3 3443 2254 2193
3 2193 2254 4511
3 4508 3443 2193
3 4677 4508 2193
3 4326 2329 2194
3 2194 2329 4512
3 2194 2396 4260
3 4353 2396 2194
3 2194 4260 4509
3 4509 4326 2194
3 4512 4353 2194
3 3573 2294 2195
3 2195 2294 4614
3 2195 3566 3573
3 3585 3566 2195
3 4149 3585 2195
3 4507 4149 2195
3 4614 4507 2195
3 2196 2233 4516
3 4677 2233 2196
3 2196 2254 3443
3 4516 2254 2196
3 2196 3443 4514
3 2196 4514 4677
3 3552 2237 2197
3 2197 2237 4106
3 2197 2312 3567
3 4351 2312 2197
3 3567 3552 2197
3 2197 4106 4517
3 4517 4351 2197
3 2198 2329 4515
3 4518 2329 2198
3 2198 2396 4353
3 4515 2396 2198
3 2198 4353 4518
3 2199 2294 3573
3 4614 2294 2199
3 3573 3568 2199
3 2199 3568 3585
3 2199 3585 4149
3 2199 4149 4513
3 2199 4513 4614
3 4535 2243 2200
3 2200 2243 4538
3 2200 2316 4535
3 4538 2316 2200
3 4537 2303 2201
3 2201 2303 4960
3 2201 2372 4537
3 4539 2372 2201
3 4960 4539 2201
3 2202 2303 4541
3 4960 2303 2202
3 2202 2372 3199
3 4541 2372 2202
3 2202 3199 4960
3 2203 2406 3397
3 3397 2998 2203
3 3772 2215 2204
3 2204 2215 4556
3 4559 3772 2204
3 4556 3912 2204
3 4565 2822 2205
3 2205 2822 4928
3 3407 2916 2205
3 2205 2916 4052
3 2205 2983 3407
3 4928 2983 2205
3 2205 4052 4565
3 2206 2249 4123
3 4636 2249 2206
3 2206 3985 4636
3 2206 4123 4713
3 4628 2256 2207
3 2207 2256 4716
3 2207 2279 3968
3 4716 2279 2207
3 2207 3968 4628
3 2208 2275 4647
3 4724 2275 2208
3 3580 2322 2208
3 2208 2322 4849
3 2208 2681 3580
3 4647 2681 2208
3 2209 2246 3310
3 4619 2246 2209
3 3348 2281 2209
3 2209 2281 4619
3 3310 3309 2209
3 2209 3309 3348
3 4421 3453 2210
3 2210 3453 4435
3 4629 2216 2212
3 2212 2216 4701
3 2212 2247 4615
3 4720 2247 2212
3 4701 4297 2212
3 2212 4297 4720
3 3310 2246 2214
3 2214 2246 4601
3 4200 2281 2214
3 2214 2281 4691
3 4691 3310 2214
3 4648 4200 2214
3 2214 4601 4648
3 3772 3200 2215
3 2215 3200 4555
3 4629 2267 2216
3 2216 2267 4701
3 3963 2660 2217
3 2217 2660 4631
3 2955 2908 2217
3 2217 2908 4684
3 4631 2955 2217
3 4684 3963 2217
3 2219 2227 4607
3 4693 2227 2219
3 4607 2274 2219
3 2219 2274 4693
3 4609 2232 2220
3 2220 2232 4702
3 4330 2306 2221
3 2221 2306 4853
3 2221 2773 4330
3 4735 2773 2221
3 2222 3883 4425
3 4431 3883 2222
3 2223 4349 4360
3 4968 4962 2223
3 2223 4962 4975
3 4599 2227 2224
3 2224 2227 4688
3 3104 2274 2224
3 2224 2274 4599
3 4687 3104 2224
3 4688 4687 2224
3 2225 2272 4391
3 4947 2272 2225
3 4932 2277 2225
3 2225 2277 4947
3 2225 4391 4932
3 4357 2258 2226
3 2226 2258 4718
3 2226 2259 3823
3 4715 2259 2226
3 2226 3823 4616
3 4616 4357 2226
3 4718 4715 2226
3 4693 4688 2227
3 2228 4438 4727
3 3569 2779 2229
3 2229 2779 4066
3 2229 2780 3569
3 4157 2780 2229
3 2229 4066 4696
3 4696 4157 2229
3 4312 2261 2231
3 2231 2261 4321
3 2231 4311 4995
3 4995 4312 2231
3 2232 2260 4171
3 4675 2260 2232
3 2232 4171 4708
3 2232 4609 4668
3 2232 4668 4675
3 4708 4702 2232
3 4511 3308 2233
3 2233 3308 4516
3 5081 4415 2234
3 2234 4416 5081
3 2235 3019 3021
3 2235 3021 3571
3 2236 2318 4643
3 4690 2318 2236
3 2236 2325 3916
3 4643 2325 2236
3 2236 3916 4690
3 4969 4106 2237
3 5013 4969 2237
3 2239 2248 3302
3 4719 2248 2239
3 4235 2268 2239
3 2239 2268 4737
3 2239 3302 4235
3 4737 4719 2239
3 2240 2276 4637
3 4695 2276 2240
3 2240 2283 4266
3 4637 2283 2240
3 2240 4266 4695
3 2241 2315 4794
3 4989 2315 2241
3 4846 2319 2241
3 2241 2319 4873
3 4873 3159 2241
3 2241 3159 4989
3 4794 3422 2241
3 2241 3422 4846
3 2242 2261 4054
3 4714 4538 2243
3 2243 4543 4544
3 2243 4544 4714
3 2244 3340 4968
3 4975 3340 2244
3 2245 2256 4660
3 4729 2256 2245
3 3968 2279 2245
3 2245 2279 4729
3 4660 3968 2245
3 4619 4601 2246
3 2247 2267 3702
3 4720 2267 2247
3 2247 3702 4615
3 2985 2266 2249
3 2249 2266 4736
3 2249 2641 2985
3 4636 2641 2249
3 2249 3261 4123
3 4736 3261 2249
3 4375 2272 2250
3 2250 2272 4959
3 2250 2277 4932
3 4959 2277 2250
3 4932 4375 2250
3 4774 2307 2251
3 2251 2307 4869
3 2251 3273 4409
3 4869 3273 2251
3 4941 4774 2251
3 5001 4436 2252
3 5003 3561 2253
3 2253 3562 5003
3 4415 4273 2253
3 2253 4273 4416
3 2255 4475 4650
3 4703 4477 2255
3 4650 4478 2255
3 2255 4479 4703
3 2256 2930 4716
3 4729 2930 2256
3 4628 3475 2256
3 2256 3475 4660
3 4794 2315 2257
3 2257 2315 4875
3 2257 2319 4334
3 4985 2319 2257
3 2257 4334 4794
3 2257 4875 4985
3 4139 2265 2258
3 2258 2265 4711
3 4357 4139 2258
3 2258 4711 4718
3 2259 2265 3824
3 4711 2265 2259
3 4032 3823 2259
3 2259 3824 4032
3 4675 3081 2260
3 2260 3530 4741
3 4741 4171 2260
3 2262 2625 2749
3 2989 2625 2262
3 2262 2748 2989
3 4634 2748 2262
3 2262 2749 4634
3 3814 2611 2263
3 2263 2611 4004
3 2264 2308 3508
3 4641 2308 2264
3 2264 2584 4641
3 3432 3307 2264
3 4649 3824 2265
3 2265 4139 4649
3 2266 2985 3985
3 2266 4127 4736
3 4629 3702 2267
3 4440 3888 2268
3 2268 3888 4737
3 3234 2745 2269
3 2269 2745 4136
3 2269 2789 4622
3 4731 2789 2269
3 4622 3234 2269
3 2269 4136 4731
3 4679 2310 2270
3 2270 2310 4721
3 4085 2324 2270
3 2270 2324 4679
3 4721 4085 2270
3 2271 3758 4475
3 4947 3470 2272
3 2272 3470 4959
3 4595 2276 2273
3 2273 2276 4733
3 4266 2283 2273
3 2273 2283 4595
3 4733 4266 2273
3 2274 3104 4693
3 2275 2317 3577
3 4874 2317 2275
3 2275 3577 4647
3 2275 4724 4874
3 4695 3148 2276
3 2276 3148 4733
3 4595 3466 2276
3 2276 3466 4637
3 2277 3288 4947
3 4959 3288 2277
3 2278 2314 4342
3 5136 2314 2278
3 4860 2323 2278
3 2278 2323 5128
3 5128 3528 2278
3 2278 3528 5136
3 2278 4342 5046
3 5046 4860 2278
3 2280 3303 4412
3 4473 3303 2280
3 4710 4474 2280
3 4200 3337 2281
3 2281 3337 4619
3 2281 3348 4691
3 2282 2310 2632
3 4738 2310 2282
3 2987 2324 2282
3 2282 2324 4085
3 2282 2632 2987
3 2282 4085 4738
3 5004 4595 2283
3 2283 4637 5004
3 2284 2285 3575
3 5084 2285 2284
3 3482 3216 2284
3 3594 3482 2284
3 2284 3575 3594
3 3594 3586 2284
3 5058 3594 2284
3 2284 4248 5084
3 3445 3189 2285
3 5084 3445 2285
3 4179 3575 2285
3 2599 2288 2286
3 2286 2288 4666
3 4781 2391 2286
3 2286 2391 4879
3 4743 2599 2286
3 2286 4666 4670
3 2286 4670 4781
3 4879 4743 2286
3 4338 2864 2287
3 2287 2864 4673
3 4122 2865 2287
3 2287 2865 4174
3 4673 4122 2287
3 4336 2382 2288
3 2288 2382 4666
3 2288 2599 4336
3 4424 3306 2290
3 2290 3306 4434
3 3462 2292 2291
3 2291 2292 4621
3 4759 3462 2291
3 4621 3623 2291
3 2292 2384 4115
3 4887 2384 2292
3 2292 3462 4887
3 2292 4115 4288
3 2292 4288 4621
3 3813 3436 2293
3 2293 3564 5067
3 5067 4465 2293
3 2295 2351 4847
3 4898 2351 2295
3 3951 2393 2295
3 2295 2393 4754
3 4620 3951 2295
3 4847 4620 2295
3 2295 4754 4898
3 3438 2335 2296
3 2296 2335 3667
3 4796 3209 2296
3 2296 3209 4882
3 2296 3313 3438
3 4882 3313 2296
3 2296 3667 4665
3 2296 4665 4796
3 2297 2300 4618
3 5109 2300 2297
3 4618 2353 2297
3 2297 2353 5105
3 5105 3574 2297
3 2297 3574 5109
3 4676 2335 2298
3 2298 2335 4748
3 2298 3209 4796
3 4882 3209 2298
3 4796 4676 2298
3 2298 4748 4882
3 4624 2351 2299
3 2299 2351 4898
3 2299 2393 4770
3 4921 2393 2299
3 4898 4382 2299
3 2299 4382 4921
3 4770 4624 2299
3 2300 2302 4611
3 5109 2302 2300
3 2300 4611 5068
3 5068 4618 2300
3 3503 2350 2301
3 2301 2350 4674
3 4755 3503 2301
3 2301 4319 4755
3 2302 2353 4611
3 5105 2353 2302
3 2302 3572 5105
3 5109 3572 2302
3 4342 2314 2304
3 2304 2314 5146
3 3505 2323 2304
3 2304 2323 4860
3 5146 3505 2304
3 2749 2625 2305
3 2305 2625 4867
3 2305 2748 4841
3 4867 2748 2305
3 4841 2749 2305
3 4826 2313 2306
3 2306 2313 4853
3 2306 4330 4826
3 2307 4774 4940
3 4939 4869 2307
3 4940 4939 2307
3 2308 2311 3494
3 3581 2311 2308
3 2308 3494 5130
3 4641 3508 2308
3 5110 3581 2308
3 5074 4641 2308
3 2308 4641 5110
3 5110 5074 2308
3 2308 5106 5110
3 5130 5106 2308
3 4425 3357 2309
3 2309 3357 4431
3 4679 2632 2310
3 2310 3763 4721
3 4738 3763 2310
3 2311 3493 4855
3 5186 3493 2311
3 4855 3494 2311
3 2311 3581 5060
3 3576 3567 2312
3 2312 4351 5005
3 5005 4356 2312
3 2313 2773 3153
3 4111 2773 2313
3 2313 3153 4853
3 5136 3591 2314
3 2314 3591 5141
3 2314 5141 5146
3 4989 4875 2315
3 2316 4371 4535
3 4543 4371 2316
3 2316 4538 4863
3 4544 4543 2316
3 4863 4544 2316
3 2317 2322 3577
3 4874 2322 2317
3 2318 2321 4848
3 4868 2321 2318
3 4690 3136 2318
3 2318 3136 4868
3 4846 4334 2319
3 4985 4873 2319
3 4462 4363 2320
3 2320 4363 4471
3 3916 2325 2321
3 2321 2325 4848
3 4868 3916 2321
3 3580 3577 2322
3 4874 4849 2322
3 2323 3505 3539
3 2323 3539 3579
3 2323 3579 5128
3 2325 4643 5063
3 5063 4848 2325
3 3960 3499 2326
3 2326 3499 4485
3 3868 2332 2327
3 2327 2332 4772
3 4816 2401 2327
3 2327 2401 4901
3 4901 3868 2327
3 2327 4772 4816
3 2328 2349 4056
3 4814 2349 2328
3 4056 2870 2328
3 2328 2870 4775
3 4775 3688 2328
3 2328 3688 4814
3 2329 4326 4515
3 2330 2336 3952
3 4900 2336 2330
3 2330 2395 4016
3 4790 2395 2330
3 2330 3952 4143
3 2330 4016 4900
3 2330 4143 4790
3 2331 2340 4817
3 4925 2340 2331
3 3316 2379 2331
3 2331 2379 4923
3 4817 3316 2331
3 3868 2343 2332
3 2332 2343 4805
3 2332 4162 4772
3 4805 4162 2332
3 4801 2355 2333
3 2333 2355 4908
3 2333 2387 2986
3 4911 2387 2333
3 2333 2986 4769
3 2333 4769 4801
3 2333 4908 4911
3 3953 2614 2334
3 2334 2614 5059
3 2334 2953 3044
3 3333 2953 2334
3 3995 3333 2334
3 2334 3496 3995
3 5066 3953 2334
3 2335 3438 4748
3 4293 3667 2335
3 4676 4293 2335
3 4506 3952 2336
3 2337 2355 4801
3 4908 2355 2337
3 2986 2387 2337
3 2337 2387 4924
3 4843 2986 2337
3 2337 4801 4843
3 4924 4908 2337
3 4494 3678 2338
3 2338 3678 4496
3 4151 2341 2339
3 2339 2341 4825
3 4825 2392 2339
3 2339 2392 4905
3 4905 4151 2339
3 2340 2374 4817
3 4925 2374 2340
3 2341 4151 4964
3 2341 4787 4825
3 2342 3436 4467
3 5002 4461 2342
3 2342 4467 5002
3 2343 2401 4816
3 4920 2401 2343
3 2343 3868 4920
3 4816 4805 2343
3 4063 2347 2344
3 2344 2347 4185
3 2344 2368 4178
3 4546 2368 2344
3 4909 4063 2344
3 2344 4178 4909
3 2344 4185 4832
3 4832 4546 2344
3 3191 2363 2345
3 2345 2363 4888
3 5035 2399 2345
3 2345 2399 5044
3 4831 3191 2345
3 5044 4831 2345
3 2345 4888 5035
3 4481 3315 2346
3 2346 3315 4482
3 4396 2377 2347
3 2347 2377 4837
3 2347 3791 4185
3 4837 3791 2347
3 2347 4063 4396
3 2349 2386 3413
3 4814 2386 2349
3 2349 3413 4919
3 4919 4056 2349
3 2351 4624 4847
3 4002 2385 2352
3 2352 2385 4795
3 2352 3213 4002
3 4359 3213 2352
3 4963 4359 2352
3 2352 4795 4963
3 2357 2862 3582
3 4069 2862 2357
3 3582 2905 2357
3 2357 2905 3899
3 2357 3899 4793
3 4793 4069 2357
3 2358 4335 4493
3 4118 2367 2359
3 2359 2367 4889
3 4053 2398 2359
3 2359 2398 4188
3 4889 4053 2359
3 4804 4118 2359
3 2359 4188 4804
3 2360 2385 4002
3 4786 2385 2360
3 2360 4002 4881
3 4881 4359 2360
3 2360 4359 4963
3 4963 4786 2360
3 4167 3717 2361
3 2361 3717 4484
3 4777 4481 2361
3 2362 2363 2992
3 3411 2363 2362
3 2992 2399 2362
3 2362 2399 4916
3 4916 3411 2362
3 3191 2992 2363
3 2363 3411 4888
3 2364 3272 4000
3 4485 3272 2364
3 4788 4480 2364
3 2365 3044 3403
3 3403 3160 2365
3 4767 2376 2367
3 2367 2376 4880
3 4546 2377 2368
3 2368 2377 4915
3 4912 4178 2368
3 4915 4912 2368
3 4429 3127 2369
3 2370 4354 4417
3 2373 2380 3583
3 4811 2380 2373
3 2373 2400 4811
3 5071 2400 2373
3 2373 3583 5116
3 5116 5071 2373
3 2374 2379 4833
3 4923 2379 2374
3 2374 3523 4817
3 4833 3523 2374
3 2375 3278 4494
3 4496 3278 2375
3 4490 3342 2375
3 2375 3342 4492
3 2376 2398 4053
3 4114 2398 2376
3 2376 4053 4880
3 4767 4114 2376
3 2377 4396 4915
3 2377 4546 4837
3 2378 2408 4773
3 4892 2408 2378
3 2379 3316 4833
3 2380 2383 3587
3 4315 2383 2380
3 4997 3583 2380
3 2380 3587 4997
3 4811 4315 2380
3 2381 2884 3506
3 4824 2884 2381
3 4264 2924 2381
3 2381 2924 4824
3 2381 3506 4886
3 4886 4264 2381
3 4336 2391 2382
3 2382 2391 4781
3 4780 2400 2383
3 2383 2400 5071
3 3588 3587 2383
3 5071 3588 2383
3 2383 4315 4780
3 4802 4115 2384
3 2386 2870 3190
3 4775 2870 2386
3 2386 3190 3413
3 4369 3971 2386
3 2386 3971 4775
3 2386 3972 4369
3 4814 3972 2386
3 4911 3008 2387
3 2387 3008 4924
3 2388 3376 4428
3 4432 3376 2388
3 4834 2408 2389
3 2389 2408 4904
3 4792 2879 2390
3 2390 2879 4918
3 4918 2994 2390
3 2390 3319 4792
3 2391 4336 4879
3 2392 4825 4938
3 2393 3951 4770
3 4921 4754 2393
3 4155 2864 2394
3 2394 2864 4907
3 2394 2865 4175
3 4907 2865 2394
3 4839 4155 2394
3 2394 4175 4839
3 4972 4260 2396
3 2396 4515 4972
3 2397 4384 4445
3 2399 2992 3314
3 2399 3314 5044
3 2399 3363 4113
3 5035 3363 2399
3 2399 4113 4916
3 2401 3826 4901
3 4920 3826 2401
3 3323 2615 2404
3 2406 3268 3495
3 3964 3268 2406
3 4090 3397 2406
3 2406 3495 4090
3 2406 3694 3964
3 4301 3192 2407
3 2408 3795 4773
3 4834 3795 2408
3 3344 2931 2410
3 2529 2480 2412
3 2412 2933 4231
3 2587 2555 2414
3 2416 2858 3714
3 3714 2962 2416
3 2417 3955 4331
3 4642 3955 2417
3 2417 4180 4216
3 4331 4180 2417
3 4953 4642 2417
3 2419 2434 2458
3 2419 2458 2943
3 2421 2919 3922
3 5142 2919 2421
3 2421 3908 5142
3 5162 3908 2421
3 2421 3922 5062
3 2421 5062 5162
3 2422 3230 3416
3 2424 3014 4019
3 2424 3871 4352
3 2920 2487 2428
3 2428 2487 3835
3 3171 2931 2428
3 2431 3144 5144
3 5144 3338 2431
3 3178 3082 2435
3 2588 2461 2436
3 2436 2461 2975
3 2975 2588 2436
3 3603 2509 2437
3 2437 2509 4999
3 2437 2639 2817
3 4766 2639 2437
3 2437 2817 2868
3 4999 3603 2437
3 2437 4241 4766
3 2440 3016 3560
3 3735 2980 2441
3 2952 2633 2443
3 2443 3141 3390
3 3647 3141 2443
3 3174 2655 2444
3 2446 2688 3706
3 2447 3026 3126
3 3343 3026 2447
3 2448 3045 3690
3 3840 3250 2448
3 2448 3690 3840
3 2452 2606 3753
3 3105 2747 2453
3 2453 2747 4603
3 4779 3105 2453
3 2453 4603 4779
3 2558 2500 2457
3 3665 3448 2459
3 2461 2588 4662
3 4662 3144 2461
3 2462 2613 3076
3 3715 3408 2465
3 2465 3408 3777
3 2471 2555 2587
3 2473 2993 3345
3 4779 4603 2474
3 3352 3108 2475
3 2475 3108 3452
3 2475 3167 3352
3 3452 3167 2475
3 3139 2488 2476
3 2476 2488 3183
3 2479 3528 3579
3 2479 3579 5151
3 2480 2529 3929
3 3929 3541 2480
3 2564 2549 2481
3 2481 2549 3750
3 3750 2933 2481
3 2481 2933 3865
3 2483 2533 3279
3 3731 2533 2483
3 3131 3092 2485
3 2486 3024 3410
3 3708 3183 2488
3 3018 3017 2493
3 3405 3155 2496
3 2496 3155 3518
3 2497 3378 3943
3 3345 2993 2498
3 3881 2643 2499
3 2499 3035 3881
3 2500 2558 3872
3 2500 2574 3193
3 3872 2574 2500
3 3006 2522 2501
3 2501 2649 4253
3 2503 3398 3614
3 3718 3398 2503
3 2504 3099 3355
3 3161 3042 2505
3 3613 3372 2505
3 2585 2558 2506
3 3940 2585 2506
3 2506 2620 3652
3 2506 3652 3940
3 2507 4007 5078
3 2508 2650 3807
3 3897 2650 2508
3 3807 3343 2508
3 3915 3897 2508
3 3603 2559 2509
3 2509 2559 4241
3 2509 2868 4999
3 3214 2937 2510
3 4051 3779 2512
3 3089 3077 2513
3 3704 2982 2515
3 3047 2945 2518
3 3611 3047 2518
3 2519 3665 3771
3 3962 3665 2519
3 3262 2554 2520
3 3262 2978 2520
3 2522 3006 3062
3 2524 3429 5133
3 2525 2570 3659
3 2526 2575 3034
3 3966 2575 2526
3 2528 3764 3778
3 2529 3740 4076
3 4387 3740 2529
3 4304 3929 2529
3 2529 4076 4984
3 2529 4231 4387
3 4984 4304 2529
3 3419 3038 2530
3 2530 3269 5007
3 5007 3419 2530
3 3731 3339 2533
3 3500 3454 2534
3 2534 3454 3862
3 2536 2537 3045
3 3670 2537 2536
3 2536 3045 3901
3 4140 3670 2536
3 2536 3901 4140
3 3690 3045 2537
3 2537 3418 3690
3 2538 2923 3079
3 3934 3009 2539
3 4078 3934 2539
3 3465 3341 2540
3 2540 3341 3605
3 3605 3465 2540
3 2541 2950 3352
3 2824 2800 2543
3 2543 2800 4241
3 3059 2824 2543
3 3312 3059 2543
3 3693 3312 2543
3 4763 3693 2543
3 2543 4241 4763
3 3858 3600 2544
3 2544 3837 3858
3 2546 2662 3477
3 2546 3477 3489
3 2963 2596 2547
3 2547 2596 3794
3 2547 2958 2963
3 3543 2958 2547
3 4398 3543 2547
3 2547 3640 4398
3 4328 3750 2549
3 2683 2574 2551
3 2552 3075 3392
3 4250 3205 2552
3 3392 3389 2552
3 2552 3389 3458
3 2552 3458 4250
3 3262 2594 2556
3 2558 2585 3872
3 3603 3512 2559
3 2559 3512 5078
3 2559 3980 4241
3 5078 3980 2559
3 3387 3287 2560
3 3069 2962 2562
3 2562 2962 3714
3 3714 3296 2562
3 2562 3296 3770
3 2565 3031 3610
3 2567 3861 3887
3 2569 2655 3672
3 2570 3132 3327
3 2572 3223 4247
3 2572 3408 3777
3 3892 3408 2572
3 2574 3157 3193
3 3872 3157 2574
3 3773 3034 2575
3 3829 3773 2575
3 2576 3334 3541
3 4988 3334 2576
3 2576 3541 3557
3 2576 3557 5181
3 5083 4988 2576
3 5093 5083 2576
3 5181 5093 2576
3 3820 3618 2578
3 2578 3618 3947
3 3890 3820 2578
3 3947 3890 2578
3 4570 2792 2579
3 2579 2792 4581
3 3983 3071 2581
3 4250 3983 2581
3 4275 3502 2582
3 2582 3610 4275
3 2584 3459 3508
3 5074 3459 2584
3 2584 3508 4641
3 2584 4641 5074
3 2585 3124 3872
3 4358 3124 2585
3 2585 3940 4226
3 2585 4226 4358
3 2588 2975 3486
3 2588 3474 4662
3 5177 3474 2588
3 2588 3486 3519
3 2588 3519 5088
3 2588 5088 5177
3 3018 3017 2589
3 2589 3017 3767
3 3719 3018 2589
3 3560 3016 2590
3 2591 3017 3018
3 2592 2635 3021
3 3185 2635 2592
3 2592 3019 3021
3 2592 3019 3185
3 3832 3019 2592
3 3125 3068 2593
3 2594 2978 3262
3 3102 3078 2596
3 2598 3140 3638
3 3725 3140 2598
3 2598 3233 3725
3 4062 3233 2598
3 2598 3638 4062
3 2601 2700 3085
3 3524 2700 2601
3 2601 3012 3878
3 4292 3012 2601
3 2601 3085 4292
3 2608 3118 3120
3 3855 3118 2608
3 2609 2979 3448
3 5095 2979 2609
3 2609 4159 5095
3 4232 3070 2610
3 2610 3488 3942
3 2610 3942 4232
3 2611 3814 4004
3 2919 2631 2612
3 3922 2919 2612
3 3870 3149 2612
3 2612 3149 3922
3 2612 3298 3870
3 4287 3953 2614
3 2614 3953 5059
3 2615 3323 3368
3 2615 3368 4980
3 2616 2858 3138
3 3796 2858 2616
3 3709 3138 2616
3 2616 3138 3796
3 3572 3559 2617
3 2619 3433 4462
3 2619 4462 5073
3 2622 2831 2973
3 4835 2831 2622
3 2622 4216 4835
3 3452 3013 2628
3 4004 3814 2629
3 2629 3814 4025
3 2629 4025 4322
3 2633 2952 3141
3 3666 3103 2634
3 3210 3150 2634
3 2634 3150 3231
3 2637 2868 3992
3 4999 2868 2637
3 3992 3264 2637
3 2637 3264 4639
3 2637 3558 4999
3 4639 4344 2637
3 2968 2817 2639
3 4766 2968 2639
3 2642 3109 3800
3 4855 3109 2642
3 3800 3494 2642
3 2642 3494 4855
3 3975 3804 2647
3 4161 3975 2647
3 4389 2836 2648
3 2648 2836 4390
3 2648 2850 4192
3 4818 2850 2648
3 2648 4192 4389
3 2648 4390 4818
3 2649 3062 4253
3 3897 3026 2650
3 2973 2831 2651
3 2651 2831 3477
3 3630 2973 2651
3 3477 3253 2651
3 2651 3253 3630
3 2653 3374 3468
3 3498 3374 2653
3 2654 3228 4283
3 4231 3750 2657
3 2657 3750 4269
3 4269 4202 2657
3 4387 4231 2657
3 3963 2751 2660
3 2660 2751 4627
3 3497 3477 2662
3 3958 3497 2662
3 4706 3958 2662
3 2663 3513 3649
3 3658 3513 2663
3 4249 3729 2665
3 2667 3169 4029
3 4029 3527 2667
3 5091 3639 2669
3 2669 3957 5091
3 2671 2938 3284
3 3661 2946 2672
3 4307 3661 2672
3 2672 3779 4051
3 4051 3907 2672
3 2672 3907 4207
3 2672 4207 4307
3 3556 3502 2673
3 2673 3502 4275
3 2674 2978 3276
3 3484 2978 2674
3 2674 3276 4258
3 2676 2925 3029
3 2680 3018 3555
3 3555 3479 2680
3 2686 2886 2890
3 3196 2886 2686
3 2686 2890 4885
3 2689 3070 3664
3 3664 3520 2689
3 2690 2725 4560
3 5011 2725 2690
3 2690 2727 4564
3 4566 2727 2690
3 4560 4376 2690
3 2690 4376 4566
3 2690 4564 4949
3 2690 4949 5011
3 2692 2785 4059
3 4697 2785 2692
3 4060 2833 2692
3 2692 2833 4866
3 2692 4059 4386
3 4386 4060 2692
3 4942 4697 2692
3 2692 4866 4942
3 2693 2885 4554
3 4922 2885 2693
3 3408 2959 2695
3 2695 2959 3892
3 3777 3408 2695
3 4449 2758 2696
3 2696 2758 4450
3 2696 2760 4449
3 4739 2760 2696
3 2696 4450 4739
3 4451 2766 2697
3 2697 2766 4734
3 4245 2767 2697
3 2697 2767 4451
3 4452 4245 2697
3 4734 4452 2697
3 3920 2874 2698
3 2698 2874 4454
3 4791 3900 2698
3 2698 3900 4943
3 4455 3920 2698
3 2698 4454 4791
3 4943 4455 2698
3 2699 2881 4456
3 5061 2881 2699
3 2699 2882 3317
3 4456 2882 2699
3 2699 3317 4453
3 2699 4453 5061
3 3145 3085 2700
3 3817 3145 2700
3 2700 3244 3817
3 3177 2834 2701
3 2701 2834 4324
3 5017 3105 2701
3 2701 4324 4457
3 2701 4457 5017
3 2702 2790 3329
3 4458 2790 2702
3 3593 2793 2702
3 2702 2793 4458
3 2702 3329 3593
3 2703 2768 3882
3 4463 2768 2703
3 2703 2772 4314
3 4460 2772 2703
3 2703 3882 4460
3 2703 4314 4463
3 4459 2871 2704
3 2704 2871 4464
3 2704 2888 4459
3 4464 2888 2704
3 3882 2768 2705
3 2705 2768 4470
3 4314 2772 2705
3 2705 2772 4466
3 4466 3882 2705
3 4470 4314 2705
3 2706 2871 4806
3 4893 2871 2706
3 2706 2888 4281
3 4469 2888 2706
3 2706 4281 4472
3 4806 4469 2706
3 2706 4472 4893
3 3710 2771 2707
3 2707 2771 4501
3 2707 2830 4243
3 4501 2830 2707
3 4500 3710 2707
3 2707 4243 4500
3 2708 2826 4091
3 4757 2826 2708
3 2708 2886 3196
3 4504 2886 2708
3 2708 3196 4757
3 2708 4091 4504
3 2709 2753 3282
3 4524 2753 2709
3 4522 2759 2709
3 2709 2759 4709
3 2709 3282 4522
3 4709 4524 2709
3 4094 2784 2710
3 2710 2784 4521
3 4521 2788 2710
3 2710 2788 4523
3 4523 4094 2710
3 2711 2869 4197
3 4519 2869 2711
3 2711 2872 4519
3 4526 2872 2711
3 2711 4197 4526
3 4203 2897 2712
3 2712 2897 4525
3 3752 2901 2712
3 2712 2901 4520
3 4525 3752 2712
3 4520 4203 2712
3 3282 2753 2713
3 2713 2753 4530
3 2713 2759 4529
3 4709 2759 2713
3 4529 3282 2713
3 2713 4530 4709
3 2714 2897 4527
3 4533 2897 2714
3 2714 2901 3752
3 4527 2901 2714
3 2714 3752 4533
3 2715 2869 4528
3 4532 2869 2715
3 2715 2872 4093
3 4528 2872 2715
3 2715 4093 4532
3 4201 2784 2716
3 2716 2784 4534
3 4097 2788 2716
3 2716 2788 4126
3 4534 4097 2716
3 2716 4126 4531
3 4531 4201 2716
3 4341 2839 2717
3 2717 2839 4930
3 2717 2852 4341
3 4981 2852 2717
3 2717 4930 4981
3 2718 2797 4257
3 5006 2797 2718
3 2718 2814 4540
3 4680 2814 2718
3 2718 4257 4536
3 2718 4536 4680
3 2718 4540 5006
3 2719 2839 4340
3 4930 2839 2719
3 3252 2852 2719
3 2719 2852 4982
3 4340 3252 2719
3 4982 4930 2719
3 4257 2797 2720
3 2720 2797 5006
3 4545 2814 2720
3 2720 2814 4680
3 4542 4257 2720
3 4680 4542 2720
3 5006 4545 2720
3 2721 2781 4547
3 4549 2781 2721
3 4547 2783 2721
3 2721 2783 4549
3 2722 2806 4003
3 4550 2806 2722
3 2722 2813 4550
3 4645 2813 2722
3 2722 4003 4548
3 2722 4548 4645
3 4553 2846 2723
3 2723 2846 4830
3 4551 2851 2723
3 2723 2851 4553
3 4830 4551 2723
3 2724 2885 4552
3 4554 2885 2724
3 2724 2896 4339
3 4552 2896 2724
3 2724 4339 4554
3 4557 2843 2725
3 2725 2843 4560
3 5011 4557 2725
3 2726 2809 4058
3 4562 2809 2726
3 2726 2918 4329
3 4561 2918 2726
3 2726 4058 4561
3 2726 4329 4562
3 2727 2843 4564
3 4566 2843 2727
3 4563 2809 2728
3 2728 2809 4750
3 4329 2918 2728
3 2728 2918 4563
3 4567 4329 2728
3 4750 4567 2728
3 2729 2822 4568
3 4928 2822 2729
3 4052 2916 2729
3 2729 2916 4569
3 4568 4052 2729
3 2729 4569 4928
3 2730 2786 4103
3 4602 2786 2730
3 4211 2792 2730
3 2730 2792 4570
3 2730 4103 4571
3 4571 4211 2730
3 2730 4570 4602
3 4299 2832 2731
3 2731 2832 4572
3 3836 2838 2731
3 2731 2838 4574
3 4572 3836 2731
3 4574 4299 2731
3 4573 2900 2732
3 2732 2900 4890
3 2732 2904 4573
3 4577 2904 2732
3 4890 4577 2732
3 4108 2805 2733
3 2733 2805 4651
3 4594 2828 2733
3 2733 2828 4746
3 4576 4108 2733
3 2733 4575 4594
3 4651 4575 2733
3 4746 4576 2733
3 4579 2900 2734
3 2734 2900 4768
3 3094 2904 2734
3 2734 2904 4579
3 4578 3094 2734
3 4768 4578 2734
3 4205 2786 2735
3 2735 2786 4581
3 2735 2792 3921
3 4581 2792 2735
3 2735 3921 4582
3 4582 4205 2735
3 4204 2805 2736
3 2736 2805 4583
3 2736 2828 4107
3 4746 2828 2736
3 2736 4107 4580
3 4580 4204 2736
3 2736 4583 4746
3 2737 2832 4299
3 4584 2832 2737
3 2737 2838 3836
3 4585 2838 2737
3 2737 3836 4584
3 2737 4299 4585
3 2738 2758 4587
3 4588 2758 2738
3 4381 2760 2738
3 2738 2760 4739
3 4587 4381 2738
3 4739 4588 2738
3 2739 2766 3305
3 4589 2766 2739
3 4586 2767 2739
3 2739 2767 4589
3 2739 3305 4586
3 2740 2874 3920
3 4590 2874 2740
3 2740 3900 4791
3 4943 3900 2740
3 2740 3920 4592
3 4791 4590 2740
3 2740 4592 4943
3 2741 2881 4374
3 4593 2881 2741
3 3317 2882 2741
3 2741 2882 4593
3 4591 3317 2741
3 2741 4374 4591
3 2742 2779 3066
3 4066 2779 2742
3 5038 2780 2742
3 2742 2780 5039
3 2742 3066 3442
3 2742 3442 5038
3 5183 4066 2742
3 2742 5039 5183
3 4194 2745 2743
3 2743 2745 4663
3 2743 2789 4135
3 4663 2789 2743
3 2743 4135 4723
3 4723 4194 2743
3 4023 2836 2744
3 2744 2836 4193
3 2744 2850 4022
3 4165 2850 2744
3 2744 4022 4364
3 4364 4023 2744
3 2745 3234 4663
3 4732 4136 2745
3 2745 4194 4732
3 2746 2848 4222
3 4399 2848 2746
3 4221 2855 2746
3 2746 2855 4871
3 4937 4221 2746
3 2746 4222 4937
3 4871 4399 2746
3 4324 2834 2747
3 2747 2834 4603
3 2747 3105 4858
3 4712 4324 2747
3 4858 4712 2747
3 3106 2989 2748
3 4867 3106 2748
3 4634 3504 2748
3 2748 3504 4841
3 4820 2842 2750
3 2750 2842 4850
3 4181 2856 2750
3 2750 2856 4822
3 4725 4181 2750
3 4850 4725 2750
3 2751 2908 4627
3 4683 2908 2751
3 2751 3963 4683
3 2752 2829 3181
3 4862 2829 2752
3 2752 2835 4692
3 4812 2835 2752
3 2752 3181 4657
3 2752 4657 4812
3 2752 4692 4862
3 2753 4524 4993
3 4993 4530 2753
3 4626 2755 2754
3 2754 2755 5032
3 2754 2756 4626
3 4722 2756 2754
3 5032 4722 2754
3 4605 2757 2755
3 2755 2757 4685
3 2755 3304 4605
3 4626 3304 2755
3 2755 4685 5032
3 2756 2757 4605
3 4694 2757 2756
3 2756 3379 4694
3 4722 3379 2756
3 2756 4605 4678
3 4678 4626 2756
3 4694 4685 2757
3 2760 4381 4449
3 2764 2763 2761
3 2761 2763 4638
3 4638 2764 2761
3 4671 2844 2762
3 2762 2844 4717
3 2762 2847 4671
3 4717 2847 2762
3 2763 2764 4638
3 2763 2764 4936
3 2763 2765 4630
3 4689 2765 2763
3 2763 3206 4689
3 4936 3206 2763
3 4630 2765 2764
3 2764 2765 4936
3 2765 4689 4936
3 4451 3305 2766
3 2766 4589 4734
3 2767 3217 4451
3 4586 3217 2767
3 2767 4245 4589
3 4463 3904 2768
3 2768 3904 4470
3 2769 2842 4383
3 4730 2842 2769
3 4383 2856 2769
3 2769 2856 4730
3 2770 2846 4686
3 5043 2846 2770
3 2770 2851 3007
3 4686 2851 2770
3 2770 3007 4596
3 2770 4596 5043
3 3699 2791 2771
3 3944 3699 2771
3 2771 3710 3944
3 4735 3153 2773
3 2773 4111 4658
3 4658 4330 2773
3 2774 2777 4598
3 4705 2777 2774
3 2774 4413 4414
3 4598 4413 2774
3 2774 4414 4705
3 4654 2790 2775
3 2775 2790 4700
3 2775 2793 3593
3 4700 2793 2775
3 2775 3593 4654
3 3961 2777 2776
3 2776 2777 4699
3 4640 3961 2776
3 4414 4413 2776
3 2776 4413 4640
3 4699 4414 2776
3 2777 3621 4699
3 4705 3621 2777
3 2777 3961 4598
3 3958 2831 2778
3 2778 2840 3796
3 4771 2840 2778
3 3958 3497 2778
3 2778 3497 4706
3 2778 3796 4771
3 3979 3958 2778
3 4706 3958 2778
3 4057 3979 2778
3 4953 4057 2778
3 2778 4642 4771
3 2778 4771 4953
3 3997 3066 2779
3 2779 3569 3997
3 4612 3569 2780
3 2780 4157 4707
3 5038 4612 2780
3 2780 4707 5039
3 2781 2782 4160
3 4726 2782 2781
3 4549 3391 2781
3 2781 3391 4726
3 2782 2783 4121
3 4726 2783 2782
3 2782 4121 4659
3 4659 4160 2782
3 4613 4121 2783
3 2783 4547 4613
3 4698 4549 2783
3 4726 4698 2783
3 2784 4094 4946
3 2784 4201 4393
3 2784 4393 4521
3 4946 4534 2784
3 2785 2857 4401
3 4934 2857 2785
3 4606 4059 2785
3 2785 4401 4606
3 2785 4697 4934
3 4740 4103 2786
3 2786 4205 4740
3 4602 4581 2786
3 2787 2837 4623
3 4682 2837 2787
3 4117 2849 2787
3 2787 2849 4878
3 4623 4117 2787
3 4878 4682 2787
3 2788 3243 4126
3 4521 3243 2788
3 2788 4097 4728
3 4728 4523 2788
3 2789 3074 4622
3 4663 3074 2789
3 2790 3225 3329
3 4654 3225 2790
3 2791 2830 4034
3 4672 2830 2791
3 2791 3699 4672
3 4285 3921 2792
3 2792 4211 4285
3 3204 2823 2794
3 2794 2823 4745
3 4745 2912 2794
3 2794 2912 4992
3 4652 3204 2794
3 4992 4652 2794
3 2795 2863 4402
3 4895 2863 2795
3 2795 2984 3257
3 4402 2984 2795
3 2795 3257 3295
3 2795 3295 4998
3 4998 4895 2795
3 2796 2815 4664
3 4952 2815 2796
3 4141 2867 2796
3 2796 2867 4182
3 4664 4141 2796
3 2796 4182 4952
3 2798 2863 3258
3 4789 2863 2798
3 3258 2984 2798
3 2798 2984 4979
3 2798 3322 4789
3 4979 3322 2798
3 2799 2889 4132
3 4894 2889 2799
3 4130 2892 2799
3 2799 2892 4751
3 4681 4130 2799
3 2799 4132 4681
3 2799 4751 4894
3 2800 2824 3515
3 2800 2824 3693
3 4600 2824 2800
3 3515 2868 2800
3 2800 2868 4227
3 2800 2868 4600
3 2800 3693 4763
3 2800 4227 4241
3 4763 4241 2800
3 2801 2860 4184
3 4760 2860 2801
3 4150 2941 2801
3 2801 2941 4760
3 4608 4150 2801
3 2801 4184 4608
3 2802 2818 4633
3 4753 2818 2802
3 4129 2893 2802
3 2802 2893 4168
3 4653 4129 2802
3 2802 4168 4761
3 2802 4633 4653
3 4761 4753 2802
3 4119 2804 2803
3 2803 2804 4120
3 2803 2876 4845
3 4917 2876 2803
3 4120 3263 2803
3 2803 3263 4917
3 4635 4119 2803
3 4845 4635 2803
3 3203 2808 2804
3 2804 2808 4758
3 4646 3203 2804
3 2804 4119 4646
3 4758 4120 2804
3 4108 3311 2805
3 2805 3311 4583
3 2805 4204 4651
3 2806 2887 3996
3 5008 2887 2806
3 2806 3996 4345
3 4345 4003 2806
3 2806 4550 4978
3 2806 4978 5008
3 4154 2815 2807
3 2807 2815 4742
3 3891 2867 2807
3 2807 2867 4337
3 4270 3891 2807
3 4742 4270 2807
3 2808 2876 4156
3 4845 2876 2808
3 2808 3203 4845
3 2808 4156 4762
3 4762 4758 2808
3 4669 4058 2809
3 2809 4562 4750
3 2809 4563 4669
3 3643 2894 2810
3 2810 2894 4661
3 4815 2898 2810
3 2810 2898 4906
3 4764 3643 2810
3 2810 4661 4815
3 4906 4764 2810
3 4633 2818 2811
3 2811 2818 4753
3 4170 2893 2811
3 2811 2893 4632
3 4747 4170 2811
3 2811 4632 4633
3 4753 4747 2811
3 4667 2860 2812
3 2812 2860 4765
3 2812 2941 4169
3 4765 2941 2812
3 2812 4169 4667
3 4645 2887 2813
3 2813 2887 4910
3 2813 3939 4550
3 4910 3939 2813
3 2815 4154 4597
3 2815 4597 4664
3 4952 4742 2815
3 2816 2827 4145
3 4323 2827 2816
3 4166 2895 2816
3 2816 2895 4263
3 2816 4145 4656
3 4656 4166 2816
3 2816 4263 4752
3 4752 4323 2816
3 4639 2868 2817
3 2817 2968 4068
3 4068 3558 2817
3 2817 3558 4639
3 2819 2827 3974
3 4320 2827 2819
3 3941 2895 2819
3 2819 2895 4604
3 4744 3941 2819
3 2819 3974 4744
3 4604 4320 2819
3 4644 2821 2820
3 4403 2906 2820
3 2820 2906 4644
3 4821 2866 2821
3 2821 2866 4883
3 4644 4064 2821
3 2821 4064 4821
3 4565 3202 2822
3 2822 3202 4568
3 3204 2899 2823
3 2823 2899 4112
3 2824 3059 3312
3 2824 3312 3693
3 2825 2894 3643
3 4610 2894 2825
3 4749 2898 2825
3 2825 2898 4815
3 2825 3643 4749
3 4815 4610 2825
3 4757 2890 2826
3 2826 2890 4844
3 2826 3166 4091
3 4844 3166 2826
3 4323 3974 2827
3 4990 4145 2827
3 2827 4320 4990
3 4594 4107 2828
3 2829 2853 3181
3 4854 2853 2829
3 4862 4854 2829
3 4379 4034 2830
3 4955 4243 2830
3 4501 4379 2830
3 2830 4672 4955
3 2831 3450 3477
3 3958 3450 2831
3 2832 4012 4572
3 4584 4012 2832
3 4809 2857 2833
3 2833 2857 4866
3 2833 4060 4809
3 4836 2853 2835
3 2835 2853 4854
3 4865 4692 2835
3 2835 4812 4836
3 2835 4854 4865
3 2836 4023 4819
3 4872 4193 2836
3 2836 4389 4872
3 4819 4390 2836
3 2837 2854 4148
3 4861 2854 2837
3 2837 4148 4828
3 4828 4623 2837
3 2837 4682 4856
3 2837 4856 4861
3 2838 3937 4574
3 4585 3937 2838
3 4406 4340 2839
3 2839 4341 4406
3 2840 2858 3691
3 4771 2858 2840
3 2840 3395 3796
3 4706 3395 2840
3 2840 3691 4852
3 4852 4706 2840
3 4163 2848 2841
3 2841 2848 4164
3 2841 2855 4191
3 4871 2855 2841
3 4807 4163 2841
3 2841 4164 4864
3 2841 4191 4807
3 2841 4864 4871
3 4820 4383 2842
3 2842 4730 4850
3 2843 3291 4560
3 4566 3291 2843
3 4557 3328 2843
3 2843 3328 4564
3 2844 2845 4380
3 4954 2845 2844
3 2844 4380 4717
3 2844 4671 4954
3 4813 2847 2845
3 2845 2847 4859
3 4870 4380 2845
3 2845 4808 4813
3 4954 4808 2845
3 2845 4859 4870
3 5043 4830 2846
3 4813 4671 2847
3 2847 4717 4859
3 2848 4163 4799
3 4877 4164 2848
3 4799 4222 2848
3 2848 4399 4877
3 4146 2854 2849
3 2849 2854 4878
3 2849 4117 4798
3 4798 4146 2849
3 4818 4022 2850
3 2850 4165 4851
3 4851 4192 2850
3 4551 3007 2851
3 2851 3660 4553
3 4686 3660 2851
3 2852 3252 4341
3 4981 4961 2852
3 2852 4961 4982
3 4836 3181 2853
3 2854 4146 4800
3 4800 4148 2854
3 2854 4861 4878
3 4829 4191 2855
3 2855 4221 4829
3 2856 4181 4876
3 2856 4383 4822
3 4876 4730 2856
3 4809 4401 2857
3 4934 4866 2857
3 4771 3138 2858
3 2858 3395 3691
3 3796 3395 2858
3 2858 3691 3714
3 2859 2862 4069
3 4927 2862 2859
3 3899 2905 2859
3 2859 2905 4927
3 4778 3899 2859
3 2859 4069 4778
3 2861 2879 4823
3 4918 2879 2861
3 2861 4897 4918
3 2862 3431 3582
3 4927 3431 2862
3 4895 3258 2863
3 4789 4402 2863
3 2864 4338 4907
3 2865 3511 4174
3 4907 3511 2865
3 2865 4122 4302
3 4302 4175 2865
3 2866 2906 4403
3 4821 2906 2866
3 2866 4403 4883
3 2867 3891 4926
3 2867 4141 4782
3 4926 4182 2867
3 4782 4337 2867
3 2868 3515 4600
3 4048 3992 2868
3 2868 3992 4600
3 4639 3992 2868
3 4600 4048 2868
3 2869 3321 4197
3 4532 3321 2869
3 4902 3190 2870
3 2870 4056 4902
3 2871 4459 4806
3 4893 4464 2871
3 2872 3207 4519
3 4528 3207 2872
3 2873 2889 4894
3 4956 2889 2873
3 4378 2892 2873
3 2873 2892 4810
3 4894 4378 2873
3 2873 4810 4956
3 2874 3918 4454
3 4590 3918 2874
3 2875 2877 4797
3 4896 2877 2875
3 3877 2878 2875
3 2875 2878 4896
3 4842 3877 2875
3 2875 4797 4842
3 4917 4156 2876
3 2880 2878 2877
3 2877 2878 3877
3 2877 2878 4884
3 4958 2878 2877
3 4884 2880 2877
3 2877 3877 4797
3 2877 4896 4958
3 2878 2880 4884
3 4792 3776 2879
3 2879 3776 4823
3 2881 3003 4456
3 4593 3003 2881
3 5061 4374 2881
3 3212 2884 2883
3 2883 2884 4840
3 2883 2924 3212
3 4840 2924 2883
3 2884 3212 3506
3 2885 2891 4776
3 4922 2891 2885
3 4142 2890 2886
3 4827 3996 2887
3 2887 4645 4827
3 5008 4910 2887
3 4464 4281 2888
3 5000 4459 2888
3 2888 4469 5000
3 4838 4132 2889
3 4956 4838 2889
3 2890 4142 4844
3 2890 4757 4885
3 4339 2896 2891
3 2891 2896 4776
3 4922 4339 2891
3 2892 4130 4810
3 2892 4378 4903
3 4903 4751 2892
3 4129 3384 2893
3 2893 3384 4632
3 4899 4168 2893
3 2893 4170 4899
3 2895 3941 4263
3 2896 4552 4983
3 4983 4776 2896
3 2897 4203 4348
3 2897 4348 4527
3 4976 4525 2897
3 2897 4533 4976
3 2898 4749 4906
3 2899 2912 4209
3 4992 2912 2899
3 2899 3204 4784
3 4914 4112 2899
3 2899 4209 4914
3 2899 4784 4992
3 2900 4573 4768
3 2900 4579 4890
3 5021 4520 2901
3 3318 2903 2902
3 2902 2903 4891
3 2902 2907 3607
3 4891 2907 2902
3 4783 3318 2902
3 2902 3607 4783
3 3318 3087 2903
3 2903 3087 3817
3 3817 3244 2903
3 2903 3244 4891
3 2904 3094 4573
3 2905 3582 3894
3 2905 3894 4927
3 2907 3145 3817
3 4292 3145 2907
3 3817 3607 2907
3 2907 3884 4292
3 4891 3884 2907
3 2908 2955 4627
3 3228 3141 2911
3 2913 2945 3375
3 3396 2945 2913
3 2913 3240 3396
3 3532 3240 2913
3 2913 3358 3532
3 5014 3151 2914
3 2914 3949 5014
3 2916 3407 4569
3 2918 4561 4991
3 4991 4563 2918
3 5142 4966 2919
3 2920 2931 3171
3 2920 3171 3835
3 4462 3433 2921
3 2921 4363 4462
3 5095 4159 2922
3 4264 3212 2924
3 2924 3654 4824
3 4840 3654 2924
3 2925 3250 3434
3 3841 3250 2925
3 2925 3283 4392
3 3998 3841 2925
3 4392 3998 2925
3 3665 2979 2926
3 2926 2979 5095
3 2926 3697 3834
3 5095 3697 2926
3 2926 3834 4109
3 2933 3750 4231
3 5077 3865 2933
3 3662 3052 2935
3 2937 3214 3325
3 3325 3277 2937
3 2937 3277 3615
3 3615 3554 2937
3 2940 3235 3269
3 4236 3235 2940
3 2941 4150 4332
3 4332 4169 2941
3 4247 3788 2944
3 2945 3047 3396
3 3396 3240 2945
3 3927 3375 2945
3 2945 3396 3927
3 3994 3367 2946
3 2946 3367 5091
3 2946 3661 3994
3 3765 3346 2947
3 2947 3846 4230
3 4104 3352 2950
3 3333 3044 2953
3 3695 3657 2956
3 2956 3657 4177
3 3849 3695 2956
3 2957 3816 4144
3 4220 3816 2957
3 2957 3879 4286
3 4366 3879 2957
3 2957 4144 4366
3 4367 4220 2957
3 2957 4286 4367
3 3095 2963 2958
3 2958 3543 4398
3 2958 4398 4933
3 2959 3408 4407
3 2961 3047 3611
3 4271 3047 2961
3 3611 3371 2961
3 3069 3015 2962
3 2965 2995 3394
3 3933 3040 2965
3 2965 3394 3933
3 2967 3112 3746
3 2968 3215 3512
3 4766 3215 2968
3 2968 3512 4068
3 3547 3120 2969
3 2969 3120 3789
3 4988 3486 2975
3 2976 3221 3485
3 3485 3301 2976
3 4373 3472 2976
3 2977 3281 3978
3 2977 3978 4296
3 2978 3484 3775
3 3476 3067 2980
3 3735 3154 2980
3 2981 3434 3998
3 2982 3011 3098
3 2982 3098 3675
3 3258 3257 2984
3 2984 4402 4979
3 2990 3062 3988
3 4267 3062 2990
3 3988 3399 2990
3 2990 3449 4267
3 2991 3064 3729
3 3729 3383 2991
3 3753 3165 2997
3 3986 3753 2997
3 2999 3086 4300
3 2999 3156 3270
3 4300 3156 2999
3 3686 3097 3002
3 3292 3238 3002
3 3002 3238 3686
3 3751 3256 3004
3 3617 3274 3004
3 3004 3274 3751
3 4176 3617 3004
3 3004 3751 4176
3 3021 3019 3005
3 3571 3021 3005
3 3481 3098 3011
3 4292 3290 3012
3 3013 3452 4280
3 3018 3046 3550
3 3832 3185 3019
3 3021 3919 5041
3 3022 3038 3889
3 3570 3180 3022
3 3589 3412 3022
3 3022 3419 3570
3 3804 3410 3024
3 3025 3297 3480
3 3589 3297 3025
3 3025 3729 4249
3 3915 3126 3026
3 3026 3897 3915
3 4625 3459 3027
3 3027 3508 4625
3 3030 3122 4006
3 4173 3122 3030
3 3030 3338 4173
3 5185 3338 3030
3 3030 4006 4662
3 3030 4224 4347
3 4662 4224 3030
3 3030 4347 5185
3 3031 3287 3612
3 3738 3610 3031
3 3031 3612 3738
3 3786 3378 3032
3 3032 3378 3945
3 3032 3687 3786
3 3945 3730 3032
3 3038 3419 5007
3 5007 3889 3038
3 3039 3464 4089
3 4503 3464 3039
3 4051 4050 3039
3 3039 4050 4503
3 4089 4051 3039
3 3040 3324 3682
3 3694 3642 3041
3 3964 3694 3041
3 3042 3161 3946
3 4352 3926 3043
3 3043 3926 4996
3 3044 3333 3403
3 3045 3300 3901
3 3046 3270 3550
3 3927 3396 3047
3 4271 3927 3047
3 3049 3099 4246
3 3662 3370 3052
3 3052 3370 3787
3 4215 3364 3053
3 3053 3590 3741
3 3053 3741 4215
3 3054 3518 3768
3 3054 3768 4017
3 3115 3060 3055
3 3242 3115 3055
3 4225 3331 3056
3 3057 3066 3997
3 4655 3066 3057
3 3057 3997 5029
3 3057 4223 4655
3 5029 4223 3057
3 3059 3312 4362
3 3060 3115 3242
3 3061 3220 3884
3 3064 3164 3734
3 3064 3277 3325
3 3065 3129 4289
3 4655 3442 3066
3 3068 3125 4020
3 4020 3828 3068
3 4232 3386 3070
3 4196 3664 3070
3 4232 4196 3070
3 3074 4663 5028
3 3080 3380 4140
3 4967 3380 3080
3 4140 3901 3080
3 3084 3096 3382
3 3084 3382 3754
3 3085 3145 4292
3 3168 3147 3086
3 3179 3156 3086
3 3086 3156 4300
3 3087 3318 4951
3 3087 3607 3817
3 4951 3607 3087
3 5052 3493 3090
3 3090 3493 5100
3 3090 3494 5052
3 5130 3494 3090
3 3090 5100 5186
3 5173 5130 3090
3 5186 5173 3090
3 3091 3993 4277
3 3092 3131 4309
3 3364 3265 3096
3 3096 3265 3713
3 3713 3364 3096
3 3097 3686 3726
3 5015 3675 3098
3 4385 3473 3100
3 3368 3323 3101
3 3102 3151 5014
3 5017 4858 3105
3 3107 3256 3617
3 3352 3167 3108
3 3108 3167 3452
3 3656 3352 3108
3 3108 3352 4973
3 4973 3656 3108
3 4948 3874 3108
3 3108 3874 4973
3 4280 3903 3108
3 3108 3903 4948
3 4948 4280 3108
3 4973 4948 3108
3 3848 3800 3109
3 4855 3848 3109
3 3110 3833 3928
3 3113 3367 3994
3 5091 3367 3113
3 3994 3902 3113
3 3113 4370 5091
3 3536 3271 3116
3 3117 3410 3426
3 3430 3120 3118
3 3119 3197 3350
3 3119 3197 3761
3 3119 3350 3669
3 3430 3266 3120
3 3120 3266 3732
3 3547 3469 3120
3 3120 3732 3789
3 4173 3338 3122
3 3122 3338 5144
3 4662 4006 3122
3 3123 3356 3722
3 3649 3513 3123
3 3123 3513 4971
3 3722 3649 3123
3 3124 3783 3872
3 4358 4065 3124
3 3915 3790 3126
3 3598 3327 3132
3 4397 3598 3132
3 3137 3352 3656
3 3138 3709 3796
3 4771 3938 3138
3 3139 3183 3424
3 3608 3183 3139
3 3139 3788 3949
3 3653 3638 3140
3 3842 3653 3140
3 3945 3378 3142
3 3142 3757 3967
3 4290 3945 3142
3 3142 3967 4290
3 3785 3179 3147
3 3828 3785 3147
3 3149 3870 4965
3 5062 3922 3149
3 3149 4965 5085
3 5172 5062 3149
3 5085 5072 3149
3 3149 5072 5172
3 3716 3193 3157
3 3872 3783 3157
3 3862 3249 3158
3 3159 4875 4989
3 4134 3734 3164
3 3170 3491 3520
3 3170 3520 4218
3 4218 3851 3170
3 4318 3283 3175
3 4933 3634 3176
3 3180 3222 3419
3 3708 3424 3183
3 3919 3571 3184
3 4977 3919 3184
3 3184 4317 4977
3 3427 3216 3189
3 3728 3427 3189
3 3189 3445 3728
3 4301 3275 3192
3 3716 3229 3193
3 4365 3242 3198
3 3198 3285 3540
3 3641 3285 3198
3 3200 3772 4558
3 4936 4214 3206
3 5078 3512 3215
3 3215 4766 5078
3 3216 3427 3728
3 3220 3290 4292
3 4292 3884 3220
3 3223 3645 4247
3 3682 3324 3226
3 3226 3324 3745
3 4333 3682 3226
3 3227 3467 5012
3 3227 5012 5097
3 3229 3371 3611
3 4037 3371 3229
3 4062 3959 3233
3 3233 3959 4088
3 3605 3341 3237
3 3240 3358 3457
3 3532 3358 3240
3 3241 3675 3757
3 3247 3816 4220
3 3841 3434 3250
3 3250 3840 3977
3 3253 3477 3979
3 3979 3630 3253
3 3254 3542 3572
3 3256 3274 3617
3 3751 3274 3256
3 3257 3258 3976
3 3533 3295 3257
3 3976 3533 3257
3 3650 3645 3259
3 3949 3650 3259
3 3265 3364 4215
3 4237 3713 3265
3 3969 3495 3268
3 4486 4000 3272
3 5050 4409 3273
3 3276 3331 4267
3 4267 4258 3276
3 4313 3615 3277
3 3707 3339 3279
3 3279 3339 3731
3 3283 4318 4392
3 3387 3336 3287
3 3287 3336 3612
3 3714 3691 3296
3 3296 3691 4404
3 3312 3693 4362
3 3314 4831 5044
3 3320 3624 5135
3 4199 3414 3326
3 3326 4070 4199
3 5176 4070 3326
3 3327 3598 3914
3 4944 3593 3329
3 3329 3684 4944
3 3331 4225 4267
3 3995 3403 3333
3 4061 3936 3335
3 3336 3387 3846
3 4028 3981 3349
3 4996 4028 3349
3 3401 3374 3351
3 3351 3374 4198
3 4308 3401 3351
3 3351 3415 3737
3 4198 3415 3351
3 3351 3737 4308
3 4104 3656 3352
3 3352 3656 4973
3 3354 3414 3839
3 4195 3722 3356
3 4137 3457 3358
3 4322 4137 3358
3 4654 3973 3360
3 3361 3446 5178
3 4224 3474 3361
3 3361 3474 5177
3 5178 4224 3361
3 5177 5157 3361
3 5035 4888 3363
3 3876 3510 3365
3 3759 3727 3366
3 3367 3994 4307
3 3369 3852 3879
3 3369 3879 5051
3 3662 3420 3370
3 3372 3613 3700
3 3829 3495 3373
3 3373 3773 3829
3 3374 3401 3468
3 3374 3498 4061
3 4061 3935 3374
3 3374 3935 4198
3 3377 5082 5090
3 3378 3786 3943
3 4722 4005 3379
3 4967 3679 3380
3 3383 3729 4001
3 3837 3712 3388
3 3858 3837 3388
3 3389 3392 3673
3 3692 3458 3389
3 3389 3673 4190
3 4190 3692 3389
3 4234 3673 3392
3 4282 3733 3393
3 3393 3981 4028
3 4852 3691 3395
3 3395 4706 4852
3 3911 3614 3398
3 3398 3799 3911
3 3399 3739 4239
3 3399 3988 4239
3 3947 3468 3401
3 4308 3947 3401
3 3403 3995 5076
3 3404 3514 3711
3 3711 3676 3404
3 3404 3676 3793
3 3408 3715 3777
3 3408 3892 4407
3 3825 3423 3409
3 3409 3423 4029
3 3895 3825 3409
3 4177 3895 3409
3 3984 3653 3415
3 3756 3690 3418
3 4080 3636 3421
3 3421 3935 4061
3 3423 3527 4029
3 5086 3545 3429
3 3429 3545 5133
3 5024 3582 3431
3 3431 4927 5031
3 3434 3841 3998
3 3435 3904 4463
3 3436 3813 4467
3 3437 3677 4296
3 4248 3487 3439
3 3439 3487 4617
3 4617 4248 3439
3 5028 4663 3440
3 4328 3627 3441
3 3865 3809 3441
3 3441 3809 4202
3 3441 4202 4328
3 3442 4655 5038
3 3444 3569 4612
3 5023 3569 3444
3 4617 3728 3445
3 5084 4617 3445
3 3446 4172 5178
3 3447 4007 4766
3 3449 4258 4267
3 4857 3477 3450
3 3450 3958 4857
3 3451 4128 5175
3 3452 3903 4280
3 3455 3931 5031
3 5031 4927 3455
3 3455 4927 5040
3 3456 4010 4897
3 4322 4025 3457
3 3457 4137 4322
3 3458 3983 4250
3 4625 3508 3459
3 4957 4089 3464
3 4503 4350 3464
3 3464 4350 4957
3 3471 4098 5137
3 5139 4098 3471
3 3471 5111 5139
3 5196 5111 3471
3 5211 5196 3471
3 3474 4224 4662
3 4857 3489 3477
3 3477 3497 3979
3 3478 4220 4367
3 4001 3729 3480
3 3594 3535 3482
3 3482 3535 3602
3 5097 3517 3483
3 3483 3636 5097
3 4988 3519 3486
3 4248 3728 3487
3 3487 3728 4617
3 3488 3491 3942
3 4857 3538 3489
3 3490 4152 5016
3 5012 4987 3490
3 5016 5012 3490
3 4218 3520 3491
3 3493 3848 4855
3 5052 3848 3493
3 5186 5100 3493
3 3494 3800 4855
3 3494 4855 5052
3 3495 3829 4090
3 4785 3995 3496
3 3496 4248 4785
3 3497 3958 3979
3 3497 3958 4706
3 3498 3936 4061
3 3499 3960 4486
3 5067 3564 3501
3 5107 3539 3505
3 3505 3544 5107
3 5141 3544 3505
3 5146 5141 3505
3 3895 3760 3507
3 3507 3806 3873
3 3507 3873 3895
3 4124 4014 3509
3 3509 4098 5094
3 5137 4098 3509
3 5187 4124 3509
3 3509 4304 5094
3 5139 4304 3509
3 3509 5094 5139
3 3509 5094 5187
3 3512 3603 4999
3 4999 4068 3512
3 3513 3658 4228
3 3875 3711 3514
3 3515 4048 4600
3 3517 5012 5016
3 5097 5012 3517
3 4217 3768 3518
3 4988 4343 3519
3 3519 4343 5088
3 5119 3561 3522
3 3522 3561 5132
3 3522 3562 5119
3 5128 3579 3528
3 5104 3591 3528
3 3528 3591 5136
3 3534 4465 5067
3 3535 3594 5098
3 5098 3602 3535
3 3537 3545 5188
3 3537 5188 5198
3 5151 3579 3539
3 3539 5107 5151
3 3540 4309 4365
3 5181 3557 3541
3 3541 3929 5111
3 3541 5111 5181
3 5105 3572 3542
3 3609 3574 3542
3 3542 3574 5105
3 5141 3591 3544
3 3544 3591 5158
3 5161 5107 3544
3 3544 5158 5161
3 3545 5086 5203
3 5203 5188 3545
3 5147 5101 3548
3 3548 5101 5210
3 3548 5131 5148
3 5210 5131 3548
3 3549 3595 5129
3 5149 3595 3549
3 5129 3601 3549
3 3549 5096 5149
3 5117 3565 3552
3 3558 4068 4999
3 3559 3572 5109
3 5109 3574 3559
3 3559 3574 5112
3 5022 3576 3565
3 5182 5022 3565
3 3565 5117 5182
3 4013 3573 3566
3 3566 3585 4047
3 5118 3585 3568
3 5023 3997 3569
3 3574 3609 5112
3 4179 3602 3575
3 3575 3602 5127
3 5123 5060 3581
3 3581 5110 5115
3 5036 3894 3582
3 3583 3588 5116
3 4077 4047 3585
3 5118 4077 3585
3 3586 3594 5058
3 5108 3594 3586
3 3586 3953 5066
3 5066 4287 3586
3 3586 5058 5066
3 3587 3588 5114
3 5113 4997 3587
3 5152 5113 3587
3 3587 5114 5152
3 3588 5071 5116
3 3591 5104 5158
3 4092 3973 3593
3 3593 3973 4654
3 4944 4092 3593
3 5165 5121 3595
3 3595 5121 5208
3 5208 5129 3595
3 3595 5149 5215
3 5209 5165 3595
3 5215 5209 3595
3 3600 3680 3792
3 3858 3680 3600
3 3600 3792 3803
3 4189 4172 3601
3 5206 4189 3601
3 3601 5129 5206
3 3602 5098 5197
3 5197 5127 3602
3 3607 4316 4783
3 3610 4095 4275
3 4230 3738 3612
3 4109 3834 3619
3 3619 3834 4234
3 3621 4705 5030
3 3622 5103 5140
3 5224 5103 3622
3 3622 5198 5224
3 3624 3628 5122
3 5122 5080 3624
3 3624 5125 5135
3 5143 5123 3625
3 3630 3979 4057
3 3631 5131 5171
3 5171 5165 3631
3 3631 5165 5209
3 3631 5209 5215
3 4933 4398 3634
3 3638 3653 3984
3 3638 3984 4062
3 5091 4370 3639
3 3645 3650 4247
3 3650 3949 4247
3 5175 3896 3651
3 3651 3896 5206
3 3651 5206 5212
3 3652 3685 3701
3 3652 3701 3705
3 3652 3705 4065
3 4065 3940 3652
3 3842 3737 3653
3 3657 3760 4177
3 4306 4228 3658
3 4307 3994 3661
3 3923 3761 3666
3 4234 3834 3673
3 3673 3834 5160
3 5160 4190 3673
3 5015 3757 3675
3 4237 3701 3685
3 3685 3713 4237
3 3690 3756 3840
3 4852 4404 3691
3 4763 3965 3693
3 3701 4237 5010
3 4096 4065 3705
3 4771 3796 3709
3 4362 3938 3709
3 3709 3938 4771
3 4400 3999 3723
3 3723 4283 4400
3 3724 3793 3802
3 3736 3744 4230
3 4230 3744 3738
3 4138 4076 3740
3 4286 4074 3742
3 4367 4286 3742
3 4328 4269 3750
3 3986 3898 3753
3 5015 3967 3757
3 3760 3895 4177
3 4088 3959 3762
3 4503 4088 3762
3 3762 4116 4503
3 4217 4017 3768
3 3769 3931 5029
3 3769 3997 5023
3 5029 3997 3769
3 4144 3956 3774
3 4327 4144 3774
3 4498 4368 3780
3 3780 4372 4488
3 4247 3949 3788
3 3797 3819 3839
3 4305 3819 3798
3 3798 3819 4350
3 3800 3848 4855
3 3873 3806 3805
3 3805 3825 3873
3 3808 4033 4305
3 3808 4305 4987
3 3809 3827 4202
3 4966 3827 3809
3 3809 3865 5077
3 5077 4966 3809
3 4973 4948 3811
3 4286 3970 3812
3 3812 4074 4286
3 3816 3956 4144
3 4305 3839 3819
3 3819 3869 4350
3 3822 4329 4567
3 3895 3873 3825
3 4966 3893 3827
3 4021 3928 3833
3 4305 3864 3839
3 5048 3977 3840
3 3847 4948 4973
3 5052 4855 3848
3 3970 3879 3852
3 3853 3854 5090
3 5090 5082 3853
3 3854 5082 5090
3 4305 4033 3864
3 3869 4089 4350
3 3874 4948 4973
3 3877 4131 4797
3 3879 3970 4286
3 3879 4366 5051
3 5045 4460 3882
3 3883 4431 5054
3 5026 4737 3888
3 3893 4966 5142
3 5040 4927 3894
3 4128 4099 3896
3 5175 4128 3896
3 3903 4280 4948
3 3907 4051 4089
3 3929 4304 5111
3 4377 4290 3930
3 3931 4153 5029
3 3938 4310 4771
3 3940 4065 4358
3 4358 4226 3940
3 3945 4290 4377
3 3950 4083 5016
3 5070 4083 3950
3 5016 4152 3950
3 3951 4620 4770
3 3953 4287 5059
3 4642 4331 3955
3 3955 4642 4835
3 3958 4706 4857
3 3959 4062 4083
3 3959 4083 5070
3 4929 4683 3963
3 4763 4241 3965
3 5078 4007 3980
3 4083 4062 3984
3 3992 4048 4600
3 3995 4785 5076
3 5078 4766 4007
3 5172 4256 4008
3 4008 5062 5172
3 4918 4897 4010
3 4014 4124 5089
3 4014 5089 5193
3 4756 4067 4015
3 5089 4756 4015
3 5180 5089 4015
3 4562 4329 4024
3 4026 4474 4710
3 4471 4363 4027
3 4049 5101 5147
3 5213 5101 4049
3 4049 5191 5213
3 4050 4088 4503
3 4669 4561 4058
3 5183 4704 4066
3 4076 4138 4984
3 4079 5191 5193
3 4087 4333 4405
3 4957 4350 4089
3 5139 5094 4098
3 4099 4128 4395
3 4395 4347 4099
3 5185 4395 4100
3 4116 4350 4957
3 4957 4503 4116
3 4124 4756 5089
3 5187 4756 4124
3 4138 4187 5187
3 4138 4756 4984
3 5187 4756 4138
3 4144 4327 4366
3 4153 4223 5029
3 4835 4216 4180
3 4187 4756 5187
3 4307 4207 4199
3 4202 4269 4328
3 5037 4655 4223
3 5178 4347 4224
3 4244 5075 5179
3 5194 5075 4244
3 5179 5120 4244
3 4244 5120 5194
3 4248 4617 5084
3 5076 4785 4248
3 4254 5079 5083
3 5201 5079 4254
3 4254 5083 5201
3 4257 4542 4994
3 5092 4274 4265
3 4265 5083 5093
3 5093 5092 4265
3 4274 5092 5159
3 5149 5096 4276
3 4276 5096 5201
3 5066 5059 4287
3 4304 4984 5156
3 5156 5094 4304
3 5139 5111 4304
3 4310 4642 4771
3 5033 4907 4338
3 4343 4988 5083
3 4343 5083 5192
3 5192 5088 4343
3 4347 4395 5185
3 4350 4503 4957
3 4355 4360 4388
3 5061 4453 4374
3 5047 4498 4394
3 4852 4706 4404
3 5053 4705 4414
3 4420 4970 5057
3 4440 4719 5019
3 4457 4858 5017
3 5055 4777 4482
3 4510 4969 5013
3 4542 4680 5049
3 5018 4837 4546
3 5011 4949 4557
3 4595 5004 5009
3 5042 4830 4596
3 4596 4830 5043
3 4612 4655 5037
3 5038 4655 4612
3 4953 4771 4642
3 4685 4694 5027
3 4685 4722 5032
3 5039 4707 4704
3 5183 5039 4704
3 4719 4737 5025
3 5187 4984 4756
3 4805 4816 5034
3 5008 4978 4910
3 4910 4978 5064
3 4984 5094 5156
3 5187 5094 4984
3 4986 5088 5096
3 5157 5088 4986
3 5080 5069 5056
3 5124 5102 5056
3 5058 5059 5066
3 5123 5106 5060
3 5060 5106 5130
3 5205 5172 5072
3 5072 5190 5195
3 5072 5195 5218
3 5218 5205 5072
3 5154 5125 5075
3 5075 5125 5179
3 5192 5083 5079
3 5096 5088 5079
3 5079 5088 5192
3 5201 5096 5079
3 5088 5157 5177
3 5092 5093 5189
3 5092 5189 5211
3 5093 5181 5189
3 5098 5143 5197
3 5210 5101 5099
3 5099 5131 5210
3 5222 5131 5099
3 5099 5155 5222
3 5150 5120 5102
3 5102 5120 5179
3 5170 5140 5103
3 5223 5170 5103
3 5126 5110 5106
3 5106 5123 5126
3 5167 5151 5107
3 5196 5181 5111
3 5121 5165 5228
3 5121 5204 5227
3 5227 5208 5121
3 5143 5126 5123
3 5154 5135 5125
3 5212 5206 5129
3 5129 5208 5212
3 5130 5173 5186
3 5222 5171 5131
3 5195 5190 5145
3 5168 5161 5158
3 5196 5189 5181
3 5203 5200 5188
3 5189 5196 5211
