OFF
# Created by meshio

3791 1214 0

0.150017312415268 -0.671212682937469 -0.120199336670073
0.0671710497121541 -0.692509471144824 -0.0673217329592803
0.0220033527488336 -0.873973178009332 2.77555756156289e-17
0.149992980443407 -0.681698478818958 -6.33294377783304e-05
-0.0138020039184481 -0.691829887697925 -0.102779658859725
0.0723851222383356 -0.674561752056626 -0.162698101788697
-0.000862555195490429 -0.626264006328751 -0.066081966158376
0.0602505272440286 -0.63708832387045 -0.150093812907267
0.00870367274919708 -0.655791604098182 -0.239174529658561
-0.118516080101993 -0.671541500425106 -0.149947195943824
-0.129476336932256 -0.685675569247933 -0.0226121537563578
-0.229274530301348 -0.767148850672489 0.00412230287607927
-0.126705100084976 -0.674737829500851 0.123358068201823
-0.0397166791708706 -0.602206080912062 0.0832436104077689
-0.0496984697015414 -0.649012682681819 0.248846263451071
0.0126951280067777 -0.757599284650365 0.22155197201382
0.0220033527488336 -0.873973178009332 0.12485331114419
0.0147047704126958 -0.693328482258845 0.0839051457262954
0.150076871446576 -0.674432172093702 0.097975181932433
0.250721528818045 -0.624193869065028 -0.190869818369903
0.270617565506308 -0.514593415751478 -0.123503836322489
0.246307270941982 -0.691674223783494 -0.0913856216695459
0.125858366922773 -0.534153154210236 -0.120003144603219
0.17113649865891 -0.562041395926968 -0.00862845983824486
0.281957932296769 -0.635497557873327 -0.0450584727266254
0.246671915883803 -0.663304151643614 -0.214196319923369
0.139154117677463 -0.755307946279642 -0.248144778715136
0.149951886553801 -0.64729408608519 -0.212612192587273
-0.00829857529888814 -0.578080321732761 -0.239356427663724
-0.128047541563576 -0.52751921552356 -0.15392796102687
-0.235373233998217 -0.749706408592902 -0.221798482762757
-0.214953721272928 -0.467139950347567 -0.0238389973194964
-0.284425509477764 -0.629146105313676 -0.104343361018084
-0.125405893940187 -0.528356600755003 0.157039253485811
-0.233989941753499 -0.749119866865142 0.12485331114419
-0.268202997001366 -0.638861306320254 0.0811574411169038
-0.182911808932535 -0.619315103681817 0.266956233360108
-0.233989941753499 -0.749119866865142 0.249706622288381
-0.111425253107994 -0.745477395719598 0.253940517627247
0.134326441148492 -0.749347802062919 0.237428464328378
0.0538903654992456 -0.6306496175864 0.292747631093308
0.16430196407928 -0.543730594229604 0.137760273501416
0.149929496753293 -0.647463660178036 0.212077988169441
0.313970210747299 -0.462720686073452 0.133706892621919
0.31939210473869 -0.697258553091759 0.0295156091057232
0.417338888051005 -0.556449983056358 -0.0356374617960844
0.35698134836409 -0.685589900174089 -0.119031762455839
0.276378072127633 -0.534424392497572 -0.350831809861344
0.133724949302091 -0.47413340535341 -0.273086014140256
0.318839337619494 -0.607513377349156 -0.341265354904357
-0.127473972818822 -0.462537621657365 -0.298209043659869
-0.0637064435038263 -0.74126989688267 -0.360549506753675
0.014075477389815 -0.493282810927449 -0.404460151506745
-0.33590393374459 -0.563603518094538 -0.242730476595586
-0.22725151920183 -0.728785741707547 -0.415825299895771
-0.40367120470627 -0.569916359294762 -0.0121391808426586
-0.50449272621334 -0.623258512736084 -0.135154218876584
-0.366932718502383 -0.467602909995254 0.0169960452533225
-0.361986589004666 -0.749119866865142 0.12485331114419
-0.480455800643998 -0.626374561947011 0.0526577515820042
-0.32674527019066 -0.572631958311001 0.23135765833571
-0.249483367658106 -0.659614819428969 0.352423696443973
-0.0614600753458707 -0.515598651907986 0.296000777483379
-0.125379891265681 -0.691551734695207 0.381683953418329
-0.134470968115706 -0.562435812335824 0.392619353471467
-0.00559017888866869 -0.590642416194588 0.370970574557005
0.038369790842261 -0.513331063204608 0.391395538839051
0.0373504318987417 -0.573113408459101 0.296426905414849
0.283283893221531 -0.652430394831689 0.246052827135408
0.441323821090045 -0.523268547471853 0.129535642858187
0.46474377523235 -0.488695405689362 -0.176350666033317
0.47308157568924 -0.605829456961919 -0.296360855636578
0.490043150720964 -0.662014357648438 -0.117009790007332
0.428069853607175 -0.370241189077121 -0.00202194990042257
0.388716177955842 -0.459928879511464 -0.344455494548474
0.150015227973276 -0.508536606916226 -0.455446432217162
0.11194098623606 -0.627645232061633 -0.542522439693021
-0.183588886891786 -0.470600878569072 -0.47819337201898
-0.367384698407608 -0.630166595622032 -0.401277798159104
-0.296727091259895 -0.507030276421167 -0.374840956803917
-0.480922283616792 -0.48214377945062 -0.156811829178541
-0.349762617064303 -0.379456561118514 -0.243358633673496
-0.507599207261108 -0.47967828649067 -0.00321616763322429
-0.479790235680706 -0.484877781066012 0.150364397819008
-0.51597137966505 -0.625883995571751 0.236492705851172
-0.288771648508046 -0.504799021562331 0.386450512915472
-0.39976201766233 -0.475873659223746 0.314412194322691
-0.358872631875745 -0.383319262256699 0.258230952390671
-0.0279389399298765 -0.487672436158357 0.49684195898807
-0.23726079534495 -0.621542310862465 0.478566585503595
0.261124368502361 -0.453030908393463 0.45517887291308
0.249263578855212 -0.565093792161298 0.405018451666076
0.149941832852676 -0.540975262887199 0.412538679335936
0.149267348446906 -0.396879402761347 0.413355472335619
0.430175378402634 -0.466586757292355 0.285364323407084
0.425389625027404 -0.66947874609408 0.155020121004814
0.444044756072658 -0.502648897548243 -0.463103838538564
0.292069613901755 -0.519395447095736 -0.46526179832923
0.150028356823728 -0.438813418114551 -0.51878173103117
-0.0120624977168397 -0.412609110365251 -0.563487976979873
-0.198319732985398 -0.335947202865889 -0.354763705626935
-0.335480490306995 -0.383290977871689 -0.47588035336569
-0.442148359384209 -0.426949013895887 -0.330430455817249
-0.634952763387403 -0.491227669648961 -0.235714275999221
-0.454420482883977 -0.372225300489461 -0.0701608249542242
-0.626600731748747 -0.644555813616548 -0.0186439436082447
-0.595347998533286 -0.618288580085706 0.116472250270511
-0.622690812960267 -0.505485473497589 0.241245148494074
-0.368731374460673 -0.408236233932739 0.12788099319821
-0.473053433984315 -0.638260686571389 0.387606968169295
-0.200418047794695 -0.314339900190697 0.372833467722583
-0.386518390283275 -0.665509006968742 0.461663721713418
-0.181628929300716 -0.447608244973522 0.501008382719325
-0.0898531186802649 -0.474683279013753 0.646757015885322
0.0372938553600886 -0.411475267241586 0.560443506628329
-0.102455764044572 -0.60387442313149 0.544179847095223
0.319722426645116 -0.479785525549237 0.504919418557033
0.150033706671041 -0.469299209101964 0.493307935348515
0.437012841288854 -0.511296238060005 0.454207219165321
0.399475439462597 -0.348781667292034 0.230063654156468
0.55408350482292 -0.645550002069529 0.068239727617871
0.484272858510918 -0.3242296673318 -0.381468144671634
0.516199784839079 -0.249926075357882 -0.122304857317556
0.686617143120172 -0.368854406787162 -0.136459714728551
0.366037351107512 -0.33284438612701 -0.492318480261888
0.313841281269156 -0.431509100324668 -0.547000562099401
-0.0895782816315453 -0.303107554406903 -0.4901199859272
-0.214808382010837 -0.334594839055266 -0.570442421796795
-0.482476212976611 -0.35981023937506 -0.502337754366485
-0.378284848860099 -0.254191400286408 -0.346357916701207
-0.611040060101632 -0.394423195878389 -0.372837646072541
-0.578934823642062 -0.338961278831688 0.192568140827033
-0.729148053346844 -0.360384192416836 -0.130965154056647
-0.730614761365881 -0.385036279617018 0.135865907426227
-0.408594887214662 -0.292947901567084 0.477032706788686
-0.489983236255832 -0.374559933432571 0.499413244576761
-0.351237410379636 -0.258536039744221 0.388878684460006
-0.482537309855323 -0.342091645140445 0.367821981755599
-0.617454409034047 -0.369416744405513 0.3559399754484
-0.579513072042052 -0.470023523786666 0.393926855942497
-0.361986589004666 -0.374559933432571 0.624266555720951
-0.503699490611434 -0.519661857924203 0.486396581380595
-0.0202211550529557 -0.317841962111373 0.620589599504387
-0.0608975288652757 -0.342785911617028 0.488849135517761
0.0363763185840657 -0.294221579690915 0.567726226955195
-0.105993294502333 -0.374559933432571 0.749119866865142
0.150005691420565 -0.371902854032692 0.566749233128841
0.519212800330473 -0.303178679507974 0.35107371537027
0.499087407831445 -0.41478735729626 0.5231023133236
0.364648979590204 -0.260818012234912 0.36878634031837
0.37593730648485 -0.326276644861557 0.487953654090366
0.572057122082417 -0.502336649005759 0.400453315568421
0.694652067799198 -0.385108160450233 0.143501207184151
0.584108684532447 -0.320437950206851 0.206945589274115
0.613311100594085 -0.323132488831607 -0.0446971607594321
0.5339899417535 -0.12485331114419 -0.249706622288381
0.641006299001929 -0.212478865083086 -0.162362896975258
0.659900902679774 -0.262434188656855 -0.360570516040166
0.405993294502333 -0.249706622288381 -0.249706622288381
0.559295626208592 -0.231700593522723 -0.478622116913282
0.606042918495651 -0.428964456530093 -0.455229073489238
0.433762599336682 -0.204086475026119 -0.500218789138637
0.276336348162935 -0.326551490880367 -0.614711601327797
0.149944352765098 -0.330190631566431 -0.592392967557883
-0.366245502178269 -0.274857936395348 -0.703478328721782
-0.22990428589775 -0.187052810156239 -0.628650907385488
-0.506790040925122 -0.240579113348353 -0.409110410464081
-0.378476587377687 -0.22761597266187 -0.539968952611042
-0.507546186115003 -0.359814875450158 -0.617382838336908
-0.652934618222057 -0.265588106988226 -0.387360349090513
-0.617979883506999 -0.374559933432571 -0.499413244576761
-0.651282557421277 -0.230541766345275 0.0541793655260962
-0.625763425172064 -0.201966861431611 -0.227719054513858
-0.507402214241557 -0.23984956356285 0.0133194930629956
-0.644170013291642 -0.168116598837334 0.209304316585264
-0.37321391912991 -0.204825607611441 0.550834500435436
-0.50242807628408 -0.190691091649772 0.435965863932187
-0.583440680831448 -0.26681457321742 0.482232471893832
-0.61133640404285 -0.370514923062707 0.514883131370378
-0.346615767244927 -0.252331769847692 0.64740960100764
-0.490810236256509 -0.280205778336008 0.611879452279432
-0.487573880036787 -0.398543998956299 0.613021293431339
-0.0500127606428747 -0.216322176177262 0.559674975879294
-0.0752436496921394 -0.22036690510253 0.759655032020467
-0.18515817727858 -0.213779332810265 0.637022792149745
-0.242600219161832 -0.265342694325292 0.764075083117878
-0.0361238366678464 -0.14969982594169 0.676018700423073
0.034394124276281 -0.236984015066557 0.651714905749963
0.0393347431690427 -0.226602093872112 0.758320638160376
0.301472395741865 -0.360431771866365 0.597427712182049
0.252934647355096 -0.226177897771211 0.654267591237231
0.149992846069268 -0.253913283761641 0.626422679977589
0.500555875347515 -0.154571820524191 0.222352989372964
0.649558813940155 -0.164937003679474 0.180035338710708
0.663854338873837 -0.255166122503199 0.342745403731141
0.676595708269995 -0.170727341725719 -0.000552187713127037
0.805445431101178 -0.216868871055438 -0.00363811483428534
0.639278368307458 -0.0943886459674487 -0.252189780350626
0.79930752796203 -0.105605754298019 -0.113774341310988
0.529135687410842 -0.112751814903835 -0.122506841479509
0.779163510626344 -0.152477223705964 -0.264199534757683
0.404889212413909 -0.135800972874821 -0.364551478157168
0.562113744892355 -0.0914043898587629 -0.404061521838455
0.530991983089919 -0.21264247347762 -0.621278738170316
0.298212825935359 -0.194074202850493 -0.591840274506238
0.149977722346397 -0.115557175365994 -0.666187944375024
0.15 -0.12485331114419 -0.499413244576761
0.150051021158918 -0.227639873583571 -0.637248425142306
-0.120309781943995 -0.143022388407653 -0.534104546696149
-0.0527849303583257 -0.115494392791238 -0.681588714959233
-0.361253664657171 -0.0860798455402964 -0.438235434070103
-0.57174261428143 -0.0879528985402254 -0.385665928541691
-0.6436285785114 -0.131315953394265 -0.478154221385622
-0.502371521549015 -0.132832375403642 -0.629186982686847
-0.476384168619647 -0.123961624770341 -0.276448042127639
-0.770340698452166 -0.103909312757206 -0.175448999436756
-0.681294313899675 -0.0995222592223238 -0.0683167886325684
-0.489983236255832 -0.12485331114419 -0.12485331114419
-0.771113881284374 -0.127270064262804 0.0816888134001211
-0.472991249088739 -0.109313186019875 0.24946218401441
-0.462328264047883 -0.0724219255110706 0.507484724581167
-0.611493112651185 -0.147723148743965 0.496373642235822
-0.332538434120476 -0.0897267763802925 0.47121021192632
-0.498211880147077 -0.141319784448282 0.619536006622575
-0.102081607253938 -0.0825568789645586 0.563919772033818
-0.142111950472094 -0.110977434205759 0.762913013406821
-0.338560438482822 -0.128200014461797 0.755949169600636
0.0171483959384342 -0.15077822655512 0.484914122461311
0.0420068609030131 -0.154167728855937 0.622916044678114
0.0777486532155822 -0.16702508037283 0.665392274874582
0.180132140705209 -0.13603913565345 0.484611896930962
0.606309936579354 -0.139437028553082 0.298479395875119
0.676257901456048 -0.0981231523558353 0.384727856730175
0.505715399558117 -0.13319957876248 0.109146769952935
0.767392503285404 -0.138583213112665 0.294945584903993
0.5339899417535 2.77555756156289e-17 -0.249706622288381
0.605125749229364 0.0301455565012156 -0.330231500690415
0.808738916283444 0.000189648783508747 -0.251035834171151
0.420436828963793 -0.0725743948536929 -0.549331583054065
0.410925332114686 -0.00726106616078662 -0.39386949310941
0.643454265630143 0.00842736014142656 -0.47089450973955
0.0172310096894301 -0.00338566651772394 -0.476802789451628
-0.0670931371330989 0.0121502019331083 -0.587882567580382
-0.218084000598947 -0.0176706373118127 -0.663266523458183
-0.335721141078679 -0.0135779917290339 -0.750420611375449
-0.270442904305466 0.00345214652876519 -0.402569816413479
-0.592240054484022 -0.00963373653846432 -0.52233305381701
-0.44710656364332 -0.00845980472010552 -0.333779352185134
-0.408566058543798 -0.0223295137425576 -0.565892086594569
-0.646995037162357 -0.060645089038189 -0.242664823678562
-0.745976530758165 2.77555756156289e-17 -0.374559933432571
-0.744699200140547 -0.168172301973589 -0.336738918195788
-0.600115336308318 0.029972275874426 -0.00297523059177159
-0.769120701363026 -0.00868150171624357 -0.245565323819792
-0.489983236255832 2.77555756156289e-17 -0.12485331114419
-0.69998144786455 0.00106163092027876 5.23032990568617e-06
-0.873973178009332 2.77555756156289e-17 2.77555756156289e-17
-0.873973178009332 -0.12485331114419 2.77555756156289e-17
-0.662636813774964 -0.00442278701265726 0.221537854160288
-0.742511815677322 0.00110196754927163 0.346007274713416
-0.717365702377535 -0.105991425379246 0.356862014691198
-0.519358423691457 -0.000184387574069932 0.0990595501598041
-0.617979883506999 2.77555756156289e-17 0.499413244576761
-0.197762442856981 0.0260341941968082 0.666684357763872
-0.36372332323495 0.0447865950033785 0.765819071341735
-0.267432964747175 -0.0194956812397107 0.405790716272479
-0.0313754770046874 0.0202405666704731 0.693517868045765
0.0115420984331918 -0.00236881094814018 0.628634851130621
0.122542372652331 0.021622716749815 0.762879679323928
0.0220033527488336 -0.12485331114419 0.873973178009332
0.28421585765902 -0.0155314936173822 0.468180245543415
0.150025397833811 0.0104451898662067 0.675384903045029
0.150042872269554 -0.108430195670002 0.66765785676156
0.563424702422325 -0.0147205463761224 0.41267928812559
0.388763331420437 0.000165039070698451 0.404152496761058
0.414188282952916 -0.0140060335505164 0.561957001079259
0.417202115779003 -0.105579319137893 0.67317388383899
0.5339899417535 2.77555756156289e-17 0.249706622288381
0.539869195893629 0.00910314921596834 0.110100510721712
0.792390728158091 0.0297769161954868 0.131950840871693
0.695989929470958 0.0126828416858683 -0.0185599375355241
0.66167603367465 0.0654526601886345 -0.209427589264016
0.366530257898403 0.0546803119580969 -0.584389969480705
0.503822173650011 0.14255568061489 -0.651172310235923
0.546889223370491 0.0820533634777718 -0.421779752835734
0.297256820607593 0.00839910901576392 -0.699019034824603
0.276069889550388 0.121371889425546 -0.62246817241417
0.149986737471411 0.0488328893761343 -0.672371238732814
-0.00345594830421342 0.144234249316372 -0.682563754637375
-0.655705163597524 0.108309001991724 -0.217525112714667
-0.765588501782009 0.0786693512286063 -0.108230300493176
-0.680579752674694 0.141202931809597 -0.0198723587979201
-0.873973178009332 2.77555756156289e-17 0.12485331114419
-0.548224156500487 0.116240254423333 0.415214359615493
-0.103807790051619 0.143450796266812 0.766121394061614
0.286782274237581 0.128202144959392 0.684917182460548
0.309234789305388 -0.0147533356420922 0.697400433169621
0.51734865923836 0.0114367207328615 0.664215608139051
0.439345292100636 0.154844534803028 0.511118467304069
0.413552653931507 0.102849634861262 0.673905292010371
0.668286913751907 0.110237620997688 0.144668603973609
0.645989987490641 0.25607519724602 0.0206542075693734
0.504436182854359 0.122630230184913 -0.139198161568469
0.42147557113196 0.122985099472378 -0.367824641323789
0.504151089618621 0.244531337032436 -0.409482944908787
0.343870872555668 0.193208630579578 -0.664327996747556
0.266956548904601 0.123943667848638 -0.430941257786359
0.23750983949665 0.132176389873695 -0.676118250967153
0.0243019658540372 0.27474871687831 -0.770706069275671
0.0190674698555753 0.0767810370484428 -0.626033757702842
0.0220033527488336 0.12485331114419 -0.873973178009332
0.130018988170214 0.132208612320897 -0.769037263943595
-0.381072835972164 0.226218356375284 -0.653994244411155
-0.192620135903087 0.200739614866816 -0.638972937215433
-0.227390520782655 0.235602710391344 -0.503750913207312
-0.532040297702918 0.177887117751629 -0.410698093242431
-0.628005475375117 0.119465061209394 -0.488447835052235
-0.438460724027393 0.210896993945731 -0.49332795703876
-0.507634584347816 0.112295186110185 -0.621967483502301
-0.645109781828065 0.228560848150432 -0.396844162230898
-0.475580236915799 0.155708374234826 -0.247568392351015
-0.745976530758165 0.12485331114419 -0.374559933432571
-0.754952576782846 0.22048013863914 -0.0248807147160699
-0.745976530758165 0.12485331114419 0.374559933432571
-0.610962121769223 0.198473004005924 0.258582829611942
-0.758570566853986 0.116369155220277 0.234250772209344
-0.371095655257754 0.194448687048237 0.55471551964227
-0.496929187643183 0.122352742379806 0.628449157468108
-0.208765823577506 0.209817092395234 0.633373696716983
-0.258764267603587 0.198127529863635 0.502783568538579
-0.0243431582249995 0.209914558390808 0.663480659724798
0.0645262414072285 0.109516523036917 0.681252554154961
0.0220033527488336 0.12485331114419 0.873973178009332
0.132758343909777 0.148595289840694 0.486540093379691
0.277996647251167 0.12485331114419 0.499413244576761
0.150032317721568 0.130687603207898 0.662417128653126
0.5339899417535 0.249706622288381 0.499413244576761
0.516103503338998 0.181935705625335 0.637050512775249
0.553779118728875 0.177815745315473 0.3814912516396
0.670930420241681 0.105162706572854 0.397571692670583
0.81620106751829 0.108224031800255 0.024980878510551
0.800874440805494 0.208001583467442 -0.109105386525724
0.672009892951668 0.37216707777602 -0.235228188712424
0.338771075188368 0.259242306102521 -0.366726315597969
0.405993294502333 0.249706622288381 -0.249706622288381
0.378279383042474 0.380022425653345 -0.439636795052793
0.445362289806243 0.313948835360438 -0.602311245806179
0.285978988947076 0.336538522262903 -0.610085593057924
0.150002549569418 0.205327857148468 -0.644565112444001
-0.0512992081915734 0.20297124808255 -0.562486868550109
0.04359130120493 0.27570248715574 -0.634325590335029
-0.226660008720313 0.392126999082784 -0.63943365838651
-0.515686803899399 0.301010260585319 -0.359838440743126
-0.488600218458219 0.370530447244601 -0.510931120375454
-0.359649773278967 0.24569249583946 -0.371399961880792
-0.601867768244639 0.246625947882349 -0.502201223241907
-0.313939466937188 0.310656845518292 -0.534759325722952
-0.477030183803959 0.257419852174948 -0.121385578231278
-0.744950275408715 0.245146820592338 -0.315027965679919
-0.47358248711607 0.231944370427424 0.144237340787788
-0.746532042674393 0.222618296899235 0.135519097353445
-0.452509364440753 0.226482849695862 0.287106750229315
-0.332224717632077 0.345535411538067 0.503259947810855
-0.501689427120441 0.384311578100717 0.504441883658461
-0.354578860975153 0.261111881628879 0.373577847360369
-0.620766776864363 0.25099159336537 0.518648585225792
-0.482595622530732 0.249402681710017 0.603577789558595
-0.11116571891202 0.204007407138016 0.522862518100046
-0.107880078358365 0.286250034154789 0.737747193637544
0.00748647566652204 0.347149255256631 0.604649820260209
0.0408245480602948 0.273933416133319 0.440492620405717
0.249847115795317 0.366939224698962 0.530550417951847
0.0542763925832412 0.304458526587709 0.572141525211721
0.297609420730033 0.294822761718958 0.632891531804935
0.149965233385579 0.233982040571768 0.634680081417167
0.395387021434766 0.242028722597932 0.347316330008971
0.362458414269733 0.320317635406405 0.504942398681919
0.525980918279954 0.343275213976182 0.558955134375202
0.504017529743062 0.317813877950184 0.367222354903935
0.657407061427045 0.242945609217729 0.376236290132957
0.416179472938946 0.111573970248305 0.250739549890894
0.513750490054202 0.233018318239689 0.116471160249227
0.764534737707874 0.250162639783053 0.0867840619460371
0.681169898022641 0.399797615588151 0.126227648990062
0.686368814814521 0.34446447338528 0.269850313719285
0.546968860091007 0.40143591897541 -0.161211401982577
0.45547124482298 0.502124794976798 -0.460189568194826
0.604157559382449 0.496233364262337 -0.385226157366413
0.679019201730547 0.320048291076123 -0.490203374534154
0.150013780794413 0.423079157886603 -0.532568873969496
0.149989175242305 0.326586242454361 -0.594615434930383
0.0013164188517154 0.401525490870296 -0.572257253992873
-0.105791343377553 0.50582514529552 -0.626811936226814
-0.197979840293549 0.330084409827139 -0.36276269327875
-0.473227678243821 0.354236432626212 -0.635496668935518
-0.618241993354497 0.368032444752478 -0.357805048765154
-0.361986589004666 0.374559933432571 -0.249706622288381
-0.634296619752116 0.39179813694014 -0.499549772011811
-0.566963348893094 0.404503310091432 -0.0228806525299494
-0.546053539816459 0.379987903048006 -0.202248947514799
-0.613854915417996 0.517844932845789 -0.132281398130027
-0.741058940128913 0.370955970473942 -0.0852071563530108
-0.617979883506999 0.499413244576761 0.12485331114419
-0.745976530758165 0.374559933432571 0.12485331114419
-0.71355117370647 0.381231183622958 0.252520008757382
-0.47458803052616 0.384463693652554 0.336557413788791
-0.607494499837155 0.36929364257892 0.378350181424206
-0.37519231375068 0.375587796021393 0.241617656925834
-0.21594389245155 0.299278372016348 0.361051789895921
-0.363193463705467 0.360713407730487 0.654342654937077
-0.0555293402083576 0.521791939897511 0.606563234003168
-0.0648249761612726 0.357621723039827 0.472267060863995
0.0347474951231269 0.366763817141285 0.761421086289438
0.265957688979828 0.391995819338876 0.572938741719464
0.150038659608121 0.330985509038494 0.591887396913738
0.51681369190465 0.411482536551029 0.217838643984004
0.494130385640162 0.487568591996531 0.456763356327665
0.665380136759858 0.297158699781812 0.514708135913928
0.645032550917943 0.422424495645355 0.432886241430593
0.568110229319779 0.396132257085899 0.0477716613891488
0.632394408993413 0.491808616297932 0.00111942648155413
0.396710794957561 0.375928423275675 -0.121703625728832
0.252331088819737 0.523844716457833 -0.382288886880483
0.384421432609537 0.491948507927127 -0.310544383034995
0.292856054628144 0.478351021465958 -0.508104092521712
0.127131187951321 0.399333936806901 -0.393993350651881
0.150021070018784 0.509460049284833 -0.453539884675129
-0.0299032829586993 0.402963547761723 -0.465346067801915
0.00207265662209695 0.516696802530655 -0.469358242303904
0.0389974662417559 0.496878475657064 -0.640369814444976
-0.1781315155784 0.446372710626335 -0.503874165749556
-0.330162183374078 0.507677378741458 -0.510523464247878
-0.387546316638758 0.499943108823913 -0.295732624108643
-0.494591462707988 0.482104061099983 -0.41813297016583
-0.241175550758436 0.523707709705357 -0.388458703109958
-0.456858598457957 0.498128508562634 -0.17211845397327
-0.558982937003054 0.519908128368323 -0.272795828248884
-0.471640376796779 0.481547041418872 0.176160037069291
-0.606930943397905 0.497136835050238 0.290203474723321
-0.329819471435765 0.471441576475175 0.389630526323649
-0.168599041467743 0.492654969572501 0.464915265555165
-0.209341371912624 0.525654453361853 0.6225341566874
0.00421808747143787 0.486893933136322 0.501312851973634
0.300005852606899 0.481324633044687 0.506724366590285
0.146957318930233 0.37925471404533 0.409997070170364
0.14999142789168 0.435761436335561 0.52180243034434
0.566316873438941 0.54414735051532 0.344537666238438
0.407978977014738 0.365340883715244 0.112544577589129
0.262342240787838 0.442516744178237 -0.141050196848534
0.510288096367461 0.665812426441765 -0.0366046224927283
0.320326494463381 0.617870849458187 -0.324219320121616
0.263108187112194 0.459012556043762 -0.264087112569385
0.327877090206281 0.550238475082097 -0.425881678752198
0.428107321141474 0.608487618441296 -0.314515249427292
0.229192700126568 0.574647881247252 -0.386892716048563
0.140422806400778 0.483032096589282 -0.251257364834348
-0.144318250451816 0.598816749082607 -0.532587601000883
-0.238808316294798 0.65226310829055 -0.456083393188115
-0.0960476623982765 0.474647724612122 -0.319542163926519
-0.29604304678615 0.581100896480524 -0.244944251319587
-0.347790435812376 0.607263654683926 -0.387302011612335
-0.456638676129645 0.618553430632225 -0.238091455147244
-0.489983236255832 0.624266555720951 -0.374559933432571
-0.489414730420091 0.615349199844844 -0.10871920421694
-0.452409213074395 0.635801363393679 0.123630718193749
-0.613863721135807 0.624485316898929 0.000131532550026428
-0.347733118848646 0.553515530209417 0.245322537707667
-0.483243473872903 0.615411884391556 0.252318625756592
-0.413037694885832 0.366541768131036 0.0896225102174216
-0.188937512565817 0.598215181069057 0.302200503427508
-0.344476763914939 0.652142735811846 0.365649790299145
-0.231053556506747 0.631127529691149 0.494631245231769
0.00901024430748843 0.483859250012691 0.410827057570007
-0.0838831312109914 0.607969927370041 0.494035842352896
-0.0914320637922777 0.494390425288564 0.30062169644418
-0.021760159242877 0.584771861947282 0.377941832126123
-0.0864813693008624 0.706859271798436 0.591679071811508
0.149990337850284 0.519642612477677 0.440336716419196
0.38657440900404 0.50671083666966 0.285550776225313
0.300031609524314 0.595509315198599 0.363932621890487
0.255844704353585 0.450599830466249 0.260677446651511
0.167308831408748 0.506279386245837 0.260719617093186
0.448629888103084 0.627160926500239 0.267370039835817
0.263079372661614 0.50284818881688 0.118600981013994
0.355769274548961 0.590593131352593 0.101391051840925
0.611122000761252 0.61979592165852 0.0818878636637817
0.473345427367059 0.668177151325411 0.10780331006128
0.55688486738984 0.620558283774825 0.194242997040465
0.405710980275743 0.569185136904354 -0.0072440479857811
0.304771609965279 0.625433756396209 -0.0548676567568721
0.372501973974637 0.682100705509 -0.127594989048588
0.215533033230802 0.62380825646614 -0.30447386708108
0.275071441763298 0.607899315673707 -0.204493598527802
0.043066228605636 0.531857768519156 -0.369707976472699
-0.0116445041021036 0.622953518261375 -0.317290520058017
0.0540546623292558 0.722589229462356 -0.377784208547328
0.149933891112767 0.577625925148702 -0.359302914684831
-0.111537919319022 0.729030155035731 -0.3771713938446
-0.167774278380863 0.611590451547054 -0.288682219355221
-0.333459511815938 0.597739277255299 -0.129102738072369
-0.337391497183712 0.74595042584938 -0.100801385558766
-0.354229586596513 0.741982213185986 -0.265332310939724
-0.336073744747179 0.612174394038215 0.00340453351952479
-0.361986589004666 0.749119866865142 0.249706622288381
-0.24259719667299 0.748341698407052 0.222619271263533
-0.0888667794634493 0.722868027535509 0.394277045538057
0.258858231931703 0.616373756862498 0.201317369799289
0.342358984988913 0.663267760125184 0.215596407604163
0.390852563670222 0.692668561898509 0.0188368838924765
0.238375104500752 0.667940722863056 -0.197858696697596
0.159732760583232 0.552354958500868 -0.0851607609631924
0.217426077934863 0.651798729131982 -0.116112876651269
0.149976573473018 0.659893916974458 -0.171834405033652
0.149911667817709 0.626463738685422 -0.268036095797416
0.00433024332396297 0.778045853065301 -0.272218380071398
-0.0391469047929306 0.568255143442281 -0.222634258943916
0.146707083979636 0.743512982905333 -0.26080524774474
-0.161703109794618 0.50012582536472 -0.157701871629782
-0.179336724231728 0.664680998535614 -0.123875961812149
-0.0629716883396632 0.58848952981773 -0.0779054436671154
-0.193770839714231 0.494287587273734 -0.0112110164082855
-0.208033936872807 0.665136963725753 0.0616635806117685
-0.147906848743044 0.506616479859204 0.168290310645256
-0.085316622887616 0.676007302605181 0.14898007731808
0.00203765625428734 0.585441840864351 0.232905183429666
-0.233989941753499 0.749119866865142 0.374559933432571
0.028194938688102 0.650057460671246 0.249968445117221
0.0132232643234821 0.774850551039207 0.236460979855165
0.241555776890877 0.644515444266786 0.258539219773474
0.168613096939149 0.746066160256059 0.258321172152037
0.236835555317202 0.672883746117007 0.175067439654243
0.149961905348626 0.650387592184178 0.203853572646426
0.283518077113362 0.693578305832559 0.0797573110702084
0.248274565002736 0.648848159422622 0.0535394607186165
0.150042065305155 0.681516172073874 -0.00416790838172454
0.252357040166547 0.691950747479408 -0.0908210704640143
0.033738675491321 0.643722073619116 -0.018714760041443
0.194975930423739 0.676724014747009 -0.133940974233448
0.149967805851667 0.674564569368791 -0.0959932807076739
0.031708049003337 0.692811740170404 -0.087070299041306
-0.0659108197589176 0.694793708291785 0.00420469157482491
0.150045605353538 0.672742154830352 0.111080682808459
0.0220033527488336 0.873973178009332 2.77555756156289e-17
0.0220033527488336 0.873973178009332 -0.12485331114419
0.0570599173731004 0.69187349907975 0.0879108141207031
0.277996647251167 -0.873973178009332 2.77555756156289e-17
0.604602065908096 -0.755908489000168 -0.121646561525166
0.000531207753309978 -0.468584349819336 -0.111633414571083
0.00913395869483512 -0.50870943710451 0.123419546480093
0.630111675238025 -0.552242426127001 -0.267699027493559
0.679698940867017 -0.583191320018993 0.0264561973093455
0.592763436010534 -0.739415654061496 0.0146090280165995
0.67207182713652 -0.57486729603335 -0.134809144195594
0.53750433273197 -0.625941265503472 -0.380296863783638
0.436569936349 -0.748395959197227 -0.376840022484342
0.274172104497516 -0.751200981832253 -0.333950446728409
0.600573691480414 -0.591745873630512 0.21489846160952
0.679071115804893 -0.718231930365108 0.125612857661586
0.661986589004666 -0.749119866865142 0.249706622288381
0.79887508706578 -0.614183239203339 0.133476101925056
0.791812181033139 -0.616749757700601 -0.229612550720738
0.387200794277611 -0.631287967884146 -0.475248279059446
-0.0895349580806005 -0.374919747270525 -0.019817184757551
0.556508159221755 -0.650924516038941 0.510199584530799
0.720525430922049 -0.489505828748998 0.261743037604766
0.639439285552612 -0.612480885167198 0.35475416527351
0.777111136214269 -0.496532971451417 0.100804214616563
0.761758018865849 -0.65627625513861 0.261340457437953
0.741545234842466 -0.436131640634687 -0.319817126023015
0.89251648946434 -0.502081962460944 -0.272442814653218
0.906680697623828 -0.499492277667947 -0.130544621380542
0.756825845981604 -0.627121437526646 -0.376811694440132
0.642578260937484 -0.632512675821841 -0.513545082477952
0.523009624789506 -0.53750606331743 -0.598387755346782
0.39725359243373 -0.645429162202902 -0.622832737592122
0.0460496597849206 -0.352487345832341 -0.383117467304302
-0.0849292349641555 -0.330571814807746 -0.267172337929076
-0.240384553527416 -0.393250991158387 -0.195712448528358
0.407764847725015 -0.495539628696817 0.636094498805937
0.379877151916087 -0.616904827028973 0.58395612016225
0.534353356751873 -0.502416889840795 0.574488536542077
0.794979153849871 -0.483375161006496 0.396391141458005
0.680285588404326 -0.621386987637741 0.511055127503954
0.789983236255833 -0.624266555720951 0.374559933432571
0.91474382913355 -0.489001944705546 0.122273554994153
0.862696301771248 -0.41395839570071 -0.0089569682287457
0.880545638856113 -0.339560251322451 -0.188629242248271
0.89768234825398 -0.396600164371909 -0.374750856701066
0.766708846404268 -0.498708722779716 -0.496005214811279
0.298577005334271 -0.371847287890517 -0.754315173465599
-0.0776660156068978 -0.250466791096918 -0.381662160622082
-0.208854426552765 -0.250767527699082 -0.105018494286582
-0.310177084450408 -0.316915396073303 -0.0879374516392989
-0.295524049994694 -0.352783925917995 0.0424915443256587
-0.212872817112823 -0.272243568943626 0.120765373694568
-0.301990672826908 -0.285662245568625 0.204353358339051
0.562222395628195 -0.408523558427289 0.626881630447967
0.808587987068387 -0.343895458042556 0.323952471583882
0.789983236255833 -0.374559933432571 0.499413244576761
0.943216521097862 -0.411181839829936 0.383425825467397
0.900183609144741 -0.262754554718029 0.228628735362051
1.05140124819655 -0.387807494509777 0.134188877755115
1.04832448988623 -0.367521686862467 -0.00679734195714578
0.952084476453741 -0.240581344706488 -0.0227092006466738
0.923141304135159 -0.216313282929081 -0.225387453652883
1.04069806419713 -0.3724324440964 -0.240663635478418
0.835919954924866 -0.206705532894954 -0.39719762299829
0.921872809500779 -0.378810868383118 -0.519126979096555
0.662821411109855 -0.248281908302495 -0.629200132764438
0.709429725767931 -0.218144378251061 -0.519340734371785
0.776875913600751 -0.376688628434447 -0.640741026124624
0.266649491567124 -0.24265797598512 -0.7576586995204
-0.340378602991495 -0.201714086841266 -0.182321006435244
-0.206336208189817 -0.105058547767837 -0.258569945091291
-0.11296432184052 -0.204766506764468 -0.272950176608912
-0.232539844391603 -0.197553903815476 -0.403667988944546
-0.359105669189512 -0.222969108494903 0.0239527520641263
-0.105993294502333 -0.249706622288381 0.249706622288381
0.256440174670152 -0.279743447367719 0.755526696414593
0.859566797868731 -0.18192625700091 0.368128417424062
0.675597523981896 -0.209048756862982 0.548608787882296
0.789983236255833 -0.374559933432571 0.624266555720951
0.877933313147201 -0.245037954792992 0.526788055170672
1.04597653075817 -0.249706622288381 0.12485331114419
1.04536558964064 -0.128448083230603 -0.115617640678255
1.06653169433219 -0.118911101525341 -0.254589036228801
0.682090890719414 -0.0865607728533199 -0.573721229201364
0.917041996119818 -0.121036666157505 -0.471079110490183
0.788411132851951 -0.154816075592692 -0.64435632347646
0.0387618240703793 -0.248006047783022 -0.646572993574775
-0.0430020960902625 -0.0938561610080325 -0.24257543401857
-0.247210924314666 -0.115981559587096 -0.123399151073442
-0.299051929739857 -0.14975864476884 0.307459366334667
-0.111457469753197 -0.137659774577218 0.372619880641763
0.934554157944759 -0.0869472508254423 0.262660947140248
0.998922509508776 -0.0051766329968913 -0.393149534320196
1.04597653075817 2.77555756156289e-17 -0.249706622288381
0.870250210601003 -0.00987307511587983 -0.401981887264743
0.91214538477349 0.0119630254756879 -0.534993943790099
0.670838320980263 -0.00945755453047275 -0.712697187362296
0.540938841337552 0.0296197710354604 -0.763417846191868
-0.105993294502333 2.77555756156289e-17 -0.374559933432571
-0.367994990386395 0.00425659710779431 -0.199732256069236
-0.365074056067806 -0.00937694168331029 0.215862559268547
-0.242631197759783 -0.0102329381261749 0.113888291175084
-0.396818204212263 0.014054784068216 0.0127968677364527
-0.398856988267967 0.00959059157809718 0.389610983328689
0.277996647251167 -0.12485331114419 0.873973178009332
0.661986589004666 2.77555756156289e-17 0.749119866865142
0.524445753416884 0.0074427576433128 0.777844514784595
0.877943412021035 -0.00121276484233778 0.388414175065632
0.956525341192507 0.0136978554502229 0.511950409472414
0.816168786697883 0.0128677709949173 0.628182732834824
1.04597653075817 2.77555756156289e-17 0.374559933432571
0.990898423569539 6.64212931732704e-07 -0.057699037782656
1.17397317800933 -0.12485331114419 2.77555756156289e-17
1.06292316514729 0.122288462145765 -0.102119393057538
0.961911973562953 0.116483248847733 -0.175145521525473
1.17397317800933 2.77555756156289e-17 -0.12485331114419
0.710588040701825 0.0681168792347081 -0.559736710599714
0.402041434556336 0.109150118614261 -0.767534877102901
0.405993294502333 2.77555756156289e-17 -0.873973178009332
0.405993294502333 2.77555756156289e-17 0.873973178009332
0.697225116945163 0.126820131500114 0.559427090540929
0.960562632060366 0.102218441249988 0.197868445565587
1.07054712180435 0.185655589380479 0.119627899327753
1.17397317800933 2.77555756156289e-17 0.12485331114419
0.942671734953605 0.243791576773471 -0.388347778460689
1.04597653075817 0.12485331114419 -0.374559933432571
0.894001564552579 0.123025729981786 -0.487643248328764
0.661962020139159 0.140665200692182 -0.705234429032415
0.789983236255833 0.12485331114419 -0.624266555720951
0.277996647251167 0.12485331114419 -0.873973178009332
-0.0833030260845611 0.171542774904224 -0.360430283656653
-0.25225761347339 0.182686586453126 -0.381933928877309
-0.217568194582848 0.112662909916132 -0.274029238899371
-0.310316417508965 0.113674315567892 -0.304283216537592
-0.337144293333141 0.198900096954408 -0.207020156710938
-0.233989941753499 0.12485331114419 -0.12485331114419
-0.330971626026075 0.23423139558831 0.172662215638318
-0.35210585294574 0.242196614553649 -0.0183681250217775
-0.505698375770559 0.145207239483941 0.0121472692813018
-0.249260296689796 0.143402580699873 0.00554578875494957
-0.319013011016796 0.119865321374531 0.283771157965699
-0.0999276009334441 0.0928027763106527 0.422354065117704
0.277996647251167 0.12485331114419 0.873973178009332
0.657956371250319 0.149856068468078 0.751701443367883
0.660308451548465 0.277969344321907 0.668423618233861
0.787822749902864 0.122951458867763 0.352805574278738
0.92857830949928 0.13469403770976 0.505398063102849
0.802985145776119 0.136826446565669 0.641116928748048
0.942160424578773 0.280090855792307 0.386686632889112
0.962509742666602 0.199368727915057 -0.0457400651697086
0.904667480587415 0.288663970224339 -0.196469070048714
0.786949701289252 0.388892627806163 -0.49824316239805
0.824508884269767 0.272891509489094 -0.367880453983241
0.783846013171342 0.257356627544616 -0.604927542418926
0.389693125737489 0.24107020029222 -0.741656666346731
0.540330977785084 0.253598823962051 -0.762382650133469
-0.134790066555006 0.24465321650419 -0.229331208906445
-0.0902088369902326 0.121950492886774 -0.22380042391638
-0.280964134636034 0.353494137854968 -0.131487026973742
-0.212078111489221 0.243901805126623 0.112089023009447
-0.0849195353457466 0.258289194016805 0.372118359236734
-0.134541714802214 0.279705498661612 0.228415915006235
-0.108806039614785 0.141806284719313 0.276282189289941
0.405993294502333 0.249706622288381 0.749119866865142
0.793035816803251 0.405838762475394 0.513794591601826
0.891977069212545 0.263938462592254 0.503183409144785
0.794967342905445 0.267382310789506 0.609886056183025
0.7929482510418 0.308899480426096 0.383367803371923
0.97349484999828 0.367797065347966 0.270781561328023
1.05049649461463 0.241338498969344 0.258381709903457
1.01076921541354 0.365607239129507 -0.1157317958973
0.899030518675387 0.395830474161864 -0.357247076713714
0.922415688069722 0.361288076779449 -0.487817038195214
0.6882140258502 0.356040817097907 -0.604128977329764
0.789983236255833 0.374559933432571 -0.624266555720951
0.385558772825284 0.493820131253789 -0.625267843165046
0.292610472506417 0.401536964191456 -0.734247631161532
0.0233780625229852 0.2666594230858 -0.419444896354761
-0.125754693997787 0.353610119255245 -0.271088006442881
-0.0922607454437332 0.367977001182698 0.257651772458256
0.0139193098611812 0.367215062720793 0.35935693443357
0.802351120985092 0.397231467559066 0.644168991849784
0.926513146824503 0.411095254631523 0.381953376745194
0.924922496527796 0.366718154459042 0.498922020603949
0.828827087652912 0.425377983540528 0.161505291470741
0.935196206412277 0.512184235326108 0.121132870131574
1.01308937251652 0.366437767925085 0.144634563565828
0.745959420169316 0.51801605852363 -0.138739053832136
0.797870845044128 0.48927396393779 0.0125602127809906
0.701336379760563 0.499074225737823 -0.278803550670123
0.525456733625265 0.508731535539205 -0.639585627015083
-0.109738297736946 0.36498521964022 -0.145777657189373
-0.102622624088716 0.362740769403771 0.109878310932572
0.540651202248578 0.503532998915304 0.610331046507278
0.726266302659669 0.47128250084493 0.284272439418593
0.821463622968335 0.500013704687058 0.381085913238557
0.917979883506999 0.499413244576761 0.249706622288381
0.610801834221723 0.575873447503865 -0.242013367722571
0.813917446876385 0.623865931264638 -0.210415879326994
0.796192726758843 0.628391935401672 -0.0837347369282821
0.811751109366811 0.628059159107777 -0.342572115113965
0.5339899417535 0.624266555720951 -0.499413244576761
0.678697823835063 0.618079276239506 -0.481965144548993
0.399078006226831 0.630160072659599 -0.482785901276314
0.277686999805415 0.643939740729951 -0.512797929932779
0.00535073456668469 0.376367172974213 -0.251338515658216
0.0528752464695265 0.454899185170349 0.283678136626108
0.259222534411818 0.634616079469974 0.493261311718316
0.570171128687164 0.650889274237362 0.387390451738326
0.535124697170396 0.642992846532433 0.522707728413373
0.641660284113003 0.56093139450914 0.238410414312765
0.716633321820134 0.54487946140991 0.125640842540478
0.812713845023568 0.621782964441629 0.120398219761011
0.710877191381639 0.566330984759069 0.00368680482644321
0.917936132056132 0.619565177724005 0.0299369210647207
0.929243107830551 0.63206632953695 -0.105886720930369
0.945498335219134 0.649031728363304 0.169528128613069
0.644803203855929 0.738837142571645 -0.244123542788944
0.433037943990674 0.725172231623161 -0.392107968405092
0.283478956736395 0.743321932051154 -0.397587221694425
0.277996647251167 0.749119866865142 0.374559933432571
0.658788744637478 0.771105500672771 0.160227599066987
0.648363353577574 0.74998015682197 0.268634633756397
0.535123336217928 0.741893297581849 0.227547607508672
0.423611345986309 0.730880457819321 -0.26544278349286
0.285844603864021 0.748894623862364 -0.243809034553051
0.533913079240545 0.757390612469822 0.387209746422869
0.413841226045328 0.773828078649023 0.136156418265474
0.277996647251167 0.873973178009332 2.77555756156289e-17
-0.873973178009332 -0.873973178009332 -0.873973178009332
-0.873973178009332 -0.873973178009332 -0.749119866865142
-0.745976530758165 -0.749119866865142 -0.749119866865142
-0.873973178009332 -0.749119866865142 -0.749119866865142
-0.745976530758165 -0.873973178009332 -0.749119866865142
-0.745976530758165 -0.749119866865142 -0.873973178009332
-0.745976530758165 -0.873973178009332 -0.873973178009332
1.17397317800933 -0.873973178009332 -0.873973178009332
1.04597653075817 -0.873973178009332 -0.749119866865142
1.05820774600077 -0.761908073486357 -0.761395366106197
1.04597653075817 -0.749119866865142 -0.873973178009332
1.17397317800933 -0.749119866865142 -0.749119866865142
1.17397317800933 -0.873973178009332 -0.749119866865142
1.17397317800933 -0.749119866865142 -0.873973178009332
-0.873973178009332 0.873973178009332 -0.873973178009332
-0.745976530758165 0.749119866865142 -0.873973178009332
-0.745976530758165 0.873973178009332 -0.749119866865142
-0.873973178009332 0.873973178009332 -0.749119866865142
-0.745976530758165 0.873973178009332 -0.873973178009332
1.17397317800933 0.873973178009332 -0.873973178009332
1.04597653075817 0.749119866865142 -0.873973178009332
1.05725212644757 0.760211571387872 -0.761185921300523
1.04597653075817 0.873973178009332 -0.749119866865142
1.17397317800933 0.749119866865142 -0.749119866865142
1.04597653075817 0.873973178009332 -0.873973178009332
1.17397317800933 0.749119866865142 -0.873973178009332
-0.873973178009332 -0.873973178009332 0.873973178009332
-0.873973178009332 -0.749119866865142 0.749119866865142
-0.758587114352705 -0.760977409241709 0.760916700041738
-0.745976530758165 -0.873973178009332 0.749119866865142
-0.873973178009332 -0.749119866865142 0.873973178009332
-0.745976530758165 -0.749119866865142 0.873973178009332
-0.745976530758165 -0.873973178009332 0.873973178009332
1.17397317800933 -0.873973178009332 0.873973178009332
1.04597653075817 -0.873973178009332 0.749119866865142
1.04597653075817 -0.873973178009332 0.873973178009332
1.04597653075817 -0.749119866865142 0.873973178009332
1.04703237002069 -0.742272753749941 0.734090471398811
1.17397317800933 -0.749119866865142 0.749119866865142
1.17397317800933 -0.873973178009332 0.749119866865142
-0.873973178009332 0.873973178009332 0.873973178009332
-0.873973178009332 0.749119866865142 0.749119866865142
-0.745976530758165 0.749119866865142 0.873973178009332
-0.873973178009332 0.749119866865142 0.873973178009332
-0.873973178009332 0.873973178009332 0.749119866865142
-0.745976530758165 0.873973178009332 0.749119866865142
-0.776431138909058 0.77744522927531 0.777401935027181
1.17397317800933 0.873973178009332 0.873973178009332
1.04597653075817 0.749119866865142 0.749119866865142
1.04597653075817 0.873973178009332 0.873973178009332
1.17397317800933 0.873973178009332 0.749119866865142
-0.873973178009332 -0.873973178009332 -0.624266555720951
-0.745976530758165 -0.749119866865142 -0.624266555720951
-0.873973178009332 -0.749119866865142 -0.624266555720951
-0.745976530758165 -0.873973178009332 -0.624266555720951
-0.873973178009332 -0.873973178009332 -0.499413244576761
-0.748271593712647 -0.750688672187977 -0.498504765156001
-0.873973178009332 -0.749119866865142 -0.499413244576761
-0.745976530758165 -0.873973178009332 -0.499413244576761
-0.745070482025452 -0.773685084135214 -0.359192307321442
-0.873973178009332 -0.749119866865142 -0.374559933432571
-0.873973178009332 -0.873973178009332 -0.249706622288381
-0.7374027976308 -0.748149619093938 -0.24767215881746
-0.873973178009332 -0.749119866865142 -0.249706622288381
-0.745976530758165 -0.873973178009332 -0.249706622288381
-0.873973178009332 -0.873973178009332 -0.12485331114419
-0.732214724844836 -0.734894255644457 -0.112088085083694
-0.873973178009332 -0.749119866865142 -0.12485331114419
-0.745976530758165 -0.873973178009332 -0.12485331114419
-0.873973178009332 -0.873973178009332 2.77555756156289e-17
-0.745824669708299 -0.751724043480414 0.00281954710624503
-0.873973178009332 -0.749119866865142 2.77555756156289e-17
-0.745976530758165 -0.873973178009332 2.77555756156289e-17
-0.873973178009332 -0.873973178009332 0.12485331114419
-0.732701842598616 -0.716097594630227 0.116335648673984
-0.873973178009332 -0.749119866865142 0.12485331114419
-0.745976530758165 -0.873973178009332 0.12485331114419
-0.873973178009332 -0.873973178009332 0.249706622288381
-0.773556073746673 -0.760660408559257 0.217428453151864
-0.873973178009332 -0.749119866865142 0.249706622288381
-0.745976530758165 -0.873973178009332 0.249706622288381
-0.873973178009332 -0.873973178009332 0.374559933432571
-0.746228250064304 -0.743929882703908 0.368883899583382
-0.873973178009332 -0.749119866865142 0.374559933432571
-0.745976530758165 -0.873973178009332 0.374559933432571
-0.873973178009332 -0.873973178009332 0.499413244576761
-0.740200441993282 -0.743424036387804 0.499948552131947
-0.873973178009332 -0.749119866865142 0.499413244576761
-0.745976530758165 -0.873973178009332 0.499413244576761
-0.873973178009332 -0.873973178009332 0.624266555720951
-0.741731899645176 -0.743891069213138 0.624545704381292
-0.873973178009332 -0.749119866865142 0.624266555720951
-0.745976530758165 -0.873973178009332 0.624266555720951
-0.73934570827231 -0.592304864338832 -0.743259844617302
-0.873973178009332 -0.624266555720951 -0.873973178009332
-0.745976530758165 -0.624266555720951 -0.624266555720951
-0.873973178009332 -0.624266555720951 -0.624266555720951
-0.745976530758165 -0.624266555720951 -0.499413244576761
-0.729827242372135 -0.626711516645322 -0.362006392941227
-0.873973178009332 -0.624266555720951 -0.374559933432571
-0.745976530758165 -0.624266555720951 -0.249706622288381
-0.873973178009332 -0.624266555720951 -0.249706622288381
-0.72178873676106 -0.610945537645778 -0.125044091156273
-0.873973178009332 -0.624266555720951 -0.12485331114419
-0.755679524439926 -0.61976341638066 -0.0054937934500987
-0.873973178009332 -0.624266555720951 2.77555756156289e-17
-0.873973178009332 -0.624266555720951 0.12485331114419
-0.773837867917399 -0.593228933232582 0.23364687189924
-0.752731891920092 -0.633004109169261 0.35664962453589
-0.873973178009332 -0.624266555720951 0.374559933432571
-0.742058988584173 -0.626739090875687 0.502532269338067
-0.873973178009332 -0.624266555720951 0.499413244576761
-0.745976530758165 -0.624266555720951 0.624266555720951
-0.873973178009332 -0.624266555720951 0.624266555720951
-0.742719380279033 -0.623031269219101 0.74453754615994
-0.873973178009332 -0.624266555720951 0.749119866865142
-0.745976530758165 -0.624266555720951 0.873973178009332
-0.873973178009332 -0.624266555720951 0.873973178009332
-0.745976530758165 -0.499413244576761 -0.873973178009332
-0.745976530758165 -0.499413244576761 -0.624266555720951
-0.873973178009332 -0.499413244576761 -0.624266555720951
-0.759970885310145 -0.519392982602481 -0.518461358247766
-0.873973178009332 -0.499413244576761 -0.499413244576761
-0.791873932441849 -0.508881078810963 -0.409474452888982
-0.782522300527326 -0.51813729611254 -0.235500692713068
-0.746242766575663 -0.49254278801573 0.368234776711794
-0.742756068406666 -0.506027476202916 0.507449554337014
-0.873973178009332 -0.499413244576761 0.499413244576761
-0.742641087666742 -0.500551206634689 0.626240917549307
-0.873973178009332 -0.499413244576761 0.624266555720951
-0.74116306452066 -0.498998436279059 0.743906223013206
-0.873973178009332 -0.499413244576761 0.749119866865142
-0.745976530758165 -0.499413244576761 0.873973178009332
-0.873973178009332 -0.499413244576761 0.873973178009332
-0.751327599966329 -0.377355462216351 -0.750223920409579
-0.746092156197168 -0.403642377178098 -0.507869726177951
-0.873973178009332 -0.374559933432571 -0.499413244576761
-0.763408470137134 -0.357389482603742 -0.322531346927653
-0.873973178009332 -0.374559933432571 -0.249706622288381
-0.873973178009332 -0.374559933432571 2.77555756156289e-17
-0.873973178009332 -0.374559933432571 0.374559933432571
-0.756397507575495 -0.395729016111809 0.494799629182606
-0.873973178009332 -0.374559933432571 0.499413244576761
-0.740910869817888 -0.375815804887834 0.627842873246085
-0.873973178009332 -0.374559933432571 0.624266555720951
-0.739701941870053 -0.374514874949297 0.743793877495694
-0.873973178009332 -0.374559933432571 0.749119866865142
-0.745976530758165 -0.374559933432571 0.873973178009332
-0.873973178009332 -0.374559933432571 0.873973178009332
-0.752681352970989 -0.251886382608316 -0.757293856780146
-0.873973178009332 -0.249706622288381 -0.749119866865142
-0.873973178009332 -0.249706622288381 -0.873973178009332
-0.745976530758165 -0.249706622288381 -0.873973178009332
-0.745976530758165 -0.249706622288381 -0.624266555720951
-0.745976530758165 -0.249706622288381 -0.499413244576761
-0.873973178009332 -0.249706622288381 -0.374559933432571
-0.873973178009332 -0.249706622288381 -0.249706622288381
-0.873973178009332 -0.249706622288381 0.12485331114419
-0.696434293986909 -0.228494917194635 0.374698826714427
-0.873973178009332 -0.249706622288381 0.374559933432571
-0.750319108792166 -0.268297976527114 0.48580461551423
-0.873973178009332 -0.249706622288381 0.499413244576761
-0.742361361785337 -0.250255012895188 0.627302766224484
-0.873973178009332 -0.249706622288381 0.624266555720951
-0.739640124862486 -0.249566370139107 0.743992991400945
-0.873973178009332 -0.249706622288381 0.749119866865142
-0.745976530758165 -0.249706622288381 0.873973178009332
-0.873973178009332 -0.249706622288381 0.873973178009332
-0.745976530758165 -0.12485331114419 -0.749119866865142
-0.873973178009332 -0.12485331114419 -0.749119866865142
-0.873973178009332 -0.12485331114419 -0.873973178009332
-0.745976530758165 -0.12485331114419 -0.873973178009332
-0.745976530758165 -0.12485331114419 -0.624266555720951
-0.745976530758165 -0.12485331114419 -0.499413244576761
-0.873973178009332 -0.12485331114419 -0.499413244576761
-0.873973178009332 -0.12485331114419 0.249706622288381
-0.873973178009332 -0.12485331114419 0.374559933432571
-0.740098317053818 -0.124213686630487 0.501301452409166
-0.873973178009332 -0.12485331114419 0.499413244576761
-0.745888191763253 -0.126331412908822 0.626821501580998
-0.873973178009332 -0.12485331114419 0.624266555720951
-0.74217527077097 -0.124813853666241 0.744230001890023
-0.873973178009332 -0.12485331114419 0.749119866865142
-0.745976530758165 -0.12485331114419 0.873973178009332
-0.873973178009332 -0.12485331114419 0.873973178009332
-0.745976530758165 2.77555756156289e-17 -0.749119866865142
-0.873973178009332 2.77555756156289e-17 -0.749119866865142
-0.742555068606144 0.000895918206589078 -0.627283666708555
-0.873973178009332 2.77555756156289e-17 -0.624266555720951
-0.748660249219093 -0.0125687033571764 -0.515672587398483
-0.873973178009332 2.77555756156289e-17 -0.499413244576761
-0.873973178009332 2.77555756156289e-17 -0.374559933432571
-0.873973178009332 2.77555756156289e-17 0.249706622288381
-0.873973178009332 2.77555756156289e-17 0.374559933432571
-0.73526458681919 0.00993015343600311 0.510867224732648
-0.873973178009332 2.77555756156289e-17 0.499413244576761
-0.740399793928061 0.00127634361565583 0.627671415161957
-0.873973178009332 2.77555756156289e-17 0.624266555720951
-0.745400602461135 -0.000347142269152607 0.745126637601077
-0.873973178009332 2.77555756156289e-17 0.749119866865142
-0.745976530758165 2.77555756156289e-17 0.873973178009332
-0.873973178009332 2.77555756156289e-17 0.873973178009332
-0.743699115779877 0.140454217526079 -0.772505874287505
-0.873973178009332 0.12485331114419 -0.873973178009332
-0.745976530758165 0.12485331114419 -0.624266555720951
-0.873973178009332 0.12485331114419 -0.624266555720951
-0.746394201383292 0.130772019525061 -0.492942439993789
-0.873973178009332 0.12485331114419 -0.499413244576761
-0.873973178009332 0.12485331114419 -0.374559933432571
-0.873973178009332 0.12485331114419 -0.249706622288381
-0.873973178009332 0.12485331114419 0.374559933432571
-0.768191612103264 0.154874957696265 0.480963345180967
-0.873973178009332 0.12485331114419 0.499413244576761
-0.737787435338609 0.130442868545202 0.606428048350463
-0.873973178009332 0.12485331114419 0.624266555720951
-0.743123868633619 0.12195940639913 0.747322808238918
-0.873973178009332 0.12485331114419 0.749119866865142
-0.745976530758165 0.12485331114419 0.873973178009332
-0.873973178009332 0.12485331114419 0.873973178009332
-0.873973178009332 0.249706622288381 -0.749119866865142
-0.745976530758165 0.249706622288381 -0.873973178009332
-0.735665005154496 0.286596843852332 -0.614964436385578
-0.762743283048554 0.251572333184118 -0.491029790858922
-0.873973178009332 0.249706622288381 2.77555756156289e-17
-0.873973178009332 0.249706622288381 0.249706622288381
-0.873973178009332 0.249706622288381 0.374559933432571
-0.873973178009332 0.249706622288381 0.499413244576761
-0.743330187491365 0.256192510578512 0.613576033172739
-0.873973178009332 0.249706622288381 0.624266555720951
-0.745976530758165 0.249706622288381 0.749119866865142
-0.873973178009332 0.249706622288381 0.749119866865142
-0.745976530758165 0.249706622288381 0.873973178009332
-0.873973178009332 0.249706622288381 0.873973178009332
-0.739539404911702 0.400610212701488 -0.736466423212578
-0.873973178009332 0.374559933432571 -0.873973178009332
-0.873973178009332 0.374559933432571 -0.624266555720951
-0.873973178009332 0.374559933432571 -0.12485331114419
-0.732340399187414 0.385276334676275 0.486908328010169
-0.762583797268756 0.380881160998549 0.712723308337903
-0.873973178009332 0.374559933432571 0.749119866865142
-0.745976530758165 0.374559933432571 0.873973178009332
-0.873973178009332 0.374559933432571 0.873973178009332
-0.873973178009332 0.499413244576761 -0.749119866865142
-0.745976530758165 0.499413244576761 -0.873973178009332
-0.737395040040486 0.540392544452024 -0.617779588123582
-0.741848450354062 0.495698844032082 -0.449931779661666
-0.873973178009332 0.499413244576761 -0.374559933432571
-0.743269679030864 0.509908621455126 -0.254594146088219
-0.873973178009332 0.499413244576761 -0.12485331114419
-0.873973178009332 0.499413244576761 2.77555756156289e-17
-0.873973178009332 0.499413244576761 0.249706622288381
-0.728738384296619 0.47926668330764 0.367559081960338
-0.873973178009332 0.499413244576761 0.374559933432571
-0.873973178009332 0.499413244576761 0.499413244576761
-0.745976530758165 0.499413244576761 0.624266555720951
-0.873973178009332 0.499413244576761 0.624266555720951
-0.747949933509268 0.504016363424783 0.747168778718573
-0.873973178009332 0.499413244576761 0.749119866865142
-0.745976530758165 0.499413244576761 0.873973178009332
-0.873973178009332 0.499413244576761 0.873973178009332
-0.731524468522313 0.628661397777762 -0.741124655221232
-0.873973178009332 0.624266555720951 -0.873973178009332
-0.873973178009332 0.624266555720951 -0.624266555720951
-0.750161055404108 0.628948577860251 -0.502744021476073
-0.75778112787952 0.62486886974894 -0.116336875930292
-0.873973178009332 0.624266555720951 0.12485331114419
-0.735213491740473 0.589486071666343 0.23153792657865
-0.873973178009332 0.624266555720951 0.249706622288381
-0.734759240626513 0.618691236780551 0.366509446408372
-0.873973178009332 0.624266555720951 0.374559933432571
-0.728339757833077 0.617332248271468 0.509663473965103
-0.873973178009332 0.624266555720951 0.499413244576761
-0.757874902247391 0.619023808863174 0.620357406032667
-0.873973178009332 0.624266555720951 0.624266555720951
-0.744191102434467 0.614711794028184 0.742436880158064
-0.873973178009332 0.624266555720951 0.749119866865142
-0.745976530758165 0.624266555720951 0.873973178009332
-0.873973178009332 0.624266555720951 0.873973178009332
-0.754008604643711 0.756259794381569 -0.633053225412389
-0.730853669459192 0.746798135521261 -0.374940972168607
-0.873973178009332 0.749119866865142 -0.249706622288381
-0.873973178009332 0.749119866865142 -0.12485331114419
-0.730075035273648 0.752540399450784 0.0192288763798562
-0.873973178009332 0.749119866865142 2.77555756156289e-17
-0.753644583508316 0.736519332256516 0.236238987314239
-0.873973178009332 0.749119866865142 0.249706622288381
-0.745976530758165 0.749119866865142 0.374559933432571
-0.873973178009332 0.749119866865142 0.374559933432571
-0.739071289330768 0.739944546617693 0.498710708378643
-0.873973178009332 0.749119866865142 0.499413244576761
-0.744911380365674 0.741313569277431 0.612782529023719
-0.873973178009332 0.749119866865142 0.624266555720951
-0.745976530758165 0.873973178009332 -0.624266555720951
-0.873973178009332 0.873973178009332 -0.499413244576761
-0.745976530758165 0.873973178009332 -0.374559933432571
-0.745976530758165 0.873973178009332 -0.249706622288381
-0.873973178009332 0.873973178009332 -0.249706622288381
-0.745976530758165 0.873973178009332 -0.12485331114419
-0.873973178009332 0.873973178009332 -0.12485331114419
-0.745976530758165 0.873973178009332 2.77555756156289e-17
-0.873973178009332 0.873973178009332 2.77555756156289e-17
-0.745976530758165 0.873973178009332 0.12485331114419
-0.873973178009332 0.873973178009332 0.12485331114419
-0.745976530758165 0.873973178009332 0.249706622288381
-0.873973178009332 0.873973178009332 0.249706622288381
-0.745976530758165 0.873973178009332 0.374559933432571
-0.873973178009332 0.873973178009332 0.374559933432571
-0.745976530758165 0.873973178009332 0.499413244576761
-0.873973178009332 0.873973178009332 0.499413244576761
-0.745976530758165 0.873973178009332 0.624266555720951
-0.873973178009332 0.873973178009332 0.624266555720951
-0.617979883506999 -0.749119866865142 -0.749119866865142
-0.617979883506999 -0.873973178009332 -0.749119866865142
-0.617979883506999 -0.749119866865142 -0.873973178009332
-0.626933180636849 -0.760845760842451 -0.64166793939113
-0.617979883506999 -0.873973178009332 -0.624266555720951
-0.617979883506999 -0.749119866865142 -0.499413244576761
-0.617979883506999 -0.873973178009332 -0.499413244576761
-0.617979883506999 -0.749119866865142 -0.374559933432571
-0.601185691198188 -0.745921834254753 -0.24427176242738
-0.617979883506999 -0.873973178009332 -0.249706622288381
-0.617979883506999 -0.749119866865142 -0.12485331114419
-0.617979883506999 -0.873973178009332 -0.12485331114419
-0.646809579852906 -0.763673441023465 0.0217231464289436
-0.617979883506999 -0.873973178009332 2.77555756156289e-17
-0.617979883506999 -0.749119866865142 0.249706622288381
-0.617979883506999 -0.749119866865142 0.374559933432571
-0.617979883506999 -0.873973178009332 0.374559933432571
-0.618461699964938 -0.736093356091533 0.508803016421817
-0.617979883506999 -0.873973178009332 0.499413244576761
-0.598784093563854 -0.723347622534162 0.643438854957507
-0.617979883506999 -0.873973178009332 0.624266555720951
-0.613326002952447 -0.739886276209241 0.747254847278027
-0.617979883506999 -0.873973178009332 0.749119866865142
-0.617979883506999 -0.749119866865142 0.873973178009332
-0.617979883506999 -0.873973178009332 0.873973178009332
-0.617979883506999 -0.624266555720951 -0.873973178009332
-0.613633333945746 -0.645013335138442 -0.617312922028025
-0.595552341038519 -0.612588426196036 0.369467878371991
-0.613259109371987 -0.62693354194303 0.494755571765603
-0.617979883506999 -0.624266555720951 0.624266555720951
-0.617979883506999 -0.624266555720951 0.749119866865142
-0.617979883506999 -0.624266555720951 0.873973178009332
-0.586348162242856 -0.505045096108297 -0.520116299710058
-0.621482458372521 -0.519037965804806 0.511751039630285
-0.61696775000276 -0.502499361778462 0.630455948691112
-0.617979883506999 -0.499413244576761 0.749119866865142
-0.617979883506999 -0.499413244576761 0.873973178009332
-0.59272167156534 -0.374239947317689 -0.734295902154704
-0.615172513109554 -0.373775087278052 0.62735898970584
-0.618570778750493 -0.373876832873659 0.745433565545911
-0.617979883506999 -0.374559933432571 0.873973178009332
-0.617979883506999 -0.249706622288381 -0.749119866865142
-0.617979883506999 -0.249706622288381 -0.873973178009332
-0.611733245447314 -0.265602362479734 -0.63042425422135
-0.612609936968927 -0.24765433793177 0.61859963486359
-0.619190570126053 -0.251445753023605 0.74671895311988
-0.617979883506999 -0.249706622288381 0.873973178009332
-0.605914686732432 -0.124966319349251 -0.75028398975685
-0.617979883506999 -0.12485331114419 -0.873973178009332
-0.615515402196879 -0.140791993110912 -0.606401308638556
-0.617537692702767 -0.12168653612609 0.631045764276069
-0.610675228630603 -0.113461033268878 0.759009909753609
-0.617979883506999 -0.12485331114419 0.873973178009332
-0.624826033252044 -0.000935439212929852 -0.763231168678236
-0.602247474381456 -0.0153182743830544 -0.637960767201027
-0.596267748780667 0.00144618474708665 0.64511823597866
-0.61265079321764 -0.00193997768213075 0.751433138004074
-0.617979883506999 2.77555756156289e-17 0.873973178009332
-0.617979883506999 0.12485331114419 -0.873973178009332
-0.618376165039557 0.120272945969427 -0.622414423375423
-0.627976559271205 0.108489321459721 0.610464054693131
-0.610050614628636 0.112153540160561 0.760223671820722
-0.617979883506999 0.12485331114419 0.873973178009332
-0.569590229410849 0.263986184056662 -0.626028050221156
-0.624623090116139 0.240885816258018 0.627129390449331
-0.622512709873444 0.247445043319042 0.741597475407058
-0.617979883506999 0.249706622288381 0.873973178009332
-0.624739938133312 0.397369402599983 -0.641468788936629
-0.628508282773615 0.4076383234084 0.617412246884472
-0.626214652013225 0.357015769015769 0.734118497614307
-0.617979883506999 0.374559933432571 0.873973178009332
-0.624958837787577 0.53159164470523 -0.717643251988741
-0.617979883506999 0.499413244576761 -0.873973178009332
-0.622206650397452 0.528962417485823 -0.513837075406362
-0.61643267206152 0.497196539536338 0.487564703671747
-0.633713888068871 0.485954433749036 0.732338836460056
-0.617979883506999 0.499413244576761 0.873973178009332
-0.617979883506999 0.624266555720951 -0.873973178009332
-0.613061951434786 0.626758274375092 -0.604587893652033
-0.614717069456139 0.64142528036355 -0.475011929439558
-0.652637673667618 0.596911921345941 -0.3734968223811
-0.619839565338735 0.638006551325456 -0.243982938865911
-0.611741756548248 0.633630459361843 0.260925249954865
-0.600879787200368 0.600644522468724 0.393743238873239
-0.617979883506999 0.624266555720951 0.624266555720951
-0.627974857008655 0.615520832143904 0.737985558935616
-0.617979883506999 0.624266555720951 0.873973178009332
-0.620723859535581 0.745107734389127 -0.633684707336439
-0.634164522764229 0.737784828537949 -0.510326037237757
-0.617979883506999 0.749119866865142 -0.374559933432571
-0.614577700954151 0.76833140206672 -0.224796107185034
-0.617979883506999 0.749119866865142 0.249706622288381
-0.61210789555989 0.734962208411916 0.384249251209346
-0.622705961794777 0.721470050780761 0.496451361029544
-0.63520735883026 0.738629050710218 0.617385585719687
-0.621540860471867 0.742282564685914 0.74195729852866
-0.617979883506999 0.749119866865142 0.873973178009332
-0.617979883506999 0.873973178009332 -0.749119866865142
-0.617979883506999 0.873973178009332 -0.873973178009332
-0.617979883506999 0.873973178009332 -0.624266555720951
-0.617979883506999 0.873973178009332 -0.499413244576761
-0.617979883506999 0.873973178009332 -0.374559933432571
-0.617979883506999 0.873973178009332 -0.249706622288381
-0.617979883506999 0.873973178009332 2.77555756156289e-17
-0.617979883506999 0.873973178009332 0.12485331114419
-0.617979883506999 0.873973178009332 0.249706622288381
-0.617979883506999 0.873973178009332 0.374559933432571
-0.617979883506999 0.873973178009332 0.499413244576761
-0.617979883506999 0.873973178009332 0.624266555720951
-0.617979883506999 0.873973178009332 0.749119866865142
-0.617979883506999 0.873973178009332 0.873973178009332
-0.489983236255832 -0.873973178009332 -0.749119866865142
-0.489983236255832 -0.873973178009332 -0.873973178009332
-0.470106572180722 -0.741910359114594 -0.640081266464807
-0.489983236255832 -0.873973178009332 -0.499413244576761
-0.489983236255832 -0.749119866865142 -0.374559933432571
-0.489983236255832 -0.873973178009332 -0.12485331114419
-0.489983236255832 -0.873973178009332 2.77555756156289e-17
-0.489983236255832 -0.873973178009332 0.249706622288381
-0.489983236255832 -0.749119866865142 0.374559933432571
-0.489983236255832 -0.873973178009332 0.374559933432571
-0.490260148562785 -0.724535809831391 0.49921068335202
-0.489983236255832 -0.873973178009332 0.499413244576761
-0.484848111787968 -0.732941480093158 0.624319766778745
-0.489983236255832 -0.873973178009332 0.624266555720951
-0.489983236255832 -0.749119866865142 0.749119866865142
-0.489983236255832 -0.873973178009332 0.749119866865142
-0.489983236255832 -0.749119866865142 0.873973178009332
-0.489983236255832 -0.873973178009332 0.873973178009332
-0.489983236255832 -0.624266555720951 -0.749119866865142
-0.467713983512556 -0.614601189430916 0.514926802788737
-0.495297319801236 -0.630583714395927 0.747135000684813
-0.489983236255832 -0.624266555720951 0.873973178009332
-0.489983236255832 -0.499413244576761 -0.873973178009332
-0.483175943288548 -0.531128164351725 0.639160734332168
-0.48790427117993 -0.496672760527556 0.752987241482166
-0.489983236255832 -0.499413244576761 0.873973178009332
-0.483510718391942 -0.334697475713085 -0.775194030637834
-0.489983236255832 -0.374559933432571 0.749119866865142
-0.489983236255832 -0.374559933432571 0.873973178009332
-0.482806176378145 -0.222395833821389 -0.758877079581452
-0.495491897975424 -0.247880698511616 0.743180942217191
-0.489983236255832 -0.249706622288381 0.873973178009332
-0.489983236255832 -0.12485331114419 -0.873973178009332
-0.488685136337866 -0.096364840425664 0.745605842053938
-0.489983236255832 -0.12485331114419 0.873973178009332
-0.489983236255832 2.77555756156289e-17 0.873973178009332
-0.489983236255832 0.12485331114419 -0.873973178009332
-0.477640568574973 0.118368865873369 0.756217283269482
-0.500082209285142 0.250223660805972 -0.759952911410483
-0.486652561533255 0.257014114309586 0.732945191253539
-0.489983236255832 0.249706622288381 0.873973178009332
-0.489983236255832 0.374559933432571 -0.873973178009332
-0.47829018903383 0.385852592852475 0.736504657860723
-0.489983236255832 0.374559933432571 0.873973178009332
-0.482277992970463 0.488541236747637 -0.730492581645727
-0.489983236255832 0.499413244576761 -0.873973178009332
-0.507669747123821 0.504613440393525 -0.586815810837112
-0.485831543850453 0.483184147806285 0.608096239166024
-0.493438505327487 0.496475949825739 0.746515382235157
-0.489983236255832 0.499413244576761 0.873973178009332
-0.489983236255832 0.624266555720951 -0.749119866865142
-0.489983236255832 0.624266555720951 -0.873973178009332
-0.467651314171447 0.616274875877926 -0.503610704796654
-0.506862174442493 0.625968378632225 0.496491903598252
-0.468158607668168 0.6490866457846 0.74690318538689
-0.489983236255832 0.624266555720951 0.873973178009332
-0.506711439719691 0.750101922100706 -0.772004031057249
-0.489983236255832 0.749119866865142 -0.873973178009332
-0.489983236255832 0.749119866865142 -0.624266555720951
-0.49973599512921 0.729569703931726 -0.502318194825219
-0.489983236255832 0.749119866865142 -0.374559933432571
-0.473293218775671 0.759310116026045 -0.236925054054312
-0.498455447686322 0.743918899946071 -0.100432775761303
-0.475171048082554 0.765550402882098 0.267173915306503
-0.489983236255832 0.749119866865142 0.374559933432571
-0.476341622027165 0.746796947478883 0.503418031906971
-0.489983236255832 0.749119866865142 0.624266555720951
-0.501533945164977 0.755291625416252 0.751095770857829
-0.489983236255832 0.749119866865142 0.873973178009332
-0.489983236255832 0.873973178009332 -0.749119866865142
-0.489983236255832 0.873973178009332 -0.873973178009332
-0.489983236255832 0.873973178009332 -0.624266555720951
-0.489983236255832 0.873973178009332 -0.499413244576761
-0.489983236255832 0.873973178009332 -0.374559933432571
-0.489983236255832 0.873973178009332 -0.249706622288381
-0.489983236255832 0.873973178009332 -0.12485331114419
-0.489983236255832 0.873973178009332 0.12485331114419
-0.489983236255832 0.873973178009332 0.249706622288381
-0.489983236255832 0.873973178009332 0.374559933432571
-0.489983236255832 0.873973178009332 0.499413244576761
-0.489983236255832 0.873973178009332 0.624266555720951
-0.489983236255832 0.873973178009332 0.749119866865142
-0.489983236255832 0.873973178009332 0.873973178009332
-0.352116322553187 -0.741628051570814 -0.746903371719748
-0.361986589004666 -0.749119866865142 -0.873973178009332
-0.361986589004666 -0.873973178009332 -0.624266555720951
-0.361986589004666 -0.873973178009332 -0.249706622288381
-0.361986589004666 -0.873973178009332 2.77555756156289e-17
-0.361986589004666 -0.873973178009332 0.12485331114419
-0.349371074903658 -0.732744215140404 0.384078042273015
-0.361986589004666 -0.873973178009332 0.374559933432571
-0.368989314240547 -0.751709844733424 0.496500559825295
-0.361986589004666 -0.873973178009332 0.499413244576761
-0.356698591735566 -0.746037783626976 0.631057177252014
-0.361986589004666 -0.873973178009332 0.624266555720951
-0.352094818742976 -0.733166437878158 0.758846699975972
-0.361986589004666 -0.873973178009332 0.749119866865142
-0.361986589004666 -0.749119866865142 0.873973178009332
-0.361986589004666 -0.873973178009332 0.873973178009332
-0.356664292725252 -0.629337455406031 0.623276259370771
-0.36650211653739 -0.599572362055953 0.727489615507091
-0.361986589004666 -0.624266555720951 0.873973178009332
-0.361986589004666 -0.499413244576761 -0.873973178009332
-0.38329641656876 -0.501945850681691 0.617241770393406
-0.361986589004666 -0.499413244576761 0.873973178009332
-0.368180954124419 -0.409909694896847 -0.745723816524169
-0.354708603140656 -0.379889052793145 0.750577046772803
-0.361986589004666 -0.374559933432571 0.873973178009332
-0.361986589004666 -0.249706622288381 -0.873973178009332
-0.38073828705301 -0.238728203680975 0.747391928700718
-0.361986589004666 -0.249706622288381 0.873973178009332
-0.361986589004666 -0.12485331114419 0.873973178009332
-0.361986589004666 0.249706622288381 -0.873973178009332
-0.361986589004666 0.249706622288381 0.749119866865142
-0.361986589004666 0.249706622288381 0.873973178009332
-0.361986589004666 0.374559933432571 0.873973178009332
-0.342248413394622 0.477108477671403 -0.760970970293589
-0.361986589004666 0.499413244576761 -0.873973178009332
-0.352126348807549 0.609245958668667 -0.729904899523324
-0.361986589004666 0.624266555720951 -0.873973178009332
-0.377260935445734 0.619718933259317 -0.601991662229534
-0.351783221478697 0.617919913764422 0.624419863410065
-0.361986589004666 0.624266555720951 0.873973178009332
-0.361986589004666 0.749119866865142 -0.749119866865142
-0.361986589004666 0.749119866865142 -0.873973178009332
-0.373958742379467 0.740561467461763 -0.644855762831943
-0.353358312194408 0.743586284168781 -0.523123889382512
-0.361986589004666 0.749119866865142 -0.374559933432571
-0.350335413622495 0.715916301288051 0.494665829951236
-0.375517151465406 0.744004423550968 0.628564976187741
-0.361986589004666 0.749119866865142 0.873973178009332
-0.361986589004666 0.873973178009332 -0.749119866865142
-0.361986589004666 0.873973178009332 -0.873973178009332
-0.361986589004666 0.873973178009332 -0.624266555720951
-0.361986589004666 0.873973178009332 -0.499413244576761
-0.361986589004666 0.873973178009332 -0.374559933432571
-0.361986589004666 0.873973178009332 -0.249706622288381
-0.361986589004666 0.873973178009332 -0.12485331114419
-0.361986589004666 0.873973178009332 2.77555756156289e-17
-0.361986589004666 0.873973178009332 0.249706622288381
-0.361986589004666 0.873973178009332 0.374559933432571
-0.361986589004666 0.873973178009332 0.499413244576761
-0.361986589004666 0.873973178009332 0.624266555720951
-0.361986589004666 0.873973178009332 0.749119866865142
-0.361986589004666 0.873973178009332 0.873973178009332
-0.233989941753499 -0.873973178009332 -0.873973178009332
-0.210192227546602 -0.752693327194769 -0.604989760528557
-0.233989941753499 -0.873973178009332 -0.499413244576761
-0.233989941753499 -0.873973178009332 0.249706622288381
-0.260494776688638 -0.750827684853358 0.47571856092862
-0.233989941753499 -0.873973178009332 0.499413244576761
-0.220730575947476 -0.728854057179824 0.637871834007968
-0.233989941753499 -0.873973178009332 0.624266555720951
-0.231214216359096 -0.711385383265153 0.74806613730638
-0.233989941753499 -0.873973178009332 0.749119866865142
-0.233989941753499 -0.749119866865142 0.873973178009332
-0.233989941753499 -0.873973178009332 0.873973178009332
-0.233989941753499 -0.624266555720951 -0.873973178009332
-0.239762679226603 -0.56040124356031 0.631232661289224
-0.207844574014438 -0.488227109247681 -0.747802134277706
-0.233989941753499 -0.499413244576761 0.749119866865142
-0.233989941753499 -0.499413244576761 0.873973178009332
-0.233989941753499 -0.374559933432571 -0.873973178009332
-0.233989941753499 -0.374559933432571 0.873973178009332
-0.233989941753499 -0.12485331114419 -0.873973178009332
-0.233989941753499 -0.12485331114419 0.873973178009332
-0.233989941753499 2.77555756156289e-17 0.873973178009332
-0.233989941753499 0.12485331114419 -0.873973178009332
-0.233989941753499 0.374559933432571 -0.873973178009332
-0.233989941753499 0.624266555720951 -0.873973178009332
-0.233989941753499 0.624266555720951 -0.624266555720951
-0.233989941753499 0.749119866865142 -0.749119866865142
-0.233989941753499 0.749119866865142 -0.873973178009332
-0.236931063879063 0.74318397315375 -0.597954761433446
-0.233989941753499 0.749119866865142 0.499413244576761
-0.245789741161015 0.752414375961131 0.613186542882426
-0.233989941753499 0.749119866865142 0.873973178009332
-0.233989941753499 0.873973178009332 -0.749119866865142
-0.233989941753499 0.873973178009332 -0.873973178009332
-0.233989941753499 0.873973178009332 -0.624266555720951
-0.233989941753499 0.873973178009332 -0.374559933432571
-0.233989941753499 0.873973178009332 -0.12485331114419
-0.233989941753499 0.873973178009332 0.12485331114419
-0.233989941753499 0.873973178009332 0.374559933432571
-0.233989941753499 0.873973178009332 0.499413244576761
-0.233989941753499 0.873973178009332 0.624266555720951
-0.233989941753499 0.873973178009332 0.749119866865142
-0.105993294502333 -0.873973178009332 -0.749119866865142
-0.105993294502333 -0.749119866865142 -0.873973178009332
-0.105993294502333 -0.873973178009332 -0.499413244576761
-0.105993294502333 -0.873973178009332 -0.12485331114419
-0.105993294502333 -0.873973178009332 0.12485331114419
-0.105993294502333 -0.873973178009332 0.249706622288381
-0.105993294502333 -0.873973178009332 0.374559933432571
-0.100684981528026 -0.75688205970168 0.496980258109767
-0.0913899307760578 -0.739421444962378 0.62510045341656
-0.105993294502333 -0.873973178009332 0.624266555720951
-0.105993294502333 -0.749119866865142 0.749119866865142
-0.105993294502333 -0.873973178009332 0.749119866865142
-0.105993294502333 -0.749119866865142 0.873973178009332
-0.105993294502333 -0.873973178009332 0.873973178009332
-0.125446058774756 -0.647781454197969 -0.752612768464101
-0.105993294502333 -0.624266555720951 0.873973178009332
-0.105993294502333 -0.374559933432571 0.873973178009332
-0.105993294502333 -0.249706622288381 -0.873973178009332
-0.105993294502333 -0.249706622288381 0.873973178009332
-0.123423472433967 -0.130422312938815 -0.11454084593127
-0.0963547272871219 -0.120371759200024 0.114002092880957
-0.086276347335128 0.0100813549503853 -0.157548772426624
-0.0996901330028396 -0.0378658005380462 -0.00246108907832719
-0.105993294502333 0.12485331114419 2.77555756156289e-17
-0.105993294502333 0.249706622288381 2.77555756156289e-17
-0.0846619094656146 0.218779912529005 0.136394890863598
-0.105993294502333 0.249706622288381 0.873973178009332
-0.105993294502333 0.374559933432571 -0.873973178009332
-0.105993294502333 0.374559933432571 0.873973178009332
-0.115607734330001 0.469036043752476 -0.759094732304077
-0.105993294502333 0.499413244576761 -0.873973178009332
-0.105993294502333 0.499413244576761 0.873973178009332
-0.110726198930271 0.637526955254912 -0.750915629987984
-0.105993294502333 0.624266555720951 -0.873973178009332
-0.110880443116202 0.586425552416191 0.751629007242029
-0.105993294502333 0.749119866865142 -0.873973178009332
-0.0883842967996418 0.744005484134623 -0.63509472548812
-0.105993294502333 0.749119866865142 -0.499413244576761
-0.105993294502333 0.873973178009332 -0.873973178009332
-0.105993294502333 0.873973178009332 -0.624266555720951
-0.105993294502333 0.873973178009332 -0.249706622288381
-0.105993294502333 0.873973178009332 0.249706622288381
-0.105993294502333 0.873973178009332 0.499413244576761
-0.105993294502333 0.873973178009332 0.624266555720951
-0.105993294502333 0.873973178009332 0.873973178009332
0.0135514307712907 -0.752656248198121 -0.748915736535873
0.0220033527488336 -0.873973178009332 -0.624266555720951
0.0220033527488336 -0.873973178009332 -0.249706622288381
0.0220033527488336 -0.873973178009332 0.249706622288381
0.0220033527488336 -0.873973178009332 0.374559933432571
-0.00645245210513827 -0.766800350047519 0.702890411852344
0.0220033527488336 -0.873973178009332 0.749119866865142
0.0220033527488336 -0.749119866865142 0.873973178009332
0.0220033527488336 -0.873973178009332 0.873973178009332
0.0220033527488336 -0.624266555720951 -0.873973178009332
0.0220033527488336 -0.624266555720951 0.873973178009332
0.0220033527488336 -0.374559933432571 -0.873973178009332
0.0220033527488336 -0.374559933432571 0.873973178009332
0.0276986922803213 -0.340444384111921 -0.134257629968066
0.0264683645680436 -0.248247994785124 -0.273060385306167
0.0306748938998694 -0.249052231373426 2.63972652722915e-05
0.0220033527488336 -0.249706622288381 0.873973178009332
0.007187692937055 -0.125558148683151 -0.374496076145868
-0.013998116915762 -0.114602938907311 0.251374170056814
0.0447752317537974 -0.160620481924861 0.35537286637637
0.0260215273473543 0.0151266354195062 -0.265616551575559
0.0581390335534277 -0.0439964506937846 -0.133702208437216
0.0136964977051328 0.0150270020863614 0.0176621576959239
0.0229519877799905 0.00626290711570749 0.205234889970798
0.00205243629612183 0.0100547151042356 0.379193425916038
0.0220033527488336 0.12485331114419 -0.249706622288381
0.0471401416093141 0.125313852136296 -0.370548470507622
0.0249944527200598 0.122880968289494 -0.11616283916671
0.0355940631163348 0.121790740485094 0.00517927334778557
0.0338141552233492 0.142833359967399 0.130268054603017
0.00609759982445628 0.162272654934748 0.41057336350794
0.0358538489300753 0.243906923911398 -0.2730726611369
0.00609491509799768 0.251502132036987 -0.120162338691574
0.00361788375846521 0.230696539409204 0.024374268181333
-0.00145251661314071 0.275806301574349 0.253395031485126
-0.0194177585594275 0.393742681597307 -0.00190866574710679
0.0220033527488336 0.499413244576761 0.873973178009332
0.0220033527488336 0.624266555720951 -0.749119866865142
0.0220033527488336 0.624266555720951 -0.873973178009332
0.0220033527488336 0.749119866865142 -0.873973178009332
0.0592732785569091 0.748361597624742 -0.584347233090506
0.0220033527488336 0.749119866865142 0.873973178009332
0.0220033527488336 0.873973178009332 -0.749119866865142
0.0220033527488336 0.873973178009332 -0.873973178009332
0.0220033527488336 0.873973178009332 -0.499413244576761
0.0220033527488336 0.873973178009332 -0.374559933432571
0.0220033527488336 0.873973178009332 0.374559933432571
0.0220033527488336 0.873973178009332 0.624266555720951
0.0220033527488336 0.873973178009332 0.749119866865142
0.15 -0.749119866865142 -0.873973178009332
0.15 -0.873973178009332 -0.873973178009332
0.152746913204621 -0.750785417105236 -0.640983270181843
0.15 -0.873973178009332 -0.499413244576761
0.15 -0.873973178009332 -0.12485331114419
0.15 -0.873973178009332 0.12485331114419
0.15 -0.873973178009332 0.249706622288381
0.15 -0.873973178009332 0.624266555720951
0.15 -0.873973178009332 0.873973178009332
0.15 -0.624266555720951 -0.749119866865142
0.15 -0.624266555720951 0.873973178009332
0.15 -0.499413244576761 -0.873973178009332
0.164096077259665 -0.49441803182892 -0.623023748543853
0.0448687798269053 -0.462492261413504 0.717395939751619
0.137807545056701 -0.378541709086585 -0.0132811704542228
0.15 -0.374559933432571 0.873973178009332
0.15 -0.249706622288381 -0.873973178009332
0.157495925450669 -0.243471272163185 -0.355856556971368
0.138178856844484 -0.232236916078266 -0.131178353613615
0.159016913788747 -0.245029519204117 0.121060065877852
0.150792359916137 -0.134823746309158 -0.266404524434071
0.16994813378425 -0.135668715782852 -0.030065069873701
0.145557140936825 -0.0948642490152575 0.0865668901331284
0.16345901643193 -0.115120786318798 0.235895919616122
0.15 2.77555756156289e-17 -0.873973178009332
0.145277785355626 -0.00258561311877351 -0.368175917850083
0.184772515024232 -0.0154762836132551 -0.146128431810203
0.162465220576422 0.0392372038388204 0.134090507481919
0.15 2.77555756156289e-17 0.374559933432571
0.15 2.77555756156289e-17 0.873973178009332
0.162098588521077 0.133845207708895 -0.273133350642596
0.162398474574223 0.0968866721413126 -0.00812953698129546
0.156032377047156 0.100587806957323 0.248193602242751
0.214369682006024 0.25485583470727 -0.742911579240152
0.15 0.249706622288381 -0.873973178009332
0.166583827564456 0.248722311267479 -0.35349637159737
0.162039601550061 0.228560234667935 0.0146116014427654
0.170456052625037 0.204050806762572 0.144865730159094
0.152363042615214 0.246288827725734 0.349393057307705
0.15 0.249706622288381 0.873973178009332
0.150811376024498 0.256173323911834 0.747514864214252
0.158111088052404 0.368573192458887 -0.749532853710795
0.146915073008329 0.360699499548282 -0.259162776020991
0.153529046920069 0.384554747831521 -0.00509884275637286
0.152414973712311 0.357039035435779 0.236433369319296
0.15 0.374559933432571 0.873973178009332
0.15 0.499413244576761 -0.873973178009332
0.156795629631064 0.591596011885092 -0.593430620455938
0.15 0.624266555720951 0.873973178009332
0.134273771185188 0.739353440201459 -0.725768867021488
0.15 0.749119866865142 -0.873973178009332
0.151258374509015 0.692894827290898 -0.473667513906101
0.15 0.873973178009332 -0.873973178009332
0.15 0.873973178009332 -0.624266555720951
0.15 0.873973178009332 -0.499413244576761
0.15 0.873973178009332 -0.249706622288381
0.15 0.873973178009332 0.249706622288381
0.15 0.873973178009332 0.749119866865142
0.15 0.873973178009332 0.873973178009332
0.277996647251167 -0.749119866865142 -0.749119866865142
0.277996647251167 -0.873973178009332 -0.749119866865142
0.277996647251167 -0.873973178009332 -0.873973178009332
0.295686412560397 -0.754889371947901 -0.522651917690027
0.277996647251167 -0.873973178009332 -0.249706622288381
0.277996647251167 -0.873973178009332 0.499413244576761
0.21345021921187 -0.677841878354885 0.53618037890058
0.277996647251167 -0.749119866865142 0.873973178009332
0.277996647251167 -0.873973178009332 0.873973178009332
0.26751632862996 -0.636908159659975 0.744621898557274
0.277996647251167 -0.499413244576761 0.873973178009332
0.26871595375908 -0.345580003941952 0.110341220828098
0.284563060290484 -0.263179806602047 -0.00834569072726285
0.277996647251167 -0.12485331114419 -0.12485331114419
0.295254401328317 -0.127307473057529 0.0429200965001652
0.311770768112964 -0.127474394676859 0.341889983067119
0.290351068872438 0.0106249302481727 -0.262932060414757
0.275539554259451 0.0165360381591112 -0.00233566363189282
0.27057917196012 -0.0140484842633585 0.13520124091823
0.284758351402408 -0.000542979705621735 0.26408590306897
0.308613761815169 0.166406513428572 -0.264454528451299
0.259756464129669 0.137505442389727 0.0854874574841959
0.261275732451979 0.110959513136607 0.215309744106439
0.264662493073128 0.128283082408279 0.358606099966987
0.273286316565548 0.240219221116295 -0.122875329649706
0.269403962246323 0.226526373894286 0.240214514763043
0.274694111106943 0.348320031687326 0.13327874539675
0.277996647251167 0.374559933432571 0.873973178009332
0.277996647251167 0.499413244576761 -0.873973178009332
0.285342448613387 0.633469586220221 -0.692850220339572
0.277996647251167 0.624266555720951 -0.873973178009332
0.281718529478011 0.749158406930102 -0.751294530820512
0.277996647251167 0.749119866865142 -0.873973178009332
0.248657378323024 0.754187206705958 -0.590014247148866
0.271633623931708 0.72796667229933 0.621024403060442
0.277996647251167 0.873973178009332 -0.749119866865142
0.277996647251167 0.873973178009332 -0.873973178009332
0.277996647251167 0.873973178009332 -0.499413244576761
0.277996647251167 0.873973178009332 -0.374559933432571
0.277996647251167 0.873973178009332 0.249706622288381
0.277996647251167 0.873973178009332 0.499413244576761
0.277996647251167 0.873973178009332 0.873973178009332
0.405993294502333 -0.873973178009332 -0.749119866865142
0.405993294502333 -0.873973178009332 -0.873973178009332
0.405993294502333 -0.873973178009332 -0.624266555720951
0.405993294502333 -0.873973178009332 -0.499413244576761
0.405993294502333 -0.873973178009332 -0.12485331114419
0.405993294502333 -0.749119866865142 0.749119866865142
0.405993294502333 -0.873973178009332 0.749119866865142
0.405993294502333 -0.749119866865142 0.873973178009332
0.405993294502333 -0.873973178009332 0.873973178009332
0.405993294502333 -0.624266555720951 -0.873973178009332
0.407285736833612 -0.610785133658232 0.776046504517861
0.405993294502333 -0.624266555720951 0.873973178009332
0.405993294502333 -0.374559933432571 -0.873973178009332
0.405993294502333 -0.374559933432571 0.873973178009332
0.405993294502333 -0.249706622288381 -0.873973178009332
0.412761583012107 -0.182801994742579 -0.0217251481058407
0.389830317272714 -0.238915610667274 0.110419016073672
0.422986255172927 -0.00286744537815638 -0.228222905771197
0.421266478764072 -0.0197064719188363 -0.0194057516800142
0.400673804894293 -0.0509811823430479 0.132736448617979
0.367218307463788 0.118356326232017 -0.128098669103195
0.413081895421026 0.127542758571233 0.0117568972904611
0.405993294502333 0.12485331114419 0.873973178009332
0.405993294502333 0.249706622288381 -0.873973178009332
0.405993294502333 0.624266555720951 -0.749119866865142
0.405993294502333 0.749119866865142 -0.749119866865142
0.405993294502333 0.749119866865142 -0.873973178009332
0.407313803956335 0.750040843224166 -0.607566461985401
0.37562587407192 0.77523649628787 -0.498618278892039
0.405993294502333 0.749119866865142 0.873973178009332
0.405993294502333 0.873973178009332 -0.749119866865142
0.405993294502333 0.873973178009332 -0.873973178009332
0.405993294502333 0.873973178009332 -0.624266555720951
0.405993294502333 0.873973178009332 -0.374559933432571
0.405993294502333 0.873973178009332 -0.249706622288381
0.405993294502333 0.873973178009332 0.499413244576761
0.405993294502333 0.873973178009332 0.624266555720951
0.5339899417535 -0.873973178009332 -0.749119866865142
0.518920551123072 -0.729233512643664 -0.644989684563824
0.5339899417535 -0.873973178009332 -0.624266555720951
0.514136722069865 -0.728821445722808 -0.517184383562524
0.5339899417535 -0.873973178009332 -0.374559933432571
0.5339899417535 -0.873973178009332 2.77555756156289e-17
0.5339899417535 -0.873973178009332 0.249706622288381
0.5339899417535 -0.873973178009332 0.499413244576761
0.538158608073026 -0.739861089883372 0.627327692896101
0.5339899417535 -0.873973178009332 0.624266555720951
0.536186508897122 -0.755344210473018 0.740820355236765
0.5339899417535 -0.873973178009332 0.749119866865142
0.5339899417535 -0.749119866865142 0.873973178009332
0.5339899417535 -0.873973178009332 0.873973178009332
0.555920446580482 -0.629805663775278 -0.723114436098213
0.5339899417535 -0.624266555720951 -0.873973178009332
0.5339899417535 -0.624266555720951 0.624266555720951
0.5339899417535 -0.624266555720951 0.749119866865142
0.5339899417535 -0.624266555720951 0.873973178009332
0.532711890389885 -0.450047839402264 -0.757042878775114
0.5339899417535 -0.499413244576761 0.873973178009332
0.5339899417535 -0.374559933432571 -0.873973178009332
0.5339899417535 -0.249706622288381 0.873973178009332
0.5339899417535 0.12485331114419 0.873973178009332
0.5339899417535 0.249706622288381 0.873973178009332
0.5339899417535 0.374559933432571 -0.873973178009332
0.5339899417535 0.499413244576761 0.873973178009332
0.5339899417535 0.624266555720951 -0.873973178009332
0.527475203293924 0.629644030855998 -0.62426149238522
0.50642024291525 0.622558694193004 0.754837037032327
0.536631561975402 0.734683867208816 -0.750710637114506
0.5339899417535 0.749119866865142 -0.873973178009332
0.5339899417535 0.749119866865142 -0.624266555720951
0.5339899417535 0.749119866865142 -0.499413244576761
0.518982594630063 0.740355707344742 0.628507892660544
0.538106478979706 0.762183144633664 0.511534367183388
0.5339899417535 0.873973178009332 -0.749119866865142
0.5339899417535 0.873973178009332 -0.873973178009332
0.5339899417535 0.873973178009332 -0.624266555720951
0.5339899417535 0.873973178009332 -0.499413244576761
0.5339899417535 0.873973178009332 2.77555756156289e-17
0.5339899417535 0.873973178009332 0.249706622288381
0.5339899417535 0.873973178009332 0.12485331114419
0.5339899417535 0.873973178009332 0.374559933432571
0.5339899417535 0.873973178009332 0.624266555720951
0.693121770106624 -0.72591587089473 -0.723827236469868
0.661986589004666 -0.873973178009332 -0.749119866865142
0.661986589004666 -0.749119866865142 -0.873973178009332
0.661986589004666 -0.873973178009332 -0.873973178009332
0.66136267083503 -0.741220662486226 -0.602745717553642
0.661986589004666 -0.873973178009332 -0.624266555720951
0.642207448262061 -0.7444245803322 -0.474611322902353
0.661986589004666 -0.873973178009332 -0.499413244576761
0.674240871954984 -0.758124773252989 -0.365618935228368
0.661986589004666 -0.873973178009332 -0.12485331114419
0.661986589004666 -0.873973178009332 2.77555756156289e-17
0.661986589004666 -0.873973178009332 0.249706622288381
0.685013494551252 -0.713450447592902 0.399995007015913
0.661986589004666 -0.873973178009332 0.374559933432571
0.650370427085953 -0.739862906909438 0.606903331183794
0.661986589004666 -0.873973178009332 0.624266555720951
0.661736348383654 -0.750259052374563 0.748072819545993
0.661986589004666 -0.873973178009332 0.749119866865142
0.661986589004666 -0.749119866865142 0.873973178009332
0.661986589004666 -0.873973178009332 0.873973178009332
0.668776657863736 -0.629635458124212 -0.631691932945948
0.661986589004666 -0.624266555720951 0.624266555720951
0.666904394964787 -0.603061590807983 0.756506852663063
0.661986589004666 -0.624266555720951 0.873973178009332
0.646620367615257 -0.528761198992606 -0.750763086597845
0.661986589004666 -0.499413244576761 -0.873973178009332
0.661986589004666 -0.499413244576761 -0.624266555720951
0.637724016841511 -0.508906818455093 0.639708552455433
0.674525503442966 -0.377776924519881 -0.746789152127433
0.619032595413917 -0.384989850242113 0.75305803625633
0.646615113985202 -0.233562907354653 -0.751262616990723
0.661986589004666 -0.12485331114419 -0.873973178009332
0.661986589004666 2.77555756156289e-17 0.873973178009332
0.661986589004666 0.12485331114419 -0.873973178009332
0.661986589004666 0.12485331114419 0.873973178009332
0.687569457816433 0.278040907045378 -0.739065152634475
0.661986589004666 0.249706622288381 0.873973178009332
0.675904980294528 0.378956701416007 -0.762652197356887
0.661986589004666 0.374559933432571 0.873973178009332
0.683418052386508 0.487254509238398 -0.621209802757949
0.646630656292096 0.615546893237537 -0.728258278035793
0.661986589004666 0.624266555720951 -0.873973178009332
0.661986589004666 0.624266555720951 -0.624266555720951
0.656413859419753 0.624202692482991 0.64575398938673
0.661986589004666 0.624266555720951 0.873973178009332
0.651409435183002 0.738899911483044 -0.759072973765159
0.661986589004666 0.749119866865142 -0.873973178009332
0.663671541891091 0.745282139076933 -0.63044202225207
0.663469407530529 0.745635007817206 -0.492652630436238
0.661986589004666 0.749119866865142 -0.374559933432571
0.670772318283453 0.734107536393031 0.464463590399639
0.664339919684536 0.770894339361838 0.372903056515038
0.648576029325504 0.755656243047053 0.602211439352459
0.620610302162171 0.726020155967214 0.751268096295802
0.661986589004666 0.873973178009332 -0.749119866865142
0.661986589004666 0.873973178009332 -0.873973178009332
0.661986589004666 0.873973178009332 -0.624266555720951
0.661986589004666 0.873973178009332 -0.499413244576761
0.661986589004666 0.873973178009332 -0.374559933432571
0.661986589004666 0.873973178009332 0.249706622288381
0.661986589004666 0.873973178009332 0.374559933432571
0.661986589004666 0.873973178009332 0.499413244576761
0.661986589004666 0.873973178009332 0.749119866865142
0.796909706017895 -0.745463856030662 -0.738723247631588
0.789983236255833 -0.873973178009332 -0.749119866865142
0.789983236255833 -0.749119866865142 -0.873973178009332
0.789983236255833 -0.873973178009332 -0.873973178009332
0.789983236255833 -0.749119866865142 -0.624266555720951
0.789983236255833 -0.873973178009332 -0.624266555720951
0.789983236255833 -0.873973178009332 -0.499413244576761
0.789983236255833 -0.873973178009332 -0.374559933432571
0.789983236255833 -0.873973178009332 -0.12485331114419
0.785339188530434 -0.731597177069274 0.0202709054936963
0.789983236255833 -0.873973178009332 2.77555756156289e-17
0.789983236255833 -0.873973178009332 0.12485331114419
0.789983236255833 -0.749119866865142 0.374559933432571
0.789983236255833 -0.873973178009332 0.374559933432571
0.789983236255833 -0.873973178009332 0.499413244576761
0.775058497756656 -0.763518198416809 0.58753571516156
0.789983236255833 -0.873973178009332 0.624266555720951
0.790672594095634 -0.744357674156409 0.749808305048627
0.789983236255833 -0.873973178009332 0.749119866865142
0.789983236255833 -0.749119866865142 0.873973178009332
0.789983236255833 -0.873973178009332 0.873973178009332
0.771884497823118 -0.618583398605377 -0.755009519456081
0.789983236255833 -0.624266555720951 -0.873973178009332
0.796722997029381 -0.61658821415723 -0.629882319393087
0.808861547142273 -0.635771350927987 -0.48933873595264
0.792628846716975 -0.638907044844629 0.628143366100673
0.789983236255833 -0.624266555720951 0.749119866865142
0.789983236255833 -0.624266555720951 0.873973178009332
0.798781232124781 -0.490963467126694 -0.727250207670187
0.789983236255833 -0.499413244576761 0.624266555720951
0.789983236255833 -0.499413244576761 0.873973178009332
0.789983236255833 -0.374559933432571 -0.873973178009332
0.812379156302297 -0.257667059961572 -0.744592137610172
0.76749854242097 -0.262029971843871 0.765541977946929
0.789983236255833 -0.12485331114419 -0.749119866865142
0.789983236255833 -0.12485331114419 -0.873973178009332
0.789983236255833 -0.12485331114419 0.873973178009332
0.790707548375498 0.0214133012927128 -0.752621727529829
0.789983236255833 2.77555756156289e-17 -0.873973178009332
0.789983236255833 2.77555756156289e-17 0.873973178009332
0.799808618292371 0.132496766325519 -0.742072889919075
0.789983236255833 0.12485331114419 -0.873973178009332
0.789983236255833 0.12485331114419 0.873973178009332
0.809687459969118 0.0959667935114868 0.762959561875447
0.787731156501119 0.243019961305346 -0.748634250904266
0.789983236255833 0.249706622288381 -0.873973178009332
0.789983236255833 0.249706622288381 0.873973178009332
0.789983236255833 0.249706622288381 0.749119866865142
0.787641691329055 0.391464171543815 -0.741892950910875
0.783668272171966 0.35763020164744 0.751247362143033
0.789983236255833 0.374559933432571 0.873973178009332
0.763565402108955 0.520061312634536 -0.751714990616731
0.789983236255833 0.499413244576761 -0.873973178009332
0.794221536009865 0.494371160973678 -0.612546666924513
0.777445831542251 0.519520272287978 0.720493097840927
0.789983236255833 0.499413244576761 0.873973178009332
0.790030461109877 0.629625972424256 -0.751541514340261
0.789983236255833 0.624266555720951 -0.873973178009332
0.801194879210441 0.621920531955706 -0.623380792102678
0.792082376822131 0.617000723012254 -0.502884694575672
0.792295563448817 0.747819464349844 -0.745390387546634
0.789983236255833 0.749119866865142 -0.873973178009332
0.793620667613313 0.746539116596613 -0.622979823290505
0.789983236255833 0.749119866865142 -0.499413244576761
0.792827776299811 0.759570803306082 -0.374001572257107
0.78753344513784 0.734209853101387 0.347956957640203
0.757609450682398 0.726079660082108 0.74055873677155
0.789983236255833 0.873973178009332 -0.749119866865142
0.789983236255833 0.873973178009332 -0.873973178009332
0.789983236255833 0.873973178009332 -0.624266555720951
0.789983236255833 0.873973178009332 -0.499413244576761
0.789983236255833 0.873973178009332 -0.374559933432571
0.789983236255833 0.873973178009332 -0.249706622288381
0.789983236255833 0.873973178009332 -0.12485331114419
0.789983236255833 0.873973178009332 0.12485331114419
0.789983236255833 0.873973178009332 0.374559933432571
0.789983236255833 0.873973178009332 0.624266555720951
0.789983236255833 0.873973178009332 0.873973178009332
0.919805667266573 -0.745961771933341 -0.743904468063711
0.917979883506999 -0.873973178009332 -0.749119866865142
0.917979883506999 -0.749119866865142 -0.873973178009332
0.917979883506999 -0.873973178009332 -0.873973178009332
0.918170108557341 -0.749818880886437 -0.626135919329698
0.917979883506999 -0.873973178009332 -0.624266555720951
0.917979883506999 -0.749119866865142 -0.499413244576761
0.917979883506999 -0.873973178009332 -0.499413244576761
0.895079443353225 -0.727764673960455 -0.377032100126824
0.917979883506999 -0.873973178009332 -0.374559933432571
0.917979883506999 -0.749119866865142 2.77555756156289e-17
0.917979883506999 -0.873973178009332 2.77555756156289e-17
0.917979883506999 -0.873973178009332 0.12485331114419
0.909541967070017 -0.723223519631177 0.292734036052414
0.917979883506999 -0.873973178009332 0.249706622288381
0.917979883506999 -0.873973178009332 0.374559933432571
0.894198036249309 -0.756214026631427 0.49210846340292
0.917979883506999 -0.873973178009332 0.499413244576761
0.915580241177173 -0.745601129488681 0.615403165716239
0.917979883506999 -0.873973178009332 0.624266555720951
0.919393241684782 -0.727135839970891 0.749428245254745
0.917979883506999 -0.873973178009332 0.749119866865142
0.917979883506999 -0.749119866865142 0.873973178009332
0.917979883506999 -0.873973178009332 0.873973178009332
0.917979883506999 -0.624266555720951 -0.749119866865142
0.917979883506999 -0.624266555720951 -0.873973178009332
0.926344652897368 -0.605958516408101 -0.606321084557057
0.948896559367244 -0.64017264892796 -0.464415853182656
0.912306782136303 -0.473788216891272 -0.752697343000957
0.917979883506999 -0.499413244576761 -0.873973178009332
0.917979883506999 -0.499413244576761 0.624266555720951
0.917979883506999 -0.499413244576761 0.873973178009332
0.917979883506999 -0.374559933432571 0.873973178009332
0.917979883506999 -0.249706622288381 -0.873973178009332
0.916960080838722 -0.118848277381708 -0.738172326307309
0.917979883506999 -0.12485331114419 -0.873973178009332
0.917032306862577 -0.171843298626628 0.76223460573855
0.92244820994663 0.00961915419003165 -0.741651845224149
0.917979883506999 2.77555756156289e-17 -0.873973178009332
0.917979883506999 2.77555756156289e-17 0.749119866865142
0.917979883506999 2.77555756156289e-17 0.873973178009332
0.917979883506999 0.12485331114419 -0.749119866865142
0.917979883506999 0.12485331114419 -0.873973178009332
0.90822706900106 0.138495837379571 -0.630694916857178
0.915293685825949 0.125871323961541 0.745981173928045
0.935930180332598 0.0982469444994958 0.639754497301806
0.917979883506999 0.12485331114419 0.873973178009332
0.922795777641889 0.252305680825136 -0.748599969254385
0.917979883506999 0.249706622288381 -0.873973178009332
0.926713717391875 0.275768061352365 -0.612764745860198
0.92165589287696 0.253340302624913 0.746313286411607
0.9107501597741 0.234398977453095 0.620845294196902
0.917979883506999 0.249706622288381 0.873973178009332
0.903497257694424 0.393054738192977 -0.765882062591065
0.917979883506999 0.374559933432571 -0.873973178009332
0.925382965822583 0.380273215699241 -0.623183416594523
0.915161908280386 0.374329563595002 0.733861625711259
0.910475836854401 0.358123555499958 0.614250102345382
0.917979883506999 0.374559933432571 0.873973178009332
0.915213336794871 0.503665146825762 -0.752714553621106
0.917979883506999 0.499413244576761 -0.873973178009332
0.917979883506999 0.499413244576761 -0.624266555720951
0.917979883506999 0.499413244576761 -0.499413244576761
0.91876893255877 0.496877861228474 0.623550998699983
0.917979883506999 0.499413244576761 0.499413244576761
0.907102650892495 0.508342545549161 0.750507597940041
0.917979883506999 0.499413244576761 0.873973178009332
0.919750187369233 0.625683143043779 -0.748681144619311
0.917979883506999 0.624266555720951 -0.873973178009332
0.917979883506999 0.624266555720951 -0.624266555720951
0.934565647302383 0.613363495899373 -0.394134084226858
0.931564590674606 0.606262517588998 -0.235435755910371
0.919822276736599 0.634428130292207 0.410172516988604
0.926447412696387 0.631739192031971 0.631577366069453
0.917979883506999 0.624266555720951 0.873973178009332
0.916801790141807 0.74414056230885 -0.745817690189061
0.917979883506999 0.749119866865142 -0.873973178009332
0.917979883506999 0.749119866865142 -0.624266555720951
0.907357487653927 0.710145425952112 -0.51062476654907
0.89885814873312 0.720775493813129 -0.384009736332679
0.917979883506999 0.749119866865142 -0.249706622288381
0.914326434651942 0.733118727033955 -0.133818695032929
0.892393804713304 0.759069582466911 -0.0121638637625731
0.923436548747731 0.757572085258064 0.134034193433083
0.921742042132348 0.757110074139679 0.346057322190057
0.887931835107369 0.724894407119583 0.500298338893286
0.897274938606207 0.757780032754426 0.646116484431318
0.917979883506999 0.873973178009332 -0.749119866865142
0.917979883506999 0.873973178009332 -0.873973178009332
0.917979883506999 0.873973178009332 -0.624266555720951
0.917979883506999 0.873973178009332 -0.499413244576761
0.917979883506999 0.873973178009332 -0.374559933432571
0.917979883506999 0.873973178009332 -0.249706622288381
0.917979883506999 0.873973178009332 -0.12485331114419
0.917979883506999 0.873973178009332 2.77555756156289e-17
0.917979883506999 0.873973178009332 0.249706622288381
0.917979883506999 0.873973178009332 0.749119866865142
1.04156029496861 -0.746628259069641 -0.625888559312209
1.04597653075817 -0.873973178009332 -0.624266555720951
1.06329712117895 -0.750104902667161 -0.482793578974737
1.04597653075817 -0.873973178009332 -0.499413244576761
1.03742710400623 -0.706547501916235 -0.371179709453014
1.04597653075817 -0.749119866865142 -0.249706622288381
1.04597653075817 -0.873973178009332 -0.12485331114419
1.06467691673571 -0.749299336552626 0.0835848126153756
1.04597653075817 -0.873973178009332 0.12485331114419
1.05379887071266 -0.731360351898499 0.259874186030307
1.04597653075817 -0.873973178009332 0.249706622288381
1.0388437599849 -0.745528657297366 0.366092890361818
1.04597653075817 -0.873973178009332 0.374559933432571
1.04597653075817 -0.749119866865142 0.499413244576761
1.04597653075817 -0.873973178009332 0.499413244576761
1.04597653075817 -0.749119866865142 0.624266555720951
1.04597653075817 -0.873973178009332 0.624266555720951
1.04237141130783 -0.623975201821869 -0.741952675189619
1.04597653075817 -0.624266555720951 -0.873973178009332
1.03916781572559 -0.622846066897112 -0.625158879659606
1.05260000862605 -0.629465726462979 -0.486947104440622
1.02397685318343 -0.612755114996137 -0.25296012371979
1.05029374438878 -0.634778141185438 0.0029813692069081
1.04597653075817 -0.624266555720951 0.499413244576761
1.05662534556729 -0.626729020440962 0.685795708392802
1.04597653075817 -0.624266555720951 0.873973178009332
1.05543870311867 -0.494664211087807 -0.741161071768565
1.04597653075817 -0.499413244576761 -0.873973178009332
1.02290237250676 -0.490922307743672 -0.626667070255504
1.05521265424179 -0.511549894793913 -0.495200607763704
1.03646310967118 -0.518781231839089 -0.359064709976392
1.0573291871264 -0.522047606564394 0.143863924593888
1.05059947647285 -0.505132321144779 0.388674186280397
1.04152683092541 -0.370670240985724 -0.756085416356885
1.04597653075817 -0.374559933432571 -0.873973178009332
1.04564888229783 -0.351986626804811 -0.382793665018083
1.04597653075817 -0.249706622288381 -0.873973178009332
1.04023048183957 -0.24352451725977 -0.59855100010769
1.04597653075817 -0.12485331114419 -0.749119866865142
1.04597653075817 -0.12485331114419 -0.873973178009332
1.04406143816102 -0.128392651179925 -0.504534548744149
1.06952758723234 -0.105909743946914 0.501926894404712
1.06190709082991 -0.14218644946695 0.751300681092058
1.04597653075817 -0.12485331114419 0.873973178009332
1.04352304747677 -0.00203454229141158 -0.743910699572709
1.04597653075817 2.77555756156289e-17 -0.873973178009332
1.03750497405992 -0.0170062267963752 -0.616677554971939
1.04597653075817 2.77555756156289e-17 0.624266555720951
1.0423728492508 0.12797801013415 -0.746117557393858
1.04597653075817 0.12485331114419 -0.873973178009332
1.02987222418432 0.122289698769836 -0.613258153605198
1.04597653075817 0.12485331114419 -0.499413244576761
1.06090627419604 0.135910829271895 0.635050123055047
1.07150179514896 0.127547113370103 0.499422658679146
1.05644498297214 0.120610063056392 0.762175697203754
1.04597653075817 0.12485331114419 0.873973178009332
1.0409071083647 0.25038426041617 -0.746070271391888
1.04597653075817 0.249706622288381 -0.873973178009332
1.03740219716702 0.249790049324148 -0.622676125993364
1.0125778465276 0.246380163906265 -0.504303366246443
1.04597653075817 0.249706622288381 -0.374559933432571
1.04726363059848 0.250721142846004 0.628561264462709
1.04597653075817 0.249706622288381 0.499413244576761
1.04597653075817 0.249706622288381 0.749119866865142
1.04597653075817 0.249706622288381 0.873973178009332
1.04062289357706 0.375247535815461 -0.745502200377477
1.04597653075817 0.374559933432571 -0.873973178009332
1.03931423776529 0.371357196104776 -0.629224743422471
1.03530945374158 0.365968413847631 -0.514134279156093
1.04898008389724 0.376370852523156 -0.350189254940278
1.04597653075817 0.374559933432571 0.499413244576761
1.04597653075817 0.374559933432571 0.374559933432571
1.04300904222948 0.373938802074617 0.630438422324461
1.04177029288345 0.375014500834459 0.744492302511979
1.04597653075817 0.374559933432571 0.873973178009332
1.04179806686586 0.499361927592752 -0.745129042481093
1.04597653075817 0.499413244576761 -0.873973178009332
1.04597653075817 0.499413244576761 -0.624266555720951
1.03256729573287 0.501003812034274 -0.499006966553414
1.03970901941916 0.490708042523911 -0.378819785255058
1.06284178619586 0.489904421420606 -0.207709117932788
1.06271746751187 0.488132962199769 0.35565984078355
1.04597653075817 0.499413244576761 0.249706622288381
1.06276547214527 0.513484172526353 0.103098287429475
1.06707767637114 0.518617377487582 0.517131018972588
1.04597653075817 0.499413244576761 0.624266555720951
1.03220809064687 0.505375465005218 0.757697892283238
1.04597653075817 0.499413244576761 0.873973178009332
1.04045559752209 0.622615044380701 -0.74598684240168
1.04597653075817 0.624266555720951 -0.873973178009332
1.03748785394975 0.620374988419876 -0.625712033999016
1.02231528231175 0.611668119241767 -0.510218610207702
1.04281193644963 0.609680869832638 -0.378864740699299
1.0502601759705 0.618378082603089 -0.256145762547322
1.04597653075817 0.624266555720951 -0.12485331114419
1.05678000387511 0.621191487633018 -0.00390659785538924
1.04597653075817 0.624266555720951 0.12485331114419
1.05663195561946 0.622935837735809 0.240277316334478
1.04597653075817 0.624266555720951 0.374559933432571
1.00452984234789 0.631644973446312 0.511751057133943
1.04324374318155 0.616158447524978 0.625676042027831
1.04597653075817 0.624266555720951 0.749119866865142
1.03599109838761 0.739264970068513 -0.628835382530464
1.02557154890353 0.7268704935411 -0.524063085838842
1.0265534847908 0.724597510843243 -0.391466046420196
1.04377737410922 0.744024255536888 -0.254490857987449
1.05690028288881 0.765238955741088 -0.120088889967708
1.05627490185074 0.745619594504985 -0.0148376303224238
1.06850959812194 0.743480692637805 0.0968482467311641
1.03474689117804 0.746653363371777 0.233857511214758
1.05265600309146 0.757668237705014 0.377608859898154
1.04658642936584 0.740587252339644 0.594386027933689
1.04597653075817 0.873973178009332 -0.624266555720951
1.04597653075817 0.873973178009332 -0.499413244576761
1.04597653075817 0.873973178009332 -0.374559933432571
1.04597653075817 0.873973178009332 -0.249706622288381
1.04597653075817 0.873973178009332 -0.12485331114419
1.04597653075817 0.873973178009332 2.77555756156289e-17
1.04597653075817 0.873973178009332 0.12485331114419
1.04597653075817 0.873973178009332 0.374559933432571
1.04597653075817 0.873973178009332 0.624266555720951
1.17397317800933 -0.749119866865142 -0.624266555720951
1.17397317800933 -0.873973178009332 -0.624266555720951
1.17397317800933 -0.749119866865142 -0.499413244576761
1.17397317800933 -0.873973178009332 -0.499413244576761
1.17397317800933 -0.749119866865142 -0.249706622288381
1.17397317800933 -0.873973178009332 -0.12485331114419
1.17397317800933 -0.749119866865142 2.77555756156289e-17
1.17397317800933 -0.873973178009332 2.77555756156289e-17
1.17397317800933 -0.749119866865142 0.249706622288381
1.17397317800933 -0.873973178009332 0.249706622288381
1.17397317800933 -0.749119866865142 0.374559933432571
1.17397317800933 -0.873973178009332 0.374559933432571
1.17397317800933 -0.749119866865142 0.499413244576761
1.17397317800933 -0.873973178009332 0.499413244576761
1.17397317800933 -0.749119866865142 0.624266555720951
1.17397317800933 -0.873973178009332 0.624266555720951
1.17397317800933 -0.624266555720951 -0.749119866865142
1.17397317800933 -0.624266555720951 -0.873973178009332
1.17397317800933 -0.624266555720951 -0.624266555720951
1.17397317800933 -0.624266555720951 -0.499413244576761
1.17397317800933 -0.624266555720951 -0.374559933432571
1.17397317800933 -0.624266555720951 -0.12485331114419
1.17397317800933 -0.624266555720951 0.12485331114419
1.17397317800933 -0.624266555720951 0.374559933432571
1.17397317800933 -0.624266555720951 0.499413244576761
1.17397317800933 -0.499413244576761 -0.749119866865142
1.17397317800933 -0.499413244576761 -0.873973178009332
1.17397317800933 -0.499413244576761 -0.624266555720951
1.17397317800933 -0.499413244576761 -0.499413244576761
1.17397317800933 -0.499413244576761 0.499413244576761
1.17397317800933 -0.499413244576761 0.624266555720951
1.17397317800933 -0.499413244576761 0.873973178009332
1.17397317800933 -0.374559933432571 -0.873973178009332
1.17397317800933 -0.374559933432571 -0.624266555720951
1.17397317800933 -0.374559933432571 -0.374559933432571
1.17397317800933 -0.374559933432571 2.77555756156289e-17
1.17397317800933 -0.374559933432571 0.374559933432571
1.17397317800933 -0.374559933432571 0.624266555720951
1.17397317800933 -0.249706622288381 -0.499413244576761
1.17397317800933 -0.249706622288381 -0.249706622288381
1.17397317800933 -0.249706622288381 0.12485331114419
1.17397317800933 -0.249706622288381 0.249706622288381
1.17397317800933 -0.249706622288381 0.499413244576761
1.17397317800933 -0.249706622288381 0.749119866865142
1.17397317800933 -0.12485331114419 -0.749119866865142
1.17397317800933 -0.12485331114419 -0.873973178009332
1.17397317800933 -0.12485331114419 0.249706622288381
1.17397317800933 -0.12485331114419 0.374559933432571
1.17397317800933 -0.12485331114419 0.624266555720951
1.17397317800933 -0.12485331114419 0.873973178009332
1.17397317800933 2.77555756156289e-17 -0.749119866865142
1.17397317800933 2.77555756156289e-17 -0.873973178009332
1.17397317800933 2.77555756156289e-17 -0.624266555720951
1.17397317800933 2.77555756156289e-17 -0.374559933432571
1.17397317800933 2.77555756156289e-17 0.749119866865142
1.17397317800933 0.12485331114419 -0.749119866865142
1.17397317800933 0.12485331114419 -0.873973178009332
1.17397317800933 0.12485331114419 -0.624266555720951
1.17397317800933 0.12485331114419 -0.499413244576761
1.17397317800933 0.12485331114419 0.249706622288381
1.17397317800933 0.12485331114419 0.499413244576761
1.17397317800933 0.249706622288381 -0.749119866865142
1.17397317800933 0.249706622288381 -0.873973178009332
1.17397317800933 0.249706622288381 -0.624266555720951
1.17397317800933 0.249706622288381 -0.499413244576761
1.17397317800933 0.249706622288381 -0.374559933432571
1.17397317800933 0.249706622288381 -0.249706622288381
1.17397317800933 0.249706622288381 2.77555756156289e-17
1.17397317800933 0.249706622288381 0.249706622288381
1.17397317800933 0.249706622288381 0.12485331114419
1.17397317800933 0.249706622288381 0.374559933432571
1.17397317800933 0.249706622288381 0.624266555720951
1.17397317800933 0.249706622288381 0.749119866865142
1.17397317800933 0.249706622288381 0.873973178009332
1.17397317800933 0.374559933432571 -0.749119866865142
1.17397317800933 0.374559933432571 -0.873973178009332
1.17397317800933 0.374559933432571 -0.624266555720951
1.17397317800933 0.374559933432571 -0.499413244576761
1.17397317800933 0.374559933432571 -0.374559933432571
1.17397317800933 0.374559933432571 -0.249706622288381
1.17397317800933 0.374559933432571 -0.12485331114419
1.17397317800933 0.374559933432571 0.12485331114419
1.17397317800933 0.374559933432571 0.249706622288381
1.17397317800933 0.374559933432571 0.374559933432571
1.17397317800933 0.374559933432571 0.499413244576761
1.17397317800933 0.374559933432571 0.624266555720951
1.17397317800933 0.374559933432571 0.749119866865142
1.17397317800933 0.374559933432571 0.873973178009332
1.17397317800933 0.499413244576761 -0.749119866865142
1.17397317800933 0.499413244576761 -0.873973178009332
1.17397317800933 0.499413244576761 -0.624266555720951
1.17397317800933 0.499413244576761 -0.499413244576761
1.17397317800933 0.499413244576761 -0.374559933432571
1.17397317800933 0.499413244576761 -0.249706622288381
1.17397317800933 0.499413244576761 -0.12485331114419
1.17397317800933 0.499413244576761 2.77555756156289e-17
1.17397317800933 0.499413244576761 0.499413244576761
1.17397317800933 0.499413244576761 0.624266555720951
1.17397317800933 0.499413244576761 0.749119866865142
1.17397317800933 0.499413244576761 0.873973178009332
1.17397317800933 0.624266555720951 -0.749119866865142
1.17397317800933 0.624266555720951 -0.873973178009332
1.17397317800933 0.624266555720951 -0.624266555720951
1.17397317800933 0.624266555720951 -0.499413244576761
1.17397317800933 0.624266555720951 -0.374559933432571
1.17397317800933 0.624266555720951 -0.249706622288381
1.17397317800933 0.624266555720951 0.12485331114419
1.17397317800933 0.624266555720951 0.374559933432571
1.17397317800933 0.624266555720951 0.624266555720951
1.17397317800933 0.624266555720951 0.749119866865142
1.17397317800933 0.624266555720951 0.873973178009332
1.17397317800933 0.749119866865142 -0.624266555720951
1.17397317800933 0.749119866865142 -0.499413244576761
1.17397317800933 0.749119866865142 -0.374559933432571
1.17397317800933 0.749119866865142 -0.249706622288381
1.17397317800933 0.749119866865142 -0.12485331114419
1.17397317800933 0.749119866865142 0.374559933432571
1.17397317800933 0.749119866865142 0.499413244576761
1.17397317800933 0.873973178009332 -0.624266555720951
1.17397317800933 0.873973178009332 -0.499413244576761
1.17397317800933 0.873973178009332 -0.374559933432571
1.17397317800933 0.873973178009332 -0.249706622288381
1.17397317800933 0.873973178009332 -0.12485331114419
1.17397317800933 0.873973178009332 2.77555756156289e-17
1.17397317800933 0.873973178009332 0.249706622288381
1.17397317800933 0.873973178009332 0.499413244576761
0.149966949718189 -0.606261206881984 -0.307001919757711
0.149985966288275 -0.598176521141658 0.322146047082692
-0.547871397971286 -0.321970667375209 -0.27604670759731
0.646483478915406 -0.00838644176510264 0.252728818839005
0.219195979208373 0.466391081170957 -0.645341409582901
0.150003085293661 0.597799632095225 0.322764109384795
0.282175515941384 -0.292398072640684 -0.257084367594468
0.39703804716222 -0.360768845258946 -0.261126362143158
0.940280015955868 -0.351209261830287 0.618501876229503
0.352561482703968 0.647810146938364 0.734609534039027
-0.145086636574083 0.777988864465555 -0.155224840164232
0.0732607258461091 -0.294585374611925 0.400327757818162
-0.779132927961686 -0.441189924005961 0.241819119437789
1.17397317800933 -0.499413244576761 -0.187279966716285
-0.873973178009332 0.749119866865142 -0.686693211293046
0.263466012146572 0.578299813458028 0.662235466698673
0.352122829937049 -0.719571473556075 0.417721203319736
-0.041479165481351 -0.696713198831247 -0.592253278753985
-0.358625075293412 -0.539465669869177 -0.644155976150647
0.339017177346779 -0.15418079072193 0.181531149299368
-0.449107273965355 -0.617382500943987 -0.551374788734969
-0.107968194088272 -0.685860788692893 -0.468633209529824
0.094477200429432 0.654597728685402 0.602034928877431
0.88592117501374 0.0272853899291696 -0.0634400884687209
0.138482418092837 0.490687820768041 0.64189534919713
-0.0541871386802437 -0.31052060248739 0.330442949843034
0.3077498484204 0.426645401328955 0.690798031901518
0.828824054677823 0.583403844905692 0.50754868933496
-0.169991618127916 -0.873973178009332 -0.312133277860476
0.469991618127916 0.187279966716285 -0.873973178009332
0.597988265379083 0.873973178009332 -0.187279966716285
0.597988265379083 0.436986589004666 -0.749119866865142
0.26193295290104 -0.0642789611290362 -0.362326666344678
0.20689846762152 0.755245724830264 0.45664778876538
-0.415967106851399 0.733742693086975 0.0295648299583445
0.235124744295502 0.30223664583549 -0.248941328365004
0.8927401814337 -0.291719405288722 0.685096452973155
0.402922663086143 0.438896779896008 -0.787888660355916
-0.201823679721964 0.672707407434995 0.701527306233582
-0.375044940303639 -0.562742987437767 -0.776311285018749
-0.873973178009332 0.686693211293047 -0.436986589004666
-0.350284612501357 0.0808185446539788 -0.448642641595907
-0.584448624890202 -0.551846006181455 -0.711173372766408
-0.460384786584516 -0.496521627232639 -0.609957928589471
-0.290632959512874 -0.583179254422887 -0.504443099546861
0.0247785000000001 -0.37234081114419 0.207896155572095
0.828147618127916 0.12485331114419 -0.268151655572095
0.473884185361986 -0.161932586133419 0.474199254915574
0.292579727882271 0.212454296786004 0.589833027404071
0.759433930068069 0.183217887008497 -0.481545726089596
0.34199497087675 -0.873973178009332 0.249706622288381
0.344499538283397 -0.512608104092628 -0.632431705019462
-0.0419949708767496 -0.12485331114419 -0.873973178009332
-0.0419949708767496 -0.873973178009332 -0.873973178009332
-0.195220253023452 -0.76680854253879 -0.746804432818829
0.624462651240793 -0.234610670325841 0.728537459848833
0.697593731295961 0.555193240415223 0.406248750572361
0.667247309042117 0.278237312139122 -0.34921141832685
-0.629395477844842 0.259953697896085 -0.115404848968894
0.401440454879571 0.788240392454505 0.730851662786578
0.126755238865916 0.787520988058389 0.532120651327777
1.06974279538225 -0.436878686642064 0.501035673624914
0.651959692162268 0.76196818141674 0.025529953424919
0.0312821620545757 0.172329127121163 0.777380026363938
-0.117503624286643 -0.0219592568102731 -0.769894115975885
0.0885344619866509 0.746064073556685 0.762870484853234
1.09434772652189 -0.235777030696691 -0.126023932063666
0.789983236255833 -0.312133277860476 0.873973178009332
0.65608630538107 0.546859724077982 0.760543898059645
0.405993294502333 -0.873973178009332 -0.312133277860476
0.15 -0.873973178009332 -0.312133277860476
1.17397317800933 0.0624266555720952 0.873973178009332
1.17397317800933 -0.0624266555720951 0.499413244576761
1.17397317800933 -0.374559933432571 0.187279966716285
1.17397317800933 -0.374559933432571 -0.187279966716285
1.06756038702724 -0.767095791898573 -0.0617268707395378
0.917979883506999 -0.187279966716285 0.873973178009332
0.5339899417535 0.686693211293046 0.873973178009332
0.277996647251167 0.873973178009332 -0.187279966716285
0.0220033527488336 0.436986589004666 -0.749119866865142
-0.771359111302468 0.312726945305297 0.376333478783906
-0.873973178009332 0.499413244576761 -0.561839900148856
-0.873973178009332 -0.436986589004666 0.12485331114419
-0.873973178009332 -0.436986589004666 -0.873973178009332
1.0291334985285 -0.163002080164939 -0.387736266815811
-0.480073270564002 0.0908452672392489 0.241859973543062
0.261438026860201 -0.0371289017959458 -0.502959638359623
0.738476825553273 -0.265354075870997 0.166402914800951
-0.586776173303084 -0.348940480591215 -0.112398528446843
-0.303956045109144 0.0586452085125576 0.514933533262218
1.03741781321583 -0.215797270907786 0.358800972602037
0.677995895626904 -0.0514273054936294 0.113476881138397
-0.00621066981045269 -0.380230380941272 -0.723425727241767
-0.198767620399274 -0.0280693224567179 0.277775944745098
-0.561791220502323 -0.127004158405259 0.117240942221657
0.217432815460198 -0.281906284328461 0.471053764142164
0.291228101338579 -0.378579359188319 0.350981973265012
0.917979883506999 0.873973178009332 0.499413244576761
0.405993294502333 -0.873973178009332 0.12485331114419
0.405993294502333 -0.873973178009332 0.374559933432571
-0.489983236255832 -0.873973178009332 -0.374559933432571
-0.617979883506999 0.12485331114419 -0.749119866865142
0.5339899417535 -0.249706622288381 -0.873973178009332
0.397306750798469 0.481436899254675 0.76791644167024
0.290390379320262 -0.265154045371555 0.254960770817037
-0.361986589004666 2.77555756156289e-17 -0.873973178009332
-0.745976530758165 2.77555756156289e-17 -0.873973178009332
0.743117553406035 0.747700804856006 -0.122208895807403
-0.105993294502333 2.77555756156289e-17 -0.873973178009332
0.661986589004666 -0.374559933432571 0.873973178009332
0.780698733600004 -0.0137918130574574 -0.642999666237216
-0.360260304633079 -0.769861682079836 -0.494810842580751
1.02532720390356 -0.223629375157696 0.626073754696661
1.04597653075817 -0.873973178009332 -0.374559933432571
1.03216108553652 -0.32346523192404 0.747855174562149
1.06196912627177 -0.493303123012238 0.73476444683849
1.04597653075817 0.749119866865142 0.873973178009332
0.746456381960528 -0.302083121171769 -0.24196162153657
0.528855677900645 -0.458013491107342 -0.309218169476172
0.534761345849516 -0.748290595550549 0.356642030884555
0.129852546637276 0.243195171553191 -0.107311981513232
-0.258905565346608 0.58713069530787 0.769068495312924
-0.873973178009332 0.12485331114419 0.12485331114419
0.404971260354061 -0.0592134404266437 0.26890712256769
1.17397317800933 2.77555756156289e-17 0.374559933432571
-0.873973178009332 0.374559933432571 0.12485331114419
0.297941527520086 0.377672392867779 -0.025466193906237
1.17397317800933 -0.499413244576761 0.249706622288381
1.05585586965726 -0.489844196286929 -0.108620210307312
-0.354556380794105 0.490125342582537 0.719307246167991
-0.873973178009332 -0.499413244576761 0.249706622288381
-0.873973178009332 -0.499413244576761 -0.12485331114419
0.832947863597796 -0.570530231416979 0.00264181205975183
0.678489535429184 0.667846053191136 0.0238393426189155
0.0802577502849746 -0.739354810159585 -0.394397483998513
-0.0733738833566727 0.582370823621462 0.0742115946412048
0.831364859022446 -0.137153577885099 0.123665210873309
1.02514010797032 -0.354749739112368 0.273933598457115
0.477731326190932 -0.13027793138401 -0.778252960820982
0.817176654102074 0.604104510908221 0.252815848791374
0.644866509146222 -0.400500931785384 -0.295245110892373
0.571035592649869 -0.534199996169216 -0.0670272446438646
-0.237150177583465 -0.156924505903501 0.139854416280206
0.319334894754428 -0.158932970185293 0.474524438154406
-0.356875886140939 0.519125370709468 0.525204887095589
-0.249626448786601 0.314658699834561 0.766282482189013
-0.0491440778246543 0.374289794628299 -0.688934252972788
0.283899337241722 -0.448748528535596 -0.447441518770155
0.62586230508687 0.247146799191165 -0.171231232555364
0.584303625638653 -0.516119163198109 -0.372463955560925
-0.484259589106054 0.24495077641857 0.429119911473971
-0.638397408704729 0.279292112185669 0.0077778049502465
0.527147299899911 -0.448843349903469 0.0459332994011687
0.480753676204827 0.380365944745078 -0.32980639331852
0.636108674230891 -0.348392836484127 0.499333495488977
0.90738413468036 0.288657454872973 0.179095525588508
0.613569193493494 0.255819299063307 0.208600494499286
-0.599858462649009 0.24790515656716 -0.242625226605159
0.899398611538726 0.355049495912096 0.00929846075403874
-0.289587074935416 0.367805767497838 0.0220984874848506
-0.587437631176944 -0.366641097635691 0.0399375681628005
-0.170629383964946 -0.598717472300631 -0.310659832494108
0.633530062402252 0.605927039585045 -0.0834740944256793
-0.245106138254213 0.378294758776056 0.206266389639912
-0.155612857343736 0.352845960754614 0.577617257160269
-0.568066017743245 0.36349728090688 0.174289251912152
0.467378824468703 -0.369418600680952 -0.565529943800313
0.556412787143501 -0.349516059324541 -0.222555343521162
0.523427426538894 -0.0464623153400542 -0.658062129756338
0.705791888552633 -0.0401772762301979 0.565725163132708
-0.126693267008549 0.0351178209927622 0.547209584087856
-0.417139586745753 0.0549276673256369 0.554520268567768
-0.565435412250993 -0.0413102148363021 0.406051162665048
-0.35298144819219 -0.148503764690426 0.183277250585093
0.554295166882141 -0.159874434578205 0.39005294391855
-0.228159586565542 -0.174932589252492 0.415695239748122
-0.247553000818534 0.137048452538748 0.408881401516734
0.387559328192613 -0.161786641052263 0.555101491092151
0.849981858551151 0.157957449367363 0.399585940989465
0.274760379968682 -0.166553263505531 -0.673706014202403
0.868006278971245 0.125392034637954 -0.381060420135593
0.888069009013098 -0.105327315024478 -0.00847648252698142
0.0166527026698935 -0.392006806502125 0.371860115553455
-0.241838217322031 0.142611069101472 0.765044315956066
0.482379542191156 0.259719983269598 0.245906257254515
0.595915739060017 -0.391350546127108 -0.614565510851066
0.665538140716521 -0.484055926177225 0.514547656524607
0.796840535949105 -0.176440004833326 0.645449414275209
0.358996205604698 -0.126230725764665 -0.790295667982568
0.71428979685232 -0.135569274429438 -0.405581483221195
0.535767204419014 0.693429069535569 -0.302802164863412
-0.201367248873153 -0.773931613677505 -0.104754062786334
0.45041697087675 0.769856589004666 0.290142466716285
0.543595975282042 0.0914889905564736 0.538290987823702
0.540844887315346 -0.100506730964884 -0.5437578458074
0.402599744270002 -0.751551760349283 0.235852307981124
-0.113378834843308 -0.384495584357432 -0.149076149412924
-0.0833885233758323 -0.392859795929037 0.137401884400473
0.556112415247443 -0.563600816459846 -0.477614866217803
-0.386506276633863 -0.722933976999494 -0.0162416500429392
0.388122029298861 0.726868014888818 0.556566297911355
0.404106154076181 0.567123846360715 0.60122828710404
0.768618908741507 0.712073996653443 0.547843004619631
-0.281476245825749 -0.642824172027243 -0.791398824254597
0.0132283570249268 -0.666203324274645 -0.432683290360204
-0.389605304181733 0.351218618998155 -0.735691786829883
0.274469486683415 -0.40412868534281 -0.0638495236475409
0.0113574112045485 -0.577517441528053 -0.670204958705034
-0.0105249033856735 0.439246516970134 0.167610714991955
0.0242152491763228 -0.315754919971866 0.0899184228547825
0.154424350769954 0.41968695605098 0.778413621634891
1.02144615854066 -0.304177306848968 0.495593939850432
0.112100880293063 -0.501195283481165 0.278715424648226
0.608831136073628 -0.421271384918507 0.278788288248301
-0.633573056687641 -0.543845624767551 -0.0781954082736079
-0.492429627028127 0.0330637679860838 0.481688470755336
0.602619072295965 0.0437000934754909 -0.617923365488958
-0.58720717333363 0.0557426394878178 -0.3608782518155
-0.162692284495272 -0.600000449798217 -0.558348940274916
0.479587705325271 -0.742522181810562 -0.781464829943358
0.926735149558067 -0.355526477315998 -0.656690921223403
0.981978207132582 -0.749119866865142 0.436986589004666
-0.260062430368253 -0.149562505898465 -0.76038797337011
0.976607027268708 0.60792266962745 0.306886207262612
-0.535902158011991 0.330162113980308 0.649815771868422
0.934957355446305 -0.734794388574989 -0.180636297296596
0.8100834793247 -0.757834056463097 -0.288124475632105
0.606046385186522 -0.773286482574675 -0.695095031655979
0.493213422400109 0.511545769554429 -0.79731786984809
-0.243217739411372 -0.401961631972956 0.650106654577731
-0.681194132793353 0.237763688091716 -0.710773801817204
-0.675516684114943 -0.666208591070786 0.271546591983898
0.97953881764734 -0.497637297849783 0.00224738268272092
0.873829353943692 -0.668514717701065 0.537516164229598
0.452941788863444 -0.5425818550045 -0.721779187926985
0.257072649197653 0.0774688876067577 -0.130617134171284
0.056983761088784 -0.22633100187846 0.260057398014446
0.104645750842025 -0.411523762057707 0.118779221597551
0.0530594440365776 0.308634845061336 0.119517498098993
-0.423710698654563 -0.693351332660345 0.216443668593355
-0.561366013164752 -0.773822000732841 0.154486758603765
0.981978207132582 0.499413244576761 0.436986589004666
0.97027734486119 0.521158288700723 -0.303898937047357
-0.147538445664529 -0.193985937715151 -0.00282964510897016
-0.060245830951645 -0.257059043766548 -0.12386249764946
0.140608187540618 -0.337312730923308 -0.260547543160641
-0.563393305177059 0.662857014344456 0.162213204192538
-0.7206669865944 0.500205391685716 -0.0320603800034538
0.50150905387742 0.320658866880923 -0.0210526833099852
0.470676205503161 -0.120030302632397 0.342328706526941
0.134519701322037 0.0947041777980557 -0.443315015345413
-0.421331584100291 -0.291398808608414 0.124505241248732
0.219860373796379 -0.416125101385019 0.247005652009572
0.687576381221361 0.638398142860771 0.506127169251897
0.758206706048645 -0.673084609587053 0.507964202299047
0.0735211399900148 0.391570615193754 -0.676792202235343
0.103492140530437 0.210269138433019 0.245835298965562
-0.0493374592930518 0.121891925951972 -0.0644697261507197
-0.681978207132582 -0.561839900148856 0.12485331114419
-0.169991618127916 2.77555756156289e-17 -0.0624266555720951
0.853015356006823 -0.258101066243641 -0.570032235202039
-0.00257713000010749 -0.165500702583859 -0.159952298107827
0.873077640440223 -0.565092672738287 0.511016541497329
0.871076168482083 -0.525022993416654 0.279351408742309
0.0488341464168291 0.695013344869766 0.446040964269082
0.851594970690678 -0.0649217854905963 -0.687878529902116
0.347044288803676 -0.491453718311511 -0.774435446760944
0.188064552945146 0.690389987922824 0.757829467109896
0.259121720648091 0.370761398607248 -0.34854234066629
0.200922388476251 -0.766473382783278 0.783746472041683
0.101862610419052 0.111169560248011 0.344320242436044
0.0845200249332777 -0.678919151055175 0.757751380342122
-0.299360292531973 0.675793127683969 0.766413879664936
-0.29732795979582 0.774903676801161 0.707434959664554
-0.54716804123218 -0.622917389269145 0.565349013548279
-0.570512024886858 -0.635141193363648 -0.43626038011005
-0.786527770683141 0.376368081577858 0.585675113578462
-0.798792234136718 0.269280447918442 -0.175136011746881
-0.774332461982216 -0.22856747477027 -0.0498185631823643
0.1954681882371 0.777952343392642 0.129183127213478
0.871000497225308 0.737002755516944 0.224064398995916
0.576571734694612 0.359143613525066 -0.686754053768736
0.166572609880662 0.76022606503987 -0.134675008083292
0.0747251482291307 0.573069460803236 0.764412833538738
-0.774055922295006 0.0763893915975093 0.080760675867077
0.720125998022724 0.181143413949914 -0.239749782695847
0.723826975585909 0.175517972151404 0.26619469793486
-0.0686788057911962 0.0125820739211286 0.79047342576874
0.968203953423754 -0.519382014957121 0.779923624558902
0.860855956081223 -0.504302850618003 0.772193483512325
-0.0464751503964968 0.45741976887494 0.743345583757945
-0.670392244446156 -0.553925603978848 -0.619438160804105
0.551642442240401 0.784312122056228 -0.261967410323259
0.565206904361867 0.74881044889248 -0.135615581047712
-0.547728900126727 0.755978761048921 0.0705384115684578
-0.227779005021153 0.46194536695329 0.765999418296091
-0.78357823272702 -0.514402535913733 0.0836523382277919
-0.0688188590814913 -0.612352721145648 0.713096010227301
1.00889568976456 -0.269667408075788 -0.136588511203776
-0.242149174227557 0.465629769383178 0.297517740019268
0.910248443746105 -0.103496955771741 -0.307611428961483
-0.311176327651793 -0.113347262748399 -0.302743710742248
-0.338570687889127 0.107095007336205 -0.59411065628453
0.390766800925662 -0.118100916797066 -0.674929438874439
-0.373879629747507 0.111851674478141 0.107074225152057
-0.377213719415263 0.113677338549471 -0.0832996002018051
-0.379482162813985 -0.0873075032755311 0.0860251581018958
-0.381546624108723 -0.0938911554968504 -0.0696147967801378
-0.107649096006752 0.0989403798108445 0.675063336609478
-0.118752467193021 -0.0863023373724373 0.67437982170299
0.789862879485222 -0.0922108473026609 0.477774591978721
-0.191679208998503 0.0655992422521105 0.478894626859136
-0.494778105001852 0.0698333865290556 -0.475285894395103
-0.293746642678862 0.111892406943636 0.616077747382485
-0.331016624975168 -0.117684154277459 -0.5955442545875
0.608561577527343 -0.0695008014352846 0.612669507360934
-0.421313055643928 0.377604090702641 -0.0745188864827663
0.926234613057039 0.502545202662589 -0.112448204744083
-0.64383058102844 -0.487589561366555 0.0530537360369157
-0.638451875756529 -0.44537069370772 -0.0676926780307384
-0.13946254166873 0.283916559220792 -0.74166850493375
0.467065347875082 -0.274627064467294 -0.755230392262543
-0.0907974806765104 -0.264426883794046 -0.631459611152883
-0.32545373392908 -0.371382906242598 -0.622787550209766
0.687563561534758 -0.114381606841029 0.668922850539881
0.716472164327486 0.367242899492034 -0.0768320302416062
0.579144008851155 -0.176790858547 -0.789059548586556
0.309564361513798 -0.773495000116046 0.142989282978334
-0.232214964366909 -0.141868714537658 0.541733517863558
-0.00329045933167629 0.484530109717971 -0.154798755290162
0.759415742699751 0.212339841537059 0.471797950979002
-0.142777699211605 -0.212140135185897 0.488525716717587
0.611391450820853 0.222923255053745 -0.576313055755081
0.908299316441201 0.181461365344808 -0.272766777863894
0.0217835797492812 -0.227872787211559 -0.590794362783274
0.891719456373617 0.212627527897083 0.288893332423274
0.278484787316385 -0.228615558630793 0.590326113971236
0.994322787537264 0.115775616271738 0.359805677575062
-0.686091727292752 -0.403131741004508 0.270190611920793
-0.108531447282711 -0.0248347462789431 0.440291134180637
0.00159400883166776 0.0328745635802365 -0.789042783925335
-0.133357790512118 0.119457950003346 -0.771302048242094
-0.130167088252551 -0.176276345955557 -0.757754484612997
0.0178361868801528 -0.218598346317992 -0.764367936108714
0.428320276879661 0.383000094166057 0.663962785881555
0.446393647251167 -0.748839089004666 -0.190976655572095
0.137336483154337 0.108530341472202 -0.558037400177713
-0.449609884462009 -0.167776892739539 0.116825769076454
-0.725135701964004 0.206540934040326 -0.162486645623737
-0.47733144605394 -0.589097551640261 -0.288541019324795
0.693303352975776 0.642717276996019 -0.190300686451395
0.46115290660734 -0.759372645516973 0.0930679978883722
0.433535223246216 -0.780338174411745 -0.0401731484554349
-0.132988656752314 0.276183884928222 -0.462215587807633
-0.111990153483201 0.339057577402321 -0.592900043395993
0.0353521748164699 0.329225474183029 -0.548658969267755
0.551091152446741 0.307822004205546 -0.284374150979829
-0.282684224791387 -0.303391500091321 0.553882826439125
0.619991654492633 -0.324902948319418 -0.523453774557353
-0.562708045986284 -0.0956423014019368 0.0119178674976796
0.570321163046867 -0.115977868013156 0.733118919700464
0.591296925058706 -0.124294481483743 -0.690232629567571
-0.260129148200151 0.121802625865885 -0.707346332864636
0.567749070926472 0.437546685830868 -0.291441067580217
0.849193294056738 -0.00129711838439255 0.249618743738622
0.16212390034526 -0.270550341750147 -0.489433466157558
0.380132580054543 -0.248503529586576 0.639749900178549
-0.475281521166136 -0.370386948875659 0.0618538280994044
-0.21337234954653 -0.310059491716337 -0.740897512492631
-0.285850320959171 0.219419622335627 -0.765281458677943
0.313609530994282 -0.61200465562577 0.11714758408834
0.565988673275807 0.119956997869736 -0.520607728495687
0.670279607693405 -0.545309582505853 -0.417581679106822
0.707377257988782 -0.358884749118823 0.256447272494781
0.0354603249309429 0.635537963323287 0.109531184580583
0.0378263151795301 0.631226881480959 -0.136676924349242
0.937711423723342 -0.610815185360972 0.423320210675635
0.405993294502333 -0.873973178009332 0.561839900148856
0.405993294502333 0.561839900148856 -0.873973178009332
0.405993294502333 0.436986589004666 -0.873973178009332
0.405993294502333 0.436986589004666 0.873973178009332
0.405993294502333 0.312133277860476 0.873973178009332
-0.617979883506999 0.312133277860476 -0.873973178009332
-0.603090170744459 -0.617918166584554 -0.315746710683004
0.277996647251167 0.873973178009332 0.686693211293047
0.5339899417535 -0.811546522437237 -0.873973178009332
0.15 0.873973178009332 0.561839900148856
0.277996647251167 -0.436986589004666 -0.873973178009332
0.251150780166869 -0.62361824847109 -0.697458867387257
0.277996647251167 -0.873973178009332 0.686693211293047
0.0220033527488336 -0.811546522437237 -0.873973178009332
0.15 -0.873973178009332 -0.686693211293046
-0.0904481482658936 -0.768055345443115 -0.698968167888866
0.0220033527488336 -0.873973178009332 -0.811546522437237
-0.224449507700515 0.75734862229195 -0.45137385001256
-0.233989941753499 0.561839900148856 0.873973178009332
-0.228458218158726 0.737696291369736 -0.306606877791645
-0.766966003993093 0.373782271458097 -0.383345593794236
-0.244922114497327 -0.793150006214715 0.36412016957021
0.805754532116736 -0.0533476060911061 0.733402922331357
0.5339899417535 0.873973178009332 -0.312133277860476
0.5339899417535 -0.0624266555720951 -0.873973178009332
0.5339899417535 0.0624266555720952 -0.873973178009332
0.277996647251167 -0.312133277860476 -0.873973178009332
0.277996647251167 -0.0624266555720951 -0.873973178009332
-0.018192719752005 -0.269570350458057 0.176487689540294
0.0318021706055657 -0.158494793358167 0.127881265888896
0.274399010234984 -0.177986090184037 -0.393444799036262
0.15 0.873973178009332 0.436986589004666
0.0220033527488336 0.312133277860476 -0.873973178009332
0.0220033527488336 0.436986589004666 -0.873973178009332
0.0220033527488336 0.312133277860476 0.873973178009332
-0.233989941753499 -0.873973178009332 0.0624266555720952
-0.105993294502333 0.0624266555720952 0.873973178009332
-0.233989941753499 0.436986589004666 0.873973178009332
-0.233989941753499 -0.873973178009332 -0.0624266555720951
-0.233989941753499 -0.873973178009332 -0.187279966716285
-0.0866170343732949 -0.279258131270492 0.077246077201246
-0.105993294502333 0.873973178009332 0.0624266555720952
-0.105993294502333 0.873973178009332 -0.0624266555720951
-0.7577354657566 0.541320680561817 0.0960334366602484
0.287068032981431 0.14193619472104 -0.75474788842514
-0.105993294502333 -0.0624266555720951 0.873973178009332
0.172264071970246 0.789913812177005 0.647287191191303
0.277996647251167 -0.561839900148856 -0.873973178009332
-0.756674871648715 0.399436941870352 -0.556847350533911
0.516972872682233 0.794996968523959 -0.359472154341059
0.667822142187291 0.673767736413001 0.370799368408985
0.661986589004666 0.873973178009332 -0.0624266555720951
0.661986589004666 0.873973178009332 0.0624266555720952
0.661986589004666 0.312133277860476 -0.873973178009332
1.03014901186425 -0.422658214018996 0.614107949717996
1.04597653075817 -0.436986589004666 0.873973178009332
1.07025048888392 -0.536265431669762 0.588421672800037
0.324670351331855 0.486004410111887 -0.00435761281531192
0.126641673067328 -0.271879666024474 -0.742974790490206
-0.0729618706049376 -0.781290706635724 -0.00624404467571996
0.550357678549453 0.372966367627472 -0.404389851115647
-0.394272290760205 -0.334551696861675 0.00439135519650504
0.598393726438847 -0.123627154546234 0.0798627939618072
0.600387996403223 0.118777328770966 0.0454451307418382
0.729504113852878 0.625910334352963 0.306310103482249
-0.0100316914297797 0.646533875227389 -0.450456775443981
1.01895094723132 0.264294229402357 -0.252517659520001
-0.440990235089338 -0.258243596028411 0.251865210398708
0.0287517624552068 0.513680979481914 -0.0356526780501714
0.877525927236707 0.624266555720951 0.749119866865141
0.978042504525769 -0.239449171393908 -0.732910026028654
0.34199497087675 -0.749119866865142 -0.873973178009332
-0.0299219651760725 0.739584158084306 -0.735659654880435
-0.681978207132582 -0.374559933432571 -0.873973178009332
0.989053862425918 -0.49415037138723 0.244121161116388
0.981978207132582 -0.873973178009332 -0.249706622288381
0.981978207132582 -0.249706622288381 0.873973178009332
0.981978207132582 -0.499413244576761 0.499413244576761
0.853981559881416 -0.873973178009332 -0.249706622288381
0.469991618127916 0.873973178009332 -0.12485331114419
0.34199497087675 -0.873973178009332 -0.374559933432571
-0.0419949708767496 -0.873973178009332 -0.374559933432571
-0.297988265379083 -0.873973178009332 -0.374559933432571
-0.425984912630249 -0.374559933432571 -0.873973178009332
-0.553981559881416 -0.374559933432571 -0.873973178009332
-0.764235540482496 0.60837286830625 -0.350727169799166
-0.785474341807772 0.623412545307454 0.0117147149257703
0.848893720373737 0.509923166669271 -0.295422337423946
0.855814983476593 0.234599348511178 -0.498913485331302
0.975669066785403 -0.257119469540472 -0.463124740143743
-0.685258002378794 0.360342854045249 -0.215818007759575
0.34199497087675 0.249706622288381 0.873973178009332
0.30657325217404 0.233781583184115 0.089577207462837
0.34199497087675 -0.249706622288381 -0.12485331114419
-0.297988265379083 0.12485331114419 0.873973178009332
-0.428755632313299 0.133486204809462 -0.771715775327137
-0.425984912630249 0.12485331114419 0.873973178009332
-0.553981559881416 2.77555756156289e-17 -0.873973178009332
-0.783872734838344 -0.354677036023843 -0.645955794289239
-0.809974854383749 -0.873973178009332 -0.374559933432571
0.213998323625583 0.873973178009332 0.12485331114419
0.34199497087675 0.873973178009332 0.12485331114419
0.107903259139023 0.522529788062666 0.102868180196802
0.310455999944729 0.528832277443101 -0.75832381071361
-0.169991618127916 0.12485331114419 0.12485331114419
0.213998323625583 -0.249706622288381 0.873973178009332
0.186746490121709 -0.141654976343756 0.765846496947607
0.0860016763744169 0.873973178009332 0.12485331114419
0.0393756137019063 -0.0933575694390904 0.766216615267276
-0.432522899627687 0.0963610380829357 -0.35072615787886
0.332629112147464 -0.137663878364851 -0.242740715628612
0.196707683063544 -0.245678230746095 0.354639865728458
0.0345086457756204 -0.516417531432774 0.00719980492815316
0.725984912630249 -0.873973178009332 -0.249706622288381
0.597988265379083 -0.873973178009332 -0.249706622288381
0.590195764934596 -0.723947311021527 -0.251500014974015
0.597988265379083 0.499413244576761 -0.873973178009332
0.469991618127916 0.873973178009332 0.749119866865142
0.479285928676513 -0.347404827895209 0.725251285087227
0.469991618127916 -0.499413244576761 -0.873973178009332
0.34199497087675 0.873973178009332 0.374559933432571
0.213998323625583 0.374559933432571 -0.873973178009332
0.213998323625583 -0.873973178009332 0.374559933432571
0.0855431069439906 0.382477583309039 -0.137379400276174
-0.569317880782203 0.371512491587319 -0.75263381761148
-0.794606462818002 0.739394082507495 0.112528920265272
-0.659934214171448 -0.479651071784001 -0.759591970450048
0.719463026978134 -0.118420742286781 0.772962870921474
0.335802203264869 0.350751047469482 -0.257583471526054
-0.67580235087901 -0.373258085867023 -0.634182446866168
-0.687217048394352 -0.512342955240392 -0.396272881719689
0.213998323625583 0.749119866865142 0.873973178009332
0.213998323625583 -0.873973178009332 -0.624266555720951
-0.0383959323320902 0.726125999596699 0.737846995417735
-0.0419949708767496 -0.499413244576761 -0.873973178009332
-0.168115530331278 0.783183920775374 0.722759443117198
-0.169991618127916 0.873973178009332 -0.499413244576761
-0.403148835990916 0.755433147959947 0.730973566494481
-0.425984912630249 -0.624266555720951 -0.873973178009332
-0.478161123005414 -0.483060651528972 -0.72203873533457
-0.378621732693873 0.461737743774122 -0.628906223365403
0.713626844637575 -0.478401823710259 0.758011527999644
1.06810265910195 -0.372950291145616 -0.53506399672979
1.08881217030095 -0.425355620335104 0.251275083690253
1.10997485438375 -0.374559933432571 -0.12485331114419
1.10997485438375 2.77555756156289e-17 0.873973178009332
1.09096711322651 0.0058579597908351 0.488248861781249
1.08155882213352 -0.00224800899725674 -0.499371273683993
1.07534571286414 0.336888506092077 0.00264020221959206
1.05908457464638 0.0232929532783849 0.218125649104465
1.11316221206176 -0.143547486653428 -0.148801381517665
1.07864077632403 -0.139006010805914 0.121038852607764
0.620439771247138 -0.130450421158529 0.486125340643318
-0.19939740292063 0.105769837636184 0.569818693565652
-0.183866958523176 -0.254223120280734 -0.200939467150893
-0.500575227617549 0.286297807107379 0.0339498972501808
0.534442943004556 0.399427628289836 -0.516434663397722
0.54921627024589 -0.414939589690967 -0.0892053756428554
0.703231614886459 -0.398627399018029 0.398699988683595
-0.123651308122565 0.40899350524904 0.369430443315576
0.390970582544879 0.40351326192811 0.406884103666778
-0.373288613863776 0.418994150673504 -0.408650077574952
-0.0812318146725171 -0.408298474366364 -0.412439714752176
-0.387024493873435 -0.402689472915188 0.411421355732642
-0.0792722464721863 -0.42944710932788 0.390371061026059
0.737242874297767 0.399809765139216 -0.363759667990675
-0.489296610235457 -0.411477192587977 0.271827762502332
-0.184640989651954 -0.420399266057169 0.264276296249977
0.39281451103013 0.40397983794812 0.556228354823229
-0.235759177972659 -0.423131890091149 0.130331108767229
0.04268819360697 0.402096797833938 0.502919166970216
-0.203322201526762 0.411136960400165 -0.24484837278366
0.138958764204931 -0.814946964971449 -0.772792940953357
-0.600738880923039 0.694001966143327 -0.735883362698753
1.17397317800933 0.624266555720951 -0.0624266555720951
0.917979883506999 -0.0624266555720951 0.624266555720951
0.788757109829892 -0.741324365091517 0.461860785619519
0.198125576369252 -0.775096408419061 -0.405032869125528
-0.520700113991586 -0.718499108705902 0.294056565483097
-0.517491470963288 -0.735915406157868 0.0420546644307441
-0.873973178009332 0.624266555720951 -0.187279966716285
-0.873973178009332 0.624266555720951 -0.312133277860476
-0.873973178009332 -0.374559933432571 -0.686693211293046
0.766748825541878 -0.737452533054273 -0.154290473808974
1.17397317800933 0.686693211293047 2.77555756156289e-17
1.17397317800933 0.686693211293047 0.249706622288381
1.17397317800933 2.77555756156289e-17 0.561839900148856
1.17397317800933 -0.249706622288381 -0.686693211293046
0.902876460737368 -0.415890468842281 0.522903108109925
0.76251158122835 0.729838229882571 0.220459373430111
0.661986589004666 -0.811546522437237 0.499413244576761
-0.0845441819358862 -0.762571818528423 -0.235610171078564
-0.347253030087267 -0.797381970118934 0.264819455657568
-0.617979883506999 0.686693211293047 -0.12485331114419
-0.748595312099524 0.675250799376541 -0.246922349110912
-0.873973178009332 0.249706622288381 -0.436986589004666
-0.873973178009332 -0.561839900148856 -0.749119866865142
0.777917333434272 0.51042308558089 -0.446604554491761
0.92754541256387 -0.40320118516867 0.216446290524723
-0.683688399916109 0.685260707177446 0.125163099462429
-0.00954199513304677 0.621317859789128 -0.585758442888463
-0.374811162747551 -0.140380914813184 -0.695682530387757
-0.33804515819833 -0.437760316777636 -0.0965658163820396
1.17397317800933 0.499413244576761 0.312133277860476
1.17397317800933 0.499413244576761 0.187279966716285
1.17397317800933 -0.12485331114419 -0.187279966716285
1.17397317800933 -0.312133277860476 -0.12485331114419
0.804047800080409 -0.38003554556796 0.777133324399641
0.414103054997535 0.242382144890765 -0.067537201311568
0.411606667429574 -0.164294358315951 -0.148909131899887
0.301700599022618 0.18509585729251 -0.0198106515828313
0.138439892532463 0.258780198086509 -0.202554199884822
0.00713447935737503 -0.129382636052398 -0.0295877000475434
-0.105993294502333 0.187279966716285 -0.12485331114419
-0.873973178009332 0.811546522437237 -0.374559933432571
-0.873973178009332 0.249706622288381 -0.312133277860476
-0.873973178009332 0.187279966716285 -0.12485331114419
-0.873973178009332 -0.12485331114419 -0.312133277860476
-0.873973178009332 -0.312133277860476 0.249706622288381
1.07543778883953 0.488563691909329 -0.0615347570567223
1.17397317800933 -0.187279966716285 -0.12485331114419
-0.227050624520081 -0.0927116714268283 0.0134807464565755
-0.206040587180524 0.0134618872301403 -0.22670208160567
1.04597653075817 -0.249706622288381 -0.312133277860476
0.896197391204826 -0.568520981105004 -0.388224708469583
0.415959071514466 0.254249501626291 0.0514820255464894
0.384844844673905 0.244214555293402 0.182591573286285
-0.326683551546444 0.464561553147989 -0.138448961541992
0.783239643205876 0.0611200895374546 -0.12680882334929
0.540129054934031 0.190653122599867 -0.0292037446817615
0.794354740099843 0.0910927374934415 0.237362118951823
0.793402121399418 -0.0477449776656912 0.0124417909514315
0.552516236367519 -0.0796077812758396 -0.00956236942326309
0.529033493534119 0.0570782507137264 -0.0083934430858592
-0.873973178009332 0.0624266555720952 -0.12485331114419
0.73846276327842 0.00881125087465254 0.349706819702215
-0.454464892920867 -0.113194522927218 0.00397498904464948
-0.753189490856644 -0.303996721936683 0.268340062739429
0.154276726251959 -0.303775218553774 0.238214314915392
1.17397317800933 0.749119866865142 0.686693211293047
1.17397317800933 -0.12485331114419 -0.561839900148856
1.17397317800933 -0.436986589004666 0.749119866865142
0.935715409940781 -0.406323345993102 0.730608278517339
0.902435776128711 -0.296650595292438 0.792075215130699
0.924204400029566 -0.617185923590063 0.689048681655516
0.66076719487947 -0.62433208024875 -0.789266874310956
0.295564979393047 -0.762050682768926 -0.643710783535556
-0.252468039289501 -0.611989141926594 -0.668493930809368
-0.373844110606506 0.689521743576346 0.7431667588933
-0.373402355147309 -0.488978061333231 0.725668050783763
-0.616577057290954 0.797693469025575 -0.119358500914619
-0.620131520213823 -0.454483876059601 -0.620282288317975
-0.873973178009332 0.249706622288381 -0.561839900148856
0.926095768062617 -0.140134067619319 -0.607384056656725
0.865532812239992 -0.477995736069004 -0.616092583517773
1.17397317800933 0.749119866865142 0.187279966716285
1.17397317800933 -0.499413244576761 0.0624266555720952
1.17397317800933 -0.499413244576761 -0.0624266555720951
1.03469889778118 -0.633336858413503 0.202550359690124
0.934530957353946 -0.627789988468383 0.0687882270816996
0.890542066463756 -0.642719142924951 -0.294573880375962
-0.873973178009332 -0.187279966716285 -0.624266555720951
-0.873973178009332 -0.312133277860476 -0.624266555720951
-0.873973178009332 -0.499413244576761 -0.312133277860476
-0.873973178009332 -0.499413244576761 -0.0624266555720951
0.755866051862676 0.732401761971993 -0.279347241124899
0.914049988687033 -0.614378752847201 0.197816933318839
0.884902402891951 -0.63964361999655 -0.0790206978246444
1.17397317800933 -0.561839900148856 0.749119866865142
0.520552676181059 0.786421670392546 0.771786463320273
0.277593659215622 0.782841021460126 0.767454227644095
-0.873973178009332 0.749119866865142 -0.561839900148856
-0.185107828883293 -0.362903733581617 0.0546882628751455
0.332698191450652 -0.384379530936727 0.763586259154797
0.599047750276582 0.497788515758949 0.118478969294403
0.459192867074997 -0.358613774502451 0.101022311850648
-0.0566551651702359 0.321038071535366 -0.343697772063638
0.569667904085345 -0.244705274195923 0.475813780463055
-0.395978377834908 0.134179573910319 0.420179819624459
0.0459258441051574 -0.774553322105229 -0.158017465084265
-0.480403044038021 0.526804753926971 0.390993119159357
-0.55859838049528 0.120893414727103 0.126501270422978
0.746574763017617 -0.0312257939518104 0.211599544998951
0.713118252577579 0.536189145834652 0.553543616778534
0.638745098440093 -0.508885116760738 -0.532321906036647
0.122685434651126 0.24092299443588 -0.495086107166209
0.674125113082014 0.626737701275052 -0.339159159177526
-0.371319152435543 -0.612791960394867 0.339752060483484
-0.118839247690479 0.714684939248494 -0.256274847912381
0.299672377183325 0.348853465490708 0.351760982609442
-0.550392250451148 0.171888423490965 0.54929279678315
0.386978578307076 0.337558373200629 0.257094710869055
0.0521585487714303 -0.431220686954036 0.482572733458117
0.491385 -0.07944825 0.5618795
0.752246302843017 -0.493583192544931 -0.191767684941798
0.767725649207776 -0.510092331392147 -0.0603343919040889
0.46486669140462 0.507731577882837 0.0958060365047275
0.485414478117557 0.492804090310143 -0.0723788469024008
0.0146992968668024 -0.77430906382361 -0.519408057261397
-0.462288985128357 -0.360096705147815 0.176350690237273
0.636578120012345 0.420673974523003 -0.533596189869782
0.674281396623134 -0.437108669643882 0.000777065990369808
0.366655619726042 -0.653153556100061 -0.236229530656745
0.526122808798283 -0.232074150593533 0.0204638315367597
0.205802350832455 0.255952340843613 0.474944671718181
1.08475398324358 -0.261725205488968 -0.017700327469415
-0.26617544435795 0.298734112255742 -0.262775099774361
0.826315229195394 0.176814702282968 0.533753678537305
0.546968495148231 0.745017360292981 0.0891704766496687
0.0658331262840833 -0.100769157510159 -0.783077688188384
0.646506987967488 0.148515005471178 -0.440140212871432
0.722539265384199 -0.332298447190329 0.0189896551458227
-0.229595420005192 -0.0130272410210421 0.554734048477257
0.507218460938669 0.137600487922193 0.759232970947356
0.249653191326537 -0.769786132074938 0.272908945309514
-0.319896067155511 -0.698937144157663 -0.573000607181222
0.325649208558496 -0.288531111958449 -0.402290101579921
0.124618237690852 0.77737225966693 0.370677450119212
0.0163968468643426 0.164235481083345 0.607236073949003
0.616407579360227 -0.475672514541784 0.133688087274511
-0.402343015162437 -0.554555433519291 0.41872006448701
-0.470824569903028 -0.00498454233483674 0.627073388492559
-0.461237076970584 -0.458739617741969 0.405349922820982
0.30005580839028 -0.519922444909225 0.0240903176585069
0.917979883506999 -0.873973178009332 -0.12485331114419
0.917979883506999 -0.624266555720951 0.873973178009332
0.405993294502333 0.624266555720951 -0.873973178009332
0.40760366798928 -0.745469138057344 0.607051724182865
0.405993294502333 0.873973178009332 0.873973178009332
0.405993294502333 -0.499413244576761 0.873973178009332
-0.617979883506999 -0.873973178009332 0.249706622288381
-0.617979883506999 0.749119866865142 -0.873973178009332
-0.617979883506999 -0.873973178009332 -0.873973178009332
0.800811322859078 0.629032760301328 0.618720774958097
0.533165017849248 0.602597796366521 -0.749450749366277
0.277996647251167 -0.873973178009332 -0.499413244576761
0.5339899417535 -0.873973178009332 -0.873973178009332
0.277996647251167 0.624266555720951 0.873973178009332
0.277996647251167 -0.374559933432571 0.873973178009332
0.029337694648706 -0.386224535110673 0.0109334667313913
-0.105993294502333 0.873973178009332 -0.749119866865142
-0.105993294502333 -0.873973178009332 -0.624266555720951
-0.233989941753499 0.249706622288381 0.873973178009332
-0.489983236255832 -0.249706622288381 -0.873973178009332
-0.233989941753499 -0.873973178009332 0.12485331114419
-0.233989941753499 -0.749119866865142 -0.873973178009332
-0.233989941753499 -0.873973178009332 -0.749119866865142
-0.361986589004666 -0.12485331114419 -0.873973178009332
-0.489983236255832 0.873973178009332 2.77555756156289e-17
-0.745976530758165 0.873973178009332 -0.499413244576761
-0.489983236255832 2.77555756156289e-17 -0.749119866865142
-0.745976530758165 0.873973178009332 0.873973178009332
0.15 0.873973178009332 2.77555756156289e-17
-0.115585019880244 0.732256818197214 0.262552257764114
0.255115309872039 -0.625686874698987 -0.562442141039718
0.661986589004666 -0.873973178009332 -0.374559933432571
0.661986589004666 0.873973178009332 0.873973178009332
1.04597653075817 0.624266555720951 0.873973178009332
1.04597653075817 -0.873973178009332 -0.873973178009332
0.254655632052616 -0.113277173050971 -0.769040775226453
0.414937845086335 -0.330740398971749 -0.113278659367035
0.54085283955016 0.136223291717279 0.227286704297026
0.442402398698082 -0.68252348207766 0.0241127393577148
-0.0618174272335196 0.103175265819667 0.582524049890294
0.69354538512329 0.458806496576877 -0.488041566332533
-0.320438921734384 0.48314637391702 0.122685401876954
0.9699375990997 -0.378101290052996 -0.087252558289877
-0.395532330428256 0.564314507717766 0.115026667317739
0.404314567699748 0.55744953506288 0.40539148556061
0.399948140644188 0.545566430420291 -0.162941014684185
0.359824377772195 -0.563238876251201 -0.196805895742343
-0.119542213613808 -0.556977114442048 0.0175559509848959
-0.0455507829976366 -0.559155511048477 -0.41272069834488
0.512266999325985 0.567965762098648 -0.345071938941796
0.780290178028464 0.289388162872174 0.211580267140776
0.568465259997989 -0.0792654909930953 0.181027802341283
0.587907746937527 0.388767609582533 -0.59347752301387
0.792819825090319 0.625784277258323 0.399090121279631
0.789983236255833 0.624266555720951 0.873973178009332
0.777203116361554 -0.759605166443462 -0.459324188523622
0.395483177565861 -0.642425160993669 -0.758191404607882
0.159617882478981 0.523162547226145 -0.745694266385889
0.0220033527488336 0.624266555720951 0.873973178009332
-0.229904111876518 0.598734093622092 -0.739928963111902
-0.873973178009332 0.624266555720951 -0.12485331114419
1.17397317800933 0.873973178009332 -0.749119866865142
-0.873973178009332 -0.749119866865142 -0.873973178009332
1.17397317800933 -0.249706622288381 -0.374559933432571
1.17397317800933 -0.374559933432571 0.873973178009332
1.17397317800933 -0.873973178009332 -0.374559933432571
0.917979883506999 -0.374559933432571 -0.873973178009332
0.15 -0.374559933432571 -0.873973178009332
-0.631475915313291 0.48617165113334 -0.389258137571367
-0.617979883506999 -0.873973178009332 -0.374559933432571
-0.873973178009332 0.873973178009332 -0.374559933432571
-0.724326022430476 -0.360748869005402 0.392898724299409
1.17397317800933 0.624266555720951 0.249706622288381
1.17397317800933 0.12485331114419 -0.374559933432571
1.17397317800933 -0.249706622288381 -0.873973178009332
1.17397317800933 -0.249706622288381 2.77555756156289e-17
1.17397317800933 -0.624266555720951 -0.249706622288381
0.909169279239308 -0.753565919298463 0.127668618617427
0.789983236255833 0.873973178009332 0.249706622288381
0.789983236255833 0.873973178009332 2.77555756156289e-17
0.661986589004666 2.77555756156289e-17 -0.873973178009332
0.661986589004666 -0.249706622288381 -0.873973178009332
0.67226556507763 -0.129128648128378 -0.723994475559681
0.661986589004666 -0.873973178009332 0.499413244576761
0.5339899417535 -0.873973178009332 0.12485331114419
0.37373218073066 0.108139801840787 0.129789794153444
0.38292390230729 -0.00578033550296273 -0.125645305150412
0.137910652201252 0.117252697247479 -0.149904788151685
0.130672548054228 -0.026999681097838 -0.017691759892073
-0.105993294502333 -0.873973178009332 2.77555756156289e-17
-0.233989941753499 0.873973178009332 -0.249706622288381
-0.361986589004666 0.499413244576761 0.873973178009332
-0.361986589004666 -0.873973178009332 -0.12485331114419
-0.489983236255832 -0.873973178009332 0.12485331114419
-0.617979883506999 0.873973178009332 -0.12485331114419
-0.873973178009332 0.499413244576761 -0.249706622288381
-0.745976530758165 0.499413244576761 0.499413244576761
-0.873973178009332 0.374559933432571 -0.249706622288381
-0.873973178009332 0.12485331114419 0.249706622288381
-0.873973178009332 2.77555756156289e-17 -0.249706622288381
-0.873973178009332 0.12485331114419 -0.749119866865142
-0.873973178009332 2.77555756156289e-17 -0.873973178009332
-0.873973178009332 -0.249706622288381 -0.499413244576761
1.06375737094247 0.114955628883737 -0.262080475183483
1.17397317800933 0.12485331114419 2.77555756156289e-17
-0.211289426450263 -0.289201527757008 0.00623240334063379
0.782239726314658 -0.521938132100271 0.510351392785833
0.00529200692932781 -0.419839859837691 -0.251747973623144
0.410218971690331 0.390161842389621 9.67871245524943e-05
0.513471743851681 0.123173075421035 0.106939046139721
0.0220033527488336 2.77555756156289e-17 0.873973178009332
-0.873973178009332 0.12485331114419 2.77555756156289e-17
0.138125498861076 -0.00976411535958836 0.537830695978808
-0.492637126005747 -0.255316225951277 -0.662934226854372
-0.609264210418448 -0.250857523206323 -0.516795354214073
0.552961857404647 -0.00499369949563952 -0.114014666999451
0.421198196214055 -0.226672560662523 0.259209895625305
-0.716983478406948 -0.362814545529124 -0.00402621636933044
1.04597653075817 0.249706622288381 0.374559933432571
0.789983236255833 0.374559933432571 -0.873973178009332
0.5339899417535 0.374559933432571 0.873973178009332
0.277996647251167 0.873973178009332 0.374559933432571
-0.873973178009332 0.374559933432571 0.249706622288381
-0.873973178009332 0.374559933432571 0.624266555720951
-0.873973178009332 0.374559933432571 0.499413244576761
-0.745976530758165 0.374559933432571 -0.873973178009332
1.17397317800933 -0.499413244576761 -0.374559933432571
1.04597653075817 -0.624266555720951 0.374559933432571
0.904373533995757 -0.521108239538514 -0.512500240587471
0.789983236255833 -0.499413244576761 -0.873973178009332
0.5339899417535 -0.873973178009332 -0.499413244576761
-0.375128310040772 0.603577604297196 0.746895248288713
-0.477745388090797 0.75344664277769 0.15481160281885
-0.479423251821002 -0.629036504022409 0.637431417049578
-0.517194459635246 -0.746777949155943 -0.52436909629692
-0.873973178009332 0.873973178009332 -0.624266555720951
-0.745976530758165 0.749119866865142 -0.499413244576761
-0.725728430180944 0.747534414964279 -0.117400673099051
-0.751357112549214 -0.496640026325182 -0.0747415438702621
-0.873973178009332 -0.624266555720951 -0.499413244576761
-0.873973178009332 -0.873973178009332 0.749119866865142
0.787619474237781 0.73817188988562 0.10135149513342
0.405993294502333 0.624266555720951 -0.624266555720951
0.91568400563656 -0.000142672257781405 -0.6443998261593
0.538699834457339 -0.480810095001967 0.729910602557831
-0.623000378100563 0.752602800611737 -0.00944209430762988
0.438490871925472 -0.612959497251775 0.301102322696835
-0.296866290456469 0.617774980626997 0.129951011905823
-0.212825659955982 0.203703932311304 0.226654594035119
0.506175029513816 0.528982056838021 -0.241834463953347
0.814794983663253 -0.157096405307333 -0.536687833006529
0.538633952820074 -0.733207916966867 0.208217584420382
0.825532059126983 -0.0657044370145723 -0.562627534166291
0.894991618127916 1.38777878078145e-17 0.0624266555720951
0.924559466699164 0.0514151607991673 -0.288398437433258
0.0187550627247445 -0.0575589803422342 -0.62753822872743
0.982321724978391 0.0898967512102522 0.0667930119147168
0.980089382371732 -0.0577828477655859 0.0972541455354064
-0.680545029667015 -0.0577147310927024 0.0939629378275705
-0.188944095033406 -0.072636820446976 0.480821635195696
-0.171329089981138 0.0983417622042011 -0.495678007191715
0.470605589289422 0.0348069837837378 -0.503419353296521
0.788175780040189 0.0642691373397125 0.482525495130097
0.795884916344992 -0.0819150755535503 -0.472838077348975
0.435576764811585 0.0517971434483392 -0.674403884057249
-0.674952244365661 0.0798169525881245 0.118424068346798
0.91647210895669 0.0647721617230134 0.301927507390847
0.294223418193498 -0.0819774171857943 0.618808294171535
0.297619358107007 0.0593779101943529 0.61906692552072
0.60797200243937 0.0530965255322801 0.614404474169395
-0.60968370820248 0.0621561894096476 0.315758513744756
-0.328434665334016 -0.0662952878477684 0.602866580703766
0.787199648655418 -0.308819653121804 -0.102998808583322
0.74230760441535 -0.0372726342651496 -0.354628702915324
0.307026526004319 -0.152692666011031 0.679920680576614
0.22608095010205 -0.567910664647685 -0.39725010017048
-0.787270953174664 -0.0694338260581186 -0.0547244808656801
0.589251589321473 -0.074368468301782 -0.777369034614075
0.426432396870931 -0.0260455680009762 -0.74855979270819
-0.457227263070443 0.138608830118973 0.4988102772671
0.949873109904141 0.220445213960234 0.0894128995384148
0.950679784514922 -0.20506253546562 0.111821598040564
0.605215585255509 0.194843482942307 0.588170698823015
-0.590963254193707 0.157331425670358 -0.319443265413454
0.055283942742905 -0.0544605541082838 0.686994719153014
0.512019867907354 0.635035323227506 -0.19376685453618
0.599979081831716 -0.627313345489403 -0.057981489814774
0.579140125827568 -0.615384875689196 -0.172870120701977
0.564987270185437 -0.225875428274164 -0.330753489137706
0.837787349420864 0.15873087651304 0.153654081085722
0.219506280054872 -0.647934045677521 -0.445996709428646
-0.342105464646605 -0.488612269694392 0.522027156368807
0.594932267422161 0.504798831146409 -0.524212526997652
0.681226095534456 -0.475914242699048 -0.0943751510972942
0.289113990462175 -0.560198247234052 0.295323062788671
-0.496664841373128 -0.537226261100603 0.313922559017722
0.719490576215182 -0.367740878093763 -0.54221836991473
0.649650267671543 -0.00106248142712 0.489523955083593
0.271738681401141 -0.0264098914259225 -0.635109711229491
0.273910600338645 0.261995136037327 -0.577327507697487
0.413361118646021 0.262234544147711 0.62872483153351
0.389778171574984 -0.262217441007156 -0.632540075213538
-0.275059210048945 -0.247427518894372 -0.29161901666149
-0.53896899746858 0.0783802039867031 0.54735369227626
-0.137992456315124 0.686693211293047 0.873973178009332
-0.521982398068624 -0.686693211293046 -0.873973178009332
-0.520418097418896 -0.24674598015384 0.13870800210743
-0.333887019935209 -0.701973159095151 0.285603905516484
-0.0141748744631187 0.670048216954197 -0.19634419441352
0.364699418674944 0.65476037916356 -0.232473880791387
0.64973868046065 -0.474815527337295 -0.177505679688866
-0.640363228734446 0.117674384640844 0.504441642066163
0.104095625370947 -0.315240504035386 0.735930507653102
0.699065828386169 0.657261934347145 0.17431263199002
0.969581056661772 -0.349023540070784 0.0751300828176889
0.273155576859119 0.484765089091969 0.418993919175012
0.500549587668637 0.473853918359938 -0.356987774093225
0.6411585739153 0.41546188022317 -0.445010993254787
0.809591442328392 0.408577061348614 -0.235770058849738
-0.471226351689968 0.416798630349841 -0.297360199803316
-0.311551466999429 -0.384143927320993 0.487579936771077
-0.315639439790249 0.00546624336666921 -0.313767325682389
0.745066118411085 -0.332170530003343 -0.413856991792001
0.833147124437631 -0.407765601160611 0.190473555714083
0.96314138370164 -0.0718516657887195 -0.196491686009051
0.508548798091501 -0.29441045597559 0.595860623567081
0.333271405761708 0.101484580875752 -0.686737807011236
-0.678696561472245 0.0169493339219009 -0.125845615990017
0.0218621763531164 -0.000250505451780083 -0.696552716131177
-0.454281132099108 0.529117743413393 -0.00408362281738703
0.416469938968815 0.188721200332417 -0.522663458074378
0.981440259562671 0.561973134920069 -0.802667769796863
0.855267314129065 0.687023065452164 -0.802606948073114
0.980410579706432 0.685461309355953 -0.696291713805352
0.981971056636615 0.561838821266606 -0.69561132838131
0.981978207132582 -0.811546522437237 0.686693211293047
0.994335801812943 -0.810654271103035 0.573269137842887
0.971127220318311 -0.800752268405135 -0.800732043776118
0.981910102649558 -0.686676800973754 -0.802522700811723
0.981306477247514 -0.803141242826138 -0.686520252030767
0.98193148724984 -0.695742221655301 -0.68732547975496
0.855458880567387 -0.800269918716128 -0.799118133229999
0.854731384434603 0.686178552812837 -0.695566220496126
0.864993541706988 0.572347759651068 -0.801885714081907
0.860687221674829 0.564386771364937 -0.696129953555173
0.853831946711682 -0.808106500258363 0.696636675076348
0.86187672967188 -0.685209398770406 -0.800358471029731
0.855479628903856 -0.802588996999344 -0.684709835919423
0.866918878130688 -0.690869010570473 -0.683778230924218
0.469696575975612 0.695467471926561 -0.69810541204311
-0.681978207132582 -0.811546522437237 -0.811546522437237
-0.708803480238408 0.707635778592844 0.707579179160862
-0.679083453236465 -0.437156382474177 0.686107098666349
-0.681345705513795 -0.441927256011362 0.567481740330346
-0.678980441953395 -0.799047909552281 0.688639175608107
-0.688888473623802 -0.683264666821759 0.688937613481594
-0.677345449686466 -0.796748434680436 0.565859675335795
-0.690409607042901 -0.68663041603083 0.56178114098796
0.98035245193427 0.685040219307781 -0.802159267938678
-0.681978207132582 -0.811546522437237 -0.686693211293046
0.982179055720405 0.311953850390043 -0.803007702141887
0.981583372116263 0.188031891469887 -0.802442276427007
0.981717907599726 0.0646638244307487 -0.80166284746715
0.982571391850985 -0.0506103254215646 -0.807558902688117
0.995144424396321 0.692338622657385 -0.185920964198409
0.989893074448525 0.675623930755729 -0.306258734125658
0.988761157427696 0.427643180425707 0.686833932215149
0.988143477872622 0.439519423853036 -0.802854346588768
0.978251414544084 0.438990036693902 -0.688707810116699
0.981083648064676 0.310353358571301 0.685519967329095
0.981987876836501 0.312140843722964 -0.695691021629068
0.864239962110574 0.18687446753223 -0.802643675451165
0.974650686170705 0.191258586190334 0.688556569897657
0.980181463529755 0.191180782756445 -0.694324020132823
0.992059244837319 0.0743744369955937 -0.694383772944948
0.865283393867076 -0.0470024396028069 -0.797899263740003
0.851270110162584 -0.680432027096309 0.422333011845663
0.860763995855019 0.443250288249659 -0.689158124959314
0.864999784911648 0.301639416193027 -0.801903428605223
0.863643498743809 0.316839647752246 -0.696255947888233
0.866164024582621 0.204477716137776 -0.694600416934046
0.853981559881416 0.0624266555720952 -0.811546522437237
0.343597692944789 0.696722982818128 -0.804884597530628
-0.179992467566089 -0.804973987792583 0.689149453830864
-0.186135882918958 -0.806134931370659 0.577751856087099
-0.130662299844792 -0.788400654863876 -0.47549568276085
-0.425984912630249 0.686693211293047 -0.811546522437237
-0.29909862005214 0.698252279316332 -0.695089790561134
-0.294420644874335 -0.802947689982355 0.689808471567095
-0.300857161485232 -0.79885760331509 0.570657921127181
-0.297988265379083 -0.686693211293046 0.561839900148856
-0.439749598191512 -0.432686297647885 0.684547642729924
-0.42306820528401 -0.798766929396086 0.688018608862241
-0.421629852730395 -0.691285315394624 0.688575041429642
-0.425062977899008 -0.7994886773511 0.562571232234073
-0.410900228729278 -0.694482384218012 0.571653739329298
-0.554444863640487 -0.428396821964878 0.686881714771733
-0.564219558491893 -0.450161037067449 0.571804478529847
-0.550563401302877 -0.805082139612477 0.687502509818546
-0.551344088450409 -0.791945498343402 0.566612186400208
-0.553981559881416 -0.811546522437237 -0.436986589004666
-0.696946361159339 0.696957368700586 0.310354932661749
-0.680176846622659 0.172930322632737 0.693183613173772
-0.69141121280543 0.0623469428527255 0.695510628606814
-0.690436213959539 0.065372506431922 -0.681344952661412
-0.690667720445458 -0.0626273857124244 0.686717056695709
-0.69210406474529 -0.073095768164859 0.572486805817306
-0.690886941798985 -0.0621826591936203 -0.677313421373066
-0.679400508439978 -0.186173630914961 0.686954845574404
-0.688041480959841 -0.191223596387971 0.569345107230158
-0.681978207132582 -0.187279966716285 -0.811546522437237
-0.681978207132582 -0.187279966716285 -0.686693211293046
-0.678712719172977 -0.3115977808756 0.685374532124132
-0.690140759170859 -0.312399777816967 0.573246624911677
-0.675313464601372 -0.448814267399268 0.454328465496528
-0.6805336242734 -0.799074781139114 0.438482406004167
-0.677024215833074 -0.683234598100945 0.431733055851332
-0.692224272713602 -0.80188149996608 0.319245241965564
-0.693098821535734 -0.811039001781817 -0.0695272897966582
-0.681978207132582 -0.811546522437237 -0.187279966716285
0.986249205532263 0.696784840145756 -0.0629578196364865
0.990559909549038 0.69752139017182 0.0480031226633068
0.99304707336471 0.425950139310802 0.57237823302865
0.865227855559138 0.303631048701384 0.692723319797302
0.986850455141699 0.312228118997764 0.572503327588166
0.865405419414231 0.19768691068393 0.697943592250163
0.981978207132582 0.199331403994535 0.573891337427106
0.981806313999275 -0.570983507267718 -0.809277051665834
0.973080210483834 0.797472224786066 -0.443404939060451
0.970315486572245 0.799547260610408 -0.799640044948436
0.979817360987002 0.801139961499137 -0.685869409331282
0.982004718629594 -0.803191212445124 -0.561361462425216
0.983983682261746 -0.69737341972672 -0.56757963352931
0.852914293587043 0.804978469942668 -0.449895905192371
0.85346239479134 0.80052261280281 -0.80032609816762
0.854438207946209 0.80156928955108 -0.685273293843181
0.853981559881416 -0.561839900148856 -0.811546522437237
0.854599136704759 -0.808681932023246 0.800828587512042
0.844813975049287 -0.797787697559609 -0.567093866091947
0.859724030878663 -0.694559553265113 -0.565771880224184
0.736924846198095 0.696468721561316 -0.800773087006055
0.735581568656617 0.69569299804927 -0.687478382660131
0.724162449135395 -0.802490565586402 0.689664924607954
0.715991067317208 -0.699127772343535 0.697316951276621
0.740625588127274 -0.806191948105319 -0.794720128132631
0.72978440816035 -0.806306362104275 -0.680685461093317
0.47074013288295 0.800630217501252 -0.802351257106328
0.608800515189392 -0.801136993056434 0.692423726476104
0.608743653136678 -0.697400409902215 0.696355086943038
0.480817550800326 0.799702650148295 -0.697593668716667
0.469991618127916 -0.811546522437237 0.811546522437237
0.487063915257377 -0.702723761434965 0.809492701695866
0.198264064964138 0.327999449174181 -0.109351663800164
0.078114594618193 0.187067755824021 -0.187440432512865
0.092533107226133 0.0428539474322756 -0.071421314950129
-0.43604427085872 -0.796648367176485 0.43826531690055
-0.420224842981168 -0.778948565297266 0.317323264581949
-0.555780932313383 0.680685438025071 -0.318601060197623
-0.561069436081683 0.190976950841325 0.682806384516765
-0.565336706232404 -0.197060169435452 0.695688562780315
-0.554840830143077 -0.314350563285473 0.694798496451438
-0.554453611590066 -0.797997152979875 0.448983785566809
-0.555924250656825 -0.682219261953646 0.427809623160882
-0.685234878496694 0.802121272395426 0.684885272063629
-0.682286116400649 0.806232172069349 0.559033529094706
-0.683079277425137 0.685487869462607 0.802073251327366
-0.809559481447717 0.573873552744845 0.697678525741499
-0.800627582191338 0.685861236286974 0.685860996665157
-0.807646094854754 0.693789525404388 0.561307098529639
-0.684317905550107 0.559148681155361 0.80772560641763
-0.68063744671928 -0.436759248510941 0.800813651575672
-0.798282201020217 -0.437088766232348 0.685863195704
-0.799961666555168 -0.43691680445644 0.571459685060283
-0.690439991809727 -0.561840088288938 0.686067676978056
-0.689822130477412 -0.566098470310795 0.565576932814748
-0.800400644994637 -0.685804393734456 0.685835837630273
-0.799586216944651 -0.685133813530195 0.562508063185734
-0.79747376811169 -0.799537902288863 0.561116400490249
-0.681978207132582 -0.811546522437237 -0.561839900148856
0.981628731778624 -0.80741989592039 0.800084169525548
-0.671386544581063 -0.800406547135685 0.801594191298714
-0.681362297250977 -0.686441441076643 0.802567272934855
-0.799280429747188 -0.801039523384574 0.677226568194371
-0.809974854383749 -0.811546522437237 -0.686693211293046
-0.809974854383749 -0.811546522437237 -0.811546522437237
-0.434111551301532 -0.327347544231535 0.696593145976973
-0.426958625759035 -0.692129552438049 0.330204057514964
-0.0160843244985476 -0.764096923285621 0.333282605509853
-0.426296751523504 -0.734670292529306 -0.191345534257405
0.988267296500349 0.799573775506426 0.0473687683336903
0.983118781788621 0.801526050876822 -0.0644530267165199
0.991107359879129 0.801693561611857 -0.187697103018142
0.987285014393291 0.798251740626375 -0.314876559420707
0.979335623072806 0.426966393155998 0.801040725704767
0.989682507692008 0.435264840347164 -0.57473924482293
0.981642876341033 0.312662194484462 0.800792943573548
0.973667953173455 0.198870795556344 0.800712718706169
0.860647502303967 0.425147460035323 0.795632943728458
0.863964304397819 0.312792483093336 0.80183964984485
0.865729218424762 0.197581511593998 0.801185534271589
0.728372010330319 -0.795398453999486 0.456464850966327
0.34199497087675 0.811546522437237 -0.811546522437237
-0.308477181450629 0.801393998487723 -0.801790705513047
-0.18252665606961 -0.803599497114819 0.798568900321411
-0.415254225580386 0.801069518821847 -0.801069518821848
-0.315144188678497 0.805900836545997 0.574094821253659
-0.308163954020287 0.80014749179222 -0.700338636688867
-0.297026961754906 -0.805703428320093 0.800541523066101
-0.423650225947459 0.808329488298857 0.561400775201482
-0.425984912630249 0.811546522437237 -0.436986589004666
-0.425984912630249 0.811546522437237 -0.686693211293046
-0.424881907661754 -0.800851168402537 0.802213258050493
-0.436715599680112 -0.697170214908435 0.801069518821848
-0.569132301767634 0.810086654181359 0.68420027716592
-0.555897602595085 0.806070969471002 0.560574629758282
-0.547842920128133 0.796953741990826 -0.438873080940927
-0.565390386415483 0.685351731688025 0.808983193993794
-0.567706475858957 0.55962262538798 0.805596906394893
-0.563787886341956 -0.436177684079467 0.801567501533164
-0.552832287839614 -0.800573874762459 0.80137233903856
-0.554814246694132 -0.685987033333146 0.810680361338703
-0.680730385797168 0.805625494937566 0.438602218694755
-0.679938344400629 0.800258667009323 0.323154774298442
-0.807035554885635 0.683974078387986 0.439159092573715
-0.798936979539949 0.696296621842107 0.322854800419117
-0.809974854383749 0.561839900148856 0.436986589004666
-0.692699008789001 0.426155995569262 0.800836607948477
-0.682380766562842 0.310804603655968 0.805791293306792
-0.798780193356229 0.176699390317271 0.696324915304311
-0.682163674817335 0.187385827648037 0.802427178540002
-0.799171863193738 0.0620929650987347 0.684422126617726
-0.677880813556701 0.187478624832837 -0.575291719114186
-0.691175524360287 0.0622786215212352 0.801709670205988
-0.8052540508169 0.0536610619093041 0.562256354961547
-0.809974854383749 0.0624266555720952 -0.436986589004666
-0.687351674024766 0.060885215991007 -0.573705929705573
-0.796672340875467 -0.0504076290536787 -0.699355188778781
-0.799244167333885 0.0519496519567061 -0.676216207677657
-0.689975239490107 -0.0611044670320421 0.801707577613588
-0.800113272376582 -0.0624700830909135 0.685524984082183
-0.798805930304713 -0.0622626601104454 0.56385712432627
-0.679817280249015 -0.0654747337888463 -0.572848978731227
-0.809974854383749 -0.0624266555720951 -0.811546522437237
-0.809974854383749 -0.187279966716285 -0.811546522437237
-0.679921525232116 -0.186425552422472 0.802116092779286
-0.799257164003535 -0.187713364937428 0.685584827384083
-0.800034505020976 -0.31327462973448 0.5721517204476
-0.799713322187847 -0.189465147789724 0.561127746966453
-0.680304588675139 -0.312264660909655 0.800779402929671
-0.798273084082745 -0.312422532296638 0.6862364835405
-0.691011416468798 -0.562114337548314 0.446765181822754
-0.797237283273717 -0.68713085212928 0.443650168484688
-0.798236364196669 -0.799886335250544 0.436620174000642
-0.809974854383749 -0.811546522437237 0.312133277860476
-0.807459595641793 -0.805719291979536 0.0652041144416534
-0.806268791456821 -0.7034336289391 -0.0792516954755375
-0.797702836515963 -0.801094078631462 -0.0601337650487574
-0.809974854383749 -0.686693211293046 -0.187279966716285
-0.795890273179193 -0.790213398373433 -0.166548813675767
-0.805192299898087 -0.691297681116653 -0.310242088102804
0.976561373539407 0.804899132318493 -0.565187115018187
0.853234058342032 0.805393508140141 -0.563383480811338
0.596532712391573 0.808449605125454 -0.801792014424737
0.725984912630249 0.811546522437237 -0.436986589004666
0.725985189583197 0.801877625239332 -0.801937057385903
0.72590454872677 0.801063617456894 -0.687439745411526
0.717078899359499 0.695224023620934 -0.572017026743883
0.725880912352657 -0.801879025634954 0.801963614607043
0.714743627446288 -0.696794692374083 0.801493205114705
0.726014145383998 -0.803545092475971 -0.56331803857139
0.746116082751457 -0.71222469335601 -0.551181426953715
0.598534446123241 0.80747234468203 -0.689905037569528
0.597988265379083 0.686693211293047 -0.561839900148856
0.597988265379083 -0.802713160757062 0.801789912019509
0.59741066458099 -0.696765660936625 0.80134991448094
0.603082489248713 -0.804683156577892 -0.568098272030339
0.164672356117855 0.136757175945585 0.789348517771774
-0.425984912630249 0.811546522437237 -0.312133277860476
-0.425984912630249 -0.187279966716285 0.811546522437237
-0.441654940139866 -0.300984406696375 0.800924337229244
-0.564429384600343 0.806759802977807 0.439194577763033
-0.553981559881416 0.811546522437237 0.312133277860476
-0.543178377737588 0.801491284648549 -0.319998099674277
-0.553981559881416 0.436986589004666 0.811546522437237
-0.562652418819892 0.312289197366729 0.794145945347695
-0.564208667975299 0.200414779116937 0.79586134312831
-0.553900116680566 -0.193729674315842 0.801856324297277
-0.555615293237196 -0.312662553005317 0.801779024729192
-0.79303624567555 0.793371295571336 0.679303951581347
-0.798481519434442 0.799985382492256 0.55938685084445
-0.681978207132582 0.811546522437237 -0.561839900148856
-0.792666299219363 0.679706939340494 0.793503159093834
-0.799886036685035 0.562108285920412 0.801903867145659
-0.807417793243987 0.0544822597252381 0.447356846041713
-0.809974854383749 -0.0624266555720951 0.436986589004666
-0.799284952298905 -0.175664096891041 0.434906315474678
-0.797607281308783 -0.436781887170599 0.799680550788466
-0.79991829470702 -0.561518178981705 0.685041276563182
-0.799067542404258 -0.676075369832638 0.800948638740138
-0.68078962249213 -0.561591757597942 0.801469296907448
-0.800126009835153 -0.562876120505684 0.563619350690942
-0.809974854383749 -0.686693211293046 -0.561839900148856
-0.800633238231408 -0.801639087656574 -0.56316978827715
-0.678632750746403 0.793846129250801 0.793894909146833
-0.425984912630249 0.811546522437237 -0.561839900148856
-0.568616408913397 0.8003538297901 0.799857596080494
-0.557241332882108 0.806230164790683 -0.552419425804841
-0.554603962284562 -0.562163454703022 0.81189028948716
-0.798463970913299 0.799998556399593 0.438228579535891
-0.798688480989585 0.800700581762828 0.323058421162903
-0.79911380348734 0.437738169308156 0.804579986025428
-0.79163795735819 0.323569997460295 0.803493279245013
-0.80007668820441 0.187123470804226 0.80192272769712
-0.799832350022751 0.0618663084231377 0.80057088700675
-0.809974854383749 0.0624266555720952 -0.561839900148856
-0.799453597942906 -0.0626533437358772 0.800098037263509
-0.798076139095434 -0.18733475833911 0.799996788508113
-0.797687851261684 -0.312250227893203 0.799872062775179
-0.796173072489821 -0.575706511478097 0.449031023930899
1.09800977866868 0.560593284986703 -0.800191322455895
1.09876540017698 -0.677057514917769 -0.800798985190612
1.1008277554697 0.677510566708035 -0.44380033861724
1.09758362294364 0.675309633326023 -0.79967260488082
1.09889961563756 0.684821300117748 -0.687508731875923
1.10997485438375 0.561839900148856 0.686693211293047
1.10544274181234 0.558013484502349 -0.439844248827482
1.09870201704782 0.561311289284501 -0.685433276126276
1.10997485438375 -0.811546522437237 0.561839900148856
0.726864345060355 0.801856120019805 -0.562395999139254
0.608718952428945 0.801069518821847 -0.572316903764245
-0.809974854383749 -0.561839900148856 -0.561839900148856
-0.798071710204697 -0.560619776715745 0.799797072657486
1.10997485438375 -0.811546522437237 0.686693211293047
1.10063574976024 -0.686044836084169 -0.687128822893728
1.09894635980977 -0.800832467832179 -0.677069528264773
1.09930030643956 0.43685959497512 -0.800282445294568
1.08734410337537 -0.271207042823723 -0.45082702746884
1.09834467904994 0.698904448394037 -0.201383278538063
1.09886302843382 0.681197480800767 -0.317323706310748
1.09963240955539 0.566444709129398 -0.318496122779054
1.0986272309419 0.438480358263352 0.688425401715915
1.10034794393051 0.429186348314509 0.575551214969138
1.1065672739098 0.4347443561711 -0.447227757758347
1.09848539247881 0.436514540903599 -0.685726294955731
1.095627357214 0.324536400329375 0.577138911876905
1.09999210986735 0.321840150452863 0.686034006060186
1.10997485438375 0.312133277860476 -0.436986589004666
1.09811244978511 0.312341270740147 -0.800345206185225
1.09789537440667 0.311641637739589 -0.685864166660855
1.10695635674842 0.199688991274191 -0.450152378839679
1.09830317835405 0.187916103716897 -0.800405274030515
1.09672974232439 0.187717461020868 -0.683925394164887
1.0985026574564 0.0629485505528942 -0.79992619747363
1.09677868341332 0.0711332564552554 -0.682616355654116
1.10997485438375 -0.0624266555720951 -0.811546522437237
1.10997485438375 -0.811546522437237 0.436986589004666
1.10997485438375 -0.686693211293046 0.436986589004666
1.10997485438375 -0.811546522437237 0.312133277860476
1.09265688900433 0.7939230153694 -0.443416530843814
1.10307619289027 0.680286797333894 -0.566360084151082
1.10696125117642 0.550469018456036 0.800544947708868
1.10472488928823 0.560025935686568 -0.562551926670434
1.09924416733389 -0.572316903764245 -0.801069518821848
1.10997485438375 -0.561839900148856 -0.686693211293046
1.09951042138914 -0.800660182148317 -0.570404743963839
1.10030141982768 -0.68711122473647 -0.570174880580048
1.09789289607061 0.799847776161347 -0.678072715584441
1.09906754240426 0.800948638740138 -0.197897808176693
1.09667513948244 0.797038063991898 -0.316981597253023
1.09999210986735 0.437645794237527 0.801839649844849
1.09803055050267 0.435497978191641 -0.564468286070259
1.0977907273355 0.323383924937325 0.799590745735597
1.10448137101253 0.30973484540912 -0.563534120844737
1.10189859874296 0.186698214000247 -0.562255138003052
1.09507320763195 0.796866243306576 -0.565279320639763
1.11089793548103 -0.57522154307584 -0.572908100122467
0.630587342249762 0.394909724469557 -0.336728644902822
0.259929357286631 -0.342967059669268 -0.541701694342833
0.405993294502333 -0.187279966716285 0.873973178009332
0.398325088569156 -0.243571261510169 0.767121583322157
0.0604945548143851 -0.713323583313407 0.425512820856191
0.0487309649716474 -0.536795281479669 0.590450321432689
0.339751552940245 -0.153480309285848 0.790431793023021
0.0550773443484067 -0.688912695706968 0.586675777373375
0.393471133179195 0.419195721057458 -0.544870908922498
0.405993294502333 0.561839900148856 0.873973178009332
0.257672325254552 0.04479207733441 0.793713102310862
0.732023807683831 0.106337998840972 -0.358564946848074
0.469991618127916 -0.12485331114419 0.873973178009332
0.213998323625583 0.499413244576761 0.873973178009332
0.0860016763744169 -0.873973178009332 0.499413244576761
-0.251733365642887 0.500089972608928 -0.615006196426396
0.34199497087675 -0.249706622288381 0.873973178009332
0.597988265379083 -0.12485331114419 0.873973178009332
0.0860016763744169 -0.499413244576761 0.873973178009332
-0.0419949708767496 -0.499413244576761 0.873973178009332
1.10997485438375 -0.873973178009332 -0.249706622288381
0.510841489099074 -0.42816089022097 0.198440659620886
0.458860486584815 -0.140288154601567 0.781006026072497
0.812583270212673 -0.735081698929165 0.178903625493488
1.17397317800933 -0.12485331114419 -0.436986589004666
0.792638386985073 -0.802709654703732 0.256306324258061
1.17397317800933 0.0624266555720952 -0.249706622288381
1.17397317800933 -0.12485331114419 -0.312133277860476
-0.873973178009332 -0.187279966716285 -0.12485331114419
-0.873973178009332 -0.0624266555720951 -0.12485331114419
0.662820002986269 0.154320777879433 -0.112407052855157
0.100498318677645 -0.408570320376593 0.318415211336421
0.0156506830551029 0.139604756443324 0.259367727069826
0.39875970065434 0.748509943367056 0.434926334946718
0.278769083504834 -0.447409209654017 -0.248356785338155
0.994343833806275 0.433606652637087 0.00911126734128597
0.141959484999746 0.797335347834636 -0.368864982158402
0.664147123316772 0.426070257446874 0.631722926157339
0.0171351966553519 -0.124507546898827 -0.513465564833052
0.151670018554165 -0.591139380745772 0.638367653428701
-0.143274669832581 -0.43232934150181 -0.64178854797328
-0.501010964873849 -0.723480555048986 -0.0673270612752428
-0.732562390418167 -0.257127821102974 0.162315237499728
-0.561390238617208 0.135122379321636 -0.103629418689673
0.280835703716086 -0.0657435233749173 0.791068570444718
0.246059908304653 0.307323782972753 -0.453177617680363
0.532261360472779 0.382741261855042 0.732884794496606
-0.763608707997759 -0.183558997161092 0.234115524035394
-0.147881488652824 0.787195476029813 0.153672808983069
0.0282666389796113 -0.367426087334012 -0.519098279200098
0.161189336090738 -0.733288348480169 -0.512572324639534
1.17397317800933 0.12485331114419 0.593053227934904
1.17397317800933 2.77555756156289e-17 -0.530626572362809
-0.059490978994599 0.244878287614819 -0.64453916997946
-0.159296983593296 0.367567807717918 -0.0320920922402881
0.654129526426989 -0.330874223734573 0.640084435888028
-0.183333381331267 0.776139656752656 -0.000176530514200153
-0.617979883506999 -0.499413244576761 -0.873973178009332
0.5339899417535 2.77555756156289e-17 0.873973178009332
0.277996647251167 2.77555756156289e-17 0.873973178009332
-0.361986589004666 0.873973178009332 0.12485331114419
-0.361986589004666 -0.873973178009332 -0.873973178009332
-0.489983236255832 -0.873973178009332 -0.249706622288381
0.597482686257416 0.16070773147533 -0.304689759594942
0.0364990567703678 0.0634393470901993 0.517089356373461
0.815918695023698 -0.30940539212455 0.0929998005356125
-0.526639775067885 -0.519217071757905 -0.395304164355805
-0.596206122584011 -0.128000088090424 0.324373310594767
0.129216404179934 -0.010815518498909 -0.553946549899294
-0.756967364433761 -0.0356829616026241 0.20249821710123
0.194185260582066 -0.456699939465088 0.0677901928439204
0.0059676839927426 0.436491483868859 -0.354805157244316
0.17653168299723 -0.752945643388286 0.672224237899261
0.15 -0.499413244576761 -0.749119866865142
1.17397317800933 -0.749119866865142 0.873973178009332
0.5339899417535 -0.374559933432571 0.873973178009332
0.15 0.873973178009332 -0.374559933432571
-0.873973178009332 -0.873973178009332 -0.374559933432571
1.17397317800933 -0.873973178009332 -0.249706622288381
-0.873973178009332 0.624266555720951 2.77555756156289e-17
0.277996647251167 -0.187279966716285 -0.873973178009332
1.17397317800933 2.77555756156289e-17 -0.249706622288381
0.789983236255833 -0.873973178009332 0.249706622288381
0.405993294502333 -0.12485331114419 -0.873973178009332
-0.361986589004666 -0.873973178009332 0.249706622288381
-0.233989941753499 -0.873973178009332 0.374559933432571
0.380374689825324 -0.496808845062234 0.755109809146776
1.17397317800933 -0.624266555720951 0.624266555720951
0.661986589004666 -0.624266555720951 -0.873973178009332
0.15 -0.624266555720951 -0.873973178009332
-0.873973178009332 0.749119866865142 0.12485331114419
-0.873973178009332 0.374559933432571 -0.499413244576761
1.17397317800933 0.749119866865142 0.873973178009332
0.760669033581409 -0.247098723645445 0.45134170418011
0.0702377087238513 0.32209449546874 -0.326519180752318
0.317452894528818 -0.791400189799358 -0.108303565669143
-0.440564095907916 -0.241683702148123 -0.0872458502843244
0.497443981289947 0.273214014091293 -0.130245150551924
0.526637833100651 0.142509200694685 -0.776402119582417
0.177439501475473 -0.474109333201032 0.777301718067032
0.771080241787511 0.288854632299218 -0.224999046711292
0.024841856762765 -0.228486153057381 -0.464528075457808
-0.24938218024096 0.698217936257157 -0.200227263253716
0.203593530731021 -0.679759126227033 -0.788843410058067
0.48918664984867 0.054400419359728 0.343509738827936
-0.262085916034114 -0.482334558574741 -0.580673657518263
0.995339524479646 0.507180269006606 0.00272053151300859
-0.202497736368566 0.28771219435382 -0.0623809105427029
0.332272125829484 -0.765258706101347 -0.217938051201535
-0.0197173266956532 0.107667132636877 -0.486437271126014
-0.718581617953759 0.765118070447424 -0.739125079277082
0.225356632191582 -0.779495618640561 -0.201426384062975
-0.371860353880575 -0.642579905080168 -0.684112182889266
0.95834709883095 0.420967037242025 -0.234283245031762
0.633523978740709 -0.258435265240826 0.0930347742466759
0.889828133045967 -0.345724239501345 0.105829961977887
0.527607942633319 0.57292188408739 0.0114782073687739
-0.322587239079498 0.805743351049551 0.084016298508335
0.157467278516176 -0.400080472262048 -0.160150497375877
0.791912176857406 -0.588986313674589 -0.124354361769469
0.613352133515097 0.113511195424601 0.298269045930121
-0.257083634063059 -0.0342255214658806 -0.53931707928082
0.945140580448641 -0.276452621522783 -0.332751810091782
0.402963797309206 0.132428827269639 0.379952573628818
-0.38299601775004 -0.500931730636019 -0.480045881236903
0.597500749690357 0.0891227343268899 -0.0661133221620274
0.863081432395651 -0.364956755233394 -0.754168124991251
0.323625331914731 -0.598807916726786 0.490994375785399
0.512194131436339 -0.255628452798734 0.140837880315467
-0.525399781907505 0.00977084361399651 0.310408171747049
-0.193934798947384 0.344544683427553 0.05814148840478
-0.137992456315124 0.187279966716285 -0.873973178009332
-0.265989103566291 0.811546522437237 -0.499413244576761
0.156179052356005 -0.745748691689102 -0.759702720642417
-0.11477271249355 0.566695747808231 -0.392753485150364
0.493602810745624 -0.218887372728851 0.717253750560836
0.454842349571752 -0.426983209613143 0.806574913274276
-0.614502021202265 -0.028348643002575 0.31207033836883
-0.0233702112178049 -0.0104302207615144 0.51922792214032
-0.505982817162228 -0.780333194651189 -0.811546522437237
0.542317939490554 -0.16889158812385 0.627086942963992
0.791934279353314 0.688329026981559 0.011179957583586
0.683550092781637 0.139499430876801 -0.00418307462598915
-0.384174012227484 0.109590430125054 0.670928299358025
-0.571125499418122 -0.248238430991831 0.298702099354067
0.723889872357456 -0.656213099858951 -0.0590056987116586
0.592127442214685 -0.351694339543486 0.0680813659592155
0.0243402892850194 0.489551564238554 -0.274705590432493
-0.210877206881937 -0.0910717020089333 0.659390115497325
-0.140024736116015 -0.120414637795057 -0.367121116386217
-0.258544050394268 -0.1615085676742 -0.516605531733032
0.821418626543466 0.364059310039766 0.272037051094319
0.164197498249882 0.368093376444761 0.117602917126874
0.630418976945701 0.184066424086739 0.477021439645749
0.459517758715809 0.696803941673691 -0.801590837145806
-0.0375508311410359 -0.0712731668170758 -0.104536350318879
-0.810314207889263 -0.695715384412162 -0.437460859283728
-0.809599422474793 -0.798859915073919 -0.45243320174655
-0.326901624287417 0.807090501900391 -0.438817873514994
0.327499731429153 0.203492406212445 0.458478640122023
-0.281742791984936 0.799788012758665 -0.189379618145376
-0.804923864024741 0.80987408573001 -0.0618030709724238
1.10997485438375 0.561839900148856 0.312133277860476
1.09164615147975 -0.0759149831180484 -0.396262989089933
1.10997485438375 0.312133277860476 -0.312133277860476
1.10997485438375 -0.811546522437237 0.811546522437237
1.08144530050783 0.349126174263109 -0.216269898705959
-0.206683997148855 -0.362189243189644 -0.0543760867559743
0.723728326421019 0.805348416886007 0.289254813482327
-0.373308118900492 -0.578315471333328 0.117336328765811
1.11143482471402 0.0603546202072571 -0.55891293212978
0.0790456916322634 0.420710306037603 -0.315074278076324
0.908127147112736 0.494468523124379 0.00350111346859017
0.0105382877286368 -0.791104533911347 0.56707473521088
-0.0367304771119838 0.789867135649354 0.495102606362199
-0.459486084882353 -0.143119205812473 -0.494969026019545
-0.00153134436525145 0.596184696057533 0.684585620152556
-0.0419949708767496 -0.873973178009332 0.499413244576761
0.853981559881416 0.749119866865142 0.873973178009332
0.725984912630249 0.749119866865142 0.873973178009332
-0.873973178009332 0.749119866865142 -0.811546522437237
-0.64411482060668 0.209246895163459 0.399859187377007
0.992793916797335 -0.59584151338971 -0.115081853359945
0.230232618248178 -0.358901972361753 -0.368849866279239
-0.609337997785461 -0.611426808440568 -0.183130237166776
0.201375087730574 -0.709324435963654 0.389586379772282
-0.489983236255832 0.280919950074428 -0.873973178009332
0.232618462643859 -0.785890363665983 0.0745180797521775
0.42892027514279 -0.41502023368694 -0.685213987478242
-0.743976261090469 0.231415446136881 0.263537772306197
0.0540025145616253 -0.873973178009332 0.624266555720951
0.292609152760677 -0.753222215351428 0.711799695342901
0.275770607727512 0.563695023964924 0.303145537181502
-0.446811145321572 -0.308369653709577 -0.203575150979012
0.0220033527488336 2.77555756156289e-17 -0.873973178009332
-0.361986589004666 0.12485331114419 -0.873973178009332
0.277859801095962 0.232360831780703 0.781462145827313
-0.347401187069202 -0.719909774348703 -0.315603841178565
-0.0795747334454918 0.635492310213582 0.276663438384642
-0.541152958779762 0.0235275518462653 -0.2385553821862
1.01748545237486 -0.498738350293209 -0.22568743306612
-0.517133563931464 -0.217462371358298 -0.178470597854233
0.901150704543208 -0.290139953927558 0.415067461265506
0.15 -0.749119866865142 0.873973178009332
-0.873973178009332 0.624266555720951 -0.749119866865142
1.17397317800933 -0.249706622288381 0.873973178009332
1.17397317800933 0.12485331114419 0.374559933432571
1.17397317800933 0.249706622288381 -0.12485331114419
1.17397317800933 -0.873973178009332 0.12485331114419
0.15 0.873973178009332 -0.12485331114419
0.15 -0.12485331114419 -0.873973178009332
0.0220033527488336 0.873973178009332 0.499413244576761
-0.233989941753499 0.873973178009332 2.77555756156289e-17
-0.233989941753499 -0.249706622288381 -0.873973178009332
0.15 -0.873973178009332 0.749119866865142
-0.873973178009332 0.749119866865142 -0.873973178009332
0.167570352331337 -0.170204301049045 -0.778952777775768
0.350007722483428 -0.460225540435719 0.382881614434059
0.112834604817567 -0.804598767204511 0.345628996188343
0.0359156749218759 0.760230740727098 0.55149985122705
-0.647170029293361 -0.227174042779836 -0.0886864786216813
0.596765779798243 -0.29544364389395 -0.684585657024216
-0.486662436215267 -0.0416421950765573 -0.486485525291866
1.08853058987818 0.0254917399939298 0.00652967029579995
0.251561144569027 -0.794492517905478 0.600421777644042
0.94714380530597 -0.142553040156305 0.450935502359417
0.70504599909593 -0.782823682417271 -0.0626327480402716
-0.518568280541845 -0.229186899449863 -0.547790518393275
-0.554017819186593 -0.136825147915059 -0.50375642623502
0.30106010290182 0.560214514303533 -0.585696490908664
-0.274882740225687 -0.176342448655741 0.690173683626317
0.167635872751965 -0.0265084192614817 -0.770166152959362
-0.280719609021126 -0.0530444135305844 0.708050114765702
-0.00887563581510342 -0.619154773067549 0.480286670124562
0.461308668795914 -0.661420308550925 0.434490115024362
1.05546526225551 0.154976346970988 0.0086111019041523
0.501990779940708 -0.873973178009332 -0.187279966716285
1.07797569257096 -0.312133277860476 0.873973178009332
1.07797569257096 -0.249706622288381 0.811546522437237
0.0983521947396925 -0.79085182315653 0.775030335942048
0.428153798432915 -0.388677118823186 0.382365248386433
0.837059687084299 -0.311438945936831 -0.308600576856989
0.445093830036346 0.361594527053712 -0.229119784325711
0.345214263452526 -0.572850376593044 0.393640127736468
1.09701919693447 -0.251701250585375 -0.786408700062873
0.832159333245542 -0.21447597248394 -0.149887052003832
-0.168695920282985 -0.333430232433594 0.587306587732844
-0.80382704907137 -0.19287313974134 0.32350024417052
-0.428641954402951 -0.564998479486344 0.810554089347072
0.521000393845953 0.241532137156387 -0.216314315856236
1.17397317800933 -0.312133277860476 -0.780333194651189
-0.63619157442056 0.241098285041832 0.121429938684352
1.06358841631176 -0.139841887764861 0.235564341439788
-0.692092939372616 -0.297943820183329 -0.68747925286497
0.0546997577357226 0.757671953890759 0.639080779810218
0.965779651534386 -0.142633774390673 -0.110864887674124
-0.32561784129335 0.122298926770248 -0.803247684323337
0.51932994778276 -0.343955036572026 -0.682069370001197
-0.371699092112113 0.741220860762503 0.140810033566653
-0.250166964897478 0.230129193728689 -0.164820748826904
-0.307229921612935 0.697078009683194 -0.800758542538227
-0.0291510738024373 -0.686642894896023 0.796914877761028
0.937943649111701 -0.583952834871839 -0.192938273728686
1.10997485438375 -0.16258632121707 -0.816615846750979
-0.562493075921759 -0.0372586421413774 0.231722309598161
0.575557099732911 -0.321469713939933 -0.782521775774317
0.602688729585745 0.543974888077752 0.464895691860502
0.370071679238736 0.444109670145225 -0.207644448148682
0.46601360236686 0.454019827403865 -0.238324999724575
0.235906416100147 -0.485651074568266 0.646815634732416
0.202428513426542 -0.380799942154732 0.679824907749416
0.629987427191875 -0.249706622288381 0.873973178009332
-0.105993294502333 -0.374559933432571 -0.873973178009332
-0.105993294502333 -0.624266555720951 -0.873973178009332
0.443056385845274 -0.796772325782703 0.458567223948248
0.239382434340972 -0.569135389690124 0.551084213114831
-0.214474024505105 0.0125860744642862 -0.787737501457841
1.17397317800933 -0.624266555720951 2.77555756156289e-17
1.04597653075817 -0.873973178009332 2.77555756156289e-17
1.17397317800933 -0.12485331114419 0.12485331114419
-0.873973178009332 0.374559933432571 -0.374559933432571
1.17397317800933 -0.624266555720951 0.873973178009332
-0.755024844738013 -0.226953566956869 -0.200131346410454
-0.0997418180711127 -0.514391501565822 -0.718901077833698
0.0117322032578824 -0.55739091967082 0.794981616640019
0.333472201173444 0.427777363847494 0.204431158214186
0.145051713170099 -0.588265101504951 0.773364077531796
0.856824555996486 0.394952335844645 -0.123579299757458
0.149725947793144 -0.775907528182108 0.517796811738671
0.0647336999758244 -0.569102661083902 0.726495071041245
0.563042407881968 0.248917226120023 0.753710865830066
0.456818074777555 0.123382238153304 -0.254391085271914
0.50585254679332 0.290137282610377 0.676950507405831
0.98811677432276 -0.110826924529829 -0.0187818657358325
0.0828401956278939 -0.599818185447424 0.818921703028046
-0.692449381423825 -0.282568760391879 -0.271212171310856
-0.393985750817457 -0.873973178009332 -0.436986589004666
-0.137992456315124 -0.561839900148856 -0.873973178009332
-0.38611658071077 -0.806724221456676 -0.368495864780486
0.675142226740184 -0.0567278275751138 -0.12856631409224
-0.0995333545188433 0.0671963768705439 -0.678916791807798
0.0884030947493308 -0.787571702334551 0.667296485081954
-0.809974854383749 -0.343346605646523 -0.873973178009332
-0.647860999776229 -0.361517630928129 -0.227653311554398
-0.873973178009332 -0.343346605646523 -0.811546522437237
0.74497082474654 -0.207712648904396 -0.0852375187659534
-0.00626622423959807 -0.541416208578317 -0.768273141509408
-0.258136281437535 0.317065793341525 -0.731880148823912
0.277043012582951 0.345250429524982 0.241846957969806
0.696089435225464 -0.277371362096167 -0.0597734345127074
0.496577893297167 0.208358798129334 -0.298823288425059
-0.0864482680143781 -0.574157863894897 -0.808721706285726
1.10386220117316 0.686287549281207 0.177948520562557
1.09289517828999 0.0691569760352089 0.102160413333675
-0.324025985906669 0.511702665343563 -0.00764731961283628
0.346387784369957 0.0641010724796961 0.77944518023494
0.144646897058667 0.373430572339937 0.694705106705691
-0.873973178009332 -0.374559933432571 -0.343346605646523
0.0860401120977047 -0.774202675051517 0.0489875909662165
-0.133173172707519 0.0022407759720829 0.119427702012574
0.405993294502333 0.873973178009332 2.77555756156289e-17
-0.361986589004666 2.77555756156289e-17 0.873973178009332
1.06302882723154 -0.182717327925339 -0.0113546003233369
1.17397317800933 -0.749119866865142 -0.12485331114419
1.17397317800933 0.12485331114419 0.12485331114419
0.15 0.12485331114419 0.873973178009332
-0.233989941753499 2.77555756156289e-17 -0.873973178009332
0.325249310612902 0.778036941759166 -0.0637974945242939
-0.27078304477235 0.43559493244996 0.562897052249127
-0.418783412960232 0.265134153833698 -0.248637507319698
0.430422090899069 0.783320869953921 -0.0530082136258569
-0.0735198151739628 0.0655581091299489 0.165044100557494
0.992625549917544 -0.684786264880213 -0.0888274640448438
-0.762627867715304 -0.240124194316828 0.0895163383351432
0.652176273596504 -0.655183599689995 -0.316658981360964
0.720494848748431 -0.747788653153631 -0.259954704518671
-0.273457759238812 0.266754883802329 0.26685700276712
0.389247634238485 0.778036941759166 -0.188650805668484
0.691003972983868 -0.670348534361064 -0.240556282847376
-0.191695931182444 0.407395663853952 0.67180833772818
0.0540025145616253 -0.499413244576761 -0.811546522437237
0.373994132689542 0.873973178009332 -0.0624266555720951
0.401623443468031 -0.759701170106117 -0.623549646656537
0.733026526494061 -0.687437265476795 -0.297615742974553
0.458156822908258 -0.394975042336203 0.615977561186509
-0.28082210438829 0.0548161916241778 0.198829724570391
1.07703128019053 -0.0913180794548881 0.0486270727677032
0.456933546834793 -0.620585691374962 0.666537993513696
0.47079680487139 -0.684867846889148 0.678085795524003
-0.270495270604791 0.27767625196665 0.568316822263919
0.33755999830962 -0.69118864885866 0.67583681137007
-0.284010167349299 -0.290422440843583 -0.439774171155118
-0.684653741736664 -0.313531042252366 -0.812098549209456
-0.259403160524601 0.35677968424255 0.615979956048673
-0.267478451734173 0.209571846695439 0.32241147393081
0.966086929412736 -0.149182096236037 0.0372724724443663
0.213637904388904 0.0703038606683306 -0.734028149384099
0.390379162209189 -0.353918299880787 0.661339498634638
-0.550611678689951 0.557412564484159 0.188585968450391
-0.184379619263595 0.0483919943437362 0.201314627944644
0.0860016763744169 -0.561839900148856 -0.811546522437237
1.10997485438375 -0.686693211293046 -0.187279966716285
0.400279901786655 -0.387609564581312 0.560265012752824
-0.244502314572356 0.12235931625936 0.204312234554945
0.405010596916683 -0.327421113920977 0.596644167874565
-0.285979643641486 0.28526525006286 0.64385817582703
1.01536262638888 -0.189793677756201 0.0491648259805452
-0.22367411320122 -0.266074371435371 -0.48705520537067
-0.206564057498117 -0.335271020960578 -0.462603063711865
0.407444702411446 -0.678127135857788 0.691549114350363
-0.535194548290697 0.56760730398522 0.12424201466897
3 17 1 3
3 0 24 3
3 0 3 21
3 3 0 6
3 1 4 5
3 1 4 17
3 1 0 5
3 7 0 6
3 5 4 8
3 4 8 9
3 4 10 9
3 17 4 10
3 2891 29 31
3 32 10 35
3 35 10 12
3 10 12 17
3 12 17 14
3 6 2891 13
3 42 67 13
3 17 14 42
3 13 42 18
3 42 17 18
3 18 3 13
3 0 19 24
3 25 0 21
3 8 5 27
3 7 27 28
3 27 25 2143
3 27 19 2143
3 19 27 0
3 27 0 7
3 6 7 28
3 2891 31 33
3 35 12 36
3 14 36 12
3 13 33 67
3 40 65 14
3 40 14 42
3 2513 18 42
3 18 68 42
3 24 18 2513
3 3 6 13
3 21 44 3
3 18 3 24
3 18 3 44
3 21 46 25
3 45 70 2890
3 46 25 2822
3 46 44 21
3 2822 49 25
3 2143 25 49
3 28 50 29
3 6 28 29
3 8 2304 9
3 35 55 32
3 55 35 3589
3 67 62 33
3 64 14 36
3 67 62 66
3 2144 40 42
3 2144 3038 42
3 2144 92 66
3 67 66 2144
3 42 67 2144
3 2144 68 42
3 95 44 2882
3 2677 45 2295
3 2143 47 19
3 70 2890 74
3 19 47 2890
3 52 75 2143
3 8 2892 2304
3 55 80 82
3 83 55 82
3 86 83 60
3 64 65 88
3 62 66 2684
3 112 85 64
3 88 92 65
3 91 92 117
3 90 92 117
3 94 3038 3637
3 92 66 2812
3 3663 2990 68
3 45 69 2295
3 71 72 2822
3 120 72 2882
3 72 71 3031
3 160 96 2292
3 2290 98 3421
3 47 2290 75
3 75 47 2143
3 75 2143 3019
3 75 3019 97
3 77 79 101
3 50 2682 100
3 2682 126 100
3 85 60 86
3 36 60 85
3 144 143 2812
3 92 88 117
3 92 117 2812
3 114 117 88
3 94 3637 3660
3 154 2677 2310
3 162 98 125
3 98 125 97
3 80 2145 102
3 82 80 2231
3 85 86 2683
3 3064 85 112
3 88 112 3666
3 116 189 117
3 2310 121 3032
3 2309 96 160
3 2501 2309 160
3 203 3045 2309
3 207 3421 163
3 207 163 162
3 131 174 3564
3 137 134 176
3 2683 86 137
3 134 2500 175
3 2683 134 3064
3 186 142 184
3 142 3666 184
3 190 191 189
3 154 3534 3566
3 3719 156 197
3 204 3421 207
3 2477 163 207
3 629 2465 209
3 167 165 2457
3 216 172 249
3 2500 112 3666
3 224 267 228
3 224 182 228
3 228 182 144
3 3028 229 186
3 2479 272 191
3 228 272 191
3 202 161 238
3 197 236 202
3 204 3042 238
3 3042 282 238
3 205 2999 287
3 2999 242 208
3 216 255 3071
3 2315 3487 3557
3 220 175 3015
3 224 2474 3003
3 267 271 335
3 150 147 2190
3 2509 276 3560
3 2190 150 2320
3 297 3013 2458
3 273 2146 231
3 193 2234 2146
3 193 231 2146
3 197 236 281
3 202 3005 284
3 202 284 236
3 349 309 242
3 309 242 2999
3 3071 249 289
3 255 291 3009
3 263 266 2452
3 3012 271 335
3 296 295 271
3 275 298 3012
3 275 3011 3012
3 297 296 276
3 297 296 299
3 299 296 295
3 2146 300 2234
3 236 3483 281
3 284 304 3074
3 3483 284 236
3 286 3074 3043
3 285 3070 3008
3 307 348 305
3 3043 286 348
3 307 3070 285
3 2455 2360 315
3 2360 289 3027
3 293 2315 3014
3 2314 2358 3023
3 326 328 2456
3 3015 2456 263
3 266 331 3028
3 2838 335 374
3 2191 3012 335
3 373 295 374
3 335 267 2838
3 3044 337 299
3 273 2146 3540
3 3483 281 2291
3 304 3074 345
3 283 346 305
3 389 2498 390
3 313 356 2445
3 315 352 3027
3 315 317 352
3 352 3027 2300
3 2201 2294 398
3 2293 293 3023
3 2456 328 263
3 362 2293 326
3 330 328 2451
3 369 330 374
3 374 2191 414
3 374 414 372
3 2838 374 372
3 338 3540 2299
3 304 345 2296
3 346 347 3428
3 348 347 390
3 348 3043 390
3 3043 390 389
3 390 389 347
3 2497 350 3473
3 313 356 2497
3 398 2201 399
3 367 372 2838
3 442 2307 440
3 369 414 374
3 376 371 3059
3 3059 445 371
3 3044 377 2688
3 423 345 422
3 426 422 389
3 391 430 428
3 427 2498 389
3 391 428 389
3 399 352 3063
3 398 399 435
3 2308 405 437
3 445 2690 414
3 445 414 369
3 2690 372 414
3 486 485 449
3 2889 492 423
3 2893 740 387
3 424 426 452
3 454 450 452
3 424 386 452
3 426 452 454
3 434 432 459
3 2681 432 434
3 432 435 459
3 398 435 3073
3 466 439 469
3 440 442 475
3 475 442 477
3 2690 472 445
3 2888 446 416
3 419 2816 415
3 478 2816 484
3 3029 449 490
3 509 513 491
3 491 450 454
3 427 426 493
3 493 496 513
3 496 494 513
3 493 426 496
3 513 422 496
3 491 496 513
3 491 496 454
3 494 3554 498
3 459 434 498
3 499 459 435
3 3073 435 499
3 437 3073 2887
3 499 3073 502
3 466 437 2887
3 440 469 475
3 469 3618 475
3 445 472 477
3 477 2148 3059
3 477 475 2148
3 506 3612 2148
3 478 3612 506
3 477 443 479
3 482 486 507
3 484 478 506
3 528 479 2148
3 479 482 507
3 489 2889 488
3 488 2816 2817
3 488 489 484
3 486 508 507
3 486 508 449
3 489 511 534
3 535 490 508
3 490 3053 509
3 509 490 535
3 450 491 509
3 513 512 2518
3 515 493 513
3 3052 494 513
3 515 513 2518
3 518 498 3052
3 458 515 517
3 524 474 522
3 2148 475 526
3 3618 475 526
3 524 2148 531
3 2148 531 526
3 530 507 528
3 530 531 528
3 506 2148 531
3 535 532 508
3 506 484 533
3 508 507 532
3 534 489 533
3 449 490 508
3 538 534 511
3 538 534 535
3 536 534 2517
3 536 534 538
3 511 492 512
3 511 538 512
3 509 512 537
3 512 2518 538
3 538 535 537
3 509 537 535
3 539 512 3052
3 538 539 512
3 538 537 512
3 515 2518 519
3 502 518 521
3 520 517 519
3 524 522 2278
3 526 531 544
3 2517 524 531
3 541 530 532
3 2517 531 541
3 531 541 544
3 507 532 530
3 541 534 2517
3 533 541 534
3 541 532 534
3 535 534 532
3 534 539 544
3 538 534 539
3 544 539 540
3 521 523 540
3 544 540 523
3 522 520 2278
3 549 3031 71
3 49 71 2822
3 3031 72 3030
3 28 2143 27
3 3030 550 120
3 556 120 550
3 3030 552 550
3 552 550 2815
3 2292 568 160
3 125 96 97
3 577 29 50
3 50 100 577
3 2687 2689 33
3 144 146 2812
3 118 148 116
3 91 3663 116
3 566 585 2815
3 564 566 3067
3 3066 568 160
3 125 2309 96
3 2477 126 3469
3 53 2304 79
3 3046 577 612
3 577 612 592
3 31 2689 593
3 148 116 3782
3 148 151 2297
3 2678 564 151
3 597 3513 2678
3 564 597 3067
3 2678 564 597
3 2814 585 586
3 203 2501 609
3 3066 160 2501
3 110 2684 2687
3 228 144 191
3 619 3513 597
3 604 606 2443
3 2446 2322 3045
3 205 209 629
3 2477 205 2999
3 615 2444 3046
3 245 2444 615
3 616 592 612
3 612 616 2450
3 612 2444 642
3 110 2318 632
3 619 634 650
3 2443 604 3068
3 603 604 3675
3 606 637 2443
3 2359 2311 626
3 3065 2444 245
3 2449 2450 645
3 643 2449 645
3 265 3003 2318
3 2312 620 2453
3 3001 634 664
3 645 643 2447
3 367 2313 2454
3 337 297 3013
3 634 650 3010
3 676 245 3065
3 677 676 642
3 330 374 331
3 650 3010 2321
3 2321 650 3006
3 2998 2323 637
3 2476 695 2323
3 692 657 693
3 346 283 2475
3 676 674 677
3 701 680 677
3 674 677 2826
3 335 2191 374
3 417 3026 377
3 2473 710 417
3 2473 2321 3006
3 3024 3000 664
3 387 2685 3061
3 693 695 3062
3 393 2826 2691
3 680 2302 701
3 418 417 710
3 3024 664 2298
3 664 2298 2478
3 732 387 740
3 386 387 2676
3 411 408 2679
3 458 2691 517
3 524 2148 472
3 2148 472 477
3 753 737 754
3 737 710 3571
3 754 731 727
3 730 731 756
3 754 731 756
3 2305 730 740
3 2305 756 730
3 386 452 453
3 2278 519 520
3 485 753 754
3 485 753 487
3 487 486 482
3 485 486 487
3 2444 3065 642
3 398 2308 2294
3 313 288 3720
3 2191 414 371
3 116 91 117
3 620 2453 3513
3 3 0 1
3 27 5 0
3 0 27 25
3 2143 8 27
3 40 2144 65
3 64 88 112
3 3038 90 92
3 2144 92 65
3 91 92 2144
3 92 3038 2144
3 98 2290 75
3 98 97 75
3 90 117 146
3 117 189 146
3 146 142 114
3 161 124 121
3 3421 163 98
3 163 162 98
3 2231 2303 82
3 143 182 144
3 187 142 191
3 191 144 146
3 191 146 142
3 154 195 3534
3 187 229 186
3 296 3018 272
3 187 191 229
3 191 272 229
3 272 191 190
3 2317 273 231
3 195 193 3534
3 228 267 272
3 229 3028 272
3 267 271 272
3 271 3028 272
3 271 296 272
3 3719 195 280
3 286 287 3042
3 249 3071 216
3 2313 2883 267
3 271 331 3028
3 307 287 285
3 266 263 2451
3 335 374 331
3 335 295 271
3 331 335 271
3 298 2191 3012
3 373 295 3044
3 305 346 347
3 348 305 347
3 389 390 391
3 373 414 374
3 414 371 445
3 414 445 413
3 477 443 445
3 413 445 443
3 373 413 2688
3 445 3059 477
3 454 426 496
3 422 426 496
3 2148 477 479
3 492 513 512
3 513 512 509
3 531 528 2148
3 507 479 528
3 541 531 506
3 541 531 530
3 544 541 534
3 2518 536 538
3 151 564 556
3 616 593 592
3 110 595 632
3 2318 265 632
3 2474 2318 3003
3 2319 683 265
3 695 2476 693
3 388 2192 695
3 442 477 445
3 386 453 2893
3 446 753 487
3 446 482 487
3 756 485 754
3 3029 453 3053
3 17 3 18
3 2513 42 3038
3 2295 153 3566
3 99 629 163
3 186 142 187
3 2322 207 205
3 205 287 3072
3 295 299 3044
3 348 286 287
3 348 287 307
3 348 288 287
3 348 287 309
3 376 371 2191
3 424 347 389
3 350 390 391
3 426 389 428
3 533 506 541
3 98 163 99
3 390 348 350
3 2298 2301 727
3 2294 3671 2308
3 324 3014 293
3 3072 205 209
3 2192 2323 695
3 273 2190 2317
3 273 2190 275
3 2190 2320 275
3 297 276 3560
3 2685 387 732
3 2300 289 2201
3 3011 2320 2479
3 3011 272 2479
3 2320 2479 150
3 3002 3009 255
3 3030 120 72
3 2306 2302 679
3 172 2145 2231
3 2448 645 2447
3 193 195 2234
3 195 2234 280
3 416 443 2688
3 595 2316 632
3 485 2305 756
3 524 2278 2517
3 536 2517 2278
3 28 52 50
3 79 77 2304
3 2689 31 33
3 552 2815 2814
3 2449 2316 643
3 3469 52 98
3 2499 385 2291
3 549 2292 71
3 71 96 2292
3 2201 291 2294
3 350 288 3473
3 385 2499 2296
3 2201 2300 399
3 731 727 2301
3 2278 519 536
3 2303 3640 171
3 3029 2305 740
3 430 2497 356
3 391 2497 430
3 203 2501 2309
3 287 309 2999
3 663 2312 3006
3 2313 3003 2454
3 2313 224 267
3 2358 2315 293
3 2317 147 2190
3 2474 2318 110
3 408 2319 367
3 3011 275 2320
3 2473 2321 710
3 203 3045 2446
3 2322 162 3045
3 162 2322 207
3 2192 659 2323
3 2474 143 110
3 2684 66 2812
3 2888 443 479
3 515 517 519
3 606 609 3007
3 9 10 32
3 3513 2453 619
3 2453 619 650
3 488 2816 484
3 386 2893 387
3 68 2990 95
3 62 2687 33
3 3062 732 730
3 2314 2358 220
3 3062 732 2685
3 385 419 2817
3 346 2676 2475
3 2446 3008 2311
3 677 2448 680
3 2448 642 677
3 612 2450 642
3 2451 328 263
3 2452 184 186
3 265 2319 2454
3 176 3487 2315
3 620 2458 2312
3 620 3560 2458
3 205 204 3042
3 285 2322 2446
3 99 2465 629
3 326 2314 2456
3 2309 162 3045
3 165 243 2457
3 3006 2473 663
3 2474 224 182
3 2321 2478 710
3 2300 3027 289
3 378 338 2299
3 3018 272 190
3 3018 276 2509
3 3720 288 3072
3 2882 44 46
3 72 2882 46
3 732 740 730
3 393 2496 674
3 391 350 2497
3 2309 162 125
3 606 3066 609
3 2499 304 2296
3 2297 148 3069
3 385 301 419
3 301 2291 385
3 427 2498 2496
3 385 2296 3688
3 3688 2296 423
3 110 2687 595
3 2509 190 3018
3 2455 315 317
3 2445 317 2455
3 45 2513 69
3 3067 597 600
3 337 299 297
3 620 3069 2297
3 620 3069 3560
3 124 161 204
3 367 2883 2838
3 417 663 2473
3 288 3072 287
3 629 207 163
3 616 595 593
3 3031 3030 552
3 2676 3061 387
3 174 171 3002
3 151 2990 556
3 3067 3535 600
3 367 2313 2883
3 2295 154 3566
3 474 2679 472
3 378 376 2680
3 376 2680 3059
3 2681 3063 432
3 50 52 2682
3 2683 85 3064
3 134 2683 137
3 2684 110 143
3 424 389 426
3 388 695 2685
3 2686 137 131
3 595 2689 593
3 2690 411 372
3 399 3063 435
3 432 3063 435
3 664 634 3010
3 2687 595 2689
3 2447 679 680
3 592 31 577
3 593 31 592
3 3052 494 498
3 309 349 348
3 3028 186 266
3 3065 642 676
3 101 77 127
3 3554 430 434
3 430 428 3554
3 3005 238 282
3 255 3002 216
3 3002 171 216
3 3513 620 2297
3 2889 385 2817
3 112 3064 2500
3 146 117 2812
3 245 208 3004
3 2814 552 549
3 568 549 2814
3 515 458 493
3 549 568 2292
3 2815 2814 585
3 2826 677 701
3 86 83 2686
3 2686 86 137
3 2290 124 74
3 134 3064 2500
3 3068 2443 2998
3 3062 695 2685
3 2290 74 47
3 124 204 3421
3 2826 701 2691
3 146 2479 191
3 189 146 191
3 248 2457 167
3 2838 267 2883
3 2192 2475 388
3 419 2817 2816
3 114 146 117
3 2680 478 3059
3 2296 345 423
3 3004 242 208
3 3421 124 2290
3 305 307 3070
3 489 484 533
3 285 2322 205
3 352 3063 2681
3 2677 70 2310
3 120 2882 95
3 2191 376 298
3 220 3015 2314
3 439 440 469
3 3042 205 287
3 2678 151 2297
3 2887 3073 502
3 2991 2887 502
3 479 482 2888
3 2889 492 489
3 3029 3053 490
3 3053 450 453
3 2890 24 19
3 2888 482 446
3 3663 118 2990
3 494 428 3554
3 2892 77 99
3 2892 77 2304
3 3029 453 2893
3 603 586 604
3 174 131 171
3 24 2513 45
3 466 2887 2991
3 3029 740 2893
3 205 629 207
3 2998 657 3068
3 2311 203 2446
3 3007 659 637
3 3006 2453 650
3 220 2315 2358
3 45 24 2890
3 2476 2323 2998
3 286 3042 282
3 526 523 544
3 3001 634 3025
3 654 3000 3001
3 3001 3775 3025
3 3071 255 291
3 2313 224 3003
3 349 3004 242
3 248 3642 2455
3 238 3005 202
3 3006 2312 2453
3 626 659 3007
3 282 3005 3074
3 3008 283 2311
3 305 283 3008
3 209 165 243
3 2321 3010 2478
3 3540 2146 300
3 3012 3011 271
3 337 3013 3026
3 2312 3013 663
3 3014 2315 3557
3 211 2360 249
3 3015 2456 2314
3 258 3002 3009
3 2359 2311 283
3 204 207 205
3 3450 3562 301
3 2477 126 208
3 208 2477 2999
3 3019 2143 49
3 3019 49 97
3 176 220 175
3 220 176 2315
3 2314 3023 326
3 326 3023 2293
3 3000 3024 692
3 3025 600 634
3 300 2299 301
3 3450 301 2291
3 195 156 3719
3 3009 3671 324
3 258 3009 324
3 2465 165 209
3 3026 663 417
3 3013 663 3026
3 203 609 626
3 3027 2360 315
3 95 556 2990
3 485 449 2305
3 2305 449 3029
3 549 3031 552
3 469 2991 466
3 65 14 64
3 2518 519 536
3 3469 98 163
3 3032 156 197
3 3032 202 197
3 657 2476 693
3 2478 3010 664
3 428 426 496
3 2891 13 33
3 151 148 118
3 31 29 577
3 101 79 102
3 190 2509 189
3 285 287 205
3 2319 367 2454
3 134 175 176
3 126 615 100
3 165 167 127
3 597 619 600
3 619 600 634
3 3074 3043 345
3 195 154 156
3 154 2310 156
3 616 595 2316
3 3025 603 3535
3 2303 131 171
3 3707 692 2301
3 393 674 2826
3 3046 100 615
3 377 3026 337
3 413 373 414
3 2302 520 701
3 3441 2295 69
3 446 418 737
3 446 737 753
3 3053 450 509
3 2822 72 46
3 154 2677 2295
3 280 3450 3562
3 2477 207 205
3 2359 626 659
3 520 701 517
3 285 2446 3008
3 2455 211 2360
3 2454 3003 265
3 2458 3013 2312
3 2358 293 3023
3 2311 203 626
3 147 2317 231
3 3554 434 498
3 2990 151 118
3 416 443 2888
3 657 2476 2998
3 3061 2685 388
3 3061 388 2676
3 386 2676 3428
3 2688 413 443
3 442 369 445
3 418 710 737
3 737 3571 727
3 411 2679 472
3 472 2690 411
3 393 427 458
3 458 2691 393
3 3469 52 2682
3 126 2682 3469
3 85 36 64
3 2443 637 2998
3 167 101 127
3 498 459 518
3 60 35 36
3 3067 566 585
3 94 69 3441
3 2303 83 131
3 2686 83 131
3 683 2447 679
3 263 3568 2452
3 3568 3015 263
3 3014 258 324
3 3560 297 2458
3 3052 512 513
3 245 674 676
3 3004 245 674
3 606 3007 637
3 338 273 3540
3 166 167 3595
3 204 161 238
3 390 2498 348
3 3070 305 3008
3 266 330 331
3 330 2451 266
3 3719 197 281
3 2452 266 186
3 493 458 427
3 496 428 494
3 3072 3720 209
3 488 2817 2889
3 3002 174 258
3 352 399 2300
3 2298 3024 2301
3 284 3074 3005
3 289 291 3071
3 286 282 3074
3 283 2359 2475
3 393 427 2496
3 378 2299 415
3 100 577 3046
3 2298 727 3571
3 2449 616 2316
3 265 632 643
3 643 632 2316
3 337 3044 377
3 3018 296 276
3 3428 347 424
3 386 3428 424
3 153 2295 3441
3 3450 281 280
3 3450 281 2291
3 3483 284 304
3 55 3589 83
3 83 60 3589
3 289 2201 291
3 3007 609 626
3 2497 3473 313
3 3473 288 313
3 153 147 3441
3 2499 304 3483
3 683 265 643
3 172 166 211
3 211 172 249
3 2477 3469 163
3 6 2891 29
3 208 245 615
3 754 737 727
3 3640 216 171
3 3046 2444 612
3 137 176 3564
3 2465 127 165
3 2192 659 2475
3 518 521 540
3 3534 193 153
3 585 3067 3535
3 2310 3032 156
3 604 586 3661
3 3540 300 2299
3 166 172 2145
3 211 166 3595
3 3564 3487 176
3 2678 3513 2297
3 96 49 97
3 71 49 96
3 2890 47 74
3 2509 3560 3069
3 3068 604 3675
3 3014 3557 258
3 289 2360 249
3 300 3562 301
3 2234 300 280
3 142 88 114
3 143 2684 2812
3 131 3564 137
3 211 3642 2455
3 2676 346 3428
3 3487 174 258
3 3557 3487 258
3 300 280 3562
3 3564 174 3487
3 2676 388 2475
3 499 518 502
3 600 3025 3535
3 377 416 418
3 377 417 418
3 3566 3534 153
3 3568 184 2452
3 3015 184 3568
3 683 3774 2319
3 616 2450 2449
3 271 3011 272
3 416 2688 377
3 62 2684 2687
3 459 499 518
3 416 418 446
3 2448 2447 680
3 53 79 102
3 53 80 102
3 2298 3571 2478
3 2447 683 643
3 701 2691 517
3 385 2889 3688
3 208 615 126
3 452 450 453
3 60 35 3589
3 248 2445 2455
3 3068 654 657
3 408 411 367
3 182 143 2474
3 2231 80 2145
3 489 492 511
3 3595 167 248
3 3642 3595 248
3 3009 291 3671
3 2294 291 3671
3 411 372 367
3 120 556 95
3 2302 680 679
3 3059 478 3612
3 3059 2148 3612
3 469 3618 523
3 526 3618 523
3 3640 172 216
3 2231 172 3640
3 91 68 2144
3 524 472 474
3 317 2445 356
3 3637 3038 90
3 3637 90 150
3 369 2307 442
3 522 2306 520
3 2306 2302 520
3 211 3595 3642
3 2301 731 3707
3 3660 147 150
3 94 147 3660
3 91 3663 68
3 654 3713 3001
3 3068 3675 654
3 3671 324 2308
3 3637 150 3660
3 3661 3066 606
3 3661 568 3066
3 275 273 298
3 273 298 338
3 3004 349 2496
3 3004 2496 674
3 692 2301 3024
3 3663 118 116
3 2500 3666 184
3 604 3661 606
3 248 2445 243
3 2457 243 248
3 2499 3483 2291
3 352 317 2681
3 2293 293 324
3 513 422 492
3 422 423 492
3 3441 147 94
3 3675 3713 654
3 3066 2501 609
3 657 692 654
3 654 3000 692
3 3001 664 3000
3 373 3044 2688
3 231 153 193
3 231 147 153
3 3535 603 585
3 427 389 426
3 566 2815 550
3 124 121 74
3 2679 2306 408
3 659 637 2323
3 2307 328 330
3 369 2307 330
3 70 45 2677
3 374 295 335
3 2143 52 28
3 2509 3069 3784
3 148 3069 3782
3 586 585 603
3 3688 2889 423
3 88 3666 142
3 2478 3571 710
3 469 523 521
3 2991 469 521
3 317 356 2681
3 80 32 53
3 55 32 80
3 3707 731 730
3 3062 3707 730
3 98 99 2892
3 53 2304 32
3 2304 9 32
3 82 83 2303
3 437 398 2308
3 3073 437 398
3 3713 3775 3001
3 3675 603 3713
3 2299 419 415
3 301 419 2299
3 3756 679 2306
3 679 3756 683
3 280 3719 281
3 2445 313 243
3 313 3720 243
3 2307 3769 328
3 328 3769 326
3 437 405 466
3 2359 659 2475
3 3720 243 209
3 362 405 439
3 362 2293 405
3 3707 693 3062
3 362 440 439
3 161 121 3032
3 161 202 3032
3 288 348 350
3 2498 349 348
3 478 415 2816
3 539 3052 518
3 518 540 539
3 645 642 2448
3 642 2450 645
3 166 102 2145
3 184 175 2500
3 175 184 3015
3 422 345 389
3 389 345 3043
3 75 98 52
3 146 90 150
3 146 150 2479
3 324 405 2308
3 324 2293 405
3 478 378 2680
3 378 478 415
3 74 2310 70
3 74 121 2310
3 167 101 166
3 101 102 166
3 564 556 566
3 556 550 566
3 405 439 466
3 408 3756 2306
3 3756 3774 683
3 94 3038 69
3 2513 3038 69
3 2143 8 2892
3 2892 2143 75
3 376 378 298
3 378 338 298
3 2307 362 3769
3 3769 362 326
3 44 95 68
3 68 18 44
3 2498 349 2496
3 2307 440 362
3 2991 502 521
3 3774 408 2319
3 3756 408 3774
3 3775 603 3025
3 3713 603 3775
3 356 430 2681
3 434 430 2681
3 3782 116 189
3 3782 3069 3784
3 2509 3784 189
3 3782 3784 189
3 99 127 2465
3 99 77 127
3 75 98 2892
3 693 692 3707
3 474 2306 2679
3 474 522 2306
3 2303 2231 3640
3 2814 568 586
3 586 568 3661
