OFF
# Created by meshio

6146 12288 0

-0.25 0.1 0.25
-0.25 1.1 0.25
-0.25 0.1 -0.25
0.25 0.1 -0.25
0.25 1.1 0.25
0.25 0.1 0.25
-0.25 1.1 -0.25
0.25 1.1 -0.25
-0.25 0.6 0.25
-0.25 0.6 0.0
-0.25 0.1 0.0
0.0 0.1 0.0
0.0 0.1 -0.25
0.0 0.6 0.25
0.0 1.1 0.25
0.0 0.1 0.25
0.25 0.1 0.0
0.25 0.6 0.25
-0.25 1.1 0.0
-0.25 0.6 -0.25
0.0 1.1 0.0
0.0 0.6 -0.25
0.25 0.6 -0.25
0.0 1.1 -0.25
0.25 1.1 0.0
0.25 0.6 0.0
-0.25 0.35 0.25
-0.25 0.35 0.125
-0.25 0.1 0.125
-0.25 0.85 0.125
-0.25 0.6 0.125
-0.25 0.85 0.25
-0.25 0.35 0.0
-0.25 0.35 -0.125
-0.25 0.1 -0.125
0.125 0.1 -0.125
0.0 0.1 -0.125
0.125 0.1 -0.25
-0.125 0.1 0.0
-0.125 0.1 0.125
-0.125 0.1 -0.125
-0.125 0.1 -0.25
-0.125 0.35 0.25
-0.125 0.6 0.25
0.125 1.1 0.25
0.0 0.85 0.25
0.125 0.85 0.25
-0.125 0.85 0.25
-0.125 1.1 0.25
0.125 0.1 0.25
0.125 0.1 0.125
0.25 0.1 0.125
0.0 0.1 0.125
-0.125 0.1 0.25
0.125 0.1 0.0
0.25 0.1 -0.125
0.25 0.35 0.25
0.125 0.35 0.25
0.125 0.6 0.25
0.25 0.85 0.25
0.0 0.35 0.25
-0.25 0.6 -0.125
-0.25 0.35 -0.25
-0.25 1.1 0.125
-0.25 0.85 0.0
-0.25 0.85 -0.125
-0.25 1.1 -0.125
-0.25 0.85 -0.25
-0.125 1.1 0.125
0.125 1.1 0.125
0.0 1.1 0.125
-0.125 1.1 0.0
-0.125 1.1 -0.125
-0.125 0.85 -0.25
-0.125 0.6 -0.25
0.0 0.35 -0.25
0.125 0.35 -0.25
-0.125 0.35 -0.25
0.25 0.85 -0.25
0.125 0.85 -0.25
0.125 1.1 -0.25
0.125 0.6 -0.25
0.25 0.35 -0.25
0.0 0.85 -0.25
-0.125 1.1 -0.25
0.0 1.1 -0.125
0.25 1.1 0.125
0.125 1.1 0.0
0.125 1.1 -0.125
0.25 1.1 -0.125
0.25 0.85 -0.125
0.25 0.6 -0.125
0.25 0.35 0.0
0.25 0.35 0.125
0.25 0.35 -0.125
0.25 0.85 0.125
0.25 0.6 0.125
0.25 0.85 0.0
-0.25 0.225 0.25
-0.25 0.225 0.1875
-0.25 0.1 0.1875
-0.25 0.475 0.1875
-0.25 0.35 0.1875
-0.25 0.475 0.25
-0.25 0.225 0.125
-0.25 0.225 0.0625
-0.25 0.1 0.0625
-0.25 0.975 0.1875
-0.25 0.85 0.1875
-0.25 0.975 0.25
-0.25 0.6 0.0625
-0.25 0.725 0.125
-0.25 0.725 0.0625
-0.25 0.725 0.1875
-0.25 0.6 0.1875
-0.25 0.725 0.25
-0.25 0.475 0.125
-0.25 0.475 0.0
-0.25 0.475 0.0625
-0.25 0.35 0.0625
-0.25 0.225 0.0
-0.25 0.475 -0.0625
-0.25 0.35 -0.0625
-0.25 0.1 -0.1875
-0.25 0.225 -0.125
-0.25 0.225 -0.1875
-0.25 0.225 -0.0625
-0.25 0.1 -0.0625
0.1875 0.1 -0.1875
0.125 0.1 -0.1875
0.1875 0.1 -0.25
0.0 0.1 -0.0625
0.0625 0.1 -0.125
0.0625 0.1 -0.0625
0.0625 0.1 -0.1875
0.0 0.1 -0.1875
0.0625 0.1 -0.25
-0.1875 0.1 0.125
-0.1875 0.1 0.1875
-0.1875 0.1 0.0
-0.1875 0.1 0.0625
-0.125 0.1 0.0625
-0.0625 0.1 0.0
-0.0625 0.1 0.0625
-0.0625 0.1 -0.0625
-0.1875 0.1 -0.0625
-0.125 0.1 -0.0625
-0.0625 0.1 -0.125
-0.0625 0.1 -0.1875
-0.1875 0.1 -0.125
-0.1875 0.1 -0.25
-0.1875 0.1 -0.1875
-0.125 0.1 -0.1875
-0.0625 0.1 -0.25
-0.1875 0.225 0.25
-0.1875 0.35 0.25
-0.0625 0.6 0.25
-0.125 0.475 0.25
-0.0625 0.475 0.25
-0.1875 0.475 0.25
-0.1875 0.6 0.25
0.1875 1.1 0.25
0.125 0.975 0.25
0.1875 0.975 0.25
0.0 0.975 0.25
0.0625 0.975 0.25
0.0625 1.1 0.25
0.0625 0.85 0.25
0.0 0.725 0.25
0.0625 0.725 0.25
-0.0625 0.725 0.25
-0.0625 0.975 0.25
-0.0625 0.85 0.25
-0.125 0.725 0.25
-0.1875 0.725 0.25
-0.0625 1.1 0.25
-0.125 0.975 0.25
-0.1875 0.975 0.25
-0.1875 1.1 0.25
-0.1875 0.85 0.25
0.1875 0.1 0.25
0.1875 0.1 0.1875
0.25 0.1 0.1875
0.0625 0.1 0.1875
0.125 0.1 0.1875
0.0625 0.1 0.25
0.1875 0.1 0.125
0.1875 0.1 0.0625
0.25 0.1 0.0625
-0.125 0.1 0.1875
-0.1875 0.1 0.25
0.0 0.1 0.0625
-0.0625 0.1 0.125
-0.0625 0.1 0.1875
0.0 0.1 0.1875
-0.0625 0.1 0.25
0.0625 0.1 0.125
0.0625 0.1 0.0
0.0625 0.1 0.0625
0.125 0.1 0.0625
0.1875 0.1 0.0
0.125 0.1 -0.0625
0.25 0.1 -0.1875
0.1875 0.1 -0.125
0.1875 0.1 -0.0625
0.25 0.1 -0.0625
0.25 0.225 0.25
0.1875 0.225 0.25
0.1875 0.475 0.25
0.1875 0.35 0.25
0.25 0.475 0.25
0.125 0.225 0.25
0.0625 0.225 0.25
0.1875 0.85 0.25
0.25 0.975 0.25
0.0625 0.6 0.25
0.125 0.725 0.25
0.1875 0.725 0.25
0.1875 0.6 0.25
0.25 0.725 0.25
0.125 0.475 0.25
0.0 0.475 0.25
0.0625 0.475 0.25
0.0625 0.35 0.25
0.0 0.225 0.25
-0.0625 0.35 0.25
-0.125 0.225 0.25
-0.0625 0.225 0.25
-0.25 0.35 -0.1875
-0.25 0.225 -0.25
-0.25 0.6 -0.0625
-0.25 0.475 -0.125
-0.25 0.475 -0.1875
-0.25 0.6 -0.1875
-0.25 0.475 -0.25
-0.25 1.1 0.1875
-0.25 0.975 0.125
-0.25 0.975 0.0
-0.25 0.975 0.0625
-0.25 1.1 0.0625
-0.25 0.85 0.0625
-0.25 0.725 0.0
-0.25 0.725 -0.0625
-0.25 0.975 -0.0625
-0.25 0.85 -0.0625
-0.25 0.725 -0.125
-0.25 0.725 -0.1875
-0.25 1.1 -0.0625
-0.25 0.975 -0.125
-0.25 0.975 -0.25
-0.25 0.975 -0.1875
-0.25 1.1 -0.1875
-0.25 0.85 -0.1875
-0.25 0.725 -0.25
-0.1875 1.1 0.1875
-0.0625 1.1 0.1875
-0.125 1.1 0.1875
-0.1875 1.1 0.125
-0.1875 1.1 0.0625
0.1875 1.1 0.1875
0.125 1.1 0.1875
0.0 1.1 0.0625
0.0625 1.1 0.125
0.0625 1.1 0.0625
0.0625 1.1 0.1875
0.0 1.1 0.1875
-0.0625 1.1 0.125
-0.0625 1.1 0.0
-0.0625 1.1 0.0625
-0.125 1.1 0.0625
-0.1875 1.1 0.0
-0.0625 1.1 -0.0625
-0.125 1.1 -0.0625
-0.1875 1.1 -0.125
-0.1875 1.1 -0.1875
-0.1875 1.1 -0.0625
-0.1875 0.975 -0.25
-0.1875 0.85 -0.25
-0.0625 0.6 -0.25
-0.125 0.725 -0.25
-0.0625 0.725 -0.25
-0.1875 0.725 -0.25
-0.1875 0.6 -0.25
0.125 0.225 -0.25
0.1875 0.225 -0.25
0.0 0.225 -0.25
0.0625 0.225 -0.25
0.0625 0.35 -0.25
0.0 0.475 -0.25
0.0625 0.475 -0.25
-0.0625 0.475 -0.25
-0.0625 0.225 -0.25
-0.0625 0.35 -0.25
-0.125 0.475 -0.25
-0.1875 0.475 -0.25
-0.125 0.225 -0.25
-0.1875 0.225 -0.25
-0.1875 0.35 -0.25
0.25 0.975 -0.25
0.1875 0.975 -0.25
0.1875 1.1 -0.25
0.1875 0.725 -0.25
0.1875 0.85 -0.25
0.25 0.725 -0.25
0.125 0.975 -0.25
0.0625 0.975 -0.25
0.0625 1.1 -0.25
0.1875 0.35 -0.25
0.25 0.225 -0.25
0.0625 0.6 -0.25
0.125 0.475 -0.25
0.1875 0.475 -0.25
0.1875 0.6 -0.25
0.25 0.475 -0.25
0.125 0.725 -0.25
0.0 0.725 -0.25
0.0625 0.725 -0.25
0.0625 0.85 -0.25
0.0 0.975 -0.25
-0.0625 0.85 -0.25
-0.1875 1.1 -0.25
-0.125 0.975 -0.25
-0.0625 0.975 -0.25
-0.0625 1.1 -0.25
-0.125 1.1 -0.1875
0.0 1.1 -0.0625
-0.0625 1.1 -0.125
-0.0625 1.1 -0.1875
0.0 1.1 -0.1875
0.25 1.1 0.1875
0.1875 1.1 0.125
0.1875 1.1 0.0
0.1875 1.1 0.0625
0.25 1.1 0.0625
0.125 1.1 0.0625
0.0625 1.1 0.0
0.0625 1.1 -0.0625
0.1875 1.1 -0.0625
0.125 1.1 -0.0625
0.0625 1.1 -0.125
0.0625 1.1 -0.1875
0.25 1.1 -0.0625
0.1875 1.1 -0.125
0.1875 1.1 -0.1875
0.25 1.1 -0.1875
0.125 1.1 -0.1875
0.25 0.975 -0.1875
0.25 0.85 -0.1875
0.25 0.6 -0.0625
0.25 0.725 -0.125
0.25 0.725 -0.0625
0.25 0.725 -0.1875
0.25 0.6 -0.1875
0.25 0.225 0.125
0.25 0.225 0.1875
0.25 0.225 0.0
0.25 0.225 0.0625
0.25 0.35 0.0625
0.25 0.475 0.0
0.25 0.475 0.0625
0.25 0.475 -0.0625
0.25 0.225 -0.0625
0.25 0.35 -0.0625
0.25 0.475 -0.125
0.25 0.475 -0.1875
0.25 0.225 -0.125
0.25 0.225 -0.1875
0.25 0.35 -0.1875
0.25 0.975 0.1875
0.25 0.725 0.1875
0.25 0.85 0.1875
0.25 0.975 0.125
0.25 0.975 0.0625
0.25 0.35 0.1875
0.25 0.6 0.0625
0.25 0.475 0.125
0.25 0.475 0.1875
0.25 0.6 0.1875
0.25 0.725 0.125
0.25 0.725 0.0
0.25 0.725 0.0625
0.25 0.85 0.0625
0.25 0.975 0.0
0.25 0.85 -0.0625
0.25 0.975 -0.125
0.25 0.975 -0.0625
-0.25 0.1625 0.25
-0.25 0.1625 0.21875
-0.25 0.1 0.21875
-0.25 0.2875 0.21875
-0.25 0.225 0.21875
-0.25 0.2875 0.25
-0.25 0.1625 0.1875
-0.25 0.1625 0.15625
-0.25 0.1 0.15625
-0.25 0.5375 0.21875
-0.25 0.475 0.21875
-0.25 0.5375 0.25
-0.25 0.35 0.15625
-0.25 0.4125 0.1875
-0.25 0.4125 0.15625
-0.25 0.4125 0.21875
-0.25 0.35 0.21875
-0.25 0.4125 0.25
-0.25 0.2875 0.1875
-0.25 0.2875 0.125
-0.25 0.2875 0.15625
-0.25 0.225 0.15625
-0.25 0.1625 0.125
-0.25 0.2875 0.09375
-0.25 0.225 0.09375
-0.25 0.1 0.03125
-0.25 0.1625 0.0625
-0.25 0.1625 0.03125
-0.25 0.1625 0.09375
-0.25 0.1 0.09375
-0.25 1.0375 0.21875
-0.25 0.975 0.21875
-0.25 1.0375 0.25
-0.25 0.85 0.15625
-0.25 0.9125 0.1875
-0.25 0.9125 0.15625
-0.25 0.9125 0.21875
-0.25 0.85 0.21875
-0.25 0.9125 0.25
-0.25 0.6 0.03125
-0.25 0.6625 0.0625
-0.25 0.6625 0.03125
-0.25 0.6625 0.125
-0.25 0.6625 0.09375
-0.25 0.6 0.09375
-0.25 0.725 0.09375
-0.25 0.7875 0.125
-0.25 0.7875 0.09375
-0.25 0.7875 0.15625
-0.25 0.6625 0.15625
-0.25 0.725 0.15625
-0.25 0.7875 0.1875
-0.25 0.7875 0.21875
-0.25 0.6 0.15625
-0.25 0.6625 0.1875
-0.25 0.6625 0.25
-0.25 0.6625 0.21875
-0.25 0.6 0.21875
-0.25 0.725 0.21875
-0.25 0.7875 0.25
-0.25 0.5375 0.1875
-0.25 0.5375 0.125
-0.25 0.5375 0.15625
-0.25 0.475 0.15625
-0.25 0.4125 0.125
-0.25 0.5375 0.0
-0.25 0.5375 0.03125
-0.25 0.4125 0.03125
-0.25 0.475 0.03125
-0.25 0.4125 0.0
-0.25 0.5375 0.0625
-0.25 0.5375 0.09375
-0.25 0.475 0.09375
-0.25 0.35 0.03125
-0.25 0.4125 0.0625
-0.25 0.4125 0.09375
-0.25 0.35 0.09375
-0.25 0.2875 0.0
-0.25 0.2875 0.03125
-0.25 0.225 0.03125
-0.25 0.1625 0.0
-0.25 0.2875 0.0625
-0.25 0.5375 -0.03125
-0.25 0.475 -0.03125
-0.25 0.35 -0.09375
-0.25 0.4125 -0.0625
-0.25 0.4125 -0.09375
-0.25 0.4125 -0.03125
-0.25 0.35 -0.03125
-0.25 0.1 -0.21875
-0.25 0.1625 -0.1875
-0.25 0.1625 -0.21875
-0.25 0.1625 -0.125
-0.25 0.1625 -0.15625
-0.25 0.1 -0.15625
-0.25 0.225 -0.15625
-0.25 0.2875 -0.125
-0.25 0.2875 -0.15625
-0.25 0.2875 -0.09375
-0.25 0.1625 -0.09375
-0.25 0.225 -0.09375
-0.25 0.2875 -0.0625
-0.25 0.2875 -0.03125
-0.25 0.1 -0.09375
-0.25 0.1625 -0.0625
-0.25 0.1625 -0.03125
-0.25 0.1 -0.03125
-0.25 0.225 -0.03125
0.21875 0.1 -0.21875
0.1875 0.1 -0.21875
0.21875 0.1 -0.25
0.125 0.1 -0.15625
0.15625 0.1 -0.1875
0.15625 0.1 -0.15625
0.15625 0.1 -0.21875
0.125 0.1 -0.21875
0.15625 0.1 -0.25
0.0 0.1 -0.03125
0.03125 0.1 -0.0625
0.03125 0.1 -0.03125
0.03125 0.1 -0.125
0.03125 0.1 -0.09375
0.0 0.1 -0.09375
0.0625 0.1 -0.09375
0.09375 0.1 -0.125
0.09375 0.1 -0.09375
0.09375 0.1 -0.15625
0.03125 0.1 -0.15625
0.0625 0.1 -0.15625
0.09375 0.1 -0.1875
0.09375 0.1 -0.21875
0.0 0.1 -0.15625
0.03125 0.1 -0.1875
0.03125 0.1 -0.25
0.03125 0.1 -0.21875
0.0 0.1 -0.21875
0.0625 0.1 -0.21875
0.09375 0.1 -0.25
-0.21875 0.1 0.1875
-0.21875 0.1 0.21875
-0.21875 0.1 0.125
-0.21875 0.1 0.15625
-0.1875 0.1 0.15625
-0.15625 0.1 0.125
-0.15625 0.1 0.15625
-0.21875 0.1 0.0
-0.21875 0.1 0.03125
-0.15625 0.1 0.03125
-0.1875 0.1 0.03125
-0.15625 0.1 0.0
-0.21875 0.1 0.0625
-0.21875 0.1 0.09375
-0.1875 0.1 0.09375
-0.125 0.1 0.03125
-0.15625 0.1 0.0625
-0.15625 0.1 0.09375
-0.125 0.1 0.09375
-0.09375 0.1 0.0
-0.09375 0.1 0.03125
-0.03125 0.1 0.03125
-0.0625 0.1 0.03125
-0.03125 0.1 0.0
-0.09375 0.1 0.0625
-0.09375 0.1 0.09375
-0.03125 0.1 -0.03125
-0.09375 0.1 -0.03125
-0.0625 0.1 -0.03125
-0.03125 0.1 -0.0625
-0.03125 0.1 -0.09375
-0.21875 0.1 -0.03125
-0.1875 0.1 -0.03125
-0.125 0.1 -0.09375
-0.15625 0.1 -0.0625
-0.15625 0.1 -0.09375
-0.15625 0.1 -0.03125
-0.125 0.1 -0.03125
-0.09375 0.1 -0.0625
-0.09375 0.1 -0.125
-0.09375 0.1 -0.09375
-0.0625 0.1 -0.09375
-0.03125 0.1 -0.125
-0.09375 0.1 -0.15625
-0.0625 0.1 -0.15625
-0.03125 0.1 -0.1875
-0.03125 0.1 -0.21875
-0.03125 0.1 -0.15625
-0.21875 0.1 -0.0625
-0.21875 0.1 -0.125
-0.21875 0.1 -0.09375
-0.1875 0.1 -0.09375
-0.15625 0.1 -0.125
-0.21875 0.1 -0.25
-0.21875 0.1 -0.21875
-0.15625 0.1 -0.21875
-0.1875 0.1 -0.21875
-0.15625 0.1 -0.25
-0.21875 0.1 -0.1875
-0.21875 0.1 -0.15625
-0.1875 0.1 -0.15625
-0.125 0.1 -0.21875
-0.15625 0.1 -0.1875
-0.15625 0.1 -0.15625
-0.125 0.1 -0.15625
-0.09375 0.1 -0.25
-0.09375 0.1 -0.21875
-0.0625 0.1 -0.21875
-0.03125 0.1 -0.25
-0.09375 0.1 -0.1875
-0.21875 0.1625 0.25
-0.21875 0.225 0.25
-0.15625 0.35 0.25
-0.1875 0.2875 0.25
-0.15625 0.2875 0.25
-0.21875 0.2875 0.25
-0.21875 0.35 0.25
-0.03125 0.6 0.25
-0.0625 0.5375 0.25
-0.03125 0.5375 0.25
-0.125 0.5375 0.25
-0.09375 0.5375 0.25
-0.09375 0.6 0.25
-0.09375 0.475 0.25
-0.125 0.4125 0.25
-0.09375 0.4125 0.25
-0.15625 0.4125 0.25
-0.15625 0.5375 0.25
-0.15625 0.475 0.25
-0.1875 0.4125 0.25
-0.21875 0.4125 0.25
-0.15625 0.6 0.25
-0.1875 0.5375 0.25
-0.21875 0.5375 0.25
-0.21875 0.6 0.25
-0.21875 0.475 0.25
0.21875 1.1 0.25
0.1875 1.0375 0.25
0.21875 1.0375 0.25
0.125 1.0375 0.25
0.15625 1.0375 0.25
0.15625 1.1 0.25
0.15625 0.975 0.25
0.125 0.9125 0.25
0.15625 0.9125 0.25
0.0 1.0375 0.25
0.03125 1.0375 0.25
0.03125 1.1 0.25
0.03125 0.9125 0.25
0.03125 0.975 0.25
0.0 0.9125 0.25
0.0625 1.0375 0.25
0.09375 1.0375 0.25
0.09375 1.1 0.25
0.09375 0.975 0.25
0.03125 0.85 0.25
0.0625 0.9125 0.25
0.09375 0.9125 0.25
0.09375 0.85 0.25
0.0 0.7875 0.25
0.03125 0.7875 0.25
0.03125 0.6625 0.25
0.03125 0.725 0.25
0.0 0.6625 0.25
0.0625 0.7875 0.25
0.09375 0.7875 0.25
-0.03125 0.6625 0.25
-0.03125 0.7875 0.25
-0.03125 0.725 0.25
-0.0625 0.6625 0.25
-0.09375 0.6625 0.25
-0.03125 1.0375 0.25
-0.03125 0.975 0.25
-0.09375 0.85 0.25
-0.0625 0.9125 0.25
-0.09375 0.9125 0.25
-0.03125 0.9125 0.25
-0.03125 0.85 0.25
-0.0625 0.7875 0.25
-0.125 0.7875 0.25
-0.09375 0.7875 0.25
-0.09375 0.725 0.25
-0.125 0.6625 0.25
-0.15625 0.7875 0.25
-0.15625 0.725 0.25
-0.1875 0.6625 0.25
-0.21875 0.6625 0.25
-0.15625 0.6625 0.25
-0.03125 1.1 0.25
-0.0625 1.0375 0.25
-0.125 1.0375 0.25
-0.09375 1.0375 0.25
-0.09375 1.1 0.25
-0.09375 0.975 0.25
-0.125 0.9125 0.25
-0.21875 1.0375 0.25
-0.21875 1.1 0.25
-0.21875 0.9125 0.25
-0.21875 0.975 0.25
-0.1875 1.0375 0.25
-0.15625 1.0375 0.25
-0.15625 1.1 0.25
-0.15625 0.975 0.25
-0.21875 0.85 0.25
-0.1875 0.9125 0.25
-0.15625 0.9125 0.25
-0.15625 0.85 0.25
-0.21875 0.7875 0.25
-0.21875 0.725 0.25
-0.1875 0.7875 0.25
0.21875 0.1 0.25
0.21875 0.1 0.21875
0.25 0.1 0.21875
0.15625 0.1 0.21875
0.1875 0.1 0.21875
0.15625 0.1 0.25
0.21875 0.1 0.1875
0.21875 0.1 0.15625
0.25 0.1 0.15625
0.03125 0.1 0.21875
0.0625 0.1 0.21875
0.03125 0.1 0.25
0.125 0.1 0.15625
0.09375 0.1 0.1875
0.09375 0.1 0.15625
0.09375 0.1 0.21875
0.125 0.1 0.21875
0.09375 0.1 0.25
0.15625 0.1 0.1875
0.15625 0.1 0.125
0.15625 0.1 0.15625
0.1875 0.1 0.15625
0.21875 0.1 0.125
0.15625 0.1 0.09375
0.1875 0.1 0.09375
0.25 0.1 0.03125
0.21875 0.1 0.0625
0.21875 0.1 0.03125
0.21875 0.1 0.09375
0.25 0.1 0.09375
-0.1875 0.1 0.21875
-0.21875 0.1 0.25
-0.125 0.1 0.15625
-0.15625 0.1 0.1875
-0.15625 0.1 0.21875
-0.125 0.1 0.21875
-0.15625 0.1 0.25
0.0 0.1 0.03125
-0.03125 0.1 0.0625
-0.03125 0.1 0.125
-0.03125 0.1 0.09375
0.0 0.1 0.09375
-0.0625 0.1 0.09375
-0.09375 0.1 0.125
-0.09375 0.1 0.15625
-0.03125 0.1 0.15625
-0.0625 0.1 0.15625
-0.09375 0.1 0.1875
-0.09375 0.1 0.21875
0.0 0.1 0.15625
-0.03125 0.1 0.1875
-0.03125 0.1 0.25
-0.03125 0.1 0.21875
0.0 0.1 0.21875
-0.0625 0.1 0.21875
-0.09375 0.1 0.25
0.03125 0.1 0.1875
0.03125 0.1 0.125
0.03125 0.1 0.15625
0.0625 0.1 0.15625
0.09375 0.1 0.125
0.03125 0.1 0.0
0.03125 0.1 0.03125
0.09375 0.1 0.03125
0.0625 0.1 0.03125
0.09375 0.1 0.0
0.03125 0.1 0.0625
0.03125 0.1 0.09375
0.0625 0.1 0.09375
0.125 0.1 0.03125
0.09375 0.1 0.0625
0.09375 0.1 0.09375
0.125 0.1 0.09375
0.15625 0.1 0.0
0.15625 0.1 0.03125
0.1875 0.1 0.03125
0.21875 0.1 0.0
0.15625 0.1 0.0625
0.0625 0.1 -0.03125
0.125 0.1 -0.09375
0.09375 0.1 -0.0625
0.09375 0.1 -0.03125
0.125 0.1 -0.03125
0.25 0.1 -0.21875
0.21875 0.1 -0.1875
0.21875 0.1 -0.125
0.21875 0.1 -0.15625
0.25 0.1 -0.15625
0.1875 0.1 -0.15625
0.15625 0.1 -0.125
0.15625 0.1 -0.09375
0.21875 0.1 -0.09375
0.1875 0.1 -0.09375
0.15625 0.1 -0.0625
0.15625 0.1 -0.03125
0.25 0.1 -0.09375
0.21875 0.1 -0.0625
0.21875 0.1 -0.03125
0.25 0.1 -0.03125
0.1875 0.1 -0.03125
0.25 0.1625 0.25
0.21875 0.1625 0.25
0.21875 0.2875 0.25
0.21875 0.225 0.25
0.25 0.2875 0.25
0.1875 0.1625 0.25
0.15625 0.1625 0.25
0.21875 0.5375 0.25
0.21875 0.475 0.25
0.25 0.5375 0.25
0.15625 0.35 0.25
0.1875 0.4125 0.25
0.15625 0.4125 0.25
0.21875 0.4125 0.25
0.21875 0.35 0.25
0.25 0.4125 0.25
0.1875 0.2875 0.25
0.125 0.2875 0.25
0.15625 0.2875 0.25
0.15625 0.225 0.25
0.125 0.1625 0.25
0.09375 0.2875 0.25
0.09375 0.225 0.25
0.0625 0.1625 0.25
0.03125 0.1625 0.25
0.09375 0.1625 0.25
0.21875 0.975 0.25
0.25 1.0375 0.25
0.15625 0.85 0.25
0.1875 0.9125 0.25
0.21875 0.9125 0.25
0.21875 0.85 0.25
0.25 0.9125 0.25
0.03125 0.6 0.25
0.0625 0.6625 0.25
0.125 0.6625 0.25
0.09375 0.6625 0.25
0.09375 0.6 0.25
0.09375 0.725 0.25
0.125 0.7875 0.25
0.15625 0.7875 0.25
0.15625 0.6625 0.25
0.15625 0.725 0.25
0.1875 0.7875 0.25
0.21875 0.7875 0.25
0.15625 0.6 0.25
0.1875 0.6625 0.25
0.25 0.6625 0.25
0.21875 0.6625 0.25
0.21875 0.6 0.25
0.21875 0.725 0.25
0.25 0.7875 0.25
0.1875 0.5375 0.25
0.125 0.5375 0.25
0.15625 0.5375 0.25
0.15625 0.475 0.25
0.125 0.4125 0.25
0.0 0.5375 0.25
0.03125 0.5375 0.25
0.03125 0.4125 0.25
0.03125 0.475 0.25
0.0 0.4125 0.25
0.0625 0.5375 0.25
0.09375 0.5375 0.25
0.09375 0.475 0.25
0.03125 0.35 0.25
0.0625 0.4125 0.25
0.09375 0.4125 0.25
0.09375 0.35 0.25
0.0 0.2875 0.25
0.03125 0.2875 0.25
0.03125 0.225 0.25
0.0 0.1625 0.25
0.0625 0.2875 0.25
-0.03125 0.475 0.25
-0.09375 0.35 0.25
-0.0625 0.4125 0.25
-0.03125 0.4125 0.25
-0.03125 0.35 0.25
-0.1875 0.1625 0.25
-0.125 0.1625 0.25
-0.15625 0.1625 0.25
-0.15625 0.225 0.25
-0.125 0.2875 0.25
-0.09375 0.2875 0.25
-0.09375 0.1625 0.25
-0.09375 0.225 0.25
-0.0625 0.2875 0.25
-0.03125 0.2875 0.25
-0.0625 0.1625 0.25
-0.03125 0.1625 0.25
-0.03125 0.225 0.25
-0.25 0.225 -0.21875
-0.25 0.1625 -0.25
-0.25 0.35 -0.15625
-0.25 0.2875 -0.1875
-0.25 0.2875 -0.21875
-0.25 0.35 -0.21875
-0.25 0.2875 -0.25
-0.25 0.6 -0.03125
-0.25 0.5375 -0.0625
-0.25 0.5375 -0.125
-0.25 0.5375 -0.09375
-0.25 0.6 -0.09375
-0.25 0.475 -0.09375
-0.25 0.4125 -0.125
-0.25 0.4125 -0.15625
-0.25 0.5375 -0.15625
-0.25 0.475 -0.15625
-0.25 0.4125 -0.1875
-0.25 0.4125 -0.21875
-0.25 0.6 -0.15625
-0.25 0.5375 -0.1875
-0.25 0.5375 -0.25
-0.25 0.5375 -0.21875
-0.25 0.6 -0.21875
-0.25 0.475 -0.21875
-0.25 0.4125 -0.25
-0.25 1.1 0.21875
-0.25 1.0375 0.1875
-0.25 1.0375 0.125
-0.25 1.0375 0.15625
-0.25 1.1 0.15625
-0.25 0.975 0.15625
-0.25 0.9125 0.125
-0.25 1.0375 0.0
-0.25 1.0375 0.03125
-0.25 1.1 0.03125
-0.25 0.9125 0.03125
-0.25 0.975 0.03125
-0.25 0.9125 0.0
-0.25 1.0375 0.0625
-0.25 1.0375 0.09375
-0.25 1.1 0.09375
-0.25 0.975 0.09375
-0.25 0.85 0.03125
-0.25 0.9125 0.0625
-0.25 0.9125 0.09375
-0.25 0.85 0.09375
-0.25 0.7875 0.0
-0.25 0.7875 0.03125
-0.25 0.725 0.03125
-0.25 0.6625 0.0
-0.25 0.7875 0.0625
-0.25 0.6625 -0.03125
-0.25 0.7875 -0.03125
-0.25 0.725 -0.03125
-0.25 0.6625 -0.0625
-0.25 0.6625 -0.09375
-0.25 1.0375 -0.03125
-0.25 0.975 -0.03125
-0.25 0.85 -0.09375
-0.25 0.9125 -0.0625
-0.25 0.9125 -0.09375
-0.25 0.9125 -0.03125
-0.25 0.85 -0.03125
-0.25 0.7875 -0.0625
-0.25 0.7875 -0.125
-0.25 0.7875 -0.09375
-0.25 0.725 -0.09375
-0.25 0.6625 -0.125
-0.25 0.7875 -0.15625
-0.25 0.725 -0.15625
-0.25 0.6625 -0.1875
-0.25 0.6625 -0.21875
-0.25 0.6625 -0.15625
-0.25 1.1 -0.03125
-0.25 1.0375 -0.0625
-0.25 1.0375 -0.125
-0.25 1.0375 -0.09375
-0.25 1.1 -0.09375
-0.25 0.975 -0.09375
-0.25 0.9125 -0.125
-0.25 1.0375 -0.25
-0.25 1.0375 -0.21875
-0.25 1.1 -0.21875
-0.25 0.9125 -0.21875
-0.25 0.975 -0.21875
-0.25 0.9125 -0.25
-0.25 1.0375 -0.1875
-0.25 1.0375 -0.15625
-0.25 1.1 -0.15625
-0.25 0.975 -0.15625
-0.25 0.85 -0.21875
-0.25 0.9125 -0.1875
-0.25 0.9125 -0.15625
-0.25 0.85 -0.15625
-0.25 0.7875 -0.25
-0.25 0.7875 -0.21875
-0.25 0.725 -0.21875
-0.25 0.6625 -0.25
-0.25 0.7875 -0.1875
-0.21875 1.1 0.21875
-0.15625 1.1 0.21875
-0.1875 1.1 0.21875
-0.21875 1.1 0.1875
-0.21875 1.1 0.15625
-0.03125 1.1 0.21875
-0.0625 1.1 0.21875
-0.125 1.1 0.15625
-0.09375 1.1 0.1875
-0.09375 1.1 0.15625
-0.09375 1.1 0.21875
-0.125 1.1 0.21875
-0.15625 1.1 0.1875
-0.15625 1.1 0.125
-0.15625 1.1 0.15625
-0.1875 1.1 0.15625
-0.21875 1.1 0.125
-0.15625 1.1 0.09375
-0.1875 1.1 0.09375
-0.21875 1.1 0.0625
-0.21875 1.1 0.03125
-0.21875 1.1 0.09375
0.21875 1.1 0.21875
0.1875 1.1 0.21875
0.125 1.1 0.15625
0.15625 1.1 0.1875
0.15625 1.1 0.15625
0.15625 1.1 0.21875
0.125 1.1 0.21875
0.0 1.1 0.03125
0.03125 1.1 0.0625
0.03125 1.1 0.03125
0.03125 1.1 0.125
0.03125 1.1 0.09375
0.0 1.1 0.09375
0.0625 1.1 0.09375
0.09375 1.1 0.125
0.09375 1.1 0.09375
0.09375 1.1 0.15625
0.03125 1.1 0.15625
0.0625 1.1 0.15625
0.09375 1.1 0.1875
0.09375 1.1 0.21875
0.0 1.1 0.15625
0.03125 1.1 0.1875
0.03125 1.1 0.21875
0.0 1.1 0.21875
0.0625 1.1 0.21875
-0.03125 1.1 0.1875
-0.03125 1.1 0.125
-0.03125 1.1 0.15625
-0.0625 1.1 0.15625
-0.09375 1.1 0.125
-0.03125 1.1 0.0
-0.03125 1.1 0.03125
-0.09375 1.1 0.03125
-0.0625 1.1 0.03125
-0.09375 1.1 0.0
-0.03125 1.1 0.0625
-0.03125 1.1 0.09375
-0.0625 1.1 0.09375
-0.125 1.1 0.03125
-0.09375 1.1 0.0625
-0.09375 1.1 0.09375
-0.125 1.1 0.09375
-0.15625 1.1 0.0
-0.15625 1.1 0.03125
-0.1875 1.1 0.03125
-0.21875 1.1 0.0
-0.15625 1.1 0.0625
-0.03125 1.1 -0.03125
-0.0625 1.1 -0.03125
-0.125 1.1 -0.09375
-0.09375 1.1 -0.0625
-0.09375 1.1 -0.09375
-0.09375 1.1 -0.03125
-0.125 1.1 -0.03125
-0.21875 1.1 -0.1875
-0.21875 1.1 -0.21875
-0.21875 1.1 -0.125
-0.21875 1.1 -0.15625
-0.1875 1.1 -0.15625
-0.15625 1.1 -0.125
-0.15625 1.1 -0.15625
-0.15625 1.1 -0.09375
-0.21875 1.1 -0.09375
-0.1875 1.1 -0.09375
-0.15625 1.1 -0.0625
-0.15625 1.1 -0.03125
-0.21875 1.1 -0.0625
-0.21875 1.1 -0.03125
-0.1875 1.1 -0.03125
-0.21875 1.0375 -0.25
-0.21875 0.975 -0.25
-0.15625 0.85 -0.25
-0.1875 0.9125 -0.25
-0.15625 0.9125 -0.25
-0.21875 0.9125 -0.25
-0.21875 0.85 -0.25
-0.03125 0.6 -0.25
-0.0625 0.6625 -0.25
-0.03125 0.6625 -0.25
-0.125 0.6625 -0.25
-0.09375 0.6625 -0.25
-0.09375 0.6 -0.25
-0.09375 0.725 -0.25
-0.125 0.7875 -0.25
-0.09375 0.7875 -0.25
-0.15625 0.7875 -0.25
-0.15625 0.6625 -0.25
-0.15625 0.725 -0.25
-0.1875 0.7875 -0.25
-0.21875 0.7875 -0.25
-0.15625 0.6 -0.25
-0.1875 0.6625 -0.25
-0.21875 0.6625 -0.25
-0.21875 0.6 -0.25
-0.21875 0.725 -0.25
0.1875 0.1625 -0.25
0.21875 0.1625 -0.25
0.125 0.1625 -0.25
0.15625 0.1625 -0.25
0.15625 0.225 -0.25
0.125 0.2875 -0.25
0.15625 0.2875 -0.25
0.0 0.1625 -0.25
0.03125 0.1625 -0.25
0.03125 0.2875 -0.25
0.03125 0.225 -0.25
0.0 0.2875 -0.25
0.0625 0.1625 -0.25
0.09375 0.1625 -0.25
0.09375 0.225 -0.25
0.03125 0.35 -0.25
0.0625 0.2875 -0.25
0.09375 0.2875 -0.25
0.09375 0.35 -0.25
0.0 0.4125 -0.25
0.03125 0.4125 -0.25
0.03125 0.5375 -0.25
0.03125 0.475 -0.25
0.0 0.5375 -0.25
0.0625 0.4125 -0.25
0.09375 0.4125 -0.25
-0.03125 0.5375 -0.25
-0.03125 0.4125 -0.25
-0.03125 0.475 -0.25
-0.0625 0.5375 -0.25
-0.09375 0.5375 -0.25
-0.03125 0.1625 -0.25
-0.03125 0.225 -0.25
-0.09375 0.35 -0.25
-0.0625 0.2875 -0.25
-0.09375 0.2875 -0.25
-0.03125 0.2875 -0.25
-0.03125 0.35 -0.25
-0.0625 0.4125 -0.25
-0.125 0.4125 -0.25
-0.09375 0.4125 -0.25
-0.09375 0.475 -0.25
-0.125 0.5375 -0.25
-0.15625 0.4125 -0.25
-0.15625 0.475 -0.25
-0.1875 0.5375 -0.25
-0.21875 0.5375 -0.25
-0.15625 0.5375 -0.25
-0.0625 0.1625 -0.25
-0.125 0.1625 -0.25
-0.09375 0.1625 -0.25
-0.09375 0.225 -0.25
-0.125 0.2875 -0.25
-0.21875 0.1625 -0.25
-0.21875 0.2875 -0.25
-0.21875 0.225 -0.25
-0.1875 0.1625 -0.25
-0.15625 0.1625 -0.25
-0.15625 0.225 -0.25
-0.21875 0.35 -0.25
-0.1875 0.2875 -0.25
-0.15625 0.2875 -0.25
-0.15625 0.35 -0.25
-0.21875 0.4125 -0.25
-0.21875 0.475 -0.25
-0.1875 0.4125 -0.25
0.25 1.0375 -0.25
0.21875 1.0375 -0.25
0.21875 1.1 -0.25
0.21875 0.9125 -0.25
0.21875 0.975 -0.25
0.25 0.9125 -0.25
0.1875 1.0375 -0.25
0.15625 1.0375 -0.25
0.15625 1.1 -0.25
0.21875 0.6625 -0.25
0.21875 0.725 -0.25
0.25 0.6625 -0.25
0.15625 0.85 -0.25
0.1875 0.7875 -0.25
0.15625 0.7875 -0.25
0.21875 0.7875 -0.25
0.21875 0.85 -0.25
0.25 0.7875 -0.25
0.1875 0.9125 -0.25
0.125 0.9125 -0.25
0.15625 0.9125 -0.25
0.15625 0.975 -0.25
0.125 1.0375 -0.25
0.09375 0.9125 -0.25
0.09375 0.975 -0.25
0.03125 1.1 -0.25
0.0625 1.0375 -0.25
0.03125 1.0375 -0.25
0.09375 1.0375 -0.25
0.09375 1.1 -0.25
0.21875 0.225 -0.25
0.25 0.1625 -0.25
0.15625 0.35 -0.25
0.1875 0.2875 -0.25
0.21875 0.2875 -0.25
0.21875 0.35 -0.25
0.25 0.2875 -0.25
0.03125 0.6 -0.25
0.0625 0.5375 -0.25
0.125 0.5375 -0.25
0.09375 0.5375 -0.25
0.09375 0.6 -0.25
0.09375 0.475 -0.25
0.125 0.4125 -0.25
0.15625 0.4125 -0.25
0.15625 0.5375 -0.25
0.15625 0.475 -0.25
0.1875 0.4125 -0.25
0.21875 0.4125 -0.25
0.15625 0.6 -0.25
0.1875 0.5375 -0.25
0.25 0.5375 -0.25
0.21875 0.5375 -0.25
0.21875 0.6 -0.25
0.21875 0.475 -0.25
0.25 0.4125 -0.25
0.1875 0.6625 -0.25
0.125 0.6625 -0.25
0.15625 0.6625 -0.25
0.15625 0.725 -0.25
0.125 0.7875 -0.25
0.0 0.6625 -0.25
0.03125 0.6625 -0.25
0.03125 0.7875 -0.25
0.03125 0.725 -0.25
0.0 0.7875 -0.25
0.0625 0.6625 -0.25
0.09375 0.6625 -0.25
0.09375 0.725 -0.25
0.03125 0.85 -0.25
0.0625 0.7875 -0.25
0.09375 0.7875 -0.25
0.09375 0.85 -0.25
0.0 0.9125 -0.25
0.03125 0.9125 -0.25
0.03125 0.975 -0.25
0.0 1.0375 -0.25
0.0625 0.9125 -0.25
-0.03125 0.725 -0.25
-0.09375 0.85 -0.25
-0.0625 0.7875 -0.25
-0.03125 0.7875 -0.25
-0.03125 0.85 -0.25
-0.21875 1.1 -0.25
-0.1875 1.0375 -0.25
-0.125 1.0375 -0.25
-0.15625 1.0375 -0.25
-0.15625 1.1 -0.25
-0.15625 0.975 -0.25
-0.125 0.9125 -0.25
-0.09375 0.9125 -0.25
-0.09375 1.0375 -0.25
-0.09375 0.975 -0.25
-0.0625 0.9125 -0.25
-0.03125 0.9125 -0.25
-0.09375 1.1 -0.25
-0.0625 1.0375 -0.25
-0.03125 1.0375 -0.25
-0.03125 1.1 -0.25
-0.03125 0.975 -0.25
-0.1875 1.1 -0.21875
-0.125 1.1 -0.15625
-0.15625 1.1 -0.1875
-0.15625 1.1 -0.21875
-0.125 1.1 -0.21875
0.0 1.1 -0.03125
-0.03125 1.1 -0.0625
-0.03125 1.1 -0.125
-0.03125 1.1 -0.09375
0.0 1.1 -0.09375
-0.0625 1.1 -0.09375
-0.09375 1.1 -0.125
-0.09375 1.1 -0.15625
-0.03125 1.1 -0.15625
-0.0625 1.1 -0.15625
-0.09375 1.1 -0.1875
-0.09375 1.1 -0.21875
0.0 1.1 -0.15625
-0.03125 1.1 -0.1875
-0.03125 1.1 -0.21875
0.0 1.1 -0.21875
-0.0625 1.1 -0.21875
0.25 1.1 0.21875
0.21875 1.1 0.1875
0.21875 1.1 0.125
0.21875 1.1 0.15625
0.25 1.1 0.15625
0.1875 1.1 0.15625
0.15625 1.1 0.125
0.21875 1.1 0.0
0.21875 1.1 0.03125
0.25 1.1 0.03125
0.15625 1.1 0.03125
0.1875 1.1 0.03125
0.15625 1.1 0.0
0.21875 1.1 0.0625
0.21875 1.1 0.09375
0.25 1.1 0.09375
0.1875 1.1 0.09375
0.125 1.1 0.03125
0.15625 1.1 0.0625
0.15625 1.1 0.09375
0.125 1.1 0.09375
0.09375 1.1 0.0
0.09375 1.1 0.03125
0.0625 1.1 0.03125
0.03125 1.1 0.0
0.09375 1.1 0.0625
0.03125 1.1 -0.03125
0.09375 1.1 -0.03125
0.0625 1.1 -0.03125
0.03125 1.1 -0.0625
0.03125 1.1 -0.09375
0.21875 1.1 -0.03125
0.1875 1.1 -0.03125
0.125 1.1 -0.09375
0.15625 1.1 -0.0625
0.15625 1.1 -0.09375
0.15625 1.1 -0.03125
0.125 1.1 -0.03125
0.09375 1.1 -0.0625
0.09375 1.1 -0.125
0.09375 1.1 -0.09375
0.0625 1.1 -0.09375
0.03125 1.1 -0.125
0.09375 1.1 -0.15625
0.0625 1.1 -0.15625
0.03125 1.1 -0.1875
0.03125 1.1 -0.21875
0.03125 1.1 -0.15625
0.25 1.1 -0.03125
0.21875 1.1 -0.0625
0.21875 1.1 -0.125
0.21875 1.1 -0.09375
0.25 1.1 -0.09375
0.1875 1.1 -0.09375
0.15625 1.1 -0.125
0.21875 1.1 -0.21875
0.25 1.1 -0.21875
0.15625 1.1 -0.21875
0.1875 1.1 -0.21875
0.21875 1.1 -0.1875
0.21875 1.1 -0.15625
0.25 1.1 -0.15625
0.1875 1.1 -0.15625
0.125 1.1 -0.21875
0.15625 1.1 -0.1875
0.15625 1.1 -0.15625
0.125 1.1 -0.15625
0.09375 1.1 -0.21875
0.0625 1.1 -0.21875
0.09375 1.1 -0.1875
0.25 1.0375 -0.21875
0.25 0.975 -0.21875
0.25 0.85 -0.15625
0.25 0.9125 -0.1875
0.25 0.9125 -0.15625
0.25 0.9125 -0.21875
0.25 0.85 -0.21875
0.25 0.6 -0.03125
0.25 0.6625 -0.0625
0.25 0.6625 -0.03125
0.25 0.6625 -0.125
0.25 0.6625 -0.09375
0.25 0.6 -0.09375
0.25 0.725 -0.09375
0.25 0.7875 -0.125
0.25 0.7875 -0.09375
0.25 0.7875 -0.15625
0.25 0.6625 -0.15625
0.25 0.725 -0.15625
0.25 0.7875 -0.1875
0.25 0.7875 -0.21875
0.25 0.6 -0.15625
0.25 0.6625 -0.1875
0.25 0.6625 -0.21875
0.25 0.6 -0.21875
0.25 0.725 -0.21875
0.25 0.1625 0.1875
0.25 0.1625 0.21875
0.25 0.1625 0.125
0.25 0.1625 0.15625
0.25 0.225 0.15625
0.25 0.2875 0.125
0.25 0.2875 0.15625
0.25 0.1625 0.0
0.25 0.1625 0.03125
0.25 0.2875 0.03125
0.25 0.225 0.03125
0.25 0.2875 0.0
0.25 0.1625 0.0625
0.25 0.1625 0.09375
0.25 0.225 0.09375
0.25 0.35 0.03125
0.25 0.2875 0.0625
0.25 0.2875 0.09375
0.25 0.35 0.09375
0.25 0.4125 0.0
0.25 0.4125 0.03125
0.25 0.5375 0.03125
0.25 0.475 0.03125
0.25 0.5375 0.0
0.25 0.4125 0.0625
0.25 0.4125 0.09375
0.25 0.5375 -0.03125
0.25 0.4125 -0.03125
0.25 0.475 -0.03125
0.25 0.5375 -0.0625
0.25 0.5375 -0.09375
0.25 0.1625 -0.03125
0.25 0.225 -0.03125
0.25 0.35 -0.09375
0.25 0.2875 -0.0625
0.25 0.2875 -0.09375
0.25 0.2875 -0.03125
0.25 0.35 -0.03125
0.25 0.4125 -0.0625
0.25 0.4125 -0.125
0.25 0.4125 -0.09375
0.25 0.475 -0.09375
0.25 0.5375 -0.125
0.25 0.4125 -0.15625
0.25 0.475 -0.15625
0.25 0.5375 -0.1875
0.25 0.5375 -0.21875
0.25 0.5375 -0.15625
0.25 0.1625 -0.0625
0.25 0.1625 -0.125
0.25 0.1625 -0.09375
0.25 0.225 -0.09375
0.25 0.2875 -0.125
0.25 0.1625 -0.21875
0.25 0.2875 -0.21875
0.25 0.225 -0.21875
0.25 0.1625 -0.1875
0.25 0.1625 -0.15625
0.25 0.225 -0.15625
0.25 0.35 -0.21875
0.25 0.2875 -0.1875
0.25 0.2875 -0.15625
0.25 0.35 -0.15625
0.25 0.4125 -0.21875
0.25 0.475 -0.21875
0.25 0.4125 -0.1875
0.25 1.0375 0.21875
0.25 0.9125 0.21875
0.25 0.975 0.21875
0.25 1.0375 0.1875
0.25 1.0375 0.15625
0.25 0.6625 0.21875
0.25 0.725 0.21875
0.25 0.85 0.15625
0.25 0.7875 0.1875
0.25 0.7875 0.15625
0.25 0.7875 0.21875
0.25 0.85 0.21875
0.25 0.9125 0.1875
0.25 0.9125 0.125
0.25 0.9125 0.15625
0.25 0.975 0.15625
0.25 1.0375 0.125
0.25 0.9125 0.09375
0.25 0.975 0.09375
0.25 1.0375 0.0625
0.25 1.0375 0.03125
0.25 1.0375 0.09375
0.25 0.225 0.21875
0.25 0.35 0.15625
0.25 0.2875 0.1875
0.25 0.2875 0.21875
0.25 0.35 0.21875
0.25 0.6 0.03125
0.25 0.5375 0.0625
0.25 0.5375 0.125
0.25 0.5375 0.09375
0.25 0.6 0.09375
0.25 0.475 0.09375
0.25 0.4125 0.125
0.25 0.4125 0.15625
0.25 0.5375 0.15625
0.25 0.475 0.15625
0.25 0.4125 0.1875
0.25 0.4125 0.21875
0.25 0.6 0.15625
0.25 0.5375 0.1875
0.25 0.5375 0.21875
0.25 0.6 0.21875
0.25 0.475 0.21875
0.25 0.6625 0.1875
0.25 0.6625 0.125
0.25 0.6625 0.15625
0.25 0.725 0.15625
0.25 0.7875 0.125
0.25 0.6625 0.0
0.25 0.6625 0.03125
0.25 0.7875 0.03125
0.25 0.725 0.03125
0.25 0.7875 0.0
0.25 0.6625 0.0625
0.25 0.6625 0.09375
0.25 0.725 0.09375
0.25 0.85 0.03125
0.25 0.7875 0.0625
0.25 0.7875 0.09375
0.25 0.85 0.09375
0.25 0.9125 0.0
0.25 0.9125 0.03125
0.25 0.975 0.03125
0.25 1.0375 0.0
0.25 0.9125 0.0625
0.25 0.725 -0.03125
0.25 0.85 -0.09375
0.25 0.7875 -0.0625
0.25 0.7875 -0.03125
0.25 0.85 -0.03125
0.25 1.0375 -0.1875
0.25 1.0375 -0.125
0.25 1.0375 -0.15625
0.25 0.975 -0.15625
0.25 0.9125 -0.125
0.25 0.9125 -0.09375
0.25 1.0375 -0.09375
0.25 0.975 -0.09375
0.25 0.9125 -0.0625
0.25 0.9125 -0.03125
0.25 1.0375 -0.0625
0.25 1.0375 -0.03125
0.25 0.975 -0.03125
-0.25 0.13125 0.25
-0.25 0.13125 0.234375
-0.25 0.1 0.234375
-0.25 0.19375 0.234375
-0.25 0.1625 0.234375
-0.25 0.19375 0.25
-0.25 0.13125 0.21875
-0.25 0.13125 0.203125
-0.25 0.1 0.203125
-0.25 0.31875 0.234375
-0.25 0.2875 0.234375
-0.25 0.31875 0.25
-0.25 0.225 0.203125
-0.25 0.25625 0.21875
-0.25 0.25625 0.203125
-0.25 0.25625 0.234375
-0.25 0.225 0.234375
-0.25 0.25625 0.25
-0.25 0.19375 0.21875
-0.25 0.19375 0.1875
-0.25 0.19375 0.203125
-0.25 0.1625 0.203125
-0.25 0.13125 0.1875
-0.25 0.19375 0.171875
-0.25 0.1625 0.171875
-0.25 0.1 0.140625
-0.25 0.13125 0.15625
-0.25 0.13125 0.140625
-0.25 0.13125 0.171875
-0.25 0.1 0.171875
-0.25 0.56875 0.234375
-0.25 0.5375 0.234375
-0.25 0.56875 0.25
-0.25 0.475 0.203125
-0.25 0.50625 0.21875
-0.25 0.50625 0.203125
-0.25 0.50625 0.234375
-0.25 0.475 0.234375
-0.25 0.50625 0.25
-0.25 0.35 0.140625
-0.25 0.38125 0.15625
-0.25 0.38125 0.140625
-0.25 0.38125 0.1875
-0.25 0.38125 0.171875
-0.25 0.35 0.171875
-0.25 0.4125 0.171875
-0.25 0.44375 0.1875
-0.25 0.44375 0.171875
-0.25 0.44375 0.203125
-0.25 0.38125 0.203125
-0.25 0.4125 0.203125
-0.25 0.44375 0.21875
-0.25 0.44375 0.234375
-0.25 0.35 0.203125
-0.25 0.38125 0.21875
-0.25 0.38125 0.25
-0.25 0.38125 0.234375
-0.25 0.35 0.234375
-0.25 0.4125 0.234375
-0.25 0.44375 0.25
-0.25 0.31875 0.21875
-0.25 0.31875 0.1875
-0.25 0.31875 0.203125
-0.25 0.2875 0.203125
-0.25 0.25625 0.1875
-0.25 0.31875 0.125
-0.25 0.31875 0.140625
-0.25 0.25625 0.140625
-0.25 0.2875 0.140625
-0.25 0.25625 0.125
-0.25 0.31875 0.15625
-0.25 0.31875 0.171875
-0.25 0.2875 0.171875
-0.25 0.225 0.140625
-0.25 0.25625 0.15625
-0.25 0.25625 0.171875
-0.25 0.225 0.171875
-0.25 0.19375 0.125
-0.25 0.19375 0.140625
-0.25 0.1625 0.140625
-0.25 0.13125 0.125
-0.25 0.19375 0.15625
-0.25 0.31875 0.109375
-0.25 0.2875 0.109375
-0.25 0.225 0.078125
-0.25 0.25625 0.09375
-0.25 0.25625 0.078125
-0.25 0.25625 0.109375
-0.25 0.225 0.109375
-0.25 0.1 0.015625
-0.25 0.13125 0.03125
-0.25 0.13125 0.015625
-0.25 0.13125 0.0625
-0.25 0.13125 0.046875
-0.25 0.1 0.046875
-0.25 0.1625 0.046875
-0.25 0.19375 0.0625
-0.25 0.19375 0.046875
-0.25 0.19375 0.078125
-0.25 0.13125 0.078125
-0.25 0.1625 0.078125
-0.25 0.19375 0.09375
-0.25 0.19375 0.109375
-0.25 0.1 0.078125
-0.25 0.13125 0.09375
-0.25 0.13125 0.109375
-0.25 0.1 0.109375
-0.25 0.1625 0.109375
-0.25 1.06875 0.234375
-0.25 1.0375 0.234375
-0.25 1.06875 0.25
-0.25 0.975 0.203125
-0.25 1.00625 0.21875
-0.25 1.00625 0.203125
-0.25 1.00625 0.234375
-0.25 0.975 0.234375
-0.25 1.00625 0.25
-0.25 0.85 0.140625
-0.25 0.88125 0.15625
-0.25 0.88125 0.140625
-0.25 0.88125 0.1875
-0.25 0.88125 0.171875
-0.25 0.85 0.171875
-0.25 0.9125 0.171875
-0.25 0.94375 0.1875
-0.25 0.94375 0.171875
-0.25 0.94375 0.203125
-0.25 0.88125 0.203125
-0.25 0.9125 0.203125
-0.25 0.94375 0.21875
-0.25 0.94375 0.234375
-0.25 0.85 0.203125
-0.25 0.88125 0.21875
-0.25 0.88125 0.25
-0.25 0.88125 0.234375
-0.25 0.85 0.234375
-0.25 0.9125 0.234375
-0.25 0.94375 0.25
-0.25 0.6 0.015625
-0.25 0.63125 0.03125
-0.25 0.63125 0.015625
-0.25 0.63125 0.0625
-0.25 0.63125 0.046875
-0.25 0.6 0.046875
-0.25 0.6625 0.046875
-0.25 0.69375 0.0625
-0.25 0.69375 0.046875
-0.25 0.63125 0.125
-0.25 0.63125 0.109375
-0.25 0.6 0.109375
-0.25 0.69375 0.109375
-0.25 0.6625 0.109375
-0.25 0.69375 0.125
-0.25 0.63125 0.09375
-0.25 0.63125 0.078125
-0.25 0.6 0.078125
-0.25 0.6625 0.078125
-0.25 0.725 0.109375
-0.25 0.69375 0.09375
-0.25 0.69375 0.078125
-0.25 0.725 0.078125
-0.25 0.75625 0.125
-0.25 0.75625 0.109375
-0.25 0.81875 0.109375
-0.25 0.7875 0.109375
-0.25 0.81875 0.125
-0.25 0.75625 0.09375
-0.25 0.75625 0.078125
-0.25 0.81875 0.140625
-0.25 0.75625 0.140625
-0.25 0.7875 0.140625
-0.25 0.81875 0.15625
-0.25 0.81875 0.171875
-0.25 0.63125 0.140625
-0.25 0.6625 0.140625
-0.25 0.725 0.171875
-0.25 0.69375 0.15625
-0.25 0.69375 0.171875
-0.25 0.69375 0.140625
-0.25 0.725 0.140625
-0.25 0.75625 0.15625
-0.25 0.75625 0.1875
-0.25 0.75625 0.171875
-0.25 0.7875 0.171875
-0.25 0.81875 0.1875
-0.25 0.75625 0.203125
-0.25 0.7875 0.203125
-0.25 0.81875 0.21875
-0.25 0.81875 0.234375
-0.25 0.81875 0.203125
-0.25 0.6 0.140625
-0.25 0.63125 0.15625
-0.25 0.63125 0.1875
-0.25 0.63125 0.171875
-0.25 0.6 0.171875
-0.25 0.6625 0.171875
-0.25 0.69375 0.1875
-0.25 0.63125 0.25
-0.25 0.63125 0.234375
-0.25 0.6 0.234375
-0.25 0.69375 0.234375
-0.25 0.6625 0.234375
-0.25 0.69375 0.25
-0.25 0.63125 0.21875
-0.25 0.63125 0.203125
-0.25 0.6 0.203125
-0.25 0.6625 0.203125
-0.25 0.725 0.234375
-0.25 0.69375 0.21875
-0.25 0.69375 0.203125
-0.25 0.725 0.203125
-0.25 0.75625 0.25
-0.25 0.75625 0.234375
-0.25 0.7875 0.234375
-0.25 0.81875 0.25
-0.25 0.75625 0.21875
-0.25 0.56875 0.21875
-0.25 0.56875 0.1875
-0.25 0.56875 0.203125
-0.25 0.5375 0.203125
-0.25 0.50625 0.1875
-0.25 0.56875 0.125
-0.25 0.56875 0.140625
-0.25 0.50625 0.140625
-0.25 0.5375 0.140625
-0.25 0.50625 0.125
-0.25 0.56875 0.15625
-0.25 0.56875 0.171875
-0.25 0.5375 0.171875
-0.25 0.475 0.140625
-0.25 0.50625 0.15625
-0.25 0.50625 0.171875
-0.25 0.475 0.171875
-0.25 0.44375 0.125
-0.25 0.44375 0.140625
-0.25 0.4125 0.140625
-0.25 0.38125 0.125
-0.25 0.44375 0.15625
-0.25 0.56875 0.0
-0.25 0.56875 0.015625
-0.25 0.50625 0.015625
-0.25 0.5375 0.015625
-0.25 0.50625 0.0
-0.25 0.56875 0.03125
-0.25 0.56875 0.046875
-0.25 0.38125 0.015625
-0.25 0.4125 0.015625
-0.25 0.38125 0.0
-0.25 0.475 0.046875
-0.25 0.44375 0.03125
-0.25 0.44375 0.046875
-0.25 0.44375 0.015625
-0.25 0.475 0.015625
-0.25 0.44375 0.0
-0.25 0.50625 0.03125
-0.25 0.50625 0.0625
-0.25 0.50625 0.046875
-0.25 0.5375 0.046875
-0.25 0.56875 0.0625
-0.25 0.50625 0.078125
-0.25 0.5375 0.078125
-0.25 0.56875 0.09375
-0.25 0.56875 0.109375
-0.25 0.56875 0.078125
-0.25 0.5375 0.109375
-0.25 0.475 0.078125
-0.25 0.50625 0.09375
-0.25 0.50625 0.109375
-0.25 0.475 0.109375
-0.25 0.35 0.015625
-0.25 0.38125 0.03125
-0.25 0.38125 0.0625
-0.25 0.38125 0.046875
-0.25 0.35 0.046875
-0.25 0.4125 0.046875
-0.25 0.44375 0.0625
-0.25 0.44375 0.078125
-0.25 0.38125 0.078125
-0.25 0.4125 0.078125
-0.25 0.44375 0.09375
-0.25 0.44375 0.109375
-0.25 0.35 0.078125
-0.25 0.38125 0.09375
-0.25 0.38125 0.109375
-0.25 0.35 0.109375
-0.25 0.4125 0.109375
-0.25 0.31875 0.0
-0.25 0.31875 0.015625
-0.25 0.25625 0.015625
-0.25 0.2875 0.015625
-0.25 0.25625 0.0
-0.25 0.31875 0.03125
-0.25 0.31875 0.046875
-0.25 0.1625 0.015625
-0.25 0.13125 0.0
-0.25 0.225 0.046875
-0.25 0.19375 0.03125
-0.25 0.19375 0.015625
-0.25 0.225 0.015625
-0.25 0.19375 0.0
-0.25 0.25625 0.03125
-0.25 0.25625 0.0625
-0.25 0.25625 0.046875
-0.25 0.2875 0.046875
-0.25 0.31875 0.0625
-0.25 0.2875 0.078125
-0.25 0.31875 0.09375
-0.25 0.31875 0.078125
-0.25 0.56875 -0.015625
-0.25 0.5375 -0.015625
-0.25 0.475 -0.046875
-0.25 0.50625 -0.03125
-0.25 0.50625 -0.046875
-0.25 0.50625 -0.015625
-0.25 0.475 -0.015625
-0.25 0.35 -0.109375
-0.25 0.38125 -0.09375
-0.25 0.38125 -0.109375
-0.25 0.38125 -0.0625
-0.25 0.38125 -0.078125
-0.25 0.35 -0.078125
-0.25 0.4125 -0.078125
-0.25 0.44375 -0.0625
-0.25 0.44375 -0.078125
-0.25 0.44375 -0.046875
-0.25 0.38125 -0.046875
-0.25 0.4125 -0.046875
-0.25 0.44375 -0.03125
-0.25 0.44375 -0.015625
-0.25 0.35 -0.046875
-0.25 0.38125 -0.03125
-0.25 0.38125 -0.015625
-0.25 0.35 -0.015625
-0.25 0.4125 -0.015625
-0.25 0.1 -0.234375
-0.25 0.13125 -0.21875
-0.25 0.13125 -0.234375
-0.25 0.13125 -0.1875
-0.25 0.13125 -0.203125
-0.25 0.1 -0.203125
-0.25 0.1625 -0.203125
-0.25 0.19375 -0.1875
-0.25 0.19375 -0.203125
-0.25 0.13125 -0.125
-0.25 0.13125 -0.140625
-0.25 0.1 -0.140625
-0.25 0.19375 -0.140625
-0.25 0.1625 -0.140625
-0.25 0.19375 -0.125
-0.25 0.13125 -0.15625
-0.25 0.13125 -0.171875
-0.25 0.1 -0.171875
-0.25 0.1625 -0.171875
-0.25 0.225 -0.140625
-0.25 0.19375 -0.15625
-0.25 0.19375 -0.171875
-0.25 0.225 -0.171875
-0.25 0.25625 -0.125
-0.25 0.25625 -0.140625
-0.25 0.31875 -0.140625
-0.25 0.2875 -0.140625
-0.25 0.31875 -0.125
-0.25 0.25625 -0.15625
-0.25 0.25625 -0.171875
-0.25 0.31875 -0.109375
-0.25 0.25625 -0.109375
-0.25 0.2875 -0.109375
-0.25 0.31875 -0.09375
-0.25 0.31875 -0.078125
-0.25 0.13125 -0.109375
-0.25 0.1625 -0.109375
-0.25 0.225 -0.078125
-0.25 0.19375 -0.09375
-0.25 0.19375 -0.078125
-0.25 0.19375 -0.109375
-0.25 0.225 -0.109375
-0.25 0.25625 -0.09375
-0.25 0.25625 -0.0625
-0.25 0.25625 -0.078125
-0.25 0.2875 -0.078125
-0.25 0.31875 -0.0625
-0.25 0.25625 -0.046875
-0.25 0.2875 -0.046875
-0.25 0.31875 -0.03125
-0.25 0.31875 -0.015625
-0.25 0.31875 -0.046875
-0.25 0.1 -0.109375
-0.25 0.13125 -0.09375
-0.25 0.13125 -0.0625
-0.25 0.13125 -0.078125
-0.25 0.1 -0.078125
-0.25 0.1625 -0.078125
-0.25 0.19375 -0.0625
-0.25 0.13125 -0.015625
-0.25 0.1 -0.015625
-0.25 0.19375 -0.015625
-0.25 0.1625 -0.015625
-0.25 0.13125 -0.03125
-0.25 0.13125 -0.046875
-0.25 0.1 -0.046875
-0.25 0.1625 -0.046875
-0.25 0.225 -0.015625
-0.25 0.19375 -0.03125
-0.25 0.19375 -0.046875
-0.25 0.225 -0.046875
-0.25 0.25625 -0.015625
-0.25 0.2875 -0.015625
-0.25 0.25625 -0.03125
0.234375 0.1 -0.234375
0.21875 0.1 -0.234375
0.234375 0.1 -0.25
0.1875 0.1 -0.203125
0.203125 0.1 -0.21875
0.203125 0.1 -0.203125
0.203125 0.1 -0.234375
0.1875 0.1 -0.234375
0.203125 0.1 -0.25
0.125 0.1 -0.140625
0.140625 0.1 -0.15625
0.140625 0.1 -0.140625
0.140625 0.1 -0.1875
0.140625 0.1 -0.171875
0.125 0.1 -0.171875
0.15625 0.1 -0.171875
0.171875 0.1 -0.1875
0.171875 0.1 -0.171875
0.171875 0.1 -0.203125
0.140625 0.1 -0.203125
0.15625 0.1 -0.203125
0.171875 0.1 -0.21875
0.171875 0.1 -0.234375
0.125 0.1 -0.203125
0.140625 0.1 -0.21875
0.140625 0.1 -0.25
0.140625 0.1 -0.234375
0.125 0.1 -0.234375
0.15625 0.1 -0.234375
0.171875 0.1 -0.25
0.0 0.1 -0.015625
0.015625 0.1 -0.03125
0.015625 0.1 -0.015625
0.015625 0.1 -0.0625
0.015625 0.1 -0.046875
0.0 0.1 -0.046875
0.03125 0.1 -0.046875
0.046875 0.1 -0.0625
0.046875 0.1 -0.046875
0.015625 0.1 -0.125
0.015625 0.1 -0.109375
0.0 0.1 -0.109375
0.046875 0.1 -0.109375
0.03125 0.1 -0.109375
0.046875 0.1 -0.125
0.015625 0.1 -0.09375
0.015625 0.1 -0.078125
0.0 0.1 -0.078125
0.03125 0.1 -0.078125
0.0625 0.1 -0.109375
0.046875 0.1 -0.09375
0.046875 0.1 -0.078125
0.0625 0.1 -0.078125
0.078125 0.1 -0.125
0.078125 0.1 -0.109375
0.109375 0.1 -0.109375
0.09375 0.1 -0.109375
0.109375 0.1 -0.125
0.078125 0.1 -0.09375
0.078125 0.1 -0.078125
0.109375 0.1 -0.140625
0.078125 0.1 -0.140625
0.09375 0.1 -0.140625
0.109375 0.1 -0.15625
0.109375 0.1 -0.171875
0.015625 0.1 -0.140625
0.03125 0.1 -0.140625
0.0625 0.1 -0.171875
0.046875 0.1 -0.15625
0.046875 0.1 -0.171875
0.046875 0.1 -0.140625
0.0625 0.1 -0.140625
0.078125 0.1 -0.15625
0.078125 0.1 -0.1875
0.078125 0.1 -0.171875
0.09375 0.1 -0.171875
0.109375 0.1 -0.1875
0.078125 0.1 -0.203125
0.09375 0.1 -0.203125
0.109375 0.1 -0.21875
0.109375 0.1 -0.234375
0.109375 0.1 -0.203125
0.0 0.1 -0.140625
0.015625 0.1 -0.15625
0.015625 0.1 -0.1875
0.015625 0.1 -0.171875
0.0 0.1 -0.171875
0.03125 0.1 -0.171875
0.046875 0.1 -0.1875
0.015625 0.1 -0.25
0.015625 0.1 -0.234375
0.0 0.1 -0.234375
0.046875 0.1 -0.234375
0.03125 0.1 -0.234375
0.046875 0.1 -0.25
0.015625 0.1 -0.21875
0.015625 0.1 -0.203125
0.0 0.1 -0.203125
0.03125 0.1 -0.203125
0.0625 0.1 -0.234375
0.046875 0.1 -0.21875
0.046875 0.1 -0.203125
0.0625 0.1 -0.203125
0.078125 0.1 -0.25
0.078125 0.1 -0.234375
0.09375 0.1 -0.234375
0.109375 0.1 -0.25
0.078125 0.1 -0.21875
-0.234375 0.1 0.21875
-0.234375 0.1 0.234375
-0.234375 0.1 0.1875
-0.234375 0.1 0.203125
-0.21875 0.1 0.203125
-0.203125 0.1 0.1875
-0.203125 0.1 0.203125
-0.234375 0.1 0.125
-0.234375 0.1 0.140625
-0.203125 0.1 0.140625
-0.21875 0.1 0.140625
-0.203125 0.1 0.125
-0.234375 0.1 0.15625
-0.234375 0.1 0.171875
-0.21875 0.1 0.171875
-0.1875 0.1 0.140625
-0.203125 0.1 0.15625
-0.203125 0.1 0.171875
-0.1875 0.1 0.171875
-0.171875 0.1 0.125
-0.171875 0.1 0.140625
-0.140625 0.1 0.140625
-0.15625 0.1 0.140625
-0.140625 0.1 0.125
-0.171875 0.1 0.15625
-0.171875 0.1 0.171875
-0.234375 0.1 0.0
-0.234375 0.1 0.015625
-0.203125 0.1 0.015625
-0.21875 0.1 0.015625
-0.203125 0.1 0.0
-0.234375 0.1 0.03125
-0.234375 0.1 0.046875
-0.140625 0.1 0.015625
-0.15625 0.1 0.015625
-0.140625 0.1 0.0
-0.1875 0.1 0.046875
-0.171875 0.1 0.03125
-0.171875 0.1 0.046875
-0.171875 0.1 0.015625
-0.1875 0.1 0.015625
-0.171875 0.1 0.0
-0.203125 0.1 0.03125
-0.203125 0.1 0.0625
-0.203125 0.1 0.046875
-0.21875 0.1 0.046875
-0.234375 0.1 0.0625
-0.203125 0.1 0.078125
-0.21875 0.1 0.078125
-0.234375 0.1 0.09375
-0.234375 0.1 0.109375
-0.234375 0.1 0.078125
-0.21875 0.1 0.109375
-0.1875 0.1 0.078125
-0.203125 0.1 0.09375
-0.203125 0.1 0.109375
-0.1875 0.1 0.109375
-0.125 0.1 0.015625
-0.140625 0.1 0.03125
-0.140625 0.1 0.0625
-0.140625 0.1 0.046875
-0.125 0.1 0.046875
-0.15625 0.1 0.046875
-0.171875 0.1 0.0625
-0.171875 0.1 0.078125
-0.140625 0.1 0.078125
-0.15625 0.1 0.078125
-0.171875 0.1 0.09375
-0.171875 0.1 0.109375
-0.125 0.1 0.078125
-0.140625 0.1 0.09375
-0.140625 0.1 0.109375
-0.125 0.1 0.109375
-0.15625 0.1 0.109375
-0.109375 0.1 0.0
-0.109375 0.1 0.015625
-0.078125 0.1 0.015625
-0.09375 0.1 0.015625
-0.078125 0.1 0.0
-0.109375 0.1 0.03125
-0.109375 0.1 0.046875
-0.015625 0.1 0.015625
-0.03125 0.1 0.015625
-0.015625 0.1 0.0
-0.0625 0.1 0.046875
-0.046875 0.1 0.03125
-0.046875 0.1 0.046875
-0.046875 0.1 0.015625
-0.0625 0.1 0.015625
-0.046875 0.1 0.0
-0.078125 0.1 0.03125
-0.078125 0.1 0.0625
-0.078125 0.1 0.046875
-0.09375 0.1 0.046875
-0.109375 0.1 0.0625
-0.078125 0.1 0.078125
-0.09375 0.1 0.078125
-0.109375 0.1 0.09375
-0.109375 0.1 0.109375
-0.109375 0.1 0.078125
-0.015625 0.1 -0.015625
-0.046875 0.1 -0.015625
-0.03125 0.1 -0.015625
-0.015625 0.1 -0.03125
-0.015625 0.1 -0.046875
-0.109375 0.1 -0.015625
-0.09375 0.1 -0.015625
-0.0625 0.1 -0.046875
-0.078125 0.1 -0.03125
-0.078125 0.1 -0.046875
-0.078125 0.1 -0.015625
-0.0625 0.1 -0.015625
-0.046875 0.1 -0.03125
-0.046875 0.1 -0.0625
-0.046875 0.1 -0.046875
-0.03125 0.1 -0.046875
-0.015625 0.1 -0.0625
-0.046875 0.1 -0.078125
-0.03125 0.1 -0.078125
-0.015625 0.1 -0.09375
-0.015625 0.1 -0.109375
-0.015625 0.1 -0.078125
-0.234375 0.1 -0.015625
-0.21875 0.1 -0.015625
-0.1875 0.1 -0.046875
-0.203125 0.1 -0.03125
-0.203125 0.1 -0.046875
-0.203125 0.1 -0.015625
-0.1875 0.1 -0.015625
-0.125 0.1 -0.109375
-0.140625 0.1 -0.09375
-0.140625 0.1 -0.109375
-0.140625 0.1 -0.0625
-0.140625 0.1 -0.078125
-0.125 0.1 -0.078125
-0.15625 0.1 -0.078125
-0.171875 0.1 -0.0625
-0.171875 0.1 -0.078125
-0.171875 0.1 -0.046875
-0.140625 0.1 -0.046875
-0.15625 0.1 -0.046875
-0.171875 0.1 -0.03125
-0.171875 0.1 -0.015625
-0.125 0.1 -0.046875
-0.140625 0.1 -0.03125
-0.140625 0.1 -0.015625
-0.125 0.1 -0.015625
-0.15625 0.1 -0.015625
-0.109375 0.1 -0.03125
-0.109375 0.1 -0.0625
-0.109375 0.1 -0.046875
-0.09375 0.1 -0.046875
-0.078125 0.1 -0.0625
-0.109375 0.1 -0.125
-0.109375 0.1 -0.109375
-0.078125 0.1 -0.109375
-0.09375 0.1 -0.109375
-0.078125 0.1 -0.125
-0.109375 0.1 -0.09375
-0.109375 0.1 -0.078125
-0.09375 0.1 -0.078125
-0.0625 0.1 -0.109375
-0.078125 0.1 -0.09375
-0.078125 0.1 -0.078125
-0.0625 0.1 -0.078125
-0.046875 0.1 -0.125
-0.046875 0.1 -0.109375
-0.03125 0.1 -0.109375
-0.015625 0.1 -0.125
-0.046875 0.1 -0.09375
-0.109375 0.1 -0.140625
-0.09375 0.1 -0.140625
-0.0625 0.1 -0.171875
-0.078125 0.1 -0.15625
-0.078125 0.1 -0.171875
-0.078125 0.1 -0.140625
-0.0625 0.1 -0.140625
-0.015625 0.1 -0.21875
-0.015625 0.1 -0.234375
-0.015625 0.1 -0.1875
-0.015625 0.1 -0.203125
-0.03125 0.1 -0.203125
-0.046875 0.1 -0.1875
-0.046875 0.1 -0.203125
-0.046875 0.1 -0.171875
-0.015625 0.1 -0.171875
-0.03125 0.1 -0.171875
-0.046875 0.1 -0.15625
-0.046875 0.1 -0.140625
-0.015625 0.1 -0.15625
-0.015625 0.1 -0.140625
-0.03125 0.1 -0.140625
-0.234375 0.1 -0.03125
-0.234375 0.1 -0.0625
-0.234375 0.1 -0.046875
-0.21875 0.1 -0.046875
-0.203125 0.1 -0.0625
-0.234375 0.1 -0.125
-0.234375 0.1 -0.109375
-0.203125 0.1 -0.109375
-0.21875 0.1 -0.109375
-0.203125 0.1 -0.125
-0.234375 0.1 -0.09375
-0.234375 0.1 -0.078125
-0.21875 0.1 -0.078125
-0.1875 0.1 -0.109375
-0.203125 0.1 -0.09375
-0.203125 0.1 -0.078125
-0.1875 0.1 -0.078125
-0.171875 0.1 -0.125
-0.171875 0.1 -0.109375
-0.15625 0.1 -0.109375
-0.140625 0.1 -0.125
-0.171875 0.1 -0.09375
-0.234375 0.1 -0.25
-0.234375 0.1 -0.234375
-0.203125 0.1 -0.234375
-0.21875 0.1 -0.234375
-0.203125 0.1 -0.25
-0.234375 0.1 -0.21875
-0.234375 0.1 -0.203125
-0.140625 0.1 -0.234375
-0.15625 0.1 -0.234375
-0.140625 0.1 -0.25
-0.1875 0.1 -0.203125
-0.171875 0.1 -0.21875
-0.171875 0.1 -0.203125
-0.171875 0.1 -0.234375
-0.1875 0.1 -0.234375
-0.171875 0.1 -0.25
-0.203125 0.1 -0.21875
-0.203125 0.1 -0.1875
-0.203125 0.1 -0.203125
-0.21875 0.1 -0.203125
-0.234375 0.1 -0.1875
-0.203125 0.1 -0.171875
-0.21875 0.1 -0.171875
-0.234375 0.1 -0.15625
-0.234375 0.1 -0.140625
-0.234375 0.1 -0.171875
-0.21875 0.1 -0.140625
-0.1875 0.1 -0.171875
-0.203125 0.1 -0.15625
-0.203125 0.1 -0.140625
-0.1875 0.1 -0.140625
-0.125 0.1 -0.234375
-0.140625 0.1 -0.21875
-0.140625 0.1 -0.1875
-0.140625 0.1 -0.203125
-0.125 0.1 -0.203125
-0.15625 0.1 -0.203125
-0.171875 0.1 -0.1875
-0.171875 0.1 -0.171875
-0.140625 0.1 -0.171875
-0.15625 0.1 -0.171875
-0.171875 0.1 -0.15625
-0.171875 0.1 -0.140625
-0.125 0.1 -0.171875
-0.140625 0.1 -0.15625
-0.140625 0.1 -0.140625
-0.125 0.1 -0.140625
-0.15625 0.1 -0.140625
-0.109375 0.1 -0.25
-0.109375 0.1 -0.234375
-0.078125 0.1 -0.234375
-0.09375 0.1 -0.234375
-0.078125 0.1 -0.25
-0.109375 0.1 -0.21875
-0.109375 0.1 -0.203125
-0.03125 0.1 -0.234375
-0.015625 0.1 -0.25
-0.0625 0.1 -0.203125
-0.046875 0.1 -0.21875
-0.046875 0.1 -0.234375
-0.0625 0.1 -0.234375
-0.046875 0.1 -0.25
-0.078125 0.1 -0.21875
-0.078125 0.1 -0.1875
-0.078125 0.1 -0.203125
-0.09375 0.1 -0.203125
-0.109375 0.1 -0.1875
-0.09375 0.1 -0.171875
-0.109375 0.1 -0.15625
-0.109375 0.1 -0.171875
-0.234375 0.13125 0.25
-0.234375 0.1625 0.25
-0.203125 0.225 0.25
-0.21875 0.19375 0.25
-0.203125 0.19375 0.25
-0.234375 0.19375 0.25
-0.234375 0.225 0.25
-0.140625 0.35 0.25
-0.15625 0.31875 0.25
-0.140625 0.31875 0.25
-0.1875 0.31875 0.25
-0.171875 0.31875 0.25
-0.171875 0.35 0.25
-0.171875 0.2875 0.25
-0.1875 0.25625 0.25
-0.171875 0.25625 0.25
-0.203125 0.25625 0.25
-0.203125 0.31875 0.25
-0.203125 0.2875 0.25
-0.21875 0.25625 0.25
-0.234375 0.25625 0.25
-0.203125 0.35 0.25
-0.21875 0.31875 0.25
-0.234375 0.31875 0.25
-0.234375 0.35 0.25
-0.234375 0.2875 0.25
-0.015625 0.6 0.25
-0.03125 0.56875 0.25
-0.015625 0.56875 0.25
-0.0625 0.56875 0.25
-0.046875 0.56875 0.25
-0.046875 0.6 0.25
-0.046875 0.5375 0.25
-0.0625 0.50625 0.25
-0.046875 0.50625 0.25
-0.125 0.56875 0.25
-0.109375 0.56875 0.25
-0.109375 0.6 0.25
-0.109375 0.50625 0.25
-0.109375 0.5375 0.25
-0.125 0.50625 0.25
-0.09375 0.56875 0.25
-0.078125 0.56875 0.25
-0.078125 0.6 0.25
-0.078125 0.5375 0.25
-0.109375 0.475 0.25
-0.09375 0.50625 0.25
-0.078125 0.50625 0.25
-0.078125 0.475 0.25
-0.125 0.44375 0.25
-0.109375 0.44375 0.25
-0.109375 0.38125 0.25
-0.109375 0.4125 0.25
-0.125 0.38125 0.25
-0.09375 0.44375 0.25
-0.078125 0.44375 0.25
-0.140625 0.38125 0.25
-0.140625 0.44375 0.25
-0.140625 0.4125 0.25
-0.15625 0.38125 0.25
-0.171875 0.38125 0.25
-0.140625 0.56875 0.25
-0.140625 0.5375 0.25
-0.171875 0.475 0.25
-0.15625 0.50625 0.25
-0.171875 0.50625 0.25
-0.140625 0.50625 0.25
-0.140625 0.475 0.25
-0.15625 0.44375 0.25
-0.1875 0.44375 0.25
-0.171875 0.44375 0.25
-0.171875 0.4125 0.25
-0.1875 0.38125 0.25
-0.203125 0.44375 0.25
-0.203125 0.4125 0.25
-0.21875 0.38125 0.25
-0.234375 0.38125 0.25
-0.203125 0.38125 0.25
-0.140625 0.6 0.25
-0.15625 0.56875 0.25
-0.1875 0.56875 0.25
-0.171875 0.56875 0.25
-0.171875 0.6 0.25
-0.171875 0.5375 0.25
-0.1875 0.50625 0.25
-0.234375 0.56875 0.25
-0.234375 0.6 0.25
-0.234375 0.50625 0.25
-0.234375 0.5375 0.25
-0.21875 0.56875 0.25
-0.203125 0.56875 0.25
-0.203125 0.6 0.25
-0.203125 0.5375 0.25
-0.234375 0.475 0.25
-0.21875 0.50625 0.25
-0.203125 0.50625 0.25
-0.203125 0.475 0.25
-0.234375 0.44375 0.25
-0.234375 0.4125 0.25
-0.21875 0.44375 0.25
0.234375 1.1 0.25
0.21875 1.06875 0.25
0.234375 1.06875 0.25
0.1875 1.06875 0.25
0.203125 1.06875 0.25
0.203125 1.1 0.25
0.203125 1.0375 0.25
0.1875 1.00625 0.25
0.203125 1.00625 0.25
0.125 1.06875 0.25
0.140625 1.06875 0.25
0.140625 1.1 0.25
0.140625 1.00625 0.25
0.140625 1.0375 0.25
0.125 1.00625 0.25
0.15625 1.06875 0.25
0.171875 1.06875 0.25
0.171875 1.1 0.25
0.171875 1.0375 0.25
0.140625 0.975 0.25
0.15625 1.00625 0.25
0.171875 1.00625 0.25
0.171875 0.975 0.25
0.125 0.94375 0.25
0.140625 0.94375 0.25
0.140625 0.88125 0.25
0.140625 0.9125 0.25
0.125 0.88125 0.25
0.15625 0.94375 0.25
0.171875 0.94375 0.25
0.0 1.06875 0.25
0.015625 1.06875 0.25
0.015625 1.1 0.25
0.015625 1.00625 0.25
0.015625 1.0375 0.25
0.0 1.00625 0.25
0.03125 1.06875 0.25
0.046875 1.06875 0.25
0.046875 1.1 0.25
0.015625 0.88125 0.25
0.015625 0.9125 0.25
0.0 0.88125 0.25
0.046875 0.975 0.25
0.03125 0.94375 0.25
0.046875 0.94375 0.25
0.015625 0.94375 0.25
0.015625 0.975 0.25
0.0 0.94375 0.25
0.03125 1.00625 0.25
0.0625 1.00625 0.25
0.046875 1.00625 0.25
0.046875 1.0375 0.25
0.0625 1.06875 0.25
0.078125 1.00625 0.25
0.078125 1.0375 0.25
0.109375 1.1 0.25
0.09375 1.06875 0.25
0.109375 1.06875 0.25
0.078125 1.06875 0.25
0.078125 1.1 0.25
0.109375 1.0375 0.25
0.078125 0.975 0.25
0.09375 1.00625 0.25
0.109375 1.00625 0.25
0.109375 0.975 0.25
0.015625 0.85 0.25
0.03125 0.88125 0.25
0.0625 0.88125 0.25
0.046875 0.88125 0.25
0.046875 0.85 0.25
0.046875 0.9125 0.25
0.0625 0.94375 0.25
0.078125 0.94375 0.25
0.078125 0.88125 0.25
0.078125 0.9125 0.25
0.09375 0.94375 0.25
0.109375 0.94375 0.25
0.078125 0.85 0.25
0.09375 0.88125 0.25
0.109375 0.88125 0.25
0.109375 0.85 0.25
0.109375 0.9125 0.25
0.0 0.81875 0.25
0.015625 0.81875 0.25
0.015625 0.75625 0.25
0.015625 0.7875 0.25
0.0 0.75625 0.25
0.03125 0.81875 0.25
0.046875 0.81875 0.25
0.015625 0.63125 0.25
0.015625 0.6625 0.25
0.0 0.63125 0.25
0.046875 0.725 0.25
0.03125 0.69375 0.25
0.046875 0.69375 0.25
0.015625 0.69375 0.25
0.015625 0.725 0.25
0.0 0.69375 0.25
0.03125 0.75625 0.25
0.0625 0.75625 0.25
0.046875 0.75625 0.25
0.046875 0.7875 0.25
0.0625 0.81875 0.25
0.078125 0.75625 0.25
0.078125 0.7875 0.25
0.09375 0.81875 0.25
0.109375 0.81875 0.25
0.078125 0.81875 0.25
-0.015625 0.63125 0.25
-0.015625 0.69375 0.25
-0.015625 0.6625 0.25
-0.03125 0.63125 0.25
-0.046875 0.63125 0.25
-0.015625 0.81875 0.25
-0.015625 0.7875 0.25
-0.046875 0.725 0.25
-0.03125 0.75625 0.25
-0.046875 0.75625 0.25
-0.015625 0.75625 0.25
-0.015625 0.725 0.25
-0.03125 0.69375 0.25
-0.0625 0.69375 0.25
-0.046875 0.69375 0.25
-0.046875 0.6625 0.25
-0.0625 0.63125 0.25
-0.078125 0.69375 0.25
-0.078125 0.6625 0.25
-0.09375 0.63125 0.25
-0.109375 0.63125 0.25
-0.078125 0.63125 0.25
-0.015625 1.06875 0.25
-0.015625 1.0375 0.25
-0.046875 0.975 0.25
-0.03125 1.00625 0.25
-0.046875 1.00625 0.25
-0.015625 1.00625 0.25
-0.015625 0.975 0.25
-0.109375 0.85 0.25
-0.09375 0.88125 0.25
-0.109375 0.88125 0.25
-0.0625 0.88125 0.25
-0.078125 0.88125 0.25
-0.078125 0.85 0.25
-0.078125 0.9125 0.25
-0.0625 0.94375 0.25
-0.078125 0.94375 0.25
-0.046875 0.94375 0.25
-0.046875 0.88125 0.25
-0.046875 0.9125 0.25
-0.03125 0.94375 0.25
-0.015625 0.94375 0.25
-0.046875 0.85 0.25
-0.03125 0.88125 0.25
-0.015625 0.88125 0.25
-0.015625 0.85 0.25
-0.015625 0.9125 0.25
-0.03125 0.81875 0.25
-0.0625 0.81875 0.25
-0.046875 0.81875 0.25
-0.046875 0.7875 0.25
-0.0625 0.75625 0.25
-0.125 0.81875 0.25
-0.109375 0.81875 0.25
-0.109375 0.75625 0.25
-0.109375 0.7875 0.25
-0.125 0.75625 0.25
-0.09375 0.81875 0.25
-0.078125 0.81875 0.25
-0.078125 0.7875 0.25
-0.109375 0.725 0.25
-0.09375 0.75625 0.25
-0.078125 0.75625 0.25
-0.078125 0.725 0.25
-0.125 0.69375 0.25
-0.109375 0.69375 0.25
-0.109375 0.6625 0.25
-0.125 0.63125 0.25
-0.09375 0.69375 0.25
-0.140625 0.81875 0.25
-0.140625 0.7875 0.25
-0.171875 0.725 0.25
-0.15625 0.75625 0.25
-0.171875 0.75625 0.25
-0.140625 0.75625 0.25
-0.140625 0.725 0.25
-0.21875 0.63125 0.25
-0.234375 0.63125 0.25
-0.1875 0.63125 0.25
-0.203125 0.63125 0.25
-0.203125 0.6625 0.25
-0.1875 0.69375 0.25
-0.203125 0.69375 0.25
-0.171875 0.69375 0.25
-0.171875 0.63125 0.25
-0.171875 0.6625 0.25
-0.15625 0.69375 0.25
-0.140625 0.69375 0.25
-0.15625 0.63125 0.25
-0.140625 0.63125 0.25
-0.140625 0.6625 0.25
-0.015625 1.1 0.25
-0.03125 1.06875 0.25
-0.0625 1.06875 0.25
-0.046875 1.06875 0.25
-0.046875 1.1 0.25
-0.046875 1.0375 0.25
-0.0625 1.00625 0.25
-0.125 1.06875 0.25
-0.109375 1.06875 0.25
-0.109375 1.1 0.25
-0.109375 1.00625 0.25
-0.109375 1.0375 0.25
-0.125 1.00625 0.25
-0.09375 1.06875 0.25
-0.078125 1.06875 0.25
-0.078125 1.1 0.25
-0.078125 1.0375 0.25
-0.109375 0.975 0.25
-0.09375 1.00625 0.25
-0.078125 1.00625 0.25
-0.078125 0.975 0.25
-0.125 0.94375 0.25
-0.109375 0.94375 0.25
-0.109375 0.9125 0.25
-0.125 0.88125 0.25
-0.09375 0.94375 0.25
-0.234375 1.06875 0.25
-0.234375 1.1 0.25
-0.234375 1.00625 0.25
-0.234375 1.0375 0.25
-0.21875 1.06875 0.25
-0.203125 1.06875 0.25
-0.203125 1.1 0.25
-0.234375 0.88125 0.25
-0.234375 0.9125 0.25
-0.203125 0.975 0.25
-0.21875 0.94375 0.25
-0.203125 0.94375 0.25
-0.234375 0.94375 0.25
-0.234375 0.975 0.25
-0.21875 1.00625 0.25
-0.1875 1.00625 0.25
-0.203125 1.00625 0.25
-0.203125 1.0375 0.25
-0.1875 1.06875 0.25
-0.171875 1.00625 0.25
-0.171875 1.0375 0.25
-0.140625 1.1 0.25
-0.15625 1.06875 0.25
-0.140625 1.06875 0.25
-0.171875 1.06875 0.25
-0.171875 1.1 0.25
-0.140625 1.0375 0.25
-0.171875 0.975 0.25
-0.15625 1.00625 0.25
-0.140625 1.00625 0.25
-0.140625 0.975 0.25
-0.234375 0.85 0.25
-0.21875 0.88125 0.25
-0.1875 0.88125 0.25
-0.203125 0.88125 0.25
-0.203125 0.85 0.25
-0.203125 0.9125 0.25
-0.1875 0.94375 0.25
-0.171875 0.94375 0.25
-0.171875 0.88125 0.25
-0.171875 0.9125 0.25
-0.15625 0.94375 0.25
-0.140625 0.94375 0.25
-0.171875 0.85 0.25
-0.15625 0.88125 0.25
-0.140625 0.88125 0.25
-0.140625 0.85 0.25
-0.140625 0.9125 0.25
-0.234375 0.81875 0.25
-0.234375 0.75625 0.25
-0.234375 0.7875 0.25
-0.21875 0.81875 0.25
-0.203125 0.81875 0.25
-0.234375 0.6625 0.25
-0.203125 0.725 0.25
-0.21875 0.69375 0.25
-0.234375 0.69375 0.25
-0.234375 0.725 0.25
-0.21875 0.75625 0.25
-0.1875 0.75625 0.25
-0.203125 0.75625 0.25
-0.203125 0.7875 0.25
-0.1875 0.81875 0.25
-0.171875 0.7875 0.25
-0.15625 0.81875 0.25
-0.171875 0.81875 0.25
0.234375 0.1 0.25
0.234375 0.1 0.234375
0.25 0.1 0.234375
0.203125 0.1 0.234375
0.21875 0.1 0.234375
0.203125 0.1 0.25
0.234375 0.1 0.21875
0.234375 0.1 0.203125
0.25 0.1 0.203125
0.140625 0.1 0.234375
0.15625 0.1 0.234375
0.140625 0.1 0.25
0.1875 0.1 0.203125
0.171875 0.1 0.21875
0.171875 0.1 0.203125
0.171875 0.1 0.234375
0.1875 0.1 0.234375
0.171875 0.1 0.25
0.203125 0.1 0.21875
0.203125 0.1 0.1875
0.203125 0.1 0.203125
0.21875 0.1 0.203125
0.234375 0.1 0.1875
0.203125 0.1 0.171875
0.21875 0.1 0.171875
0.25 0.1 0.140625
0.234375 0.1 0.15625
0.234375 0.1 0.140625
0.234375 0.1 0.171875
0.25 0.1 0.171875
0.015625 0.1 0.234375
0.03125 0.1 0.234375
0.015625 0.1 0.25
0.0625 0.1 0.203125
0.046875 0.1 0.21875
0.046875 0.1 0.203125
0.046875 0.1 0.234375
0.0625 0.1 0.234375
0.046875 0.1 0.25
0.125 0.1 0.140625
0.109375 0.1 0.15625
0.109375 0.1 0.140625
0.109375 0.1 0.1875
0.109375 0.1 0.171875
0.125 0.1 0.171875
0.09375 0.1 0.171875
0.078125 0.1 0.1875
0.078125 0.1 0.171875
0.078125 0.1 0.203125
0.109375 0.1 0.203125
0.09375 0.1 0.203125
0.078125 0.1 0.21875
0.078125 0.1 0.234375
0.125 0.1 0.203125
0.109375 0.1 0.21875
0.109375 0.1 0.25
0.109375 0.1 0.234375
0.125 0.1 0.234375
0.09375 0.1 0.234375
0.078125 0.1 0.25
0.140625 0.1 0.21875
0.140625 0.1 0.1875
0.140625 0.1 0.203125
0.15625 0.1 0.203125
0.171875 0.1 0.1875
0.140625 0.1 0.125
0.140625 0.1 0.140625
0.171875 0.1 0.140625
0.15625 0.1 0.140625
0.171875 0.1 0.125
0.140625 0.1 0.15625
0.140625 0.1 0.171875
0.15625 0.1 0.171875
0.1875 0.1 0.140625
0.171875 0.1 0.15625
0.171875 0.1 0.171875
0.1875 0.1 0.171875
0.203125 0.1 0.125
0.203125 0.1 0.140625
0.21875 0.1 0.140625
0.234375 0.1 0.125
0.203125 0.1 0.15625
0.140625 0.1 0.109375
0.15625 0.1 0.109375
0.1875 0.1 0.078125
0.171875 0.1 0.09375
0.171875 0.1 0.078125
0.171875 0.1 0.109375
0.1875 0.1 0.109375
0.25 0.1 0.015625
0.234375 0.1 0.03125
0.234375 0.1 0.015625
0.234375 0.1 0.0625
0.234375 0.1 0.046875
0.25 0.1 0.046875
0.21875 0.1 0.046875
0.203125 0.1 0.0625
0.203125 0.1 0.046875
0.203125 0.1 0.078125
0.234375 0.1 0.078125
0.21875 0.1 0.078125
0.203125 0.1 0.09375
0.203125 0.1 0.109375
0.25 0.1 0.078125
0.234375 0.1 0.09375
0.234375 0.1 0.109375
0.25 0.1 0.109375
0.21875 0.1 0.109375
-0.21875 0.1 0.234375
-0.234375 0.1 0.25
-0.1875 0.1 0.203125
-0.203125 0.1 0.21875
-0.203125 0.1 0.234375
-0.1875 0.1 0.234375
-0.203125 0.1 0.25
-0.125 0.1 0.140625
-0.140625 0.1 0.15625
-0.140625 0.1 0.1875
-0.140625 0.1 0.171875
-0.125 0.1 0.171875
-0.15625 0.1 0.171875
-0.171875 0.1 0.1875
-0.171875 0.1 0.203125
-0.140625 0.1 0.203125
-0.15625 0.1 0.203125
-0.171875 0.1 0.21875
-0.171875 0.1 0.234375
-0.125 0.1 0.203125
-0.140625 0.1 0.21875
-0.140625 0.1 0.25
-0.140625 0.1 0.234375
-0.125 0.1 0.234375
-0.15625 0.1 0.234375
-0.171875 0.1 0.25
0.0 0.1 0.015625
-0.015625 0.1 0.03125
-0.015625 0.1 0.0625
-0.015625 0.1 0.046875
0.0 0.1 0.046875
-0.03125 0.1 0.046875
-0.046875 0.1 0.0625
-0.015625 0.1 0.125
-0.015625 0.1 0.109375
0.0 0.1 0.109375
-0.046875 0.1 0.109375
-0.03125 0.1 0.109375
-0.046875 0.1 0.125
-0.015625 0.1 0.09375
-0.015625 0.1 0.078125
0.0 0.1 0.078125
-0.03125 0.1 0.078125
-0.0625 0.1 0.109375
-0.046875 0.1 0.09375
-0.046875 0.1 0.078125
-0.0625 0.1 0.078125
-0.078125 0.1 0.125
-0.078125 0.1 0.109375
-0.09375 0.1 0.109375
-0.109375 0.1 0.125
-0.078125 0.1 0.09375
-0.109375 0.1 0.140625
-0.078125 0.1 0.140625
-0.09375 0.1 0.140625
-0.109375 0.1 0.15625
-0.109375 0.1 0.171875
-0.015625 0.1 0.140625
-0.03125 0.1 0.140625
-0.0625 0.1 0.171875
-0.046875 0.1 0.15625
-0.046875 0.1 0.171875
-0.046875 0.1 0.140625
-0.0625 0.1 0.140625
-0.078125 0.1 0.15625
-0.078125 0.1 0.1875
-0.078125 0.1 0.171875
-0.09375 0.1 0.171875
-0.109375 0.1 0.1875
-0.078125 0.1 0.203125
-0.09375 0.1 0.203125
-0.109375 0.1 0.21875
-0.109375 0.1 0.234375
-0.109375 0.1 0.203125
0.0 0.1 0.140625
-0.015625 0.1 0.15625
-0.015625 0.1 0.1875
-0.015625 0.1 0.171875
0.0 0.1 0.171875
-0.03125 0.1 0.171875
-0.046875 0.1 0.1875
-0.015625 0.1 0.25
-0.015625 0.1 0.234375
0.0 0.1 0.234375
-0.046875 0.1 0.234375
-0.03125 0.1 0.234375
-0.046875 0.1 0.25
-0.015625 0.1 0.21875
-0.015625 0.1 0.203125
0.0 0.1 0.203125
-0.03125 0.1 0.203125
-0.0625 0.1 0.234375
-0.046875 0.1 0.21875
-0.046875 0.1 0.203125
-0.0625 0.1 0.203125
-0.078125 0.1 0.25
-0.078125 0.1 0.234375
-0.09375 0.1 0.234375
-0.109375 0.1 0.25
-0.078125 0.1 0.21875
0.015625 0.1 0.21875
0.015625 0.1 0.1875
0.015625 0.1 0.203125
0.03125 0.1 0.203125
0.046875 0.1 0.1875
0.015625 0.1 0.125
0.015625 0.1 0.140625
0.046875 0.1 0.140625
0.03125 0.1 0.140625
0.046875 0.1 0.125
0.015625 0.1 0.15625
0.015625 0.1 0.171875
0.03125 0.1 0.171875
0.0625 0.1 0.140625
0.046875 0.1 0.15625
0.046875 0.1 0.171875
0.0625 0.1 0.171875
0.078125 0.1 0.125
0.078125 0.1 0.140625
0.09375 0.1 0.140625
0.109375 0.1 0.125
0.078125 0.1 0.15625
0.015625 0.1 0.0
0.015625 0.1 0.015625
0.046875 0.1 0.015625
0.03125 0.1 0.015625
0.046875 0.1 0.0
0.015625 0.1 0.03125
0.015625 0.1 0.046875
0.109375 0.1 0.015625
0.09375 0.1 0.015625
0.109375 0.1 0.0
0.0625 0.1 0.046875
0.078125 0.1 0.03125
0.078125 0.1 0.046875
0.078125 0.1 0.015625
0.0625 0.1 0.015625
0.078125 0.1 0.0
0.046875 0.1 0.03125
0.046875 0.1 0.0625
0.046875 0.1 0.046875
0.03125 0.1 0.046875
0.015625 0.1 0.0625
0.046875 0.1 0.078125
0.03125 0.1 0.078125
0.015625 0.1 0.09375
0.015625 0.1 0.109375
0.015625 0.1 0.078125
0.03125 0.1 0.109375
0.0625 0.1 0.078125
0.046875 0.1 0.09375
0.046875 0.1 0.109375
0.0625 0.1 0.109375
0.125 0.1 0.015625
0.109375 0.1 0.03125
0.109375 0.1 0.0625
0.109375 0.1 0.046875
0.125 0.1 0.046875
0.09375 0.1 0.046875
0.078125 0.1 0.0625
0.078125 0.1 0.078125
0.109375 0.1 0.078125
0.09375 0.1 0.078125
0.078125 0.1 0.09375
0.078125 0.1 0.109375
0.125 0.1 0.078125
0.109375 0.1 0.09375
0.109375 0.1 0.109375
0.125 0.1 0.109375
0.09375 0.1 0.109375
0.140625 0.1 0.0
0.140625 0.1 0.015625
0.171875 0.1 0.015625
0.15625 0.1 0.015625
0.171875 0.1 0.0
0.140625 0.1 0.03125
0.140625 0.1 0.046875
0.21875 0.1 0.015625
0.234375 0.1 0.0
0.1875 0.1 0.046875
0.203125 0.1 0.03125
0.203125 0.1 0.015625
0.1875 0.1 0.015625
0.203125 0.1 0.0
0.171875 0.1 0.03125
0.171875 0.1 0.0625
0.171875 0.1 0.046875
0.15625 0.1 0.046875
0.140625 0.1 0.0625
0.15625 0.1 0.078125
0.140625 0.1 0.09375
0.140625 0.1 0.078125
0.03125 0.1 -0.015625
0.0625 0.1 -0.046875
0.046875 0.1 -0.03125
0.046875 0.1 -0.015625
0.0625 0.1 -0.015625
0.125 0.1 -0.109375
0.109375 0.1 -0.09375
0.109375 0.1 -0.0625
0.109375 0.1 -0.078125
0.125 0.1 -0.078125
0.09375 0.1 -0.078125
0.078125 0.1 -0.0625
0.078125 0.1 -0.046875
0.109375 0.1 -0.046875
0.09375 0.1 -0.046875
0.078125 0.1 -0.03125
0.078125 0.1 -0.015625
0.125 0.1 -0.046875
0.109375 0.1 -0.03125
0.109375 0.1 -0.015625
0.125 0.1 -0.015625
0.09375 0.1 -0.015625
0.25 0.1 -0.234375
0.234375 0.1 -0.21875
0.234375 0.1 -0.1875
0.234375 0.1 -0.203125
0.25 0.1 -0.203125
0.21875 0.1 -0.203125
0.203125 0.1 -0.1875
0.234375 0.1 -0.125
0.234375 0.1 -0.140625
0.25 0.1 -0.140625
0.203125 0.1 -0.140625
0.21875 0.1 -0.140625
0.203125 0.1 -0.125
0.234375 0.1 -0.15625
0.234375 0.1 -0.171875
0.25 0.1 -0.171875
0.21875 0.1 -0.171875
0.1875 0.1 -0.140625
0.203125 0.1 -0.15625
0.203125 0.1 -0.171875
0.1875 0.1 -0.171875
0.171875 0.1 -0.125
0.171875 0.1 -0.140625
0.15625 0.1 -0.140625
0.140625 0.1 -0.125
0.171875 0.1 -0.15625
0.140625 0.1 -0.109375
0.171875 0.1 -0.109375
0.15625 0.1 -0.109375
0.140625 0.1 -0.09375
0.140625 0.1 -0.078125
0.234375 0.1 -0.109375
0.21875 0.1 -0.109375
0.1875 0.1 -0.078125
0.203125 0.1 -0.09375
0.203125 0.1 -0.078125
0.203125 0.1 -0.109375
0.1875 0.1 -0.109375
0.171875 0.1 -0.09375
0.171875 0.1 -0.0625
0.171875 0.1 -0.078125
0.15625 0.1 -0.078125
0.140625 0.1 -0.0625
0.171875 0.1 -0.046875
0.15625 0.1 -0.046875
0.140625 0.1 -0.03125
0.140625 0.1 -0.015625
0.140625 0.1 -0.046875
0.25 0.1 -0.109375
0.234375 0.1 -0.09375
0.234375 0.1 -0.0625
0.234375 0.1 -0.078125
0.25 0.1 -0.078125
0.21875 0.1 -0.078125
0.203125 0.1 -0.0625
0.234375 0.1 -0.015625
0.25 0.1 -0.015625
0.203125 0.1 -0.015625
0.21875 0.1 -0.015625
0.234375 0.1 -0.03125
0.234375 0.1 -0.046875
0.25 0.1 -0.046875
0.21875 0.1 -0.046875
0.1875 0.1 -0.015625
0.203125 0.1 -0.03125
0.203125 0.1 -0.046875
0.1875 0.1 -0.046875
0.171875 0.1 -0.015625
0.15625 0.1 -0.015625
0.171875 0.1 -0.03125
0.25 0.13125 0.25
0.234375 0.13125 0.25
0.234375 0.19375 0.25
0.234375 0.1625 0.25
0.25 0.19375 0.25
0.21875 0.13125 0.25
0.203125 0.13125 0.25
0.234375 0.31875 0.25
0.234375 0.2875 0.25
0.25 0.31875 0.25
0.203125 0.225 0.25
0.21875 0.25625 0.25
0.203125 0.25625 0.25
0.234375 0.25625 0.25
0.234375 0.225 0.25
0.25 0.25625 0.25
0.21875 0.19375 0.25
0.1875 0.19375 0.25
0.203125 0.19375 0.25
0.203125 0.1625 0.25
0.1875 0.13125 0.25
0.171875 0.19375 0.25
0.171875 0.1625 0.25
0.15625 0.13125 0.25
0.140625 0.13125 0.25
0.171875 0.13125 0.25
0.234375 0.56875 0.25
0.234375 0.5375 0.25
0.25 0.56875 0.25
0.203125 0.475 0.25
0.21875 0.50625 0.25
0.203125 0.50625 0.25
0.234375 0.50625 0.25
0.234375 0.475 0.25
0.25 0.50625 0.25
0.140625 0.35 0.25
0.15625 0.38125 0.25
0.140625 0.38125 0.25
0.1875 0.38125 0.25
0.171875 0.38125 0.25
0.171875 0.35 0.25
0.171875 0.4125 0.25
0.1875 0.44375 0.25
0.171875 0.44375 0.25
0.203125 0.44375 0.25
0.203125 0.38125 0.25
0.203125 0.4125 0.25
0.21875 0.44375 0.25
0.234375 0.44375 0.25
0.203125 0.35 0.25
0.21875 0.38125 0.25
0.25 0.38125 0.25
0.234375 0.38125 0.25
0.234375 0.35 0.25
0.234375 0.4125 0.25
0.25 0.44375 0.25
0.21875 0.31875 0.25
0.1875 0.31875 0.25
0.203125 0.31875 0.25
0.203125 0.2875 0.25
0.1875 0.25625 0.25
0.125 0.31875 0.25
0.140625 0.31875 0.25
0.140625 0.25625 0.25
0.140625 0.2875 0.25
0.125 0.25625 0.25
0.15625 0.31875 0.25
0.171875 0.31875 0.25
0.171875 0.2875 0.25
0.140625 0.225 0.25
0.15625 0.25625 0.25
0.171875 0.25625 0.25
0.171875 0.225 0.25
0.125 0.19375 0.25
0.140625 0.19375 0.25
0.140625 0.1625 0.25
0.125 0.13125 0.25
0.15625 0.19375 0.25
0.109375 0.31875 0.25
0.109375 0.2875 0.25
0.078125 0.225 0.25
0.09375 0.25625 0.25
0.078125 0.25625 0.25
0.109375 0.25625 0.25
0.109375 0.225 0.25
0.03125 0.13125 0.25
0.015625 0.13125 0.25
0.0625 0.13125 0.25
0.046875 0.13125 0.25
0.046875 0.1625 0.25
0.0625 0.19375 0.25
0.046875 0.19375 0.25
0.078125 0.19375 0.25
0.078125 0.13125 0.25
0.078125 0.1625 0.25
0.09375 0.19375 0.25
0.109375 0.19375 0.25
0.09375 0.13125 0.25
0.109375 0.13125 0.25
0.109375 0.1625 0.25
0.234375 1.0375 0.25
0.25 1.06875 0.25
0.203125 0.975 0.25
0.21875 1.00625 0.25
0.234375 1.00625 0.25
0.234375 0.975 0.25
0.25 1.00625 0.25
0.140625 0.85 0.25
0.15625 0.88125 0.25
0.1875 0.88125 0.25
0.171875 0.88125 0.25
0.171875 0.85 0.25
0.171875 0.9125 0.25
0.1875 0.94375 0.25
0.203125 0.94375 0.25
0.203125 0.88125 0.25
0.203125 0.9125 0.25
0.21875 0.94375 0.25
0.234375 0.94375 0.25
0.203125 0.85 0.25
0.21875 0.88125 0.25
0.25 0.88125 0.25
0.234375 0.88125 0.25
0.234375 0.85 0.25
0.234375 0.9125 0.25
0.25 0.94375 0.25
0.015625 0.6 0.25
0.03125 0.63125 0.25
0.0625 0.63125 0.25
0.046875 0.63125 0.25
0.046875 0.6 0.25
0.046875 0.6625 0.25
0.0625 0.69375 0.25
0.125 0.63125 0.25
0.109375 0.63125 0.25
0.109375 0.6 0.25
0.109375 0.69375 0.25
0.109375 0.6625 0.25
0.125 0.69375 0.25
0.09375 0.63125 0.25
0.078125 0.63125 0.25
0.078125 0.6 0.25
0.078125 0.6625 0.25
0.109375 0.725 0.25
0.09375 0.69375 0.25
0.078125 0.69375 0.25
0.078125 0.725 0.25
0.125 0.75625 0.25
0.109375 0.75625 0.25
0.109375 0.7875 0.25
0.125 0.81875 0.25
0.09375 0.75625 0.25
0.140625 0.81875 0.25
0.140625 0.75625 0.25
0.140625 0.7875 0.25
0.15625 0.81875 0.25
0.171875 0.81875 0.25
0.140625 0.63125 0.25
0.140625 0.6625 0.25
0.171875 0.725 0.25
0.15625 0.69375 0.25
0.171875 0.69375 0.25
0.140625 0.69375 0.25
0.140625 0.725 0.25
0.15625 0.75625 0.25
0.1875 0.75625 0.25
0.171875 0.75625 0.25
0.171875 0.7875 0.25
0.1875 0.81875 0.25
0.203125 0.75625 0.25
0.203125 0.7875 0.25
0.21875 0.81875 0.25
0.234375 0.81875 0.25
0.203125 0.81875 0.25
0.140625 0.6 0.25
0.15625 0.63125 0.25
0.1875 0.63125 0.25
0.171875 0.63125 0.25
0.171875 0.6 0.25
0.171875 0.6625 0.25
0.1875 0.69375 0.25
0.25 0.63125 0.25
0.234375 0.63125 0.25
0.234375 0.6 0.25
0.234375 0.69375 0.25
0.234375 0.6625 0.25
0.25 0.69375 0.25
0.21875 0.63125 0.25
0.203125 0.63125 0.25
0.203125 0.6 0.25
0.203125 0.6625 0.25
0.234375 0.725 0.25
0.21875 0.69375 0.25
0.203125 0.69375 0.25
0.203125 0.725 0.25
0.25 0.75625 0.25
0.234375 0.75625 0.25
0.234375 0.7875 0.25
0.25 0.81875 0.25
0.21875 0.75625 0.25
0.21875 0.56875 0.25
0.1875 0.56875 0.25
0.203125 0.56875 0.25
0.203125 0.5375 0.25
0.1875 0.50625 0.25
0.125 0.56875 0.25
0.140625 0.56875 0.25
0.140625 0.50625 0.25
0.140625 0.5375 0.25
0.125 0.50625 0.25
0.15625 0.56875 0.25
0.171875 0.56875 0.25
0.171875 0.5375 0.25
0.140625 0.475 0.25
0.15625 0.50625 0.25
0.171875 0.50625 0.25
0.171875 0.475 0.25
0.125 0.44375 0.25
0.140625 0.44375 0.25
0.140625 0.4125 0.25
0.125 0.38125 0.25
0.15625 0.44375 0.25
0.0 0.56875 0.25
0.015625 0.56875 0.25
0.015625 0.50625 0.25
0.015625 0.5375 0.25
0.0 0.50625 0.25
0.03125 0.56875 0.25
0.046875 0.56875 0.25
0.015625 0.38125 0.25
0.015625 0.4125 0.25
0.0 0.38125 0.25
0.046875 0.475 0.25
0.03125 0.44375 0.25
0.046875 0.44375 0.25
0.015625 0.44375 0.25
0.015625 0.475 0.25
0.0 0.44375 0.25
0.03125 0.50625 0.25
0.0625 0.50625 0.25
0.046875 0.50625 0.25
0.046875 0.5375 0.25
0.0625 0.56875 0.25
0.078125 0.50625 0.25
0.078125 0.5375 0.25
0.09375 0.56875 0.25
0.109375 0.56875 0.25
0.078125 0.56875 0.25
0.109375 0.5375 0.25
0.078125 0.475 0.25
0.09375 0.50625 0.25
0.109375 0.50625 0.25
0.109375 0.475 0.25
0.015625 0.35 0.25
0.03125 0.38125 0.25
0.0625 0.38125 0.25
0.046875 0.38125 0.25
0.046875 0.35 0.25
0.046875 0.4125 0.25
0.0625 0.44375 0.25
0.078125 0.44375 0.25
0.078125 0.38125 0.25
0.078125 0.4125 0.25
0.09375 0.44375 0.25
0.109375 0.44375 0.25
0.078125 0.35 0.25
0.09375 0.38125 0.25
0.109375 0.38125 0.25
0.109375 0.35 0.25
0.109375 0.4125 0.25
0.0 0.31875 0.25
0.015625 0.31875 0.25
0.015625 0.25625 0.25
0.015625 0.2875 0.25
0.0 0.25625 0.25
0.03125 0.31875 0.25
0.046875 0.31875 0.25
0.015625 0.1625 0.25
0.0 0.13125 0.25
0.046875 0.225 0.25
0.03125 0.19375 0.25
0.015625 0.19375 0.25
0.015625 0.225 0.25
0.0 0.19375 0.25
0.03125 0.25625 0.25
0.0625 0.25625 0.25
0.046875 0.25625 0.25
0.046875 0.2875 0.25
0.0625 0.31875 0.25
0.078125 0.2875 0.25
0.09375 0.31875 0.25
0.078125 0.31875 0.25
-0.015625 0.5375 0.25
-0.046875 0.475 0.25
-0.03125 0.50625 0.25
-0.015625 0.50625 0.25
-0.015625 0.475 0.25
-0.109375 0.35 0.25
-0.09375 0.38125 0.25
-0.0625 0.38125 0.25
-0.078125 0.38125 0.25
-0.078125 0.35 0.25
-0.078125 0.4125 0.25
-0.0625 0.44375 0.25
-0.046875 0.44375 0.25
-0.046875 0.38125 0.25
-0.046875 0.4125 0.25
-0.03125 0.44375 0.25
-0.015625 0.44375 0.25
-0.046875 0.35 0.25
-0.03125 0.38125 0.25
-0.015625 0.38125 0.25
-0.015625 0.35 0.25
-0.015625 0.4125 0.25
-0.21875 0.13125 0.25
-0.1875 0.13125 0.25
-0.203125 0.13125 0.25
-0.203125 0.1625 0.25
-0.1875 0.19375 0.25
-0.125 0.13125 0.25
-0.140625 0.13125 0.25
-0.140625 0.19375 0.25
-0.140625 0.1625 0.25
-0.125 0.19375 0.25
-0.15625 0.13125 0.25
-0.171875 0.13125 0.25
-0.171875 0.1625 0.25
-0.140625 0.225 0.25
-0.15625 0.19375 0.25
-0.171875 0.19375 0.25
-0.171875 0.225 0.25
-0.125 0.25625 0.25
-0.140625 0.25625 0.25
-0.140625 0.2875 0.25
-0.125 0.31875 0.25
-0.15625 0.25625 0.25
-0.109375 0.31875 0.25
-0.109375 0.25625 0.25
-0.109375 0.2875 0.25
-0.09375 0.31875 0.25
-0.078125 0.31875 0.25
-0.109375 0.13125 0.25
-0.109375 0.1625 0.25
-0.078125 0.225 0.25
-0.09375 0.19375 0.25
-0.078125 0.19375 0.25
-0.109375 0.19375 0.25
-0.109375 0.225 0.25
-0.09375 0.25625 0.25
-0.0625 0.25625 0.25
-0.078125 0.25625 0.25
-0.078125 0.2875 0.25
-0.0625 0.31875 0.25
-0.046875 0.25625 0.25
-0.046875 0.2875 0.25
-0.03125 0.31875 0.25
-0.015625 0.31875 0.25
-0.046875 0.31875 0.25
-0.09375 0.13125 0.25
-0.0625 0.13125 0.25
-0.078125 0.13125 0.25
-0.078125 0.1625 0.25
-0.0625 0.19375 0.25
-0.015625 0.13125 0.25
-0.015625 0.19375 0.25
-0.015625 0.1625 0.25
-0.03125 0.13125 0.25
-0.046875 0.13125 0.25
-0.046875 0.1625 0.25
-0.015625 0.225 0.25
-0.03125 0.19375 0.25
-0.046875 0.19375 0.25
-0.046875 0.225 0.25
-0.015625 0.25625 0.25
-0.015625 0.2875 0.25
-0.03125 0.25625 0.25
-0.25 0.1625 -0.234375
-0.25 0.13125 -0.25
-0.25 0.225 -0.203125
-0.25 0.19375 -0.21875
-0.25 0.19375 -0.234375
-0.25 0.225 -0.234375
-0.25 0.19375 -0.25
-0.25 0.35 -0.140625
-0.25 0.31875 -0.15625
-0.25 0.31875 -0.1875
-0.25 0.31875 -0.171875
-0.25 0.35 -0.171875
-0.25 0.2875 -0.171875
-0.25 0.25625 -0.1875
-0.25 0.25625 -0.203125
-0.25 0.31875 -0.203125
-0.25 0.2875 -0.203125
-0.25 0.25625 -0.21875
-0.25 0.25625 -0.234375
-0.25 0.35 -0.203125
-0.25 0.31875 -0.21875
-0.25 0.31875 -0.25
-0.25 0.31875 -0.234375
-0.25 0.35 -0.234375
-0.25 0.2875 -0.234375
-0.25 0.25625 -0.25
-0.25 0.6 -0.015625
-0.25 0.56875 -0.03125
-0.25 0.56875 -0.0625
-0.25 0.56875 -0.046875
-0.25 0.6 -0.046875
-0.25 0.5375 -0.046875
-0.25 0.50625 -0.0625
-0.25 0.56875 -0.125
-0.25 0.56875 -0.109375
-0.25 0.6 -0.109375
-0.25 0.50625 -0.109375
-0.25 0.5375 -0.109375
-0.25 0.50625 -0.125
-0.25 0.56875 -0.09375
-0.25 0.56875 -0.078125
-0.25 0.6 -0.078125
-0.25 0.5375 -0.078125
-0.25 0.475 -0.109375
-0.25 0.50625 -0.09375
-0.25 0.50625 -0.078125
-0.25 0.475 -0.078125
-0.25 0.44375 -0.125
-0.25 0.44375 -0.109375
-0.25 0.4125 -0.109375
-0.25 0.38125 -0.125
-0.25 0.44375 -0.09375
-0.25 0.38125 -0.140625
-0.25 0.44375 -0.140625
-0.25 0.4125 -0.140625
-0.25 0.38125 -0.15625
-0.25 0.38125 -0.171875
-0.25 0.56875 -0.140625
-0.25 0.5375 -0.140625
-0.25 0.475 -0.171875
-0.25 0.50625 -0.15625
-0.25 0.50625 -0.171875
-0.25 0.50625 -0.140625
-0.25 0.475 -0.140625
-0.25 0.44375 -0.15625
-0.25 0.44375 -0.1875
-0.25 0.44375 -0.171875
-0.25 0.4125 -0.171875
-0.25 0.38125 -0.1875
-0.25 0.44375 -0.203125
-0.25 0.4125 -0.203125
-0.25 0.38125 -0.21875
-0.25 0.38125 -0.234375
-0.25 0.38125 -0.203125
-0.25 0.6 -0.140625
-0.25 0.56875 -0.15625
-0.25 0.56875 -0.1875
-0.25 0.56875 -0.171875
-0.25 0.6 -0.171875
-0.25 0.5375 -0.171875
-0.25 0.50625 -0.1875
-0.25 0.56875 -0.25
-0.25 0.56875 -0.234375
-0.25 0.6 -0.234375
-0.25 0.50625 -0.234375
-0.25 0.5375 -0.234375
-0.25 0.50625 -0.25
-0.25 0.56875 -0.21875
-0.25 0.56875 -0.203125
-0.25 0.6 -0.203125
-0.25 0.5375 -0.203125
-0.25 0.475 -0.234375
-0.25 0.50625 -0.21875
-0.25 0.50625 -0.203125
-0.25 0.475 -0.203125
-0.25 0.44375 -0.25
-0.25 0.44375 -0.234375
-0.25 0.4125 -0.234375
-0.25 0.38125 -0.25
-0.25 0.44375 -0.21875
-0.25 1.1 0.234375
-0.25 1.06875 0.21875
-0.25 1.06875 0.1875
-0.25 1.06875 0.203125
-0.25 1.1 0.203125
-0.25 1.0375 0.203125
-0.25 1.00625 0.1875
-0.25 1.06875 0.125
-0.25 1.06875 0.140625
-0.25 1.1 0.140625
-0.25 1.00625 0.140625
-0.25 1.0375 0.140625
-0.25 1.00625 0.125
-0.25 1.06875 0.15625
-0.25 1.06875 0.171875
-0.25 1.1 0.171875
-0.25 1.0375 0.171875
-0.25 0.975 0.140625
-0.25 1.00625 0.15625
-0.25 1.00625 0.171875
-0.25 0.975 0.171875
-0.25 0.94375 0.125
-0.25 0.94375 0.140625
-0.25 0.9125 0.140625
-0.25 0.88125 0.125
-0.25 0.94375 0.15625
-0.25 1.06875 0.0
-0.25 1.06875 0.015625
-0.25 1.1 0.015625
-0.25 1.00625 0.015625
-0.25 1.0375 0.015625
-0.25 1.00625 0.0
-0.25 1.06875 0.03125
-0.25 1.06875 0.046875
-0.25 1.1 0.046875
-0.25 0.88125 0.015625
-0.25 0.9125 0.015625
-0.25 0.88125 0.0
-0.25 0.975 0.046875
-0.25 0.94375 0.03125
-0.25 0.94375 0.046875
-0.25 0.94375 0.015625
-0.25 0.975 0.015625
-0.25 0.94375 0.0
-0.25 1.00625 0.03125
-0.25 1.00625 0.0625
-0.25 1.00625 0.046875
-0.25 1.0375 0.046875
-0.25 1.06875 0.0625
-0.25 1.00625 0.078125
-0.25 1.0375 0.078125
-0.25 1.1 0.109375
-0.25 1.06875 0.09375
-0.25 1.06875 0.109375
-0.25 1.06875 0.078125
-0.25 1.1 0.078125
-0.25 1.0375 0.109375
-0.25 0.975 0.078125
-0.25 1.00625 0.09375
-0.25 1.00625 0.109375
-0.25 0.975 0.109375
-0.25 0.85 0.015625
-0.25 0.88125 0.03125
-0.25 0.88125 0.0625
-0.25 0.88125 0.046875
-0.25 0.85 0.046875
-0.25 0.9125 0.046875
-0.25 0.94375 0.0625
-0.25 0.94375 0.078125
-0.25 0.88125 0.078125
-0.25 0.9125 0.078125
-0.25 0.94375 0.09375
-0.25 0.94375 0.109375
-0.25 0.85 0.078125
-0.25 0.88125 0.09375
-0.25 0.88125 0.109375
-0.25 0.85 0.109375
-0.25 0.9125 0.109375
-0.25 0.81875 0.0
-0.25 0.81875 0.015625
-0.25 0.75625 0.015625
-0.25 0.7875 0.015625
-0.25 0.75625 0.0
-0.25 0.81875 0.03125
-0.25 0.81875 0.046875
-0.25 0.6625 0.015625
-0.25 0.63125 0.0
-0.25 0.725 0.046875
-0.25 0.69375 0.03125
-0.25 0.69375 0.015625
-0.25 0.725 0.015625
-0.25 0.69375 0.0
-0.25 0.75625 0.03125
-0.25 0.75625 0.0625
-0.25 0.75625 0.046875
-0.25 0.7875 0.046875
-0.25 0.81875 0.0625
-0.25 0.7875 0.078125
-0.25 0.81875 0.09375
-0.25 0.81875 0.078125
-0.25 0.63125 -0.015625
-0.25 0.69375 -0.015625
-0.25 0.6625 -0.015625
-0.25 0.63125 -0.03125
-0.25 0.63125 -0.046875
-0.25 0.81875 -0.015625
-0.25 0.7875 -0.015625
-0.25 0.725 -0.046875
-0.25 0.75625 -0.03125
-0.25 0.75625 -0.046875
-0.25 0.75625 -0.015625
-0.25 0.725 -0.015625
-0.25 0.69375 -0.03125
-0.25 0.69375 -0.0625
-0.25 0.69375 -0.046875
-0.25 0.6625 -0.046875
-0.25 0.63125 -0.0625
-0.25 0.69375 -0.078125
-0.25 0.6625 -0.078125
-0.25 0.63125 -0.09375
-0.25 0.63125 -0.109375
-0.25 0.63125 -0.078125
-0.25 1.06875 -0.015625
-0.25 1.0375 -0.015625
-0.25 0.975 -0.046875
-0.25 1.00625 -0.03125
-0.25 1.00625 -0.046875
-0.25 1.00625 -0.015625
-0.25 0.975 -0.015625
-0.25 0.85 -0.109375
-0.25 0.88125 -0.09375
-0.25 0.88125 -0.109375
-0.25 0.88125 -0.0625
-0.25 0.88125 -0.078125
-0.25 0.85 -0.078125
-0.25 0.9125 -0.078125
-0.25 0.94375 -0.0625
-0.25 0.94375 -0.078125
-0.25 0.94375 -0.046875
-0.25 0.88125 -0.046875
-0.25 0.9125 -0.046875
-0.25 0.94375 -0.03125
-0.25 0.94375 -0.015625
-0.25 0.85 -0.046875
-0.25 0.88125 -0.03125
-0.25 0.88125 -0.015625
-0.25 0.85 -0.015625
-0.25 0.9125 -0.015625
-0.25 0.81875 -0.03125
-0.25 0.81875 -0.0625
-0.25 0.81875 -0.046875
-0.25 0.7875 -0.046875
-0.25 0.75625 -0.0625
-0.25 0.81875 -0.125
-0.25 0.81875 -0.109375
-0.25 0.75625 -0.109375
-0.25 0.7875 -0.109375
-0.25 0.75625 -0.125
-0.25 0.81875 -0.09375
-0.25 0.81875 -0.078125
-0.25 0.7875 -0.078125
-0.25 0.725 -0.109375
-0.25 0.75625 -0.09375
-0.25 0.75625 -0.078125
-0.25 0.725 -0.078125
-0.25 0.69375 -0.125
-0.25 0.69375 -0.109375
-0.25 0.6625 -0.109375
-0.25 0.63125 -0.125
-0.25 0.69375 -0.09375
-0.25 0.81875 -0.140625
-0.25 0.7875 -0.140625
-0.25 0.725 -0.171875
-0.25 0.75625 -0.15625
-0.25 0.75625 -0.171875
-0.25 0.75625 -0.140625
-0.25 0.725 -0.140625
-0.25 0.63125 -0.21875
-0.25 0.63125 -0.234375
-0.25 0.63125 -0.1875
-0.25 0.63125 -0.203125
-0.25 0.6625 -0.203125
-0.25 0.69375 -0.1875
-0.25 0.69375 -0.203125
-0.25 0.69375 -0.171875
-0.25 0.63125 -0.171875
-0.25 0.6625 -0.171875
-0.25 0.69375 -0.15625
-0.25 0.69375 -0.140625
-0.25 0.63125 -0.15625
-0.25 0.63125 -0.140625
-0.25 0.6625 -0.140625
-0.25 1.1 -0.015625
-0.25 1.06875 -0.03125
-0.25 1.06875 -0.0625
-0.25 1.06875 -0.046875
-0.25 1.1 -0.046875
-0.25 1.0375 -0.046875
-0.25 1.00625 -0.0625
-0.25 1.06875 -0.125
-0.25 1.06875 -0.109375
-0.25 1.1 -0.109375
-0.25 1.00625 -0.109375
-0.25 1.0375 -0.109375
-0.25 1.00625 -0.125
-0.25 1.06875 -0.09375
-0.25 1.06875 -0.078125
-0.25 1.1 -0.078125
-0.25 1.0375 -0.078125
-0.25 0.975 -0.109375
-0.25 1.00625 -0.09375
-0.25 1.00625 -0.078125
-0.25 0.975 -0.078125
-0.25 0.94375 -0.125
-0.25 0.94375 -0.109375
-0.25 0.9125 -0.109375
-0.25 0.88125 -0.125
-0.25 0.94375 -0.09375
-0.25 1.06875 -0.25
-0.25 1.06875 -0.234375
-0.25 1.1 -0.234375
-0.25 1.00625 -0.234375
-0.25 1.0375 -0.234375
-0.25 1.00625 -0.25
-0.25 1.06875 -0.21875
-0.25 1.06875 -0.203125
-0.25 1.1 -0.203125
-0.25 0.88125 -0.234375
-0.25 0.9125 -0.234375
-0.25 0.88125 -0.25
-0.25 0.975 -0.203125
-0.25 0.94375 -0.21875
-0.25 0.94375 -0.203125
-0.25 0.94375 -0.234375
-0.25 0.975 -0.234375
-0.25 0.94375 -0.25
-0.25 1.00625 -0.21875
-0.25 1.00625 -0.1875
-0.25 1.00625 -0.203125
-0.25 1.0375 -0.203125
-0.25 1.06875 -0.1875
-0.25 1.00625 -0.171875
-0.25 1.0375 -0.171875
-0.25 1.1 -0.140625
-0.25 1.06875 -0.15625
-0.25 1.06875 -0.140625
-0.25 1.06875 -0.171875
-0.25 1.1 -0.171875
-0.25 1.0375 -0.140625
-0.25 0.975 -0.171875
-0.25 1.00625 -0.15625
-0.25 1.00625 -0.140625
-0.25 0.975 -0.140625
-0.25 0.85 -0.234375
-0.25 0.88125 -0.21875
-0.25 0.88125 -0.1875
-0.25 0.88125 -0.203125
-0.25 0.85 -0.203125
-0.25 0.9125 -0.203125
-0.25 0.94375 -0.1875
-0.25 0.94375 -0.171875
-0.25 0.88125 -0.171875
-0.25 0.9125 -0.171875
-0.25 0.94375 -0.15625
-0.25 0.94375 -0.140625
-0.25 0.85 -0.171875
-0.25 0.88125 -0.15625
-0.25 0.88125 -0.140625
-0.25 0.85 -0.140625
-0.25 0.9125 -0.140625
-0.25 0.81875 -0.25
-0.25 0.81875 -0.234375
-0.25 0.75625 -0.234375
-0.25 0.7875 -0.234375
-0.25 0.75625 -0.25
-0.25 0.81875 -0.21875
-0.25 0.81875 -0.203125
-0.25 0.6625 -0.234375
-0.25 0.63125 -0.25
-0.25 0.725 -0.203125
-0.25 0.69375 -0.21875
-0.25 0.69375 -0.234375
-0.25 0.725 -0.234375
-0.25 0.69375 -0.25
-0.25 0.75625 -0.21875
-0.25 0.75625 -0.1875
-0.25 0.75625 -0.203125
-0.25 0.7875 -0.203125
-0.25 0.81875 -0.1875
-0.25 0.7875 -0.171875
-0.25 0.81875 -0.15625
-0.25 0.81875 -0.171875
-0.234375 1.1 0.234375
-0.203125 1.1 0.234375
-0.21875 1.1 0.234375
-0.234375 1.1 0.21875
-0.234375 1.1 0.203125
-0.140625 1.1 0.234375
-0.15625 1.1 0.234375
-0.1875 1.1 0.203125
-0.171875 1.1 0.21875
-0.171875 1.1 0.203125
-0.171875 1.1 0.234375
-0.1875 1.1 0.234375
-0.203125 1.1 0.21875
-0.203125 1.1 0.1875
-0.203125 1.1 0.203125
-0.21875 1.1 0.203125
-0.234375 1.1 0.1875
-0.203125 1.1 0.171875
-0.21875 1.1 0.171875
-0.234375 1.1 0.15625
-0.234375 1.1 0.140625
-0.234375 1.1 0.171875
-0.015625 1.1 0.234375
-0.03125 1.1 0.234375
-0.0625 1.1 0.203125
-0.046875 1.1 0.21875
-0.046875 1.1 0.203125
-0.046875 1.1 0.234375
-0.0625 1.1 0.234375
-0.125 1.1 0.140625
-0.109375 1.1 0.15625
-0.109375 1.1 0.140625
-0.109375 1.1 0.1875
-0.109375 1.1 0.171875
-0.125 1.1 0.171875
-0.09375 1.1 0.171875
-0.078125 1.1 0.1875
-0.078125 1.1 0.171875
-0.078125 1.1 0.203125
-0.109375 1.1 0.203125
-0.09375 1.1 0.203125
-0.078125 1.1 0.21875
-0.078125 1.1 0.234375
-0.125 1.1 0.203125
-0.109375 1.1 0.21875
-0.109375 1.1 0.234375
-0.125 1.1 0.234375
-0.09375 1.1 0.234375
-0.140625 1.1 0.21875
-0.140625 1.1 0.1875
-0.140625 1.1 0.203125
-0.15625 1.1 0.203125
-0.171875 1.1 0.1875
-0.140625 1.1 0.125
-0.140625 1.1 0.140625
-0.171875 1.1 0.140625
-0.15625 1.1 0.140625
-0.171875 1.1 0.125
-0.140625 1.1 0.15625
-0.140625 1.1 0.171875
-0.15625 1.1 0.171875
-0.1875 1.1 0.140625
-0.171875 1.1 0.15625
-0.171875 1.1 0.171875
-0.1875 1.1 0.171875
-0.203125 1.1 0.125
-0.203125 1.1 0.140625
-0.21875 1.1 0.140625
-0.234375 1.1 0.125
-0.203125 1.1 0.15625
-0.140625 1.1 0.109375
-0.15625 1.1 0.109375
-0.1875 1.1 0.078125
-0.171875 1.1 0.09375
-0.171875 1.1 0.078125
-0.171875 1.1 0.109375
-0.1875 1.1 0.109375
-0.234375 1.1 0.03125
-0.234375 1.1 0.015625
-0.234375 1.1 0.0625
-0.234375 1.1 0.046875
-0.21875 1.1 0.046875
-0.203125 1.1 0.0625
-0.203125 1.1 0.046875
-0.203125 1.1 0.078125
-0.234375 1.1 0.078125
-0.21875 1.1 0.078125
-0.203125 1.1 0.09375
-0.203125 1.1 0.109375
-0.234375 1.1 0.09375
-0.234375 1.1 0.109375
-0.21875 1.1 0.109375
0.234375 1.1 0.234375
0.21875 1.1 0.234375
0.1875 1.1 0.203125
0.203125 1.1 0.21875
0.203125 1.1 0.203125
0.203125 1.1 0.234375
0.1875 1.1 0.234375
0.125 1.1 0.140625
0.140625 1.1 0.15625
0.140625 1.1 0.140625
0.140625 1.1 0.1875
0.140625 1.1 0.171875
0.125 1.1 0.171875
0.15625 1.1 0.171875
0.171875 1.1 0.1875
0.171875 1.1 0.171875
0.171875 1.1 0.203125
0.140625 1.1 0.203125
0.15625 1.1 0.203125
0.171875 1.1 0.21875
0.171875 1.1 0.234375
0.125 1.1 0.203125
0.140625 1.1 0.21875
0.140625 1.1 0.234375
0.125 1.1 0.234375
0.15625 1.1 0.234375
0.0 1.1 0.015625
0.015625 1.1 0.03125
0.015625 1.1 0.015625
0.015625 1.1 0.0625
0.015625 1.1 0.046875
0.0 1.1 0.046875
0.03125 1.1 0.046875
0.046875 1.1 0.0625
0.046875 1.1 0.046875
0.015625 1.1 0.125
0.015625 1.1 0.109375
0.0 1.1 0.109375
0.046875 1.1 0.109375
0.03125 1.1 0.109375
0.046875 1.1 0.125
0.015625 1.1 0.09375
0.015625 1.1 0.078125
0.0 1.1 0.078125
0.03125 1.1 0.078125
0.0625 1.1 0.109375
0.046875 1.1 0.09375
0.046875 1.1 0.078125
0.0625 1.1 0.078125
0.078125 1.1 0.125
0.078125 1.1 0.109375
0.109375 1.1 0.109375
0.09375 1.1 0.109375
0.109375 1.1 0.125
0.078125 1.1 0.09375
0.078125 1.1 0.078125
0.109375 1.1 0.140625
0.078125 1.1 0.140625
0.09375 1.1 0.140625
0.109375 1.1 0.15625
0.109375 1.1 0.171875
0.015625 1.1 0.140625
0.03125 1.1 0.140625
0.0625 1.1 0.171875
0.046875 1.1 0.15625
0.046875 1.1 0.171875
0.046875 1.1 0.140625
0.0625 1.1 0.140625
0.078125 1.1 0.15625
0.078125 1.1 0.1875
0.078125 1.1 0.171875
0.09375 1.1 0.171875
0.109375 1.1 0.1875
0.078125 1.1 0.203125
0.09375 1.1 0.203125
0.109375 1.1 0.21875
0.109375 1.1 0.234375
0.109375 1.1 0.203125
0.0 1.1 0.140625
0.015625 1.1 0.15625
0.015625 1.1 0.1875
0.015625 1.1 0.171875
0.0 1.1 0.171875
0.03125 1.1 0.171875
0.046875 1.1 0.1875
0.015625 1.1 0.234375
0.0 1.1 0.234375
0.046875 1.1 0.234375
0.03125 1.1 0.234375
0.015625 1.1 0.21875
0.015625 1.1 0.203125
0.0 1.1 0.203125
0.03125 1.1 0.203125
0.0625 1.1 0.234375
0.046875 1.1 0.21875
0.046875 1.1 0.203125
0.0625 1.1 0.203125
0.078125 1.1 0.234375
0.09375 1.1 0.234375
0.078125 1.1 0.21875
-0.015625 1.1 0.21875
-0.015625 1.1 0.1875
-0.015625 1.1 0.203125
-0.03125 1.1 0.203125
-0.046875 1.1 0.1875
-0.015625 1.1 0.125
-0.015625 1.1 0.140625
-0.046875 1.1 0.140625
-0.03125 1.1 0.140625
-0.046875 1.1 0.125
-0.015625 1.1 0.15625
-0.015625 1.1 0.171875
-0.03125 1.1 0.171875
-0.0625 1.1 0.140625
-0.046875 1.1 0.15625
-0.046875 1.1 0.171875
-0.0625 1.1 0.171875
-0.078125 1.1 0.125
-0.078125 1.1 0.140625
-0.09375 1.1 0.140625
-0.109375 1.1 0.125
-0.078125 1.1 0.15625
-0.015625 1.1 0.0
-0.015625 1.1 0.015625
-0.046875 1.1 0.015625
-0.03125 1.1 0.015625
-0.046875 1.1 0.0
-0.015625 1.1 0.03125
-0.015625 1.1 0.046875
-0.109375 1.1 0.015625
-0.09375 1.1 0.015625
-0.109375 1.1 0.0
-0.0625 1.1 0.046875
-0.078125 1.1 0.03125
-0.078125 1.1 0.046875
-0.078125 1.1 0.015625
-0.0625 1.1 0.015625
-0.078125 1.1 0.0
-0.046875 1.1 0.03125
-0.046875 1.1 0.0625
-0.046875 1.1 0.046875
-0.03125 1.1 0.046875
-0.015625 1.1 0.0625
-0.046875 1.1 0.078125
-0.03125 1.1 0.078125
-0.015625 1.1 0.09375
-0.015625 1.1 0.109375
-0.015625 1.1 0.078125
-0.03125 1.1 0.109375
-0.0625 1.1 0.078125
-0.046875 1.1 0.09375
-0.046875 1.1 0.109375
-0.0625 1.1 0.109375
-0.125 1.1 0.015625
-0.109375 1.1 0.03125
-0.109375 1.1 0.0625
-0.109375 1.1 0.046875
-0.125 1.1 0.046875
-0.09375 1.1 0.046875
-0.078125 1.1 0.0625
-0.078125 1.1 0.078125
-0.109375 1.1 0.078125
-0.09375 1.1 0.078125
-0.078125 1.1 0.09375
-0.078125 1.1 0.109375
-0.125 1.1 0.078125
-0.109375 1.1 0.09375
-0.109375 1.1 0.109375
-0.125 1.1 0.109375
-0.09375 1.1 0.109375
-0.140625 1.1 0.0
-0.140625 1.1 0.015625
-0.171875 1.1 0.015625
-0.15625 1.1 0.015625
-0.171875 1.1 0.0
-0.140625 1.1 0.03125
-0.140625 1.1 0.046875
-0.21875 1.1 0.015625
-0.234375 1.1 0.0
-0.1875 1.1 0.046875
-0.203125 1.1 0.03125
-0.203125 1.1 0.015625
-0.1875 1.1 0.015625
-0.203125 1.1 0.0
-0.171875 1.1 0.03125
-0.171875 1.1 0.0625
-0.171875 1.1 0.046875
-0.15625 1.1 0.046875
-0.140625 1.1 0.0625
-0.15625 1.1 0.078125
-0.140625 1.1 0.09375
-0.140625 1.1 0.078125
-0.015625 1.1 -0.015625
-0.03125 1.1 -0.015625
-0.0625 1.1 -0.046875
-0.046875 1.1 -0.03125
-0.046875 1.1 -0.046875
-0.046875 1.1 -0.015625
-0.0625 1.1 -0.015625
-0.125 1.1 -0.109375
-0.109375 1.1 -0.09375
-0.109375 1.1 -0.109375
-0.109375 1.1 -0.0625
-0.109375 1.1 -0.078125
-0.125 1.1 -0.078125
-0.09375 1.1 -0.078125
-0.078125 1.1 -0.0625
-0.078125 1.1 -0.078125
-0.078125 1.1 -0.046875
-0.109375 1.1 -0.046875
-0.09375 1.1 -0.046875
-0.078125 1.1 -0.03125
-0.078125 1.1 -0.015625
-0.125 1.1 -0.046875
-0.109375 1.1 -0.03125
-0.109375 1.1 -0.015625
-0.125 1.1 -0.015625
-0.09375 1.1 -0.015625
-0.234375 1.1 -0.21875
-0.234375 1.1 -0.234375
-0.234375 1.1 -0.1875
-0.234375 1.1 -0.203125
-0.21875 1.1 -0.203125
-0.203125 1.1 -0.1875
-0.203125 1.1 -0.203125
-0.234375 1.1 -0.125
-0.234375 1.1 -0.140625
-0.203125 1.1 -0.140625
-0.21875 1.1 -0.140625
-0.203125 1.1 -0.125
-0.234375 1.1 -0.15625
-0.234375 1.1 -0.171875
-0.21875 1.1 -0.171875
-0.1875 1.1 -0.140625
-0.203125 1.1 -0.15625
-0.203125 1.1 -0.171875
-0.1875 1.1 -0.171875
-0.171875 1.1 -0.125
-0.171875 1.1 -0.140625
-0.140625 1.1 -0.140625
-0.15625 1.1 -0.140625
-0.140625 1.1 -0.125
-0.171875 1.1 -0.15625
-0.171875 1.1 -0.171875
-0.140625 1.1 -0.109375
-0.171875 1.1 -0.109375
-0.15625 1.1 -0.109375
-0.140625 1.1 -0.09375
-0.140625 1.1 -0.078125
-0.234375 1.1 -0.109375
-0.21875 1.1 -0.109375
-0.1875 1.1 -0.078125
-0.203125 1.1 -0.09375
-0.203125 1.1 -0.078125
-0.203125 1.1 -0.109375
-0.1875 1.1 -0.109375
-0.171875 1.1 -0.09375
-0.171875 1.1 -0.0625
-0.171875 1.1 -0.078125
-0.15625 1.1 -0.078125
-0.140625 1.1 -0.0625
-0.171875 1.1 -0.046875
-0.15625 1.1 -0.046875
-0.140625 1.1 -0.03125
-0.140625 1.1 -0.015625
-0.140625 1.1 -0.046875
-0.234375 1.1 -0.09375
-0.234375 1.1 -0.0625
-0.234375 1.1 -0.078125
-0.21875 1.1 -0.078125
-0.203125 1.1 -0.0625
-0.234375 1.1 -0.015625
-0.203125 1.1 -0.015625
-0.21875 1.1 -0.015625
-0.234375 1.1 -0.03125
-0.234375 1.1 -0.046875
-0.21875 1.1 -0.046875
-0.1875 1.1 -0.015625
-0.203125 1.1 -0.03125
-0.203125 1.1 -0.046875
-0.1875 1.1 -0.046875
-0.171875 1.1 -0.015625
-0.15625 1.1 -0.015625
-0.171875 1.1 -0.03125
-0.234375 1.06875 -0.25
-0.234375 1.0375 -0.25
-0.203125 0.975 -0.25
-0.21875 1.00625 -0.25
-0.203125 1.00625 -0.25
-0.234375 1.00625 -0.25
-0.234375 0.975 -0.25
-0.140625 0.85 -0.25
-0.15625 0.88125 -0.25
-0.140625 0.88125 -0.25
-0.1875 0.88125 -0.25
-0.171875 0.88125 -0.25
-0.171875 0.85 -0.25
-0.171875 0.9125 -0.25
-0.1875 0.94375 -0.25
-0.171875 0.94375 -0.25
-0.203125 0.94375 -0.25
-0.203125 0.88125 -0.25
-0.203125 0.9125 -0.25
-0.21875 0.94375 -0.25
-0.234375 0.94375 -0.25
-0.203125 0.85 -0.25
-0.21875 0.88125 -0.25
-0.234375 0.88125 -0.25
-0.234375 0.85 -0.25
-0.234375 0.9125 -0.25
-0.015625 0.6 -0.25
-0.03125 0.63125 -0.25
-0.015625 0.63125 -0.25
-0.0625 0.63125 -0.25
-0.046875 0.63125 -0.25
-0.046875 0.6 -0.25
-0.046875 0.6625 -0.25
-0.0625 0.69375 -0.25
-0.046875 0.69375 -0.25
-0.125 0.63125 -0.25
-0.109375 0.63125 -0.25
-0.109375 0.6 -0.25
-0.109375 0.69375 -0.25
-0.109375 0.6625 -0.25
-0.125 0.69375 -0.25
-0.09375 0.63125 -0.25
-0.078125 0.63125 -0.25
-0.078125 0.6 -0.25
-0.078125 0.6625 -0.25
-0.109375 0.725 -0.25
-0.09375 0.69375 -0.25
-0.078125 0.69375 -0.25
-0.078125 0.725 -0.25
-0.125 0.75625 -0.25
-0.109375 0.75625 -0.25
-0.109375 0.81875 -0.25
-0.109375 0.7875 -0.25
-0.125 0.81875 -0.25
-0.09375 0.75625 -0.25
-0.078125 0.75625 -0.25
-0.140625 0.81875 -0.25
-0.140625 0.75625 -0.25
-0.140625 0.7875 -0.25
-0.15625 0.81875 -0.25
-0.171875 0.81875 -0.25
-0.140625 0.63125 -0.25
-0.140625 0.6625 -0.25
-0.171875 0.725 -0.25
-0.15625 0.69375 -0.25
-0.171875 0.69375 -0.25
-0.140625 0.69375 -0.25
-0.140625 0.725 -0.25
-0.15625 0.75625 -0.25
-0.1875 0.75625 -0.25
-0.171875 0.75625 -0.25
-0.171875 0.7875 -0.25
-0.1875 0.81875 -0.25
-0.203125 0.75625 -0.25
-0.203125 0.7875 -0.25
-0.21875 0.81875 -0.25
-0.234375 0.81875 -0.25
-0.203125 0.81875 -0.25
-0.140625 0.6 -0.25
-0.15625 0.63125 -0.25
-0.1875 0.63125 -0.25
-0.171875 0.63125 -0.25
-0.171875 0.6 -0.25
-0.171875 0.6625 -0.25
-0.1875 0.69375 -0.25
-0.234375 0.63125 -0.25
-0.234375 0.6 -0.25
-0.234375 0.69375 -0.25
-0.234375 0.6625 -0.25
-0.21875 0.63125 -0.25
-0.203125 0.63125 -0.25
-0.203125 0.6 -0.25
-0.203125 0.6625 -0.25
-0.234375 0.725 -0.25
-0.21875 0.69375 -0.25
-0.203125 0.69375 -0.25
-0.203125 0.725 -0.25
-0.234375 0.75625 -0.25
-0.234375 0.7875 -0.25
-0.21875 0.75625 -0.25
0.21875 0.13125 -0.25
0.234375 0.13125 -0.25
0.1875 0.13125 -0.25
0.203125 0.13125 -0.25
0.203125 0.1625 -0.25
0.1875 0.19375 -0.25
0.203125 0.19375 -0.25
0.125 0.13125 -0.25
0.140625 0.13125 -0.25
0.140625 0.19375 -0.25
0.140625 0.1625 -0.25
0.125 0.19375 -0.25
0.15625 0.13125 -0.25
0.171875 0.13125 -0.25
0.171875 0.1625 -0.25
0.140625 0.225 -0.25
0.15625 0.19375 -0.25
0.171875 0.19375 -0.25
0.171875 0.225 -0.25
0.125 0.25625 -0.25
0.140625 0.25625 -0.25
0.140625 0.31875 -0.25
0.140625 0.2875 -0.25
0.125 0.31875 -0.25
0.15625 0.25625 -0.25
0.171875 0.25625 -0.25
0.0 0.13125 -0.25
0.015625 0.13125 -0.25
0.015625 0.19375 -0.25
0.015625 0.1625 -0.25
0.0 0.19375 -0.25
0.03125 0.13125 -0.25
0.046875 0.13125 -0.25
0.015625 0.31875 -0.25
0.015625 0.2875 -0.25
0.0 0.31875 -0.25
0.046875 0.225 -0.25
0.03125 0.25625 -0.25
0.046875 0.25625 -0.25
0.015625 0.25625 -0.25
0.015625 0.225 -0.25
0.0 0.25625 -0.25
0.03125 0.19375 -0.25
0.0625 0.19375 -0.25
0.046875 0.19375 -0.25
0.046875 0.1625 -0.25
0.0625 0.13125 -0.25
0.078125 0.19375 -0.25
0.078125 0.1625 -0.25
0.09375 0.13125 -0.25
0.109375 0.13125 -0.25
0.078125 0.13125 -0.25
0.109375 0.1625 -0.25
0.078125 0.225 -0.25
0.09375 0.19375 -0.25
0.109375 0.19375 -0.25
0.109375 0.225 -0.25
0.015625 0.35 -0.25
0.03125 0.31875 -0.25
0.0625 0.31875 -0.25
0.046875 0.31875 -0.25
0.046875 0.35 -0.25
0.046875 0.2875 -0.25
0.0625 0.25625 -0.25
0.078125 0.25625 -0.25
0.078125 0.31875 -0.25
0.078125 0.2875 -0.25
0.09375 0.25625 -0.25
0.109375 0.25625 -0.25
0.078125 0.35 -0.25
0.09375 0.31875 -0.25
0.109375 0.31875 -0.25
0.109375 0.35 -0.25
0.109375 0.2875 -0.25
0.0 0.38125 -0.25
0.015625 0.38125 -0.25
0.015625 0.44375 -0.25
0.015625 0.4125 -0.25
0.0 0.44375 -0.25
0.03125 0.38125 -0.25
0.046875 0.38125 -0.25
0.015625 0.56875 -0.25
0.015625 0.5375 -0.25
0.0 0.56875 -0.25
0.046875 0.475 -0.25
0.03125 0.50625 -0.25
0.046875 0.50625 -0.25
0.015625 0.50625 -0.25
0.015625 0.475 -0.25
0.0 0.50625 -0.25
0.03125 0.44375 -0.25
0.0625 0.44375 -0.25
0.046875 0.44375 -0.25
0.046875 0.4125 -0.25
0.0625 0.38125 -0.25
0.078125 0.44375 -0.25
0.078125 0.4125 -0.25
0.09375 0.38125 -0.25
0.109375 0.38125 -0.25
0.078125 0.38125 -0.25
-0.015625 0.56875 -0.25
-0.015625 0.50625 -0.25
-0.015625 0.5375 -0.25
-0.03125 0.56875 -0.25
-0.046875 0.56875 -0.25
-0.015625 0.38125 -0.25
-0.015625 0.4125 -0.25
-0.046875 0.475 -0.25
-0.03125 0.44375 -0.25
-0.046875 0.44375 -0.25
-0.015625 0.44375 -0.25
-0.015625 0.475 -0.25
-0.03125 0.50625 -0.25
-0.0625 0.50625 -0.25
-0.046875 0.50625 -0.25
-0.046875 0.5375 -0.25
-0.0625 0.56875 -0.25
-0.078125 0.50625 -0.25
-0.078125 0.5375 -0.25
-0.09375 0.56875 -0.25
-0.109375 0.56875 -0.25
-0.078125 0.56875 -0.25
-0.015625 0.13125 -0.25
-0.015625 0.1625 -0.25
-0.046875 0.225 -0.25
-0.03125 0.19375 -0.25
-0.046875 0.19375 -0.25
-0.015625 0.19375 -0.25
-0.015625 0.225 -0.25
-0.109375 0.35 -0.25
-0.09375 0.31875 -0.25
-0.109375 0.31875 -0.25
-0.0625 0.31875 -0.25
-0.078125 0.31875 -0.25
-0.078125 0.35 -0.25
-0.078125 0.2875 -0.25
-0.0625 0.25625 -0.25
-0.078125 0.25625 -0.25
-0.046875 0.25625 -0.25
-0.046875 0.31875 -0.25
-0.046875 0.2875 -0.25
-0.03125 0.25625 -0.25
-0.015625 0.25625 -0.25
-0.046875 0.35 -0.25
-0.03125 0.31875 -0.25
-0.015625 0.31875 -0.25
-0.015625 0.35 -0.25
-0.015625 0.2875 -0.25
-0.03125 0.38125 -0.25
-0.0625 0.38125 -0.25
-0.046875 0.38125 -0.25
-0.046875 0.4125 -0.25
-0.0625 0.44375 -0.25
-0.125 0.38125 -0.25
-0.109375 0.38125 -0.25
-0.109375 0.44375 -0.25
-0.109375 0.4125 -0.25
-0.125 0.44375 -0.25
-0.09375 0.38125 -0.25
-0.078125 0.38125 -0.25
-0.078125 0.4125 -0.25
-0.109375 0.475 -0.25
-0.09375 0.44375 -0.25
-0.078125 0.44375 -0.25
-0.078125 0.475 -0.25
-0.125 0.50625 -0.25
-0.109375 0.50625 -0.25
-0.109375 0.5375 -0.25
-0.125 0.56875 -0.25
-0.09375 0.50625 -0.25
-0.140625 0.38125 -0.25
-0.140625 0.4125 -0.25
-0.171875 0.475 -0.25
-0.15625 0.44375 -0.25
-0.171875 0.44375 -0.25
-0.140625 0.44375 -0.25
-0.140625 0.475 -0.25
-0.21875 0.56875 -0.25
-0.234375 0.56875 -0.25
-0.1875 0.56875 -0.25
-0.203125 0.56875 -0.25
-0.203125 0.5375 -0.25
-0.1875 0.50625 -0.25
-0.203125 0.50625 -0.25
-0.171875 0.50625 -0.25
-0.171875 0.56875 -0.25
-0.171875 0.5375 -0.25
-0.15625 0.50625 -0.25
-0.140625 0.50625 -0.25
-0.15625 0.56875 -0.25
-0.140625 0.56875 -0.25
-0.140625 0.5375 -0.25
-0.03125 0.13125 -0.25
-0.0625 0.13125 -0.25
-0.046875 0.13125 -0.25
-0.046875 0.1625 -0.25
-0.0625 0.19375 -0.25
-0.125 0.13125 -0.25
-0.109375 0.13125 -0.25
-0.109375 0.19375 -0.25
-0.109375 0.1625 -0.25
-0.125 0.19375 -0.25
-0.09375 0.13125 -0.25
-0.078125 0.13125 -0.25
-0.078125 0.1625 -0.25
-0.109375 0.225 -0.25
-0.09375 0.19375 -0.25
-0.078125 0.19375 -0.25
-0.078125 0.225 -0.25
-0.125 0.25625 -0.25
-0.109375 0.25625 -0.25
-0.109375 0.2875 -0.25
-0.125 0.31875 -0.25
-0.09375 0.25625 -0.25
-0.234375 0.13125 -0.25
-0.234375 0.19375 -0.25
-0.234375 0.1625 -0.25
-0.21875 0.13125 -0.25
-0.203125 0.13125 -0.25
-0.234375 0.31875 -0.25
-0.234375 0.2875 -0.25
-0.203125 0.225 -0.25
-0.21875 0.25625 -0.25
-0.203125 0.25625 -0.25
-0.234375 0.25625 -0.25
-0.234375 0.225 -0.25
-0.21875 0.19375 -0.25
-0.1875 0.19375 -0.25
-0.203125 0.19375 -0.25
-0.203125 0.1625 -0.25
-0.1875 0.13125 -0.25
-0.171875 0.19375 -0.25
-0.171875 0.1625 -0.25
-0.15625 0.13125 -0.25
-0.140625 0.13125 -0.25
-0.171875 0.13125 -0.25
-0.140625 0.1625 -0.25
-0.171875 0.225 -0.25
-0.15625 0.19375 -0.25
-0.140625 0.19375 -0.25
-0.140625 0.225 -0.25
-0.234375 0.35 -0.25
-0.21875 0.31875 -0.25
-0.1875 0.31875 -0.25
-0.203125 0.31875 -0.25
-0.203125 0.35 -0.25
-0.203125 0.2875 -0.25
-0.1875 0.25625 -0.25
-0.171875 0.25625 -0.25
-0.171875 0.31875 -0.25
-0.171875 0.2875 -0.25
-0.15625 0.25625 -0.25
-0.140625 0.25625 -0.25
-0.171875 0.35 -0.25
-0.15625 0.31875 -0.25
-0.140625 0.31875 -0.25
-0.140625 0.35 -0.25
-0.140625 0.2875 -0.25
-0.234375 0.38125 -0.25
-0.234375 0.44375 -0.25
-0.234375 0.4125 -0.25
-0.21875 0.38125 -0.25
-0.203125 0.38125 -0.25
-0.234375 0.5375 -0.25
-0.203125 0.475 -0.25
-0.21875 0.50625 -0.25
-0.234375 0.50625 -0.25
-0.234375 0.475 -0.25
-0.21875 0.44375 -0.25
-0.1875 0.44375 -0.25
-0.203125 0.44375 -0.25
-0.203125 0.4125 -0.25
-0.1875 0.38125 -0.25
-0.171875 0.4125 -0.25
-0.15625 0.38125 -0.25
-0.171875 0.38125 -0.25
0.25 1.06875 -0.25
0.234375 1.06875 -0.25
0.234375 1.1 -0.25
0.234375 1.00625 -0.25
0.234375 1.0375 -0.25
0.25 1.00625 -0.25
0.21875 1.06875 -0.25
0.203125 1.06875 -0.25
0.203125 1.1 -0.25
0.234375 0.88125 -0.25
0.234375 0.9125 -0.25
0.25 0.88125 -0.25
0.203125 0.975 -0.25
0.21875 0.94375 -0.25
0.203125 0.94375 -0.25
0.234375 0.94375 -0.25
0.234375 0.975 -0.25
0.25 0.94375 -0.25
0.21875 1.00625 -0.25
0.1875 1.00625 -0.25
0.203125 1.00625 -0.25
0.203125 1.0375 -0.25
0.1875 1.06875 -0.25
0.171875 1.00625 -0.25
0.171875 1.0375 -0.25
0.140625 1.1 -0.25
0.15625 1.06875 -0.25
0.140625 1.06875 -0.25
0.171875 1.06875 -0.25
0.171875 1.1 -0.25
0.234375 0.63125 -0.25
0.234375 0.6625 -0.25
0.25 0.63125 -0.25
0.203125 0.725 -0.25
0.21875 0.69375 -0.25
0.203125 0.69375 -0.25
0.234375 0.69375 -0.25
0.234375 0.725 -0.25
0.25 0.69375 -0.25
0.140625 0.85 -0.25
0.15625 0.81875 -0.25
0.140625 0.81875 -0.25
0.1875 0.81875 -0.25
0.171875 0.81875 -0.25
0.171875 0.85 -0.25
0.171875 0.7875 -0.25
0.1875 0.75625 -0.25
0.171875 0.75625 -0.25
0.203125 0.75625 -0.25
0.203125 0.81875 -0.25
0.203125 0.7875 -0.25
0.21875 0.75625 -0.25
0.234375 0.75625 -0.25
0.203125 0.85 -0.25
0.21875 0.81875 -0.25
0.25 0.81875 -0.25
0.234375 0.81875 -0.25
0.234375 0.85 -0.25
0.234375 0.7875 -0.25
0.25 0.75625 -0.25
0.21875 0.88125 -0.25
0.1875 0.88125 -0.25
0.203125 0.88125 -0.25
0.203125 0.9125 -0.25
0.1875 0.94375 -0.25
0.125 0.88125 -0.25
0.140625 0.88125 -0.25
0.140625 0.94375 -0.25
0.140625 0.9125 -0.25
0.125 0.94375 -0.25
0.15625 0.88125 -0.25
0.171875 0.88125 -0.25
0.171875 0.9125 -0.25
0.140625 0.975 -0.25
0.15625 0.94375 -0.25
0.171875 0.94375 -0.25
0.171875 0.975 -0.25
0.125 1.00625 -0.25
0.140625 1.00625 -0.25
0.140625 1.0375 -0.25
0.125 1.06875 -0.25
0.15625 1.00625 -0.25
0.109375 0.88125 -0.25
0.109375 0.9125 -0.25
0.078125 0.975 -0.25
0.09375 0.94375 -0.25
0.078125 0.94375 -0.25
0.109375 0.94375 -0.25
0.109375 0.975 -0.25
0.015625 1.1 -0.25
0.03125 1.06875 -0.25
0.015625 1.06875 -0.25
0.0625 1.06875 -0.25
0.046875 1.06875 -0.25
0.046875 1.1 -0.25
0.046875 1.0375 -0.25
0.0625 1.00625 -0.25
0.046875 1.00625 -0.25
0.078125 1.00625 -0.25
0.078125 1.06875 -0.25
0.078125 1.0375 -0.25
0.09375 1.00625 -0.25
0.109375 1.00625 -0.25
0.078125 1.1 -0.25
0.09375 1.06875 -0.25
0.109375 1.06875 -0.25
0.109375 1.1 -0.25
0.109375 1.0375 -0.25
0.234375 0.1625 -0.25
0.25 0.13125 -0.25
0.203125 0.225 -0.25
0.21875 0.19375 -0.25
0.234375 0.19375 -0.25
0.234375 0.225 -0.25
0.25 0.19375 -0.25
0.140625 0.35 -0.25
0.15625 0.31875 -0.25
0.1875 0.31875 -0.25
0.171875 0.31875 -0.25
0.171875 0.35 -0.25
0.171875 0.2875 -0.25
0.1875 0.25625 -0.25
0.203125 0.25625 -0.25
0.203125 0.31875 -0.25
0.203125 0.2875 -0.25
0.21875 0.25625 -0.25
0.234375 0.25625 -0.25
0.203125 0.35 -0.25
0.21875 0.31875 -0.25
0.25 0.31875 -0.25
0.234375 0.31875 -0.25
0.234375 0.35 -0.25
0.234375 0.2875 -0.25
0.25 0.25625 -0.25
0.015625 0.6 -0.25
0.03125 0.56875 -0.25
0.0625 0.56875 -0.25
0.046875 0.56875 -0.25
0.046875 0.6 -0.25
0.046875 0.5375 -0.25
0.0625 0.50625 -0.25
0.125 0.56875 -0.25
0.109375 0.56875 -0.25
0.109375 0.6 -0.25
0.109375 0.50625 -0.25
0.109375 0.5375 -0.25
0.125 0.50625 -0.25
0.09375 0.56875 -0.25
0.078125 0.56875 -0.25
0.078125 0.6 -0.25
0.078125 0.5375 -0.25
0.109375 0.475 -0.25
0.09375 0.50625 -0.25
0.078125 0.50625 -0.25
0.078125 0.475 -0.25
0.125 0.44375 -0.25
0.109375 0.44375 -0.25
0.109375 0.4125 -0.25
0.125 0.38125 -0.25
0.09375 0.44375 -0.25
0.140625 0.38125 -0.25
0.140625 0.44375 -0.25
0.140625 0.4125 -0.25
0.15625 0.38125 -0.25
0.171875 0.38125 -0.25
0.140625 0.56875 -0.25
0.140625 0.5375 -0.25
0.171875 0.475 -0.25
0.15625 0.50625 -0.25
0.171875 0.50625 -0.25
0.140625 0.50625 -0.25
0.140625 0.475 -0.25
0.15625 0.44375 -0.25
0.1875 0.44375 -0.25
0.171875 0.44375 -0.25
0.171875 0.4125 -0.25
0.1875 0.38125 -0.25
0.203125 0.44375 -0.25
0.203125 0.4125 -0.25
0.21875 0.38125 -0.25
0.234375 0.38125 -0.25
0.203125 0.38125 -0.25
0.140625 0.6 -0.25
0.15625 0.56875 -0.25
0.1875 0.56875 -0.25
0.171875 0.56875 -0.25
0.171875 0.6 -0.25
0.171875 0.5375 -0.25
0.1875 0.50625 -0.25
0.25 0.56875 -0.25
0.234375 0.56875 -0.25
0.234375 0.6 -0.25
0.234375 0.50625 -0.25
0.234375 0.5375 -0.25
0.25 0.50625 -0.25
0.21875 0.56875 -0.25
0.203125 0.56875 -0.25
0.203125 0.6 -0.25
0.203125 0.5375 -0.25
0.234375 0.475 -0.25
0.21875 0.50625 -0.25
0.203125 0.50625 -0.25
0.203125 0.475 -0.25
0.25 0.44375 -0.25
0.234375 0.44375 -0.25
0.234375 0.4125 -0.25
0.25 0.38125 -0.25
0.21875 0.44375 -0.25
0.21875 0.63125 -0.25
0.1875 0.63125 -0.25
0.203125 0.63125 -0.25
0.203125 0.6625 -0.25
0.1875 0.69375 -0.25
0.125 0.63125 -0.25
0.140625 0.63125 -0.25
0.140625 0.69375 -0.25
0.140625 0.6625 -0.25
0.125 0.69375 -0.25
0.15625 0.63125 -0.25
0.171875 0.63125 -0.25
0.171875 0.6625 -0.25
0.140625 0.725 -0.25
0.15625 0.69375 -0.25
0.171875 0.69375 -0.25
0.171875 0.725 -0.25
0.125 0.75625 -0.25
0.140625 0.75625 -0.25
0.140625 0.7875 -0.25
0.125 0.81875 -0.25
0.15625 0.75625 -0.25
0.0 0.63125 -0.25
0.015625 0.63125 -0.25
0.015625 0.69375 -0.25
0.015625 0.6625 -0.25
0.0 0.69375 -0.25
0.03125 0.63125 -0.25
0.046875 0.63125 -0.25
0.015625 0.81875 -0.25
0.015625 0.7875 -0.25
0.0 0.81875 -0.25
0.046875 0.725 -0.25
0.03125 0.75625 -0.25
0.046875 0.75625 -0.25
0.015625 0.75625 -0.25
0.015625 0.725 -0.25
0.0 0.75625 -0.25
0.03125 0.69375 -0.25
0.0625 0.69375 -0.25
0.046875 0.69375 -0.25
0.046875 0.6625 -0.25
0.0625 0.63125 -0.25
0.078125 0.69375 -0.25
0.078125 0.6625 -0.25
0.09375 0.63125 -0.25
0.109375 0.63125 -0.25
0.078125 0.63125 -0.25
0.109375 0.6625 -0.25
0.078125 0.725 -0.25
0.09375 0.69375 -0.25
0.109375 0.69375 -0.25
0.109375 0.725 -0.25
0.015625 0.85 -0.25
0.03125 0.81875 -0.25
0.0625 0.81875 -0.25
0.046875 0.81875 -0.25
0.046875 0.85 -0.25
0.046875 0.7875 -0.25
0.0625 0.75625 -0.25
0.078125 0.75625 -0.25
0.078125 0.81875 -0.25
0.078125 0.7875 -0.25
0.09375 0.75625 -0.25
0.109375 0.75625 -0.25
0.078125 0.85 -0.25
0.09375 0.81875 -0.25
0.109375 0.81875 -0.25
0.109375 0.85 -0.25
0.109375 0.7875 -0.25
0.0 0.88125 -0.25
0.015625 0.88125 -0.25
0.015625 0.94375 -0.25
0.015625 0.9125 -0.25
0.0 0.94375 -0.25
0.03125 0.88125 -0.25
0.046875 0.88125 -0.25
0.015625 1.0375 -0.25
0.0 1.06875 -0.25
0.046875 0.975 -0.25
0.03125 1.00625 -0.25
0.015625 1.00625 -0.25
0.015625 0.975 -0.25
0.0 1.00625 -0.25
0.03125 0.94375 -0.25
0.0625 0.94375 -0.25
0.046875 0.94375 -0.25
0.046875 0.9125 -0.25
0.0625 0.88125 -0.25
0.078125 0.9125 -0.25
0.09375 0.88125 -0.25
0.078125 0.88125 -0.25
-0.015625 0.6625 -0.25
-0.046875 0.725 -0.25
-0.03125 0.69375 -0.25
-0.015625 0.69375 -0.25
-0.015625 0.725 -0.25
-0.109375 0.85 -0.25
-0.09375 0.81875 -0.25
-0.0625 0.81875 -0.25
-0.078125 0.81875 -0.25
-0.078125 0.85 -0.25
-0.078125 0.7875 -0.25
-0.0625 0.75625 -0.25
-0.046875 0.75625 -0.25
-0.046875 0.81875 -0.25
-0.046875 0.7875 -0.25
-0.03125 0.75625 -0.25
-0.015625 0.75625 -0.25
-0.046875 0.85 -0.25
-0.03125 0.81875 -0.25
-0.015625 0.81875 -0.25
-0.015625 0.85 -0.25
-0.015625 0.7875 -0.25
-0.234375 1.1 -0.25
-0.21875 1.06875 -0.25
-0.1875 1.06875 -0.25
-0.203125 1.06875 -0.25
-0.203125 1.1 -0.25
-0.203125 1.0375 -0.25
-0.1875 1.00625 -0.25
-0.125 1.06875 -0.25
-0.140625 1.06875 -0.25
-0.140625 1.1 -0.25
-0.140625 1.00625 -0.25
-0.140625 1.0375 -0.25
-0.125 1.00625 -0.25
-0.15625 1.06875 -0.25
-0.171875 1.06875 -0.25
-0.171875 1.1 -0.25
-0.171875 1.0375 -0.25
-0.140625 0.975 -0.25
-0.15625 1.00625 -0.25
-0.171875 1.00625 -0.25
-0.171875 0.975 -0.25
-0.125 0.94375 -0.25
-0.140625 0.94375 -0.25
-0.140625 0.9125 -0.25
-0.125 0.88125 -0.25
-0.15625 0.94375 -0.25
-0.109375 0.88125 -0.25
-0.109375 0.94375 -0.25
-0.109375 0.9125 -0.25
-0.09375 0.88125 -0.25
-0.078125 0.88125 -0.25
-0.109375 1.06875 -0.25
-0.109375 1.0375 -0.25
-0.078125 0.975 -0.25
-0.09375 1.00625 -0.25
-0.078125 1.00625 -0.25
-0.109375 1.00625 -0.25
-0.109375 0.975 -0.25
-0.09375 0.94375 -0.25
-0.0625 0.94375 -0.25
-0.078125 0.94375 -0.25
-0.078125 0.9125 -0.25
-0.0625 0.88125 -0.25
-0.046875 0.94375 -0.25
-0.046875 0.9125 -0.25
-0.03125 0.88125 -0.25
-0.015625 0.88125 -0.25
-0.046875 0.88125 -0.25
-0.109375 1.1 -0.25
-0.09375 1.06875 -0.25
-0.0625 1.06875 -0.25
-0.078125 1.06875 -0.25
-0.078125 1.1 -0.25
-0.078125 1.0375 -0.25
-0.0625 1.00625 -0.25
-0.015625 1.06875 -0.25
-0.015625 1.1 -0.25
-0.015625 1.00625 -0.25
-0.015625 1.0375 -0.25
-0.03125 1.06875 -0.25
-0.046875 1.06875 -0.25
-0.046875 1.1 -0.25
-0.046875 1.0375 -0.25
-0.015625 0.975 -0.25
-0.03125 1.00625 -0.25
-0.046875 1.00625 -0.25
-0.046875 0.975 -0.25
-0.015625 0.94375 -0.25
-0.015625 0.9125 -0.25
-0.03125 0.94375 -0.25
-0.21875 1.1 -0.234375
-0.1875 1.1 -0.203125
-0.203125 1.1 -0.21875
-0.203125 1.1 -0.234375
-0.1875 1.1 -0.234375
-0.125 1.1 -0.140625
-0.140625 1.1 -0.15625
-0.140625 1.1 -0.1875
-0.140625 1.1 -0.171875
-0.125 1.1 -0.171875
-0.15625 1.1 -0.171875
-0.171875 1.1 -0.1875
-0.171875 1.1 -0.203125
-0.140625 1.1 -0.203125
-0.15625 1.1 -0.203125
-0.171875 1.1 -0.21875
-0.171875 1.1 -0.234375
-0.125 1.1 -0.203125
-0.140625 1.1 -0.21875
-0.140625 1.1 -0.234375
-0.125 1.1 -0.234375
-0.15625 1.1 -0.234375
0.0 1.1 -0.015625
-0.015625 1.1 -0.03125
-0.015625 1.1 -0.0625
-0.015625 1.1 -0.046875
0.0 1.1 -0.046875
-0.03125 1.1 -0.046875
-0.046875 1.1 -0.0625
-0.015625 1.1 -0.125
-0.015625 1.1 -0.109375
0.0 1.1 -0.109375
-0.046875 1.1 -0.109375
-0.03125 1.1 -0.109375
-0.046875 1.1 -0.125
-0.015625 1.1 -0.09375
-0.015625 1.1 -0.078125
0.0 1.1 -0.078125
-0.03125 1.1 -0.078125
-0.0625 1.1 -0.109375
-0.046875 1.1 -0.09375
-0.046875 1.1 -0.078125
-0.0625 1.1 -0.078125
-0.078125 1.1 -0.125
-0.078125 1.1 -0.109375
-0.09375 1.1 -0.109375
-0.109375 1.1 -0.125
-0.078125 1.1 -0.09375
-0.109375 1.1 -0.140625
-0.078125 1.1 -0.140625
-0.09375 1.1 -0.140625
-0.109375 1.1 -0.15625
-0.109375 1.1 -0.171875
-0.015625 1.1 -0.140625
-0.03125 1.1 -0.140625
-0.0625 1.1 -0.171875
-0.046875 1.1 -0.15625
-0.046875 1.1 -0.171875
-0.046875 1.1 -0.140625
-0.0625 1.1 -0.140625
-0.078125 1.1 -0.15625
-0.078125 1.1 -0.1875
-0.078125 1.1 -0.171875
-0.09375 1.1 -0.171875
-0.109375 1.1 -0.1875
-0.078125 1.1 -0.203125
-0.09375 1.1 -0.203125
-0.109375 1.1 -0.21875
-0.109375 1.1 -0.234375
-0.109375 1.1 -0.203125
0.0 1.1 -0.140625
-0.015625 1.1 -0.15625
-0.015625 1.1 -0.1875
-0.015625 1.1 -0.171875
0.0 1.1 -0.171875
-0.03125 1.1 -0.171875
-0.046875 1.1 -0.1875
-0.015625 1.1 -0.234375
0.0 1.1 -0.234375
-0.046875 1.1 -0.234375
-0.03125 1.1 -0.234375
-0.015625 1.1 -0.21875
-0.015625 1.1 -0.203125
0.0 1.1 -0.203125
-0.03125 1.1 -0.203125
-0.0625 1.1 -0.234375
-0.046875 1.1 -0.21875
-0.046875 1.1 -0.203125
-0.0625 1.1 -0.203125
-0.078125 1.1 -0.234375
-0.09375 1.1 -0.234375
-0.078125 1.1 -0.21875
0.25 1.1 0.234375
0.234375 1.1 0.21875
0.234375 1.1 0.1875
0.234375 1.1 0.203125
0.25 1.1 0.203125
0.21875 1.1 0.203125
0.203125 1.1 0.1875
0.234375 1.1 0.125
0.234375 1.1 0.140625
0.25 1.1 0.140625
0.203125 1.1 0.140625
0.21875 1.1 0.140625
0.203125 1.1 0.125
0.234375 1.1 0.15625
0.234375 1.1 0.171875
0.25 1.1 0.171875
0.21875 1.1 0.171875
0.1875 1.1 0.140625
0.203125 1.1 0.15625
0.203125 1.1 0.171875
0.1875 1.1 0.171875
0.171875 1.1 0.125
0.171875 1.1 0.140625
0.15625 1.1 0.140625
0.140625 1.1 0.125
0.171875 1.1 0.15625
0.234375 1.1 0.0
0.234375 1.1 0.015625
0.25 1.1 0.015625
0.203125 1.1 0.015625
0.21875 1.1 0.015625
0.203125 1.1 0.0
0.234375 1.1 0.03125
0.234375 1.1 0.046875
0.25 1.1 0.046875
0.140625 1.1 0.015625
0.15625 1.1 0.015625
0.140625 1.1 0.0
0.1875 1.1 0.046875
0.171875 1.1 0.03125
0.171875 1.1 0.046875
0.171875 1.1 0.015625
0.1875 1.1 0.015625
0.171875 1.1 0.0
0.203125 1.1 0.03125
0.203125 1.1 0.0625
0.203125 1.1 0.046875
0.21875 1.1 0.046875
0.234375 1.1 0.0625
0.203125 1.1 0.078125
0.21875 1.1 0.078125
0.25 1.1 0.109375
0.234375 1.1 0.09375
0.234375 1.1 0.109375
0.234375 1.1 0.078125
0.25 1.1 0.078125
0.21875 1.1 0.109375
0.1875 1.1 0.078125
0.203125 1.1 0.09375
0.203125 1.1 0.109375
0.1875 1.1 0.109375
0.125 1.1 0.015625
0.140625 1.1 0.03125
0.140625 1.1 0.0625
0.140625 1.1 0.046875
0.125 1.1 0.046875
0.15625 1.1 0.046875
0.171875 1.1 0.0625
0.171875 1.1 0.078125
0.140625 1.1 0.078125
0.15625 1.1 0.078125
0.171875 1.1 0.09375
0.171875 1.1 0.109375
0.125 1.1 0.078125
0.140625 1.1 0.09375
0.140625 1.1 0.109375
0.125 1.1 0.109375
0.15625 1.1 0.109375
0.109375 1.1 0.0
0.109375 1.1 0.015625
0.078125 1.1 0.015625
0.09375 1.1 0.015625
0.078125 1.1 0.0
0.109375 1.1 0.03125
0.109375 1.1 0.046875
0.03125 1.1 0.015625
0.015625 1.1 0.0
0.0625 1.1 0.046875
0.046875 1.1 0.03125
0.046875 1.1 0.015625
0.0625 1.1 0.015625
0.046875 1.1 0.0
0.078125 1.1 0.03125
0.078125 1.1 0.0625
0.078125 1.1 0.046875
0.09375 1.1 0.046875
0.109375 1.1 0.0625
0.09375 1.1 0.078125
0.109375 1.1 0.09375
0.109375 1.1 0.078125
0.015625 1.1 -0.015625
0.046875 1.1 -0.015625
0.03125 1.1 -0.015625
0.015625 1.1 -0.03125
0.015625 1.1 -0.046875
0.109375 1.1 -0.015625
0.09375 1.1 -0.015625
0.0625 1.1 -0.046875
0.078125 1.1 -0.03125
0.078125 1.1 -0.046875
0.078125 1.1 -0.015625
0.0625 1.1 -0.015625
0.046875 1.1 -0.03125
0.046875 1.1 -0.0625
0.046875 1.1 -0.046875
0.03125 1.1 -0.046875
0.015625 1.1 -0.0625
0.046875 1.1 -0.078125
0.03125 1.1 -0.078125
0.015625 1.1 -0.09375
0.015625 1.1 -0.109375
0.015625 1.1 -0.078125
0.234375 1.1 -0.015625
0.21875 1.1 -0.015625
0.1875 1.1 -0.046875
0.203125 1.1 -0.03125
0.203125 1.1 -0.046875
0.203125 1.1 -0.015625
0.1875 1.1 -0.015625
0.125 1.1 -0.109375
0.140625 1.1 -0.09375
0.140625 1.1 -0.109375
0.140625 1.1 -0.0625
0.140625 1.1 -0.078125
0.125 1.1 -0.078125
0.15625 1.1 -0.078125
0.171875 1.1 -0.0625
0.171875 1.1 -0.078125
0.171875 1.1 -0.046875
0.140625 1.1 -0.046875
0.15625 1.1 -0.046875
0.171875 1.1 -0.03125
0.171875 1.1 -0.015625
0.125 1.1 -0.046875
0.140625 1.1 -0.03125
0.140625 1.1 -0.015625
0.125 1.1 -0.015625
0.15625 1.1 -0.015625
0.109375 1.1 -0.03125
0.109375 1.1 -0.0625
0.109375 1.1 -0.046875
0.09375 1.1 -0.046875
0.078125 1.1 -0.0625
0.109375 1.1 -0.125
0.109375 1.1 -0.109375
0.078125 1.1 -0.109375
0.09375 1.1 -0.109375
0.078125 1.1 -0.125
0.109375 1.1 -0.09375
0.109375 1.1 -0.078125
0.09375 1.1 -0.078125
0.0625 1.1 -0.109375
0.078125 1.1 -0.09375
0.078125 1.1 -0.078125
0.0625 1.1 -0.078125
0.046875 1.1 -0.125
0.046875 1.1 -0.109375
0.03125 1.1 -0.109375
0.015625 1.1 -0.125
0.046875 1.1 -0.09375
0.109375 1.1 -0.140625
0.09375 1.1 -0.140625
0.0625 1.1 -0.171875
0.078125 1.1 -0.15625
0.078125 1.1 -0.171875
0.078125 1.1 -0.140625
0.0625 1.1 -0.140625
0.015625 1.1 -0.21875
0.015625 1.1 -0.234375
0.015625 1.1 -0.1875
0.015625 1.1 -0.203125
0.03125 1.1 -0.203125
0.046875 1.1 -0.1875
0.046875 1.1 -0.203125
0.046875 1.1 -0.171875
0.015625 1.1 -0.171875
0.03125 1.1 -0.171875
0.046875 1.1 -0.15625
0.046875 1.1 -0.140625
0.015625 1.1 -0.15625
0.015625 1.1 -0.140625
0.03125 1.1 -0.140625
0.25 1.1 -0.015625
0.234375 1.1 -0.03125
0.234375 1.1 -0.0625
0.234375 1.1 -0.046875
0.25 1.1 -0.046875
0.21875 1.1 -0.046875
0.203125 1.1 -0.0625
0.234375 1.1 -0.125
0.234375 1.1 -0.109375
0.25 1.1 -0.109375
0.203125 1.1 -0.109375
0.21875 1.1 -0.109375
0.203125 1.1 -0.125
0.234375 1.1 -0.09375
0.234375 1.1 -0.078125
0.25 1.1 -0.078125
0.21875 1.1 -0.078125
0.1875 1.1 -0.109375
0.203125 1.1 -0.09375
0.203125 1.1 -0.078125
0.1875 1.1 -0.078125
0.171875 1.1 -0.125
0.171875 1.1 -0.109375
0.15625 1.1 -0.109375
0.140625 1.1 -0.125
0.171875 1.1 -0.09375
0.234375 1.1 -0.234375
0.25 1.1 -0.234375
0.203125 1.1 -0.234375
0.21875 1.1 -0.234375
0.234375 1.1 -0.21875
0.234375 1.1 -0.203125
0.25 1.1 -0.203125
0.140625 1.1 -0.234375
0.15625 1.1 -0.234375
0.1875 1.1 -0.203125
0.171875 1.1 -0.21875
0.171875 1.1 -0.203125
0.171875 1.1 -0.234375
0.1875 1.1 -0.234375
0.203125 1.1 -0.21875
0.203125 1.1 -0.1875
0.203125 1.1 -0.203125
0.21875 1.1 -0.203125
0.234375 1.1 -0.1875
0.203125 1.1 -0.171875
0.21875 1.1 -0.171875
0.25 1.1 -0.140625
0.234375 1.1 -0.15625
0.234375 1.1 -0.140625
0.234375 1.1 -0.171875
0.25 1.1 -0.171875
0.21875 1.1 -0.140625
0.1875 1.1 -0.171875
0.203125 1.1 -0.15625
0.203125 1.1 -0.140625
0.1875 1.1 -0.140625
0.125 1.1 -0.234375
0.140625 1.1 -0.21875
0.140625 1.1 -0.1875
0.140625 1.1 -0.203125
0.125 1.1 -0.203125
0.15625 1.1 -0.203125
0.171875 1.1 -0.1875
0.171875 1.1 -0.171875
0.140625 1.1 -0.171875
0.15625 1.1 -0.171875
0.171875 1.1 -0.15625
0.171875 1.1 -0.140625
0.125 1.1 -0.171875
0.140625 1.1 -0.15625
0.140625 1.1 -0.140625
0.125 1.1 -0.140625
0.15625 1.1 -0.140625
0.109375 1.1 -0.234375
0.078125 1.1 -0.234375
0.09375 1.1 -0.234375
0.109375 1.1 -0.21875
0.109375 1.1 -0.203125
0.03125 1.1 -0.234375
0.0625 1.1 -0.203125
0.046875 1.1 -0.21875
0.046875 1.1 -0.234375
0.0625 1.1 -0.234375
0.078125 1.1 -0.21875
0.078125 1.1 -0.1875
0.078125 1.1 -0.203125
0.09375 1.1 -0.203125
0.109375 1.1 -0.1875
0.09375 1.1 -0.171875
0.109375 1.1 -0.15625
0.109375 1.1 -0.171875
0.25 1.06875 -0.234375
0.25 1.0375 -0.234375
0.25 0.975 -0.203125
0.25 1.00625 -0.21875
0.25 1.00625 -0.203125
0.25 1.00625 -0.234375
0.25 0.975 -0.234375
0.25 0.85 -0.140625
0.25 0.88125 -0.15625
0.25 0.88125 -0.140625
0.25 0.88125 -0.1875
0.25 0.88125 -0.171875
0.25 0.85 -0.171875
0.25 0.9125 -0.171875
0.25 0.94375 -0.1875
0.25 0.94375 -0.171875
0.25 0.94375 -0.203125
0.25 0.88125 -0.203125
0.25 0.9125 -0.203125
0.25 0.94375 -0.21875
0.25 0.94375 -0.234375
0.25 0.85 -0.203125
0.25 0.88125 -0.21875
0.25 0.88125 -0.234375
0.25 0.85 -0.234375
0.25 0.9125 -0.234375
0.25 0.6 -0.015625
0.25 0.63125 -0.03125
0.25 0.63125 -0.015625
0.25 0.63125 -0.0625
0.25 0.63125 -0.046875
0.25 0.6 -0.046875
0.25 0.6625 -0.046875
0.25 0.69375 -0.0625
0.25 0.69375 -0.046875
0.25 0.63125 -0.125
0.25 0.63125 -0.109375
0.25 0.6 -0.109375
0.25 0.69375 -0.109375
0.25 0.6625 -0.109375
0.25 0.69375 -0.125
0.25 0.63125 -0.09375
0.25 0.63125 -0.078125
0.25 0.6 -0.078125
0.25 0.6625 -0.078125
0.25 0.725 -0.109375
0.25 0.69375 -0.09375
0.25 0.69375 -0.078125
0.25 0.725 -0.078125
0.25 0.75625 -0.125
0.25 0.75625 -0.109375
0.25 0.81875 -0.109375
0.25 0.7875 -0.109375
0.25 0.81875 -0.125
0.25 0.75625 -0.09375
0.25 0.75625 -0.078125
0.25 0.81875 -0.140625
0.25 0.75625 -0.140625
0.25 0.7875 -0.140625
0.25 0.81875 -0.15625
0.25 0.81875 -0.171875
0.25 0.63125 -0.140625
0.25 0.6625 -0.140625
0.25 0.725 -0.171875
0.25 0.69375 -0.15625
0.25 0.69375 -0.171875
0.25 0.69375 -0.140625
0.25 0.725 -0.140625
0.25 0.75625 -0.15625
0.25 0.75625 -0.1875
0.25 0.75625 -0.171875
0.25 0.7875 -0.171875
0.25 0.81875 -0.1875
0.25 0.75625 -0.203125
0.25 0.7875 -0.203125
0.25 0.81875 -0.21875
0.25 0.81875 -0.234375
0.25 0.81875 -0.203125
0.25 0.6 -0.140625
0.25 0.63125 -0.15625
0.25 0.63125 -0.1875
0.25 0.63125 -0.171875
0.25 0.6 -0.171875
0.25 0.6625 -0.171875
0.25 0.69375 -0.1875
0.25 0.63125 -0.234375
0.25 0.6 -0.234375
0.25 0.69375 -0.234375
0.25 0.6625 -0.234375
0.25 0.63125 -0.21875
0.25 0.63125 -0.203125
0.25 0.6 -0.203125
0.25 0.6625 -0.203125
0.25 0.725 -0.234375
0.25 0.69375 -0.21875
0.25 0.69375 -0.203125
0.25 0.725 -0.203125
0.25 0.75625 -0.234375
0.25 0.7875 -0.234375
0.25 0.75625 -0.21875
0.25 0.13125 0.21875
0.25 0.13125 0.234375
0.25 0.13125 0.1875
0.25 0.13125 0.203125
0.25 0.1625 0.203125
0.25 0.19375 0.1875
0.25 0.19375 0.203125
0.25 0.13125 0.125
0.25 0.13125 0.140625
0.25 0.19375 0.140625
0.25 0.1625 0.140625
0.25 0.19375 0.125
0.25 0.13125 0.15625
0.25 0.13125 0.171875
0.25 0.1625 0.171875
0.25 0.225 0.140625
0.25 0.19375 0.15625
0.25 0.19375 0.171875
0.25 0.225 0.171875
0.25 0.25625 0.125
0.25 0.25625 0.140625
0.25 0.31875 0.140625
0.25 0.2875 0.140625
0.25 0.31875 0.125
0.25 0.25625 0.15625
0.25 0.25625 0.171875
0.25 0.13125 0.0
0.25 0.13125 0.015625
0.25 0.19375 0.015625
0.25 0.1625 0.015625
0.25 0.19375 0.0
0.25 0.13125 0.03125
0.25 0.13125 0.046875
0.25 0.31875 0.015625
0.25 0.2875 0.015625
0.25 0.31875 0.0
0.25 0.225 0.046875
0.25 0.25625 0.03125
0.25 0.25625 0.046875
0.25 0.25625 0.015625
0.25 0.225 0.015625
0.25 0.25625 0.0
0.25 0.19375 0.03125
0.25 0.19375 0.0625
0.25 0.19375 0.046875
0.25 0.1625 0.046875
0.25 0.13125 0.0625
0.25 0.19375 0.078125
0.25 0.1625 0.078125
0.25 0.13125 0.09375
0.25 0.13125 0.109375
0.25 0.13125 0.078125
0.25 0.1625 0.109375
0.25 0.225 0.078125
0.25 0.19375 0.09375
0.25 0.19375 0.109375
0.25 0.225 0.109375
0.25 0.35 0.015625
0.25 0.31875 0.03125
0.25 0.31875 0.0625
0.25 0.31875 0.046875
0.25 0.35 0.046875
0.25 0.2875 0.046875
0.25 0.25625 0.0625
0.25 0.25625 0.078125
0.25 0.31875 0.078125
0.25 0.2875 0.078125
0.25 0.25625 0.09375
0.25 0.25625 0.109375
0.25 0.35 0.078125
0.25 0.31875 0.09375
0.25 0.31875 0.109375
0.25 0.35 0.109375
0.25 0.2875 0.109375
0.25 0.38125 0.0
0.25 0.38125 0.015625
0.25 0.44375 0.015625
0.25 0.4125 0.015625
0.25 0.44375 0.0
0.25 0.38125 0.03125
0.25 0.38125 0.046875
0.25 0.56875 0.015625
0.25 0.5375 0.015625
0.25 0.56875 0.0
0.25 0.475 0.046875
0.25 0.50625 0.03125
0.25 0.50625 0.046875
0.25 0.50625 0.015625
0.25 0.475 0.015625
0.25 0.50625 0.0
0.25 0.44375 0.03125
0.25 0.44375 0.0625
0.25 0.44375 0.046875
0.25 0.4125 0.046875
0.25 0.38125 0.0625
0.25 0.44375 0.078125
0.25 0.4125 0.078125
0.25 0.38125 0.09375
0.25 0.38125 0.109375
0.25 0.38125 0.078125
0.25 0.56875 -0.015625
0.25 0.50625 -0.015625
0.25 0.5375 -0.015625
0.25 0.56875 -0.03125
0.25 0.56875 -0.046875
0.25 0.38125 -0.015625
0.25 0.4125 -0.015625
0.25 0.475 -0.046875
0.25 0.44375 -0.03125
0.25 0.44375 -0.046875
0.25 0.44375 -0.015625
0.25 0.475 -0.015625
0.25 0.50625 -0.03125
0.25 0.50625 -0.0625
0.25 0.50625 -0.046875
0.25 0.5375 -0.046875
0.25 0.56875 -0.0625
0.25 0.50625 -0.078125
0.25 0.5375 -0.078125
0.25 0.56875 -0.09375
0.25 0.56875 -0.109375
0.25 0.56875 -0.078125
0.25 0.13125 -0.015625
0.25 0.1625 -0.015625
0.25 0.225 -0.046875
0.25 0.19375 -0.03125
0.25 0.19375 -0.046875
0.25 0.19375 -0.015625
0.25 0.225 -0.015625
0.25 0.35 -0.109375
0.25 0.31875 -0.09375
0.25 0.31875 -0.109375
0.25 0.31875 -0.0625
0.25 0.31875 -0.078125
0.25 0.35 -0.078125
0.25 0.2875 -0.078125
0.25 0.25625 -0.0625
0.25 0.25625 -0.078125
0.25 0.25625 -0.046875
0.25 0.31875 -0.046875
0.25 0.2875 -0.046875
0.25 0.25625 -0.03125
0.25 0.25625 -0.015625
0.25 0.35 -0.046875
0.25 0.31875 -0.03125
0.25 0.31875 -0.015625
0.25 0.35 -0.015625
0.25 0.2875 -0.015625
0.25 0.38125 -0.03125
0.25 0.38125 -0.0625
0.25 0.38125 -0.046875
0.25 0.4125 -0.046875
0.25 0.44375 -0.0625
0.25 0.38125 -0.125
0.25 0.38125 -0.109375
0.25 0.44375 -0.109375
0.25 0.4125 -0.109375
0.25 0.44375 -0.125
0.25 0.38125 -0.09375
0.25 0.38125 -0.078125
0.25 0.4125 -0.078125
0.25 0.475 -0.109375
0.25 0.44375 -0.09375
0.25 0.44375 -0.078125
0.25 0.475 -0.078125
0.25 0.50625 -0.125
0.25 0.50625 -0.109375
0.25 0.5375 -0.109375
0.25 0.56875 -0.125
0.25 0.50625 -0.09375
0.25 0.38125 -0.140625
0.25 0.4125 -0.140625
0.25 0.475 -0.171875
0.25 0.44375 -0.15625
0.25 0.44375 -0.171875
0.25 0.44375 -0.140625
0.25 0.475 -0.140625
0.25 0.56875 -0.21875
0.25 0.56875 -0.234375
0.25 0.56875 -0.1875
0.25 0.56875 -0.203125
0.25 0.5375 -0.203125
0.25 0.50625 -0.1875
0.25 0.50625 -0.203125
0.25 0.50625 -0.171875
0.25 0.56875 -0.171875
0.25 0.5375 -0.171875
0.25 0.50625 -0.15625
0.25 0.50625 -0.140625
0.25 0.56875 -0.15625
0.25 0.56875 -0.140625
0.25 0.5375 -0.140625
0.25 0.13125 -0.03125
0.25 0.13125 -0.0625
0.25 0.13125 -0.046875
0.25 0.1625 -0.046875
0.25 0.19375 -0.0625
0.25 0.13125 -0.125
0.25 0.13125 -0.109375
0.25 0.19375 -0.109375
0.25 0.1625 -0.109375
0.25 0.19375 -0.125
0.25 0.13125 -0.09375
0.25 0.13125 -0.078125
0.25 0.1625 -0.078125
0.25 0.225 -0.109375
0.25 0.19375 -0.09375
0.25 0.19375 -0.078125
0.25 0.225 -0.078125
0.25 0.25625 -0.125
0.25 0.25625 -0.109375
0.25 0.2875 -0.109375
0.25 0.31875 -0.125
0.25 0.25625 -0.09375
0.25 0.13125 -0.234375
0.25 0.19375 -0.234375
0.25 0.1625 -0.234375
0.25 0.13125 -0.21875
0.25 0.13125 -0.203125
0.25 0.31875 -0.234375
0.25 0.2875 -0.234375
0.25 0.225 -0.203125
0.25 0.25625 -0.21875
0.25 0.25625 -0.203125
0.25 0.25625 -0.234375
0.25 0.225 -0.234375
0.25 0.19375 -0.21875
0.25 0.19375 -0.1875
0.25 0.19375 -0.203125
0.25 0.1625 -0.203125
0.25 0.13125 -0.1875
0.25 0.19375 -0.171875
0.25 0.1625 -0.171875
0.25 0.13125 -0.15625
0.25 0.13125 -0.140625
0.25 0.13125 -0.171875
0.25 0.1625 -0.140625
0.25 0.225 -0.171875
0.25 0.19375 -0.15625
0.25 0.19375 -0.140625
0.25 0.225 -0.140625
0.25 0.35 -0.234375
0.25 0.31875 -0.21875
0.25 0.31875 -0.1875
0.25 0.31875 -0.203125
0.25 0.35 -0.203125
0.25 0.2875 -0.203125
0.25 0.25625 -0.1875
0.25 0.25625 -0.171875
0.25 0.31875 -0.171875
0.25 0.2875 -0.171875
0.25 0.25625 -0.15625
0.25 0.25625 -0.140625
0.25 0.35 -0.171875
0.25 0.31875 -0.15625
0.25 0.31875 -0.140625
0.25 0.35 -0.140625
0.25 0.2875 -0.140625
0.25 0.38125 -0.234375
0.25 0.44375 -0.234375
0.25 0.4125 -0.234375
0.25 0.38125 -0.21875
0.25 0.38125 -0.203125
0.25 0.5375 -0.234375
0.25 0.475 -0.203125
0.25 0.50625 -0.21875
0.25 0.50625 -0.234375
0.25 0.475 -0.234375
0.25 0.44375 -0.21875
0.25 0.44375 -0.1875
0.25 0.44375 -0.203125
0.25 0.4125 -0.203125
0.25 0.38125 -0.1875
0.25 0.4125 -0.171875
0.25 0.38125 -0.15625
0.25 0.38125 -0.171875
0.25 1.06875 0.234375
0.25 1.00625 0.234375
0.25 1.0375 0.234375
0.25 1.06875 0.21875
0.25 1.06875 0.203125
0.25 0.88125 0.234375
0.25 0.9125 0.234375
0.25 0.975 0.203125
0.25 0.94375 0.21875
0.25 0.94375 0.203125
0.25 0.94375 0.234375
0.25 0.975 0.234375
0.25 1.00625 0.21875
0.25 1.00625 0.1875
0.25 1.00625 0.203125
0.25 1.0375 0.203125
0.25 1.06875 0.1875
0.25 1.00625 0.171875
0.25 1.0375 0.171875
0.25 1.06875 0.15625
0.25 1.06875 0.140625
0.25 1.06875 0.171875
0.25 0.63125 0.234375
0.25 0.6625 0.234375
0.25 0.725 0.203125
0.25 0.69375 0.21875
0.25 0.69375 0.203125
0.25 0.69375 0.234375
0.25 0.725 0.234375
0.25 0.85 0.140625
0.25 0.81875 0.15625
0.25 0.81875 0.140625
0.25 0.81875 0.1875
0.25 0.81875 0.171875
0.25 0.85 0.171875
0.25 0.7875 0.171875
0.25 0.75625 0.1875
0.25 0.75625 0.171875
0.25 0.75625 0.203125
0.25 0.81875 0.203125
0.25 0.7875 0.203125
0.25 0.75625 0.21875
0.25 0.75625 0.234375
0.25 0.85 0.203125
0.25 0.81875 0.21875
0.25 0.81875 0.234375
0.25 0.85 0.234375
0.25 0.7875 0.234375
0.25 0.88125 0.21875
0.25 0.88125 0.1875
0.25 0.88125 0.203125
0.25 0.9125 0.203125
0.25 0.94375 0.1875
0.25 0.88125 0.125
0.25 0.88125 0.140625
0.25 0.94375 0.140625
0.25 0.9125 0.140625
0.25 0.94375 0.125
0.25 0.88125 0.15625
0.25 0.88125 0.171875
0.25 0.9125 0.171875
0.25 0.975 0.140625
0.25 0.94375 0.15625
0.25 0.94375 0.171875
0.25 0.975 0.171875
0.25 1.00625 0.125
0.25 1.00625 0.140625
0.25 1.0375 0.140625
0.25 1.06875 0.125
0.25 1.00625 0.15625
0.25 0.88125 0.109375
0.25 0.9125 0.109375
0.25 0.975 0.078125
0.25 0.94375 0.09375
0.25 0.94375 0.078125
0.25 0.94375 0.109375
0.25 0.975 0.109375
0.25 1.06875 0.03125
0.25 1.06875 0.015625
0.25 1.06875 0.0625
0.25 1.06875 0.046875
0.25 1.0375 0.046875
0.25 1.00625 0.0625
0.25 1.00625 0.046875
0.25 1.00625 0.078125
0.25 1.06875 0.078125
0.25 1.0375 0.078125
0.25 1.00625 0.09375
0.25 1.00625 0.109375
0.25 1.06875 0.09375
0.25 1.06875 0.109375
0.25 1.0375 0.109375
0.25 0.1625 0.234375
0.25 0.225 0.203125
0.25 0.19375 0.21875
0.25 0.19375 0.234375
0.25 0.225 0.234375
0.25 0.35 0.140625
0.25 0.31875 0.15625
0.25 0.31875 0.1875
0.25 0.31875 0.171875
0.25 0.35 0.171875
0.25 0.2875 0.171875
0.25 0.25625 0.1875
0.25 0.25625 0.203125
0.25 0.31875 0.203125
0.25 0.2875 0.203125
0.25 0.25625 0.21875
0.25 0.25625 0.234375
0.25 0.35 0.203125
0.25 0.31875 0.21875
0.25 0.31875 0.234375
0.25 0.35 0.234375
0.25 0.2875 0.234375
0.25 0.6 0.015625
0.25 0.56875 0.03125
0.25 0.56875 0.0625
0.25 0.56875 0.046875
0.25 0.6 0.046875
0.25 0.5375 0.046875
0.25 0.50625 0.0625
0.25 0.56875 0.125
0.25 0.56875 0.109375
0.25 0.6 0.109375
0.25 0.50625 0.109375
0.25 0.5375 0.109375
0.25 0.50625 0.125
0.25 0.56875 0.09375
0.25 0.56875 0.078125
0.25 0.6 0.078125
0.25 0.5375 0.078125
0.25 0.475 0.109375
0.25 0.50625 0.09375
0.25 0.50625 0.078125
0.25 0.475 0.078125
0.25 0.44375 0.125
0.25 0.44375 0.109375
0.25 0.4125 0.109375
0.25 0.38125 0.125
0.25 0.44375 0.09375
0.25 0.38125 0.140625
0.25 0.44375 0.140625
0.25 0.4125 0.140625
0.25 0.38125 0.15625
0.25 0.38125 0.171875
0.25 0.56875 0.140625
0.25 0.5375 0.140625
0.25 0.475 0.171875
0.25 0.50625 0.15625
0.25 0.50625 0.171875
0.25 0.50625 0.140625
0.25 0.475 0.140625
0.25 0.44375 0.15625
0.25 0.44375 0.1875
0.25 0.44375 0.171875
0.25 0.4125 0.171875
0.25 0.38125 0.1875
0.25 0.44375 0.203125
0.25 0.4125 0.203125
0.25 0.38125 0.21875
0.25 0.38125 0.234375
0.25 0.38125 0.203125
0.25 0.6 0.140625
0.25 0.56875 0.15625
0.25 0.56875 0.1875
0.25 0.56875 0.171875
0.25 0.6 0.171875
0.25 0.5375 0.171875
0.25 0.50625 0.1875
0.25 0.56875 0.234375
0.25 0.6 0.234375
0.25 0.50625 0.234375
0.25 0.5375 0.234375
0.25 0.56875 0.21875
0.25 0.56875 0.203125
0.25 0.6 0.203125
0.25 0.5375 0.203125
0.25 0.475 0.234375
0.25 0.50625 0.21875
0.25 0.50625 0.203125
0.25 0.475 0.203125
0.25 0.44375 0.234375
0.25 0.4125 0.234375
0.25 0.44375 0.21875
0.25 0.63125 0.21875
0.25 0.63125 0.1875
0.25 0.63125 0.203125
0.25 0.6625 0.203125
0.25 0.69375 0.1875
0.25 0.63125 0.125
0.25 0.63125 0.140625
0.25 0.69375 0.140625
0.25 0.6625 0.140625
0.25 0.69375 0.125
0.25 0.63125 0.15625
0.25 0.63125 0.171875
0.25 0.6625 0.171875
0.25 0.725 0.140625
0.25 0.69375 0.15625
0.25 0.69375 0.171875
0.25 0.725 0.171875
0.25 0.75625 0.125
0.25 0.75625 0.140625
0.25 0.7875 0.140625
0.25 0.81875 0.125
0.25 0.75625 0.15625
0.25 0.63125 0.0
0.25 0.63125 0.015625
0.25 0.69375 0.015625
0.25 0.6625 0.015625
0.25 0.69375 0.0
0.25 0.63125 0.03125
0.25 0.63125 0.046875
0.25 0.81875 0.015625
0.25 0.7875 0.015625
0.25 0.81875 0.0
0.25 0.725 0.046875
0.25 0.75625 0.03125
0.25 0.75625 0.046875
0.25 0.75625 0.015625
0.25 0.725 0.015625
0.25 0.75625 0.0
0.25 0.69375 0.03125
0.25 0.69375 0.0625
0.25 0.69375 0.046875
0.25 0.6625 0.046875
0.25 0.63125 0.0625
0.25 0.69375 0.078125
0.25 0.6625 0.078125
0.25 0.63125 0.09375
0.25 0.63125 0.109375
0.25 0.63125 0.078125
0.25 0.6625 0.109375
0.25 0.725 0.078125
0.25 0.69375 0.09375
0.25 0.69375 0.109375
0.25 0.725 0.109375
0.25 0.85 0.015625
0.25 0.81875 0.03125
0.25 0.81875 0.0625
0.25 0.81875 0.046875
0.25 0.85 0.046875
0.25 0.7875 0.046875
0.25 0.75625 0.0625
0.25 0.75625 0.078125
0.25 0.81875 0.078125
0.25 0.7875 0.078125
0.25 0.75625 0.09375
0.25 0.75625 0.109375
0.25 0.85 0.078125
0.25 0.81875 0.09375
0.25 0.81875 0.109375
0.25 0.85 0.109375
0.25 0.7875 0.109375
0.25 0.88125 0.0
0.25 0.88125 0.015625
0.25 0.94375 0.015625
0.25 0.9125 0.015625
0.25 0.94375 0.0
0.25 0.88125 0.03125
0.25 0.88125 0.046875
0.25 1.0375 0.015625
0.25 1.06875 0.0
0.25 0.975 0.046875
0.25 1.00625 0.03125
0.25 1.00625 0.015625
0.25 0.975 0.015625
0.25 1.00625 0.0
0.25 0.94375 0.03125
0.25 0.94375 0.0625
0.25 0.94375 0.046875
0.25 0.9125 0.046875
0.25 0.88125 0.0625
0.25 0.9125 0.078125
0.25 0.88125 0.09375
0.25 0.88125 0.078125
0.25 0.6625 -0.015625
0.25 0.725 -0.046875
0.25 0.69375 -0.03125
0.25 0.69375 -0.015625
0.25 0.725 -0.015625
0.25 0.85 -0.109375
0.25 0.81875 -0.09375
0.25 0.81875 -0.0625
0.25 0.81875 -0.078125
0.25 0.85 -0.078125
0.25 0.7875 -0.078125
0.25 0.75625 -0.0625
0.25 0.75625 -0.046875
0.25 0.81875 -0.046875
0.25 0.7875 -0.046875
0.25 0.75625 -0.03125
0.25 0.75625 -0.015625
0.25 0.85 -0.046875
0.25 0.81875 -0.03125
0.25 0.81875 -0.015625
0.25 0.85 -0.015625
0.25 0.7875 -0.015625
0.25 1.06875 -0.21875
0.25 1.06875 -0.1875
0.25 1.06875 -0.203125
0.25 1.0375 -0.203125
0.25 1.00625 -0.1875
0.25 1.06875 -0.125
0.25 1.06875 -0.140625
0.25 1.00625 -0.140625
0.25 1.0375 -0.140625
0.25 1.00625 -0.125
0.25 1.06875 -0.15625
0.25 1.06875 -0.171875
0.25 1.0375 -0.171875
0.25 0.975 -0.140625
0.25 1.00625 -0.15625
0.25 1.00625 -0.171875
0.25 0.975 -0.171875
0.25 0.94375 -0.125
0.25 0.94375 -0.140625
0.25 0.9125 -0.140625
0.25 0.88125 -0.125
0.25 0.94375 -0.15625
0.25 0.88125 -0.109375
0.25 0.94375 -0.109375
0.25 0.9125 -0.109375
0.25 0.88125 -0.09375
0.25 0.88125 -0.078125
0.25 1.06875 -0.109375
0.25 1.0375 -0.109375
0.25 0.975 -0.078125
0.25 1.00625 -0.09375
0.25 1.00625 -0.078125
0.25 1.00625 -0.109375
0.25 0.975 -0.109375
0.25 0.94375 -0.09375
0.25 0.94375 -0.0625
0.25 0.94375 -0.078125
0.25 0.9125 -0.078125
0.25 0.88125 -0.0625
0.25 0.94375 -0.046875
0.25 0.9125 -0.046875
0.25 0.88125 -0.03125
0.25 0.88125 -0.015625
0.25 0.88125 -0.046875
0.25 1.06875 -0.09375
0.25 1.06875 -0.0625
0.25 1.06875 -0.078125
0.25 1.0375 -0.078125
0.25 1.00625 -0.0625
0.25 1.06875 -0.015625
0.25 1.00625 -0.015625
0.25 1.0375 -0.015625
0.25 1.06875 -0.03125
0.25 1.06875 -0.046875
0.25 1.0375 -0.046875
0.25 0.975 -0.015625
0.25 1.00625 -0.03125
0.25 1.00625 -0.046875
0.25 0.975 -0.046875
0.25 0.94375 -0.015625
0.25 0.9125 -0.015625
0.25 0.94375 -0.03125
3 0 1538 1540
3 386 1539 1538
3 1538 1539 1540
3 1539 388 1540
3 98 1541 1543
3 387 1542 1541
3 1541 1542 1543
3 1542 386 1543
3 386 1542 1539
3 387 1544 1542
3 1542 1544 1539
3 1544 388 1539
3 387 1545 1544
3 100 1546 1545
3 1545 1546 1544
3 1546 388 1544
3 26 1547 1549
3 389 1548 1547
3 1547 1548 1549
3 1548 391 1549
3 99 1550 1552
3 390 1551 1550
3 1550 1551 1552
3 1551 389 1552
3 389 1551 1548
3 390 1553 1551
3 1551 1553 1548
3 1553 391 1548
3 390 1554 1553
3 98 1555 1554
3 1554 1555 1553
3 1555 391 1553
3 98 1554 1541
3 390 1556 1554
3 1554 1556 1541
3 1556 387 1541
3 99 1557 1550
3 392 1558 1557
3 1557 1558 1550
3 1558 390 1550
3 390 1558 1556
3 392 1559 1558
3 1558 1559 1556
3 1559 387 1556
3 392 1560 1559
3 100 1545 1560
3 1560 1545 1559
3 1545 387 1559
3 99 1561 1557
3 393 1562 1561
3 1561 1562 1557
3 1562 392 1557
3 28 1563 1565
3 394 1564 1563
3 1563 1564 1565
3 1564 393 1565
3 393 1564 1562
3 394 1566 1564
3 1564 1566 1562
3 1566 392 1562
3 394 1567 1566
3 100 1560 1567
3 1567 1560 1566
3 1560 392 1566
3 8 1568 1570
3 395 1569 1568
3 1568 1569 1570
3 1569 397 1570
3 101 1571 1573
3 396 1572 1571
3 1571 1572 1573
3 1572 395 1573
3 395 1572 1569
3 396 1574 1572
3 1572 1574 1569
3 1574 397 1569
3 396 1575 1574
3 103 1576 1575
3 1575 1576 1574
3 1576 397 1574
3 27 1577 1579
3 398 1578 1577
3 1577 1578 1579
3 1578 400 1579
3 102 1580 1582
3 399 1581 1580
3 1580 1581 1582
3 1581 398 1582
3 398 1581 1578
3 399 1583 1581
3 1581 1583 1578
3 1583 400 1578
3 399 1584 1583
3 101 1585 1584
3 1584 1585 1583
3 1585 400 1583
3 101 1584 1571
3 399 1586 1584
3 1584 1586 1571
3 1586 396 1571
3 102 1587 1580
3 401 1588 1587
3 1587 1588 1580
3 1588 399 1580
3 399 1588 1586
3 401 1589 1588
3 1588 1589 1586
3 1589 396 1586
3 401 1590 1589
3 103 1575 1590
3 1590 1575 1589
3 1575 396 1589
3 102 1591 1587
3 402 1592 1591
3 1591 1592 1587
3 1592 401 1587
3 26 1593 1595
3 403 1594 1593
3 1593 1594 1595
3 1594 402 1595
3 402 1594 1592
3 403 1596 1594
3 1594 1596 1592
3 1596 401 1592
3 403 1597 1596
3 103 1590 1597
3 1597 1590 1596
3 1590 401 1596
3 26 1595 1547
3 402 1598 1595
3 1595 1598 1547
3 1598 389 1547
3 102 1599 1591
3 404 1600 1599
3 1599 1600 1591
3 1600 402 1591
3 402 1600 1598
3 404 1601 1600
3 1600 1601 1598
3 1601 389 1598
3 404 1602 1601
3 99 1552 1602
3 1602 1552 1601
3 1552 389 1601
3 27 1603 1577
3 405 1604 1603
3 1603 1604 1577
3 1604 398 1577
3 104 1605 1607
3 406 1606 1605
3 1605 1606 1607
3 1606 405 1607
3 405 1606 1604
3 406 1608 1606
3 1606 1608 1604
3 1608 398 1604
3 406 1609 1608
3 102 1582 1609
3 1609 1582 1608
3 1582 398 1608
3 102 1609 1599
3 406 1610 1609
3 1609 1610 1599
3 1610 404 1599
3 104 1611 1605
3 407 1612 1611
3 1611 1612 1605
3 1612 406 1605
3 406 1612 1610
3 407 1613 1612
3 1612 1613 1610
3 1613 404 1610
3 407 1614 1613
3 99 1602 1614
3 1614 1602 1613
3 1602 404 1613
3 104 1615 1611
3 408 1616 1615
3 1615 1616 1611
3 1616 407 1611
3 28 1565 1618
3 393 1617 1565
3 1565 1617 1618
3 1617 408 1618
3 408 1617 1616
3 393 1619 1617
3 1617 1619 1616
3 1619 407 1616
3 393 1561 1619
3 99 1614 1561
3 1561 1614 1619
3 1614 407 1619
3 27 1620 1603
3 409 1621 1620
3 1620 1621 1603
3 1621 405 1603
3 105 1622 1624
3 410 1623 1622
3 1622 1623 1624
3 1623 409 1624
3 409 1623 1621
3 410 1625 1623
3 1623 1625 1621
3 1625 405 1621
3 410 1626 1625
3 104 1607 1626
3 1626 1607 1625
3 1607 405 1625
3 10 1627 1629
3 411 1628 1627
3 1627 1628 1629
3 1628 413 1629
3 106 1630 1632
3 412 1631 1630
3 1630 1631 1632
3 1631 411 1632
3 411 1631 1628
3 412 1633 1631
3 1631 1633 1628
3 1633 413 1628
3 412 1634 1633
3 105 1635 1634
3 1634 1635 1633
3 1635 413 1633
3 105 1634 1622
3 412 1636 1634
3 1634 1636 1622
3 1636 410 1622
3 106 1637 1630
3 414 1638 1637
3 1637 1638 1630
3 1638 412 1630
3 412 1638 1636
3 414 1639 1638
3 1638 1639 1636
3 1639 410 1636
3 414 1640 1639
3 104 1626 1640
3 1640 1626 1639
3 1626 410 1639
3 106 1641 1637
3 415 1642 1641
3 1641 1642 1637
3 1642 414 1637
3 28 1618 1644
3 408 1643 1618
3 1618 1643 1644
3 1643 415 1644
3 415 1643 1642
3 408 1645 1643
3 1643 1645 1642
3 1645 414 1642
3 408 1615 1645
3 104 1640 1615
3 1615 1640 1645
3 1640 414 1645
3 1 1646 1648
3 416 1647 1646
3 1646 1647 1648
3 1647 418 1648
3 107 1649 1651
3 417 1650 1649
3 1649 1650 1651
3 1650 416 1651
3 416 1650 1647
3 417 1652 1650
3 1650 1652 1647
3 1652 418 1647
3 417 1653 1652
3 109 1654 1653
3 1653 1654 1652
3 1654 418 1652
3 29 1655 1657
3 419 1656 1655
3 1655 1656 1657
3 1656 421 1657
3 108 1658 1660
3 420 1659 1658
3 1658 1659 1660
3 1659 419 1660
3 419 1659 1656
3 420 1661 1659
3 1659 1661 1656
3 1661 421 1656
3 420 1662 1661
3 107 1663 1662
3 1662 1663 1661
3 1663 421 1661
3 107 1662 1649
3 420 1664 1662
3 1662 1664 1649
3 1664 417 1649
3 108 1665 1658
3 422 1666 1665
3 1665 1666 1658
3 1666 420 1658
3 420 1666 1664
3 422 1667 1666
3 1666 1667 1664
3 1667 417 1664
3 422 1668 1667
3 109 1653 1668
3 1668 1653 1667
3 1653 417 1667
3 108 1669 1665
3 423 1670 1669
3 1669 1670 1665
3 1670 422 1665
3 31 1671 1673
3 424 1672 1671
3 1671 1672 1673
3 1672 423 1673
3 423 1672 1670
3 424 1674 1672
3 1672 1674 1670
3 1674 422 1670
3 424 1675 1674
3 109 1668 1675
3 1675 1668 1674
3 1668 422 1674
3 9 1676 1678
3 425 1677 1676
3 1676 1677 1678
3 1677 427 1678
3 110 1679 1681
3 426 1680 1679
3 1679 1680 1681
3 1680 425 1681
3 425 1680 1677
3 426 1682 1680
3 1680 1682 1677
3 1682 427 1677
3 426 1683 1682
3 112 1684 1683
3 1683 1684 1682
3 1684 427 1682
3 30 1685 1687
3 428 1686 1685
3 1685 1686 1687
3 1686 430 1687
3 111 1688 1690
3 429 1689 1688
3 1688 1689 1690
3 1689 428 1690
3 428 1689 1686
3 429 1691 1689
3 1689 1691 1686
3 1691 430 1686
3 429 1692 1691
3 110 1693 1692
3 1692 1693 1691
3 1693 430 1691
3 110 1692 1679
3 429 1694 1692
3 1692 1694 1679
3 1694 426 1679
3 111 1695 1688
3 431 1696 1695
3 1695 1696 1688
3 1696 429 1688
3 429 1696 1694
3 431 1697 1696
3 1696 1697 1694
3 1697 426 1694
3 431 1698 1697
3 112 1683 1698
3 1698 1683 1697
3 1683 426 1697
3 111 1699 1695
3 432 1700 1699
3 1699 1700 1695
3 1700 431 1695
3 29 1701 1703
3 433 1702 1701
3 1701 1702 1703
3 1702 432 1703
3 432 1702 1700
3 433 1704 1702
3 1702 1704 1700
3 1704 431 1700
3 433 1705 1704
3 112 1698 1705
3 1705 1698 1704
3 1698 431 1704
3 29 1703 1655
3 432 1706 1703
3 1703 1706 1655
3 1706 419 1655
3 111 1707 1699
3 434 1708 1707
3 1707 1708 1699
3 1708 432 1699
3 432 1708 1706
3 434 1709 1708
3 1708 1709 1706
3 1709 419 1706
3 434 1710 1709
3 108 1660 1710
3 1710 1660 1709
3 1660 419 1709
3 30 1711 1685
3 435 1712 1711
3 1711 1712 1685
3 1712 428 1685
3 113 1713 1715
3 436 1714 1713
3 1713 1714 1715
3 1714 435 1715
3 435 1714 1712
3 436 1716 1714
3 1714 1716 1712
3 1716 428 1712
3 436 1717 1716
3 111 1690 1717
3 1717 1690 1716
3 1690 428 1716
3 111 1717 1707
3 436 1718 1717
3 1717 1718 1707
3 1718 434 1707
3 113 1719 1713
3 437 1720 1719
3 1719 1720 1713
3 1720 436 1713
3 436 1720 1718
3 437 1721 1720
3 1720 1721 1718
3 1721 434 1718
3 437 1722 1721
3 108 1710 1722
3 1722 1710 1721
3 1710 434 1721
3 113 1723 1719
3 438 1724 1723
3 1723 1724 1719
3 1724 437 1719
3 31 1673 1726
3 423 1725 1673
3 1673 1725 1726
3 1725 438 1726
3 438 1725 1724
3 423 1727 1725
3 1725 1727 1724
3 1727 437 1724
3 423 1669 1727
3 108 1722 1669
3 1669 1722 1727
3 1722 437 1727
3 30 1728 1711
3 439 1729 1728
3 1728 1729 1711
3 1729 435 1711
3 114 1730 1732
3 440 1731 1730
3 1730 1731 1732
3 1731 439 1732
3 439 1731 1729
3 440 1733 1731
3 1731 1733 1729
3 1733 435 1729
3 440 1734 1733
3 113 1715 1734
3 1734 1715 1733
3 1715 435 1733
3 8 1735 1737
3 441 1736 1735
3 1735 1736 1737
3 1736 443 1737
3 115 1738 1740
3 442 1739 1738
3 1738 1739 1740
3 1739 441 1740
3 441 1739 1736
3 442 1741 1739
3 1739 1741 1736
3 1741 443 1736
3 442 1742 1741
3 114 1743 1742
3 1742 1743 1741
3 1743 443 1741
3 114 1742 1730
3 442 1744 1742
3 1742 1744 1730
3 1744 440 1730
3 115 1745 1738
3 444 1746 1745
3 1745 1746 1738
3 1746 442 1738
3 442 1746 1744
3 444 1747 1746
3 1746 1747 1744
3 1747 440 1744
3 444 1748 1747
3 113 1734 1748
3 1748 1734 1747
3 1734 440 1747
3 115 1749 1745
3 445 1750 1749
3 1749 1750 1745
3 1750 444 1745
3 31 1726 1752
3 438 1751 1726
3 1726 1751 1752
3 1751 445 1752
3 445 1751 1750
3 438 1753 1751
3 1751 1753 1750
3 1753 444 1750
3 438 1723 1753
3 113 1748 1723
3 1723 1748 1753
3 1748 444 1753
3 8 1737 1568
3 443 1754 1737
3 1737 1754 1568
3 1754 395 1568
3 114 1755 1743
3 446 1756 1755
3 1755 1756 1743
3 1756 443 1743
3 443 1756 1754
3 446 1757 1756
3 1756 1757 1754
3 1757 395 1754
3 446 1758 1757
3 101 1573 1758
3 1758 1573 1757
3 1573 395 1757
3 30 1759 1728
3 447 1760 1759
3 1759 1760 1728
3 1760 439 1728
3 116 1761 1763
3 448 1762 1761
3 1761 1762 1763
3 1762 447 1763
3 447 1762 1760
3 448 1764 1762
3 1762 1764 1760
3 1764 439 1760
3 448 1765 1764
3 114 1732 1765
3 1765 1732 1764
3 1732 439 1764
3 114 1765 1755
3 448 1766 1765
3 1765 1766 1755
3 1766 446 1755
3 116 1767 1761
3 449 1768 1767
3 1767 1768 1761
3 1768 448 1761
3 448 1768 1766
3 449 1769 1768
3 1768 1769 1766
3 1769 446 1766
3 449 1770 1769
3 101 1758 1770
3 1770 1758 1769
3 1758 446 1769
3 116 1771 1767
3 450 1772 1771
3 1771 1772 1767
3 1772 449 1767
3 27 1579 1774
3 400 1773 1579
3 1579 1773 1774
3 1773 450 1774
3 450 1773 1772
3 400 1775 1773
3 1773 1775 1772
3 1775 449 1772
3 400 1585 1775
3 101 1770 1585
3 1585 1770 1775
3 1770 449 1775
3 9 1776 1676
3 451 1777 1776
3 1776 1777 1676
3 1777 425 1676
3 117 1778 1780
3 452 1779 1778
3 1778 1779 1780
3 1779 451 1780
3 451 1779 1777
3 452 1781 1779
3 1779 1781 1777
3 1781 425 1777
3 452 1782 1781
3 110 1681 1782
3 1782 1681 1781
3 1681 425 1781
3 32 1783 1785
3 453 1784 1783
3 1783 1784 1785
3 1784 455 1785
3 118 1786 1788
3 454 1787 1786
3 1786 1787 1788
3 1787 453 1788
3 453 1787 1784
3 454 1789 1787
3 1787 1789 1784
3 1789 455 1784
3 454 1790 1789
3 117 1791 1790
3 1790 1791 1789
3 1791 455 1789
3 117 1790 1778
3 454 1792 1790
3 1790 1792 1778
3 1792 452 1778
3 118 1793 1786
3 456 1794 1793
3 1793 1794 1786
3 1794 454 1786
3 454 1794 1792
3 456 1795 1794
3 1794 1795 1792
3 1795 452 1792
3 456 1796 1795
3 110 1782 1796
3 1796 1782 1795
3 1782 452 1795
3 118 1797 1793
3 457 1798 1797
3 1797 1798 1793
3 1798 456 1793
3 30 1687 1800
3 430 1799 1687
3 1687 1799 1800
3 1799 457 1800
3 457 1799 1798
3 430 1801 1799
3 1799 1801 1798
3 1801 456 1798
3 430 1693 1801
3 110 1796 1693
3 1693 1796 1801
3 1796 456 1801
3 30 1800 1759
3 457 1802 1800
3 1800 1802 1759
3 1802 447 1759
3 118 1803 1797
3 458 1804 1803
3 1803 1804 1797
3 1804 457 1797
3 457 1804 1802
3 458 1805 1804
3 1804 1805 1802
3 1805 447 1802
3 458 1806 1805
3 116 1763 1806
3 1806 1763 1805
3 1763 447 1805
3 32 1807 1783
3 459 1808 1807
3 1807 1808 1783
3 1808 453 1783
3 119 1809 1811
3 460 1810 1809
3 1809 1810 1811
3 1810 459 1811
3 459 1810 1808
3 460 1812 1810
3 1810 1812 1808
3 1812 453 1808
3 460 1813 1812
3 118 1788 1813
3 1813 1788 1812
3 1788 453 1812
3 118 1813 1803
3 460 1814 1813
3 1813 1814 1803
3 1814 458 1803
3 119 1815 1809
3 461 1816 1815
3 1815 1816 1809
3 1816 460 1809
3 460 1816 1814
3 461 1817 1816
3 1816 1817 1814
3 1817 458 1814
3 461 1818 1817
3 116 1806 1818
3 1818 1806 1817
3 1806 458 1817
3 119 1819 1815
3 462 1820 1819
3 1819 1820 1815
3 1820 461 1815
3 27 1774 1822
3 450 1821 1774
3 1774 1821 1822
3 1821 462 1822
3 462 1821 1820
3 450 1823 1821
3 1821 1823 1820
3 1823 461 1820
3 450 1771 1823
3 116 1818 1771
3 1771 1818 1823
3 1818 461 1823
3 32 1824 1807
3 463 1825 1824
3 1824 1825 1807
3 1825 459 1807
3 120 1826 1828
3 464 1827 1826
3 1826 1827 1828
3 1827 463 1828
3 463 1827 1825
3 464 1829 1827
3 1827 1829 1825
3 1829 459 1825
3 464 1830 1829
3 119 1811 1830
3 1830 1811 1829
3 1811 459 1829
3 10 1629 1832
3 413 1831 1629
3 1629 1831 1832
3 1831 466 1832
3 105 1833 1635
3 465 1834 1833
3 1833 1834 1635
3 1834 413 1635
3 413 1834 1831
3 465 1835 1834
3 1834 1835 1831
3 1835 466 1831
3 465 1836 1835
3 120 1837 1836
3 1836 1837 1835
3 1837 466 1835
3 120 1836 1826
3 465 1838 1836
3 1836 1838 1826
3 1838 464 1826
3 105 1839 1833
3 467 1840 1839
3 1839 1840 1833
3 1840 465 1833
3 465 1840 1838
3 467 1841 1840
3 1840 1841 1838
3 1841 464 1838
3 467 1842 1841
3 119 1830 1842
3 1842 1830 1841
3 1830 464 1841
3 105 1624 1839
3 409 1843 1624
3 1624 1843 1839
3 1843 467 1839
3 27 1822 1620
3 462 1844 1822
3 1822 1844 1620
3 1844 409 1620
3 409 1844 1843
3 462 1845 1844
3 1844 1845 1843
3 1845 467 1843
3 462 1819 1845
3 119 1842 1819
3 1819 1842 1845
3 1842 467 1845
3 9 1846 1776
3 468 1847 1846
3 1846 1847 1776
3 1847 451 1776
3 121 1848 1850
3 469 1849 1848
3 1848 1849 1850
3 1849 468 1850
3 468 1849 1847
3 469 1851 1849
3 1849 1851 1847
3 1851 451 1847
3 469 1852 1851
3 117 1780 1852
3 1852 1780 1851
3 1780 451 1851
3 33 1853 1855
3 470 1854 1853
3 1853 1854 1855
3 1854 472 1855
3 122 1856 1858
3 471 1857 1856
3 1856 1857 1858
3 1857 470 1858
3 470 1857 1854
3 471 1859 1857
3 1857 1859 1854
3 1859 472 1854
3 471 1860 1859
3 121 1861 1860
3 1860 1861 1859
3 1861 472 1859
3 121 1860 1848
3 471 1862 1860
3 1860 1862 1848
3 1862 469 1848
3 122 1863 1856
3 473 1864 1863
3 1863 1864 1856
3 1864 471 1856
3 471 1864 1862
3 473 1865 1864
3 1864 1865 1862
3 1865 469 1862
3 473 1866 1865
3 117 1852 1866
3 1866 1852 1865
3 1852 469 1865
3 122 1867 1863
3 474 1868 1867
3 1867 1868 1863
3 1868 473 1863
3 32 1785 1870
3 455 1869 1785
3 1785 1869 1870
3 1869 474 1870
3 474 1869 1868
3 455 1871 1869
3 1869 1871 1868
3 1871 473 1868
3 455 1791 1871
3 117 1866 1791
3 1791 1866 1871
3 1866 473 1871
3 2 1872 1874
3 475 1873 1872
3 1872 1873 1874
3 1873 477 1874
3 123 1875 1877
3 476 1876 1875
3 1875 1876 1877
3 1876 475 1877
3 475 1876 1873
3 476 1878 1876
3 1876 1878 1873
3 1878 477 1873
3 476 1879 1878
3 125 1880 1879
3 1879 1880 1878
3 1880 477 1878
3 34 1881 1883
3 478 1882 1881
3 1881 1882 1883
3 1882 480 1883
3 124 1884 1886
3 479 1885 1884
3 1884 1885 1886
3 1885 478 1886
3 478 1885 1882
3 479 1887 1885
3 1885 1887 1882
3 1887 480 1882
3 479 1888 1887
3 123 1889 1888
3 1888 1889 1887
3 1889 480 1887
3 123 1888 1875
3 479 1890 1888
3 1888 1890 1875
3 1890 476 1875
3 124 1891 1884
3 481 1892 1891
3 1891 1892 1884
3 1892 479 1884
3 479 1892 1890
3 481 1893 1892
3 1892 1893 1890
3 1893 476 1890
3 481 1894 1893
3 125 1879 1894
3 1894 1879 1893
3 1879 476 1893
3 124 1895 1891
3 482 1896 1895
3 1895 1896 1891
3 1896 481 1891
3 33 1897 1899
3 483 1898 1897
3 1897 1898 1899
3 1898 482 1899
3 482 1898 1896
3 483 1900 1898
3 1898 1900 1896
3 1900 481 1896
3 483 1901 1900
3 125 1894 1901
3 1901 1894 1900
3 1894 481 1900
3 33 1899 1853
3 482 1902 1899
3 1899 1902 1853
3 1902 470 1853
3 124 1903 1895
3 484 1904 1903
3 1903 1904 1895
3 1904 482 1895
3 482 1904 1902
3 484 1905 1904
3 1904 1905 1902
3 1905 470 1902
3 484 1906 1905
3 122 1858 1906
3 1906 1858 1905
3 1858 470 1905
3 34 1907 1881
3 485 1908 1907
3 1907 1908 1881
3 1908 478 1881
3 126 1909 1911
3 486 1910 1909
3 1909 1910 1911
3 1910 485 1911
3 485 1910 1908
3 486 1912 1910
3 1910 1912 1908
3 1912 478 1908
3 486 1913 1912
3 124 1886 1913
3 1913 1886 1912
3 1886 478 1912
3 124 1913 1903
3 486 1914 1913
3 1913 1914 1903
3 1914 484 1903
3 126 1915 1909
3 487 1916 1915
3 1915 1916 1909
3 1916 486 1909
3 486 1916 1914
3 487 1917 1916
3 1916 1917 1914
3 1917 484 1914
3 487 1918 1917
3 122 1906 1918
3 1918 1906 1917
3 1906 484 1917
3 126 1919 1915
3 488 1920 1919
3 1919 1920 1915
3 1920 487 1915
3 32 1870 1922
3 474 1921 1870
3 1870 1921 1922
3 1921 488 1922
3 488 1921 1920
3 474 1923 1921
3 1921 1923 1920
3 1923 487 1920
3 474 1867 1923
3 122 1918 1867
3 1867 1918 1923
3 1918 487 1923
3 34 1924 1907
3 489 1925 1924
3 1924 1925 1907
3 1925 485 1907
3 127 1926 1928
3 490 1927 1926
3 1926 1927 1928
3 1927 489 1928
3 489 1927 1925
3 490 1929 1927
3 1927 1929 1925
3 1929 485 1925
3 490 1930 1929
3 126 1911 1930
3 1930 1911 1929
3 1911 485 1929
3 10 1832 1932
3 466 1931 1832
3 1832 1931 1932
3 1931 492 1932
3 120 1933 1837
3 491 1934 1933
3 1933 1934 1837
3 1934 466 1837
3 466 1934 1931
3 491 1935 1934
3 1934 1935 1931
3 1935 492 1931
3 491 1936 1935
3 127 1937 1936
3 1936 1937 1935
3 1937 492 1935
3 127 1936 1926
3 491 1938 1936
3 1936 1938 1926
3 1938 490 1926
3 120 1939 1933
3 493 1940 1939
3 1939 1940 1933
3 1940 491 1933
3 491 1940 1938
3 493 1941 1940
3 1940 1941 1938
3 1941 490 1938
3 493 1942 1941
3 126 1930 1942
3 1942 1930 1941
3 1930 490 1941
3 120 1828 1939
3 463 1943 1828
3 1828 1943 1939
3 1943 493 1939
3 32 1922 1824
3 488 1944 1922
3 1922 1944 1824
3 1944 463 1824
3 463 1944 1943
3 488 1945 1944
3 1944 1945 1943
3 1945 493 1943
3 488 1919 1945
3 126 1942 1919
3 1919 1942 1945
3 1942 493 1945
3 3 1946 1948
3 494 1947 1946
3 1946 1947 1948
3 1947 496 1948
3 128 1949 1951
3 495 1950 1949
3 1949 1950 1951
3 1950 494 1951
3 494 1950 1947
3 495 1952 1950
3 1950 1952 1947
3 1952 496 1947
3 495 1953 1952
3 130 1954 1953
3 1953 1954 1952
3 1954 496 1952
3 35 1955 1957
3 497 1956 1955
3 1955 1956 1957
3 1956 499 1957
3 129 1958 1960
3 498 1959 1958
3 1958 1959 1960
3 1959 497 1960
3 497 1959 1956
3 498 1961 1959
3 1959 1961 1956
3 1961 499 1956
3 498 1962 1961
3 128 1963 1962
3 1962 1963 1961
3 1963 499 1961
3 128 1962 1949
3 498 1964 1962
3 1962 1964 1949
3 1964 495 1949
3 129 1965 1958
3 500 1966 1965
3 1965 1966 1958
3 1966 498 1958
3 498 1966 1964
3 500 1967 1966
3 1966 1967 1964
3 1967 495 1964
3 500 1968 1967
3 130 1953 1968
3 1968 1953 1967
3 1953 495 1967
3 129 1969 1965
3 501 1970 1969
3 1969 1970 1965
3 1970 500 1965
3 37 1971 1973
3 502 1972 1971
3 1971 1972 1973
3 1972 501 1973
3 501 1972 1970
3 502 1974 1972
3 1972 1974 1970
3 1974 500 1970
3 502 1975 1974
3 130 1968 1975
3 1975 1968 1974
3 1968 500 1974
3 11 1976 1978
3 503 1977 1976
3 1976 1977 1978
3 1977 505 1978
3 131 1979 1981
3 504 1980 1979
3 1979 1980 1981
3 1980 503 1981
3 503 1980 1977
3 504 1982 1980
3 1980 1982 1977
3 1982 505 1977
3 504 1983 1982
3 133 1984 1983
3 1983 1984 1982
3 1984 505 1982
3 36 1985 1987
3 506 1986 1985
3 1985 1986 1987
3 1986 508 1987
3 132 1988 1990
3 507 1989 1988
3 1988 1989 1990
3 1989 506 1990
3 506 1989 1986
3 507 1991 1989
3 1989 1991 1986
3 1991 508 1986
3 507 1992 1991
3 131 1993 1992
3 1992 1993 1991
3 1993 508 1991
3 131 1992 1979
3 507 1994 1992
3 1992 1994 1979
3 1994 504 1979
3 132 1995 1988
3 509 1996 1995
3 1995 1996 1988
3 1996 507 1988
3 507 1996 1994
3 509 1997 1996
3 1996 1997 1994
3 1997 504 1994
3 509 1998 1997
3 133 1983 1998
3 1998 1983 1997
3 1983 504 1997
3 132 1999 1995
3 510 2000 1999
3 1999 2000 1995
3 2000 509 1995
3 35 2001 2003
3 511 2002 2001
3 2001 2002 2003
3 2002 510 2003
3 510 2002 2000
3 511 2004 2002
3 2002 2004 2000
3 2004 509 2000
3 511 2005 2004
3 133 1998 2005
3 2005 1998 2004
3 1998 509 2004
3 35 2003 1955
3 510 2006 2003
3 2003 2006 1955
3 2006 497 1955
3 132 2007 1999
3 512 2008 2007
3 2007 2008 1999
3 2008 510 1999
3 510 2008 2006
3 512 2009 2008
3 2008 2009 2006
3 2009 497 2006
3 512 2010 2009
3 129 1960 2010
3 2010 1960 2009
3 1960 497 2009
3 36 2011 1985
3 513 2012 2011
3 2011 2012 1985
3 2012 506 1985
3 134 2013 2015
3 514 2014 2013
3 2013 2014 2015
3 2014 513 2015
3 513 2014 2012
3 514 2016 2014
3 2014 2016 2012
3 2016 506 2012
3 514 2017 2016
3 132 1990 2017
3 2017 1990 2016
3 1990 506 2016
3 132 2017 2007
3 514 2018 2017
3 2017 2018 2007
3 2018 512 2007
3 134 2019 2013
3 515 2020 2019
3 2019 2020 2013
3 2020 514 2013
3 514 2020 2018
3 515 2021 2020
3 2020 2021 2018
3 2021 512 2018
3 515 2022 2021
3 129 2010 2022
3 2022 2010 2021
3 2010 512 2021
3 134 2023 2019
3 516 2024 2023
3 2023 2024 2019
3 2024 515 2019
3 37 1973 2026
3 501 2025 1973
3 1973 2025 2026
3 2025 516 2026
3 516 2025 2024
3 501 2027 2025
3 2025 2027 2024
3 2027 515 2024
3 501 1969 2027
3 129 2022 1969
3 1969 2022 2027
3 2022 515 2027
3 36 2028 2011
3 517 2029 2028
3 2028 2029 2011
3 2029 513 2011
3 135 2030 2032
3 518 2031 2030
3 2030 2031 2032
3 2031 517 2032
3 517 2031 2029
3 518 2033 2031
3 2031 2033 2029
3 2033 513 2029
3 518 2034 2033
3 134 2015 2034
3 2034 2015 2033
3 2015 513 2033
3 12 2035 2037
3 519 2036 2035
3 2035 2036 2037
3 2036 521 2037
3 136 2038 2040
3 520 2039 2038
3 2038 2039 2040
3 2039 519 2040
3 519 2039 2036
3 520 2041 2039
3 2039 2041 2036
3 2041 521 2036
3 520 2042 2041
3 135 2043 2042
3 2042 2043 2041
3 2043 521 2041
3 135 2042 2030
3 520 2044 2042
3 2042 2044 2030
3 2044 518 2030
3 136 2045 2038
3 522 2046 2045
3 2045 2046 2038
3 2046 520 2038
3 520 2046 2044
3 522 2047 2046
3 2046 2047 2044
3 2047 518 2044
3 522 2048 2047
3 134 2034 2048
3 2048 2034 2047
3 2034 518 2047
3 136 2049 2045
3 523 2050 2049
3 2049 2050 2045
3 2050 522 2045
3 37 2026 2052
3 516 2051 2026
3 2026 2051 2052
3 2051 523 2052
3 523 2051 2050
3 516 2053 2051
3 2051 2053 2050
3 2053 522 2050
3 516 2023 2053
3 134 2048 2023
3 2023 2048 2053
3 2048 522 2053
3 0 1540 2055
3 388 2054 1540
3 1540 2054 2055
3 2054 525 2055
3 100 2056 1546
3 524 2057 2056
3 2056 2057 1546
3 2057 388 1546
3 388 2057 2054
3 524 2058 2057
3 2057 2058 2054
3 2058 525 2054
3 524 2059 2058
3 138 2060 2059
3 2059 2060 2058
3 2060 525 2058
3 28 2061 1563
3 526 2062 2061
3 2061 2062 1563
3 2062 394 1563
3 137 2063 2065
3 527 2064 2063
3 2063 2064 2065
3 2064 526 2065
3 526 2064 2062
3 527 2066 2064
3 2064 2066 2062
3 2066 394 2062
3 527 2067 2066
3 100 1567 2067
3 2067 1567 2066
3 1567 394 2066
3 100 2067 2056
3 527 2068 2067
3 2067 2068 2056
3 2068 524 2056
3 137 2069 2063
3 528 2070 2069
3 2069 2070 2063
3 2070 527 2063
3 527 2070 2068
3 528 2071 2070
3 2070 2071 2068
3 2071 524 2068
3 528 2072 2071
3 138 2059 2072
3 2072 2059 2071
3 2059 524 2071
3 137 2073 2069
3 529 2074 2073
3 2073 2074 2069
3 2074 528 2069
3 39 2075 2077
3 530 2076 2075
3 2075 2076 2077
3 2076 529 2077
3 529 2076 2074
3 530 2078 2076
3 2076 2078 2074
3 2078 528 2074
3 530 2079 2078
3 138 2072 2079
3 2079 2072 2078
3 2072 528 2078
3 10 2080 1627
3 531 2081 2080
3 2080 2081 1627
3 2081 411 1627
3 139 2082 2084
3 532 2083 2082
3 2082 2083 2084
3 2083 531 2084
3 531 2083 2081
3 532 2085 2083
3 2083 2085 2081
3 2085 411 2081
3 532 2086 2085
3 106 1632 2086
3 2086 1632 2085
3 1632 411 2085
3 38 2087 2089
3 533 2088 2087
3 2087 2088 2089
3 2088 535 2089
3 140 2090 2092
3 534 2091 2090
3 2090 2091 2092
3 2091 533 2092
3 533 2091 2088
3 534 2093 2091
3 2091 2093 2088
3 2093 535 2088
3 534 2094 2093
3 139 2095 2094
3 2094 2095 2093
3 2095 535 2093
3 139 2094 2082
3 534 2096 2094
3 2094 2096 2082
3 2096 532 2082
3 140 2097 2090
3 536 2098 2097
3 2097 2098 2090
3 2098 534 2090
3 534 2098 2096
3 536 2099 2098
3 2098 2099 2096
3 2099 532 2096
3 536 2100 2099
3 106 2086 2100
3 2100 2086 2099
3 2086 532 2099
3 140 2101 2097
3 537 2102 2101
3 2101 2102 2097
3 2102 536 2097
3 28 1644 2104
3 415 2103 1644
3 1644 2103 2104
3 2103 537 2104
3 537 2103 2102
3 415 2105 2103
3 2103 2105 2102
3 2105 536 2102
3 415 1641 2105
3 106 2100 1641
3 1641 2100 2105
3 2100 536 2105
3 28 2104 2061
3 537 2106 2104
3 2104 2106 2061
3 2106 526 2061
3 140 2107 2101
3 538 2108 2107
3 2107 2108 2101
3 2108 537 2101
3 537 2108 2106
3 538 2109 2108
3 2108 2109 2106
3 2109 526 2106
3 538 2110 2109
3 137 2065 2110
3 2110 2065 2109
3 2065 526 2109
3 38 2111 2087
3 539 2112 2111
3 2111 2112 2087
3 2112 533 2087
3 141 2113 2115
3 540 2114 2113
3 2113 2114 2115
3 2114 539 2115
3 539 2114 2112
3 540 2116 2114
3 2114 2116 2112
3 2116 533 2112
3 540 2117 2116
3 140 2092 2117
3 2117 2092 2116
3 2092 533 2116
3 140 2117 2107
3 540 2118 2117
3 2117 2118 2107
3 2118 538 2107
3 141 2119 2113
3 541 2120 2119
3 2119 2120 2113
3 2120 540 2113
3 540 2120 2118
3 541 2121 2120
3 2120 2121 2118
3 2121 538 2118
3 541 2122 2121
3 137 2110 2122
3 2122 2110 2121
3 2110 538 2121
3 141 2123 2119
3 542 2124 2123
3 2123 2124 2119
3 2124 541 2119
3 39 2077 2126
3 529 2125 2077
3 2077 2125 2126
3 2125 542 2126
3 542 2125 2124
3 529 2127 2125
3 2125 2127 2124
3 2127 541 2124
3 529 2073 2127
3 137 2122 2073
3 2073 2122 2127
3 2122 541 2127
3 38 2128 2111
3 543 2129 2128
3 2128 2129 2111
3 2129 539 2111
3 142 2130 2132
3 544 2131 2130
3 2130 2131 2132
3 2131 543 2132
3 543 2131 2129
3 544 2133 2131
3 2131 2133 2129
3 2133 539 2129
3 544 2134 2133
3 141 2115 2134
3 2134 2115 2133
3 2115 539 2133
3 11 2135 2137
3 545 2136 2135
3 2135 2136 2137
3 2136 547 2137
3 143 2138 2140
3 546 2139 2138
3 2138 2139 2140
3 2139 545 2140
3 545 2139 2136
3 546 2141 2139
3 2139 2141 2136
3 2141 547 2136
3 546 2142 2141
3 142 2143 2142
3 2142 2143 2141
3 2143 547 2141
3 142 2142 2130
3 546 2144 2142
3 2142 2144 2130
3 2144 544 2130
3 143 2145 2138
3 548 2146 2145
3 2145 2146 2138
3 2146 546 2138
3 546 2146 2144
3 548 2147 2146
3 2146 2147 2144
3 2147 544 2144
3 548 2148 2147
3 141 2134 2148
3 2148 2134 2147
3 2134 544 2147
3 143 2149 2145
3 549 2150 2149
3 2149 2150 2145
3 2150 548 2145
3 39 2126 2152
3 542 2151 2126
3 2126 2151 2152
3 2151 549 2152
3 549 2151 2150
3 542 2153 2151
3 2151 2153 2150
3 2153 548 2150
3 542 2123 2153
3 141 2148 2123
3 2123 2148 2153
3 2148 548 2153
3 11 2137 1976
3 547 2154 2137
3 2137 2154 1976
3 2154 503 1976
3 142 2155 2143
3 550 2156 2155
3 2155 2156 2143
3 2156 547 2143
3 547 2156 2154
3 550 2157 2156
3 2156 2157 2154
3 2157 503 2154
3 550 2158 2157
3 131 1981 2158
3 2158 1981 2157
3 1981 503 2157
3 38 2159 2128
3 551 2160 2159
3 2159 2160 2128
3 2160 543 2128
3 144 2161 2163
3 552 2162 2161
3 2161 2162 2163
3 2162 551 2163
3 551 2162 2160
3 552 2164 2162
3 2162 2164 2160
3 2164 543 2160
3 552 2165 2164
3 142 2132 2165
3 2165 2132 2164
3 2132 543 2164
3 142 2165 2155
3 552 2166 2165
3 2165 2166 2155
3 2166 550 2155
3 144 2167 2161
3 553 2168 2167
3 2167 2168 2161
3 2168 552 2161
3 552 2168 2166
3 553 2169 2168
3 2168 2169 2166
3 2169 550 2166
3 553 2170 2169
3 131 2158 2170
3 2170 2158 2169
3 2158 550 2169
3 144 2171 2167
3 554 2172 2171
3 2171 2172 2167
3 2172 553 2167
3 36 1987 2174
3 508 2173 1987
3 1987 2173 2174
3 2173 554 2174
3 554 2173 2172
3 508 2175 2173
3 2173 2175 2172
3 2175 553 2172
3 508 1993 2175
3 131 2170 1993
3 1993 2170 2175
3 2170 553 2175
3 10 2176 2080
3 555 2177 2176
3 2176 2177 2080
3 2177 531 2080
3 145 2178 2180
3 556 2179 2178
3 2178 2179 2180
3 2179 555 2180
3 555 2179 2177
3 556 2181 2179
3 2179 2181 2177
3 2181 531 2177
3 556 2182 2181
3 139 2084 2182
3 2182 2084 2181
3 2084 531 2181
3 40 2183 2185
3 557 2184 2183
3 2183 2184 2185
3 2184 559 2185
3 146 2186 2188
3 558 2187 2186
3 2186 2187 2188
3 2187 557 2188
3 557 2187 2184
3 558 2189 2187
3 2187 2189 2184
3 2189 559 2184
3 558 2190 2189
3 145 2191 2190
3 2190 2191 2189
3 2191 559 2189
3 145 2190 2178
3 558 2192 2190
3 2190 2192 2178
3 2192 556 2178
3 146 2193 2186
3 560 2194 2193
3 2193 2194 2186
3 2194 558 2186
3 558 2194 2192
3 560 2195 2194
3 2194 2195 2192
3 2195 556 2192
3 560 2196 2195
3 139 2182 2196
3 2196 2182 2195
3 2182 556 2195
3 146 2197 2193
3 561 2198 2197
3 2197 2198 2193
3 2198 560 2193
3 38 2089 2200
3 535 2199 2089
3 2089 2199 2200
3 2199 561 2200
3 561 2199 2198
3 535 2201 2199
3 2199 2201 2198
3 2201 560 2198
3 535 2095 2201
3 139 2196 2095
3 2095 2196 2201
3 2196 560 2201
3 38 2200 2159
3 561 2202 2200
3 2200 2202 2159
3 2202 551 2159
3 146 2203 2197
3 562 2204 2203
3 2203 2204 2197
3 2204 561 2197
3 561 2204 2202
3 562 2205 2204
3 2204 2205 2202
3 2205 551 2202
3 562 2206 2205
3 144 2163 2206
3 2206 2163 2205
3 2163 551 2205
3 40 2207 2183
3 563 2208 2207
3 2207 2208 2183
3 2208 557 2183
3 147 2209 2211
3 564 2210 2209
3 2209 2210 2211
3 2210 563 2211
3 563 2210 2208
3 564 2212 2210
3 2210 2212 2208
3 2212 557 2208
3 564 2213 2212
3 146 2188 2213
3 2213 2188 2212
3 2188 557 2212
3 146 2213 2203
3 564 2214 2213
3 2213 2214 2203
3 2214 562 2203
3 147 2215 2209
3 565 2216 2215
3 2215 2216 2209
3 2216 564 2209
3 564 2216 2214
3 565 2217 2216
3 2216 2217 2214
3 2217 562 2214
3 565 2218 2217
3 144 2206 2218
3 2218 2206 2217
3 2206 562 2217
3 147 2219 2215
3 566 2220 2219
3 2219 2220 2215
3 2220 565 2215
3 36 2174 2222
3 554 2221 2174
3 2174 2221 2222
3 2221 566 2222
3 566 2221 2220
3 554 2223 2221
3 2221 2223 2220
3 2223 565 2220
3 554 2171 2223
3 144 2218 2171
3 2171 2218 2223
3 2218 565 2223
3 40 2224 2207
3 567 2225 2224
3 2224 2225 2207
3 2225 563 2207
3 148 2226 2228
3 568 2227 2226
3 2226 2227 2228
3 2227 567 2228
3 567 2227 2225
3 568 2229 2227
3 2227 2229 2225
3 2229 563 2225
3 568 2230 2229
3 147 2211 2230
3 2230 2211 2229
3 2211 563 2229
3 12 2037 2232
3 521 2231 2037
3 2037 2231 2232
3 2231 570 2232
3 135 2233 2043
3 569 2234 2233
3 2233 2234 2043
3 2234 521 2043
3 521 2234 2231
3 569 2235 2234
3 2234 2235 2231
3 2235 570 2231
3 569 2236 2235
3 148 2237 2236
3 2236 2237 2235
3 2237 570 2235
3 148 2236 2226
3 569 2238 2236
3 2236 2238 2226
3 2238 568 2226
3 135 2239 2233
3 571 2240 2239
3 2239 2240 2233
3 2240 569 2233
3 569 2240 2238
3 571 2241 2240
3 2240 2241 2238
3 2241 568 2238
3 571 2242 2241
3 147 2230 2242
3 2242 2230 2241
3 2230 568 2241
3 135 2032 2239
3 517 2243 2032
3 2032 2243 2239
3 2243 571 2239
3 36 2222 2028
3 566 2244 2222
3 2222 2244 2028
3 2244 517 2028
3 517 2244 2243
3 566 2245 2244
3 2244 2245 2243
3 2245 571 2243
3 566 2219 2245
3 147 2242 2219
3 2219 2242 2245
3 2242 571 2245
3 10 1932 2176
3 492 2246 1932
3 1932 2246 2176
3 2246 555 2176
3 127 2247 1937
3 572 2248 2247
3 2247 2248 1937
3 2248 492 1937
3 492 2248 2246
3 572 2249 2248
3 2248 2249 2246
3 2249 555 2246
3 572 2250 2249
3 145 2180 2250
3 2250 2180 2249
3 2180 555 2249
3 34 2251 1924
3 573 2252 2251
3 2251 2252 1924
3 2252 489 1924
3 149 2253 2255
3 574 2254 2253
3 2253 2254 2255
3 2254 573 2255
3 573 2254 2252
3 574 2256 2254
3 2254 2256 2252
3 2256 489 2252
3 574 2257 2256
3 127 1928 2257
3 2257 1928 2256
3 1928 489 2256
3 127 2257 2247
3 574 2258 2257
3 2257 2258 2247
3 2258 572 2247
3 149 2259 2253
3 575 2260 2259
3 2259 2260 2253
3 2260 574 2253
3 574 2260 2258
3 575 2261 2260
3 2260 2261 2258
3 2261 572 2258
3 575 2262 2261
3 145 2250 2262
3 2262 2250 2261
3 2250 572 2261
3 149 2263 2259
3 576 2264 2263
3 2263 2264 2259
3 2264 575 2259
3 40 2185 2266
3 559 2265 2185
3 2185 2265 2266
3 2265 576 2266
3 576 2265 2264
3 559 2267 2265
3 2265 2267 2264
3 2267 575 2264
3 559 2191 2267
3 145 2262 2191
3 2191 2262 2267
3 2262 575 2267
3 2 2268 1872
3 577 2269 2268
3 2268 2269 1872
3 2269 475 1872
3 150 2270 2272
3 578 2271 2270
3 2270 2271 2272
3 2271 577 2272
3 577 2271 2269
3 578 2273 2271
3 2271 2273 2269
3 2273 475 2269
3 578 2274 2273
3 123 1877 2274
3 2274 1877 2273
3 1877 475 2273
3 41 2275 2277
3 579 2276 2275
3 2275 2276 2277
3 2276 581 2277
3 151 2278 2280
3 580 2279 2278
3 2278 2279 2280
3 2279 579 2280
3 579 2279 2276
3 580 2281 2279
3 2279 2281 2276
3 2281 581 2276
3 580 2282 2281
3 150 2283 2282
3 2282 2283 2281
3 2283 581 2281
3 150 2282 2270
3 580 2284 2282
3 2282 2284 2270
3 2284 578 2270
3 151 2285 2278
3 582 2286 2285
3 2285 2286 2278
3 2286 580 2278
3 580 2286 2284
3 582 2287 2286
3 2286 2287 2284
3 2287 578 2284
3 582 2288 2287
3 123 2274 2288
3 2288 2274 2287
3 2274 578 2287
3 151 2289 2285
3 583 2290 2289
3 2289 2290 2285
3 2290 582 2285
3 34 1883 2292
3 480 2291 1883
3 1883 2291 2292
3 2291 583 2292
3 583 2291 2290
3 480 2293 2291
3 2291 2293 2290
3 2293 582 2290
3 480 1889 2293
3 123 2288 1889
3 1889 2288 2293
3 2288 582 2293
3 34 2292 2251
3 583 2294 2292
3 2292 2294 2251
3 2294 573 2251
3 151 2295 2289
3 584 2296 2295
3 2295 2296 2289
3 2296 583 2289
3 583 2296 2294
3 584 2297 2296
3 2296 2297 2294
3 2297 573 2294
3 584 2298 2297
3 149 2255 2298
3 2298 2255 2297
3 2255 573 2297
3 41 2299 2275
3 585 2300 2299
3 2299 2300 2275
3 2300 579 2275
3 152 2301 2303
3 586 2302 2301
3 2301 2302 2303
3 2302 585 2303
3 585 2302 2300
3 586 2304 2302
3 2302 2304 2300
3 2304 579 2300
3 586 2305 2304
3 151 2280 2305
3 2305 2280 2304
3 2280 579 2304
3 151 2305 2295
3 586 2306 2305
3 2305 2306 2295
3 2306 584 2295
3 152 2307 2301
3 587 2308 2307
3 2307 2308 2301
3 2308 586 2301
3 586 2308 2306
3 587 2309 2308
3 2308 2309 2306
3 2309 584 2306
3 587 2310 2309
3 149 2298 2310
3 2310 2298 2309
3 2298 584 2309
3 152 2311 2307
3 588 2312 2311
3 2311 2312 2307
3 2312 587 2307
3 40 2266 2314
3 576 2313 2266
3 2266 2313 2314
3 2313 588 2314
3 588 2313 2312
3 576 2315 2313
3 2313 2315 2312
3 2315 587 2312
3 576 2263 2315
3 149 2310 2263
3 2263 2310 2315
3 2310 587 2315
3 41 2316 2299
3 589 2317 2316
3 2316 2317 2299
3 2317 585 2299
3 153 2318 2320
3 590 2319 2318
3 2318 2319 2320
3 2319 589 2320
3 589 2319 2317
3 590 2321 2319
3 2319 2321 2317
3 2321 585 2317
3 590 2322 2321
3 152 2303 2322
3 2322 2303 2321
3 2303 585 2321
3 12 2232 2324
3 570 2323 2232
3 2232 2323 2324
3 2323 592 2324
3 148 2325 2237
3 591 2326 2325
3 2325 2326 2237
3 2326 570 2237
3 570 2326 2323
3 591 2327 2326
3 2326 2327 2323
3 2327 592 2323
3 591 2328 2327
3 153 2329 2328
3 2328 2329 2327
3 2329 592 2327
3 153 2328 2318
3 591 2330 2328
3 2328 2330 2318
3 2330 590 2318
3 148 2331 2325
3 593 2332 2331
3 2331 2332 2325
3 2332 591 2325
3 591 2332 2330
3 593 2333 2332
3 2332 2333 2330
3 2333 590 2330
3 593 2334 2333
3 152 2322 2334
3 2334 2322 2333
3 2322 590 2333
3 148 2228 2331
3 567 2335 2228
3 2228 2335 2331
3 2335 593 2331
3 40 2314 2224
3 588 2336 2314
3 2314 2336 2224
3 2336 567 2224
3 567 2336 2335
3 588 2337 2336
3 2336 2337 2335
3 2337 593 2335
3 588 2311 2337
3 152 2334 2311
3 2311 2334 2337
3 2334 593 2337
3 0 2338 1538
3 594 2339 2338
3 2338 2339 1538
3 2339 386 1538
3 154 2340 2342
3 595 2341 2340
3 2340 2341 2342
3 2341 594 2342
3 594 2341 2339
3 595 2343 2341
3 2341 2343 2339
3 2343 386 2339
3 595 2344 2343
3 98 1543 2344
3 2344 1543 2343
3 1543 386 2343
3 42 2345 2347
3 596 2346 2345
3 2345 2346 2347
3 2346 598 2347
3 155 2348 2350
3 597 2349 2348
3 2348 2349 2350
3 2349 596 2350
3 596 2349 2346
3 597 2351 2349
3 2349 2351 2346
3 2351 598 2346
3 597 2352 2351
3 154 2353 2352
3 2352 2353 2351
3 2353 598 2351
3 154 2352 2340
3 597 2354 2352
3 2352 2354 2340
3 2354 595 2340
3 155 2355 2348
3 599 2356 2355
3 2355 2356 2348
3 2356 597 2348
3 597 2356 2354
3 599 2357 2356
3 2356 2357 2354
3 2357 595 2354
3 599 2358 2357
3 98 2344 2358
3 2358 2344 2357
3 2344 595 2357
3 155 2359 2355
3 600 2360 2359
3 2359 2360 2355
3 2360 599 2355
3 26 1549 2362
3 391 2361 1549
3 1549 2361 2362
3 2361 600 2362
3 600 2361 2360
3 391 2363 2361
3 2361 2363 2360
3 2363 599 2360
3 391 1555 2363
3 98 2358 1555
3 1555 2358 2363
3 2358 599 2363
3 13 2364 2366
3 601 2365 2364
3 2364 2365 2366
3 2365 603 2366
3 156 2367 2369
3 602 2368 2367
3 2367 2368 2369
3 2368 601 2369
3 601 2368 2365
3 602 2370 2368
3 2368 2370 2365
3 2370 603 2365
3 602 2371 2370
3 158 2372 2371
3 2371 2372 2370
3 2372 603 2370
3 43 2373 2375
3 604 2374 2373
3 2373 2374 2375
3 2374 606 2375
3 157 2376 2378
3 605 2377 2376
3 2376 2377 2378
3 2377 604 2378
3 604 2377 2374
3 605 2379 2377
3 2377 2379 2374
3 2379 606 2374
3 605 2380 2379
3 156 2381 2380
3 2380 2381 2379
3 2381 606 2379
3 156 2380 2367
3 605 2382 2380
3 2380 2382 2367
3 2382 602 2367
3 157 2383 2376
3 607 2384 2383
3 2383 2384 2376
3 2384 605 2376
3 605 2384 2382
3 607 2385 2384
3 2384 2385 2382
3 2385 602 2382
3 607 2386 2385
3 158 2371 2386
3 2386 2371 2385
3 2371 602 2385
3 157 2387 2383
3 608 2388 2387
3 2387 2388 2383
3 2388 607 2383
3 42 2389 2391
3 609 2390 2389
3 2389 2390 2391
3 2390 608 2391
3 608 2390 2388
3 609 2392 2390
3 2390 2392 2388
3 2392 607 2388
3 609 2393 2392
3 158 2386 2393
3 2393 2386 2392
3 2386 607 2392
3 42 2391 2345
3 608 2394 2391
3 2391 2394 2345
3 2394 596 2345
3 157 2395 2387
3 610 2396 2395
3 2395 2396 2387
3 2396 608 2387
3 608 2396 2394
3 610 2397 2396
3 2396 2397 2394
3 2397 596 2394
3 610 2398 2397
3 155 2350 2398
3 2398 2350 2397
3 2350 596 2397
3 43 2399 2373
3 611 2400 2399
3 2399 2400 2373
3 2400 604 2373
3 159 2401 2403
3 612 2402 2401
3 2401 2402 2403
3 2402 611 2403
3 611 2402 2400
3 612 2404 2402
3 2402 2404 2400
3 2404 604 2400
3 612 2405 2404
3 157 2378 2405
3 2405 2378 2404
3 2378 604 2404
3 157 2405 2395
3 612 2406 2405
3 2405 2406 2395
3 2406 610 2395
3 159 2407 2401
3 613 2408 2407
3 2407 2408 2401
3 2408 612 2401
3 612 2408 2406
3 613 2409 2408
3 2408 2409 2406
3 2409 610 2406
3 613 2410 2409
3 155 2398 2410
3 2410 2398 2409
3 2398 610 2409
3 159 2411 2407
3 614 2412 2411
3 2411 2412 2407
3 2412 613 2407
3 26 2362 2414
3 600 2413 2362
3 2362 2413 2414
3 2413 614 2414
3 614 2413 2412
3 600 2415 2413
3 2413 2415 2412
3 2415 613 2412
3 600 2359 2415
3 155 2410 2359
3 2359 2410 2415
3 2410 613 2415
3 43 2416 2399
3 615 2417 2416
3 2416 2417 2399
3 2417 611 2399
3 160 2418 2420
3 616 2419 2418
3 2418 2419 2420
3 2419 615 2420
3 615 2419 2417
3 616 2421 2419
3 2419 2421 2417
3 2421 611 2417
3 616 2422 2421
3 159 2403 2422
3 2422 2403 2421
3 2403 611 2421
3 8 1570 2424
3 397 2423 1570
3 1570 2423 2424
3 2423 618 2424
3 103 2425 1576
3 617 2426 2425
3 2425 2426 1576
3 2426 397 1576
3 397 2426 2423
3 617 2427 2426
3 2426 2427 2423
3 2427 618 2423
3 617 2428 2427
3 160 2429 2428
3 2428 2429 2427
3 2429 618 2427
3 160 2428 2418
3 617 2430 2428
3 2428 2430 2418
3 2430 616 2418
3 103 2431 2425
3 619 2432 2431
3 2431 2432 2425
3 2432 617 2425
3 617 2432 2430
3 619 2433 2432
3 2432 2433 2430
3 2433 616 2430
3 619 2434 2433
3 159 2422 2434
3 2434 2422 2433
3 2422 616 2433
3 103 1597 2431
3 403 2435 1597
3 1597 2435 2431
3 2435 619 2431
3 26 2414 1593
3 614 2436 2414
3 2414 2436 1593
3 2436 403 1593
3 403 2436 2435
3 614 2437 2436
3 2436 2437 2435
3 2437 619 2435
3 614 2411 2437
3 159 2434 2411
3 2411 2434 2437
3 2434 619 2437
3 4 2438 2440
3 620 2439 2438
3 2438 2439 2440
3 2439 622 2440
3 161 2441 2443
3 621 2442 2441
3 2441 2442 2443
3 2442 620 2443
3 620 2442 2439
3 621 2444 2442
3 2442 2444 2439
3 2444 622 2439
3 621 2445 2444
3 163 2446 2445
3 2445 2446 2444
3 2446 622 2444
3 44 2447 2449
3 623 2448 2447
3 2447 2448 2449
3 2448 625 2449
3 162 2450 2452
3 624 2451 2450
3 2450 2451 2452
3 2451 623 2452
3 623 2451 2448
3 624 2453 2451
3 2451 2453 2448
3 2453 625 2448
3 624 2454 2453
3 161 2455 2454
3 2454 2455 2453
3 2455 625 2453
3 161 2454 2441
3 624 2456 2454
3 2454 2456 2441
3 2456 621 2441
3 162 2457 2450
3 626 2458 2457
3 2457 2458 2450
3 2458 624 2450
3 624 2458 2456
3 626 2459 2458
3 2458 2459 2456
3 2459 621 2456
3 626 2460 2459
3 163 2445 2460
3 2460 2445 2459
3 2445 621 2459
3 162 2461 2457
3 627 2462 2461
3 2461 2462 2457
3 2462 626 2457
3 46 2463 2465
3 628 2464 2463
3 2463 2464 2465
3 2464 627 2465
3 627 2464 2462
3 628 2466 2464
3 2464 2466 2462
3 2466 626 2462
3 628 2467 2466
3 163 2460 2467
3 2467 2460 2466
3 2460 626 2466
3 14 2468 2470
3 629 2469 2468
3 2468 2469 2470
3 2469 631 2470
3 164 2471 2473
3 630 2472 2471
3 2471 2472 2473
3 2472 629 2473
3 629 2472 2469
3 630 2474 2472
3 2472 2474 2469
3 2474 631 2469
3 630 2475 2474
3 166 2476 2475
3 2475 2476 2474
3 2476 631 2474
3 45 2477 2479
3 632 2478 2477
3 2477 2478 2479
3 2478 634 2479
3 165 2480 2482
3 633 2481 2480
3 2480 2481 2482
3 2481 632 2482
3 632 2481 2478
3 633 2483 2481
3 2481 2483 2478
3 2483 634 2478
3 633 2484 2483
3 164 2485 2484
3 2484 2485 2483
3 2485 634 2483
3 164 2484 2471
3 633 2486 2484
3 2484 2486 2471
3 2486 630 2471
3 165 2487 2480
3 635 2488 2487
3 2487 2488 2480
3 2488 633 2480
3 633 2488 2486
3 635 2489 2488
3 2488 2489 2486
3 2489 630 2486
3 635 2490 2489
3 166 2475 2490
3 2490 2475 2489
3 2475 630 2489
3 165 2491 2487
3 636 2492 2491
3 2491 2492 2487
3 2492 635 2487
3 44 2493 2495
3 637 2494 2493
3 2493 2494 2495
3 2494 636 2495
3 636 2494 2492
3 637 2496 2494
3 2494 2496 2492
3 2496 635 2492
3 637 2497 2496
3 166 2490 2497
3 2497 2490 2496
3 2490 635 2496
3 44 2495 2447
3 636 2498 2495
3 2495 2498 2447
3 2498 623 2447
3 165 2499 2491
3 638 2500 2499
3 2499 2500 2491
3 2500 636 2491
3 636 2500 2498
3 638 2501 2500
3 2500 2501 2498
3 2501 623 2498
3 638 2502 2501
3 162 2452 2502
3 2502 2452 2501
3 2452 623 2501
3 45 2503 2477
3 639 2504 2503
3 2503 2504 2477
3 2504 632 2477
3 167 2505 2507
3 640 2506 2505
3 2505 2506 2507
3 2506 639 2507
3 639 2506 2504
3 640 2508 2506
3 2506 2508 2504
3 2508 632 2504
3 640 2509 2508
3 165 2482 2509
3 2509 2482 2508
3 2482 632 2508
3 165 2509 2499
3 640 2510 2509
3 2509 2510 2499
3 2510 638 2499
3 167 2511 2505
3 641 2512 2511
3 2511 2512 2505
3 2512 640 2505
3 640 2512 2510
3 641 2513 2512
3 2512 2513 2510
3 2513 638 2510
3 641 2514 2513
3 162 2502 2514
3 2514 2502 2513
3 2502 638 2513
3 167 2515 2511
3 642 2516 2515
3 2515 2516 2511
3 2516 641 2511
3 46 2465 2518
3 627 2517 2465
3 2465 2517 2518
3 2517 642 2518
3 642 2517 2516
3 627 2519 2517
3 2517 2519 2516
3 2519 641 2516
3 627 2461 2519
3 162 2514 2461
3 2461 2514 2519
3 2514 641 2519
3 45 2520 2503
3 643 2521 2520
3 2520 2521 2503
3 2521 639 2503
3 168 2522 2524
3 644 2523 2522
3 2522 2523 2524
3 2523 643 2524
3 643 2523 2521
3 644 2525 2523
3 2523 2525 2521
3 2525 639 2521
3 644 2526 2525
3 167 2507 2526
3 2526 2507 2525
3 2507 639 2525
3 13 2527 2529
3 645 2528 2527
3 2527 2528 2529
3 2528 647 2529
3 169 2530 2532
3 646 2531 2530
3 2530 2531 2532
3 2531 645 2532
3 645 2531 2528
3 646 2533 2531
3 2531 2533 2528
3 2533 647 2528
3 646 2534 2533
3 168 2535 2534
3 2534 2535 2533
3 2535 647 2533
3 168 2534 2522
3 646 2536 2534
3 2534 2536 2522
3 2536 644 2522
3 169 2537 2530
3 648 2538 2537
3 2537 2538 2530
3 2538 646 2530
3 646 2538 2536
3 648 2539 2538
3 2538 2539 2536
3 2539 644 2536
3 648 2540 2539
3 167 2526 2540
3 2540 2526 2539
3 2526 644 2539
3 169 2541 2537
3 649 2542 2541
3 2541 2542 2537
3 2542 648 2537
3 46 2518 2544
3 642 2543 2518
3 2518 2543 2544
3 2543 649 2544
3 649 2543 2542
3 642 2545 2543
3 2543 2545 2542
3 2545 648 2542
3 642 2515 2545
3 167 2540 2515
3 2515 2540 2545
3 2540 648 2545
3 13 2529 2364
3 647 2546 2529
3 2529 2546 2364
3 2546 601 2364
3 168 2547 2535
3 650 2548 2547
3 2547 2548 2535
3 2548 647 2535
3 647 2548 2546
3 650 2549 2548
3 2548 2549 2546
3 2549 601 2546
3 650 2550 2549
3 156 2369 2550
3 2550 2369 2549
3 2369 601 2549
3 45 2551 2520
3 651 2552 2551
3 2551 2552 2520
3 2552 643 2520
3 170 2553 2555
3 652 2554 2553
3 2553 2554 2555
3 2554 651 2555
3 651 2554 2552
3 652 2556 2554
3 2554 2556 2552
3 2556 643 2552
3 652 2557 2556
3 168 2524 2557
3 2557 2524 2556
3 2524 643 2556
3 168 2557 2547
3 652 2558 2557
3 2557 2558 2547
3 2558 650 2547
3 170 2559 2553
3 653 2560 2559
3 2559 2560 2553
3 2560 652 2553
3 652 2560 2558
3 653 2561 2560
3 2560 2561 2558
3 2561 650 2558
3 653 2562 2561
3 156 2550 2562
3 2562 2550 2561
3 2550 650 2561
3 170 2563 2559
3 654 2564 2563
3 2563 2564 2559
3 2564 653 2559
3 43 2375 2566
3 606 2565 2375
3 2375 2565 2566
3 2565 654 2566
3 654 2565 2564
3 606 2567 2565
3 2565 2567 2564
3 2567 653 2564
3 606 2381 2567
3 156 2562 2381
3 2381 2562 2567
3 2562 653 2567
3 14 2568 2468
3 655 2569 2568
3 2568 2569 2468
3 2569 629 2468
3 171 2570 2572
3 656 2571 2570
3 2570 2571 2572
3 2571 655 2572
3 655 2571 2569
3 656 2573 2571
3 2571 2573 2569
3 2573 629 2569
3 656 2574 2573
3 164 2473 2574
3 2574 2473 2573
3 2473 629 2573
3 47 2575 2577
3 657 2576 2575
3 2575 2576 2577
3 2576 659 2577
3 172 2578 2580
3 658 2579 2578
3 2578 2579 2580
3 2579 657 2580
3 657 2579 2576
3 658 2581 2579
3 2579 2581 2576
3 2581 659 2576
3 658 2582 2581
3 171 2583 2582
3 2582 2583 2581
3 2583 659 2581
3 171 2582 2570
3 658 2584 2582
3 2582 2584 2570
3 2584 656 2570
3 172 2585 2578
3 660 2586 2585
3 2585 2586 2578
3 2586 658 2578
3 658 2586 2584
3 660 2587 2586
3 2586 2587 2584
3 2587 656 2584
3 660 2588 2587
3 164 2574 2588
3 2588 2574 2587
3 2574 656 2587
3 172 2589 2585
3 661 2590 2589
3 2589 2590 2585
3 2590 660 2585
3 45 2479 2592
3 634 2591 2479
3 2479 2591 2592
3 2591 661 2592
3 661 2591 2590
3 634 2593 2591
3 2591 2593 2590
3 2593 660 2590
3 634 2485 2593
3 164 2588 2485
3 2485 2588 2593
3 2588 660 2593
3 45 2592 2551
3 661 2594 2592
3 2592 2594 2551
3 2594 651 2551
3 172 2595 2589
3 662 2596 2595
3 2595 2596 2589
3 2596 661 2589
3 661 2596 2594
3 662 2597 2596
3 2596 2597 2594
3 2597 651 2594
3 662 2598 2597
3 170 2555 2598
3 2598 2555 2597
3 2555 651 2597
3 47 2599 2575
3 663 2600 2599
3 2599 2600 2575
3 2600 657 2575
3 173 2601 2603
3 664 2602 2601
3 2601 2602 2603
3 2602 663 2603
3 663 2602 2600
3 664 2604 2602
3 2602 2604 2600
3 2604 657 2600
3 664 2605 2604
3 172 2580 2605
3 2605 2580 2604
3 2580 657 2604
3 172 2605 2595
3 664 2606 2605
3 2605 2606 2595
3 2606 662 2595
3 173 2607 2601
3 665 2608 2607
3 2607 2608 2601
3 2608 664 2601
3 664 2608 2606
3 665 2609 2608
3 2608 2609 2606
3 2609 662 2606
3 665 2610 2609
3 170 2598 2610
3 2610 2598 2609
3 2598 662 2609
3 173 2611 2607
3 666 2612 2611
3 2611 2612 2607
3 2612 665 2607
3 43 2566 2614
3 654 2613 2566
3 2566 2613 2614
3 2613 666 2614
3 666 2613 2612
3 654 2615 2613
3 2613 2615 2612
3 2615 665 2612
3 654 2563 2615
3 170 2610 2563
3 2563 2610 2615
3 2610 665 2615
3 47 2616 2599
3 667 2617 2616
3 2616 2617 2599
3 2617 663 2599
3 174 2618 2620
3 668 2619 2618
3 2618 2619 2620
3 2619 667 2620
3 667 2619 2617
3 668 2621 2619
3 2619 2621 2617
3 2621 663 2617
3 668 2622 2621
3 173 2603 2622
3 2622 2603 2621
3 2603 663 2621
3 8 2424 2624
3 618 2623 2424
3 2424 2623 2624
3 2623 670 2624
3 160 2625 2429
3 669 2626 2625
3 2625 2626 2429
3 2626 618 2429
3 618 2626 2623
3 669 2627 2626
3 2626 2627 2623
3 2627 670 2623
3 669 2628 2627
3 174 2629 2628
3 2628 2629 2627
3 2629 670 2627
3 174 2628 2618
3 669 2630 2628
3 2628 2630 2618
3 2630 668 2618
3 160 2631 2625
3 671 2632 2631
3 2631 2632 2625
3 2632 669 2625
3 669 2632 2630
3 671 2633 2632
3 2632 2633 2630
3 2633 668 2630
3 671 2634 2633
3 173 2622 2634
3 2634 2622 2633
3 2622 668 2633
3 160 2420 2631
3 615 2635 2420
3 2420 2635 2631
3 2635 671 2631
3 43 2614 2416
3 666 2636 2614
3 2614 2636 2416
3 2636 615 2416
3 615 2636 2635
3 666 2637 2636
3 2636 2637 2635
3 2637 671 2635
3 666 2611 2637
3 173 2634 2611
3 2611 2634 2637
3 2634 671 2637
3 14 2638 2568
3 672 2639 2638
3 2638 2639 2568
3 2639 655 2568
3 175 2640 2642
3 673 2641 2640
3 2640 2641 2642
3 2641 672 2642
3 672 2641 2639
3 673 2643 2641
3 2641 2643 2639
3 2643 655 2639
3 673 2644 2643
3 171 2572 2644
3 2644 2572 2643
3 2572 655 2643
3 48 2645 2647
3 674 2646 2645
3 2645 2646 2647
3 2646 676 2647
3 176 2648 2650
3 675 2649 2648
3 2648 2649 2650
3 2649 674 2650
3 674 2649 2646
3 675 2651 2649
3 2649 2651 2646
3 2651 676 2646
3 675 2652 2651
3 175 2653 2652
3 2652 2653 2651
3 2653 676 2651
3 175 2652 2640
3 675 2654 2652
3 2652 2654 2640
3 2654 673 2640
3 176 2655 2648
3 677 2656 2655
3 2655 2656 2648
3 2656 675 2648
3 675 2656 2654
3 677 2657 2656
3 2656 2657 2654
3 2657 673 2654
3 677 2658 2657
3 171 2644 2658
3 2658 2644 2657
3 2644 673 2657
3 176 2659 2655
3 678 2660 2659
3 2659 2660 2655
3 2660 677 2655
3 47 2577 2662
3 659 2661 2577
3 2577 2661 2662
3 2661 678 2662
3 678 2661 2660
3 659 2663 2661
3 2661 2663 2660
3 2663 677 2660
3 659 2583 2663
3 171 2658 2583
3 2583 2658 2663
3 2658 677 2663
3 1 1648 2665
3 418 2664 1648
3 1648 2664 2665
3 2664 680 2665
3 109 2666 1654
3 679 2667 2666
3 2666 2667 1654
3 2667 418 1654
3 418 2667 2664
3 679 2668 2667
3 2667 2668 2664
3 2668 680 2664
3 679 2669 2668
3 178 2670 2669
3 2669 2670 2668
3 2670 680 2668
3 31 2671 1671
3 681 2672 2671
3 2671 2672 1671
3 2672 424 1671
3 177 2673 2675
3 682 2674 2673
3 2673 2674 2675
3 2674 681 2675
3 681 2674 2672
3 682 2676 2674
3 2674 2676 2672
3 2676 424 2672
3 682 2677 2676
3 109 1675 2677
3 2677 1675 2676
3 1675 424 2676
3 109 2677 2666
3 682 2678 2677
3 2677 2678 2666
3 2678 679 2666
3 177 2679 2673
3 683 2680 2679
3 2679 2680 2673
3 2680 682 2673
3 682 2680 2678
3 683 2681 2680
3 2680 2681 2678
3 2681 679 2678
3 683 2682 2681
3 178 2669 2682
3 2682 2669 2681
3 2669 679 2681
3 177 2683 2679
3 684 2684 2683
3 2683 2684 2679
3 2684 683 2679
3 48 2685 2687
3 685 2686 2685
3 2685 2686 2687
3 2686 684 2687
3 684 2686 2684
3 685 2688 2686
3 2686 2688 2684
3 2688 683 2684
3 685 2689 2688
3 178 2682 2689
3 2689 2682 2688
3 2682 683 2688
3 48 2687 2645
3 684 2690 2687
3 2687 2690 2645
3 2690 674 2645
3 177 2691 2683
3 686 2692 2691
3 2691 2692 2683
3 2692 684 2683
3 684 2692 2690
3 686 2693 2692
3 2692 2693 2690
3 2693 674 2690
3 686 2694 2693
3 176 2650 2694
3 2694 2650 2693
3 2650 674 2693
3 31 2695 2671
3 687 2696 2695
3 2695 2696 2671
3 2696 681 2671
3 179 2697 2699
3 688 2698 2697
3 2697 2698 2699
3 2698 687 2699
3 687 2698 2696
3 688 2700 2698
3 2698 2700 2696
3 2700 681 2696
3 688 2701 2700
3 177 2675 2701
3 2701 2675 2700
3 2675 681 2700
3 177 2701 2691
3 688 2702 2701
3 2701 2702 2691
3 2702 686 2691
3 179 2703 2697
3 689 2704 2703
3 2703 2704 2697
3 2704 688 2697
3 688 2704 2702
3 689 2705 2704
3 2704 2705 2702
3 2705 686 2702
3 689 2706 2705
3 176 2694 2706
3 2706 2694 2705
3 2694 686 2705
3 179 2707 2703
3 690 2708 2707
3 2707 2708 2703
3 2708 689 2703
3 47 2662 2710
3 678 2709 2662
3 2662 2709 2710
3 2709 690 2710
3 690 2709 2708
3 678 2711 2709
3 2709 2711 2708
3 2711 689 2708
3 678 2659 2711
3 176 2706 2659
3 2659 2706 2711
3 2706 689 2711
3 31 1752 2695
3 445 2712 1752
3 1752 2712 2695
3 2712 687 2695
3 115 2713 1749
3 691 2714 2713
3 2713 2714 1749
3 2714 445 1749
3 445 2714 2712
3 691 2715 2714
3 2714 2715 2712
3 2715 687 2712
3 691 2716 2715
3 179 2699 2716
3 2716 2699 2715
3 2699 687 2715
3 8 2624 1735
3 670 2717 2624
3 2624 2717 1735
3 2717 441 1735
3 174 2718 2629
3 692 2719 2718
3 2718 2719 2629
3 2719 670 2629
3 670 2719 2717
3 692 2720 2719
3 2719 2720 2717
3 2720 441 2717
3 692 2721 2720
3 115 1740 2721
3 2721 1740 2720
3 1740 441 2720
3 115 2721 2713
3 692 2722 2721
3 2721 2722 2713
3 2722 691 2713
3 174 2723 2718
3 693 2724 2723
3 2723 2724 2718
3 2724 692 2718
3 692 2724 2722
3 693 2725 2724
3 2724 2725 2722
3 2725 691 2722
3 693 2726 2725
3 179 2716 2726
3 2726 2716 2725
3 2716 691 2725
3 174 2620 2723
3 667 2727 2620
3 2620 2727 2723
3 2727 693 2723
3 47 2710 2616
3 690 2728 2710
3 2710 2728 2616
3 2728 667 2616
3 667 2728 2727
3 690 2729 2728
3 2728 2729 2727
3 2729 693 2727
3 690 2707 2729
3 179 2726 2707
3 2707 2726 2729
3 2726 693 2729
3 5 2730 2732
3 694 2731 2730
3 2730 2731 2732
3 2731 696 2732
3 180 2733 2735
3 695 2734 2733
3 2733 2734 2735
3 2734 694 2735
3 694 2734 2731
3 695 2736 2734
3 2734 2736 2731
3 2736 696 2731
3 695 2737 2736
3 182 2738 2737
3 2737 2738 2736
3 2738 696 2736
3 49 2739 2741
3 697 2740 2739
3 2739 2740 2741
3 2740 699 2741
3 181 2742 2744
3 698 2743 2742
3 2742 2743 2744
3 2743 697 2744
3 697 2743 2740
3 698 2745 2743
3 2743 2745 2740
3 2745 699 2740
3 698 2746 2745
3 180 2747 2746
3 2746 2747 2745
3 2747 699 2745
3 180 2746 2733
3 698 2748 2746
3 2746 2748 2733
3 2748 695 2733
3 181 2749 2742
3 700 2750 2749
3 2749 2750 2742
3 2750 698 2742
3 698 2750 2748
3 700 2751 2750
3 2750 2751 2748
3 2751 695 2748
3 700 2752 2751
3 182 2737 2752
3 2752 2737 2751
3 2737 695 2751
3 181 2753 2749
3 701 2754 2753
3 2753 2754 2749
3 2754 700 2749
3 51 2755 2757
3 702 2756 2755
3 2755 2756 2757
3 2756 701 2757
3 701 2756 2754
3 702 2758 2756
3 2756 2758 2754
3 2758 700 2754
3 702 2759 2758
3 182 2752 2759
3 2759 2752 2758
3 2752 700 2758
3 15 2760 2762
3 703 2761 2760
3 2760 2761 2762
3 2761 705 2762
3 183 2763 2765
3 704 2764 2763
3 2763 2764 2765
3 2764 703 2765
3 703 2764 2761
3 704 2766 2764
3 2764 2766 2761
3 2766 705 2761
3 704 2767 2766
3 185 2768 2767
3 2767 2768 2766
3 2768 705 2766
3 50 2769 2771
3 706 2770 2769
3 2769 2770 2771
3 2770 708 2771
3 184 2772 2774
3 707 2773 2772
3 2772 2773 2774
3 2773 706 2774
3 706 2773 2770
3 707 2775 2773
3 2773 2775 2770
3 2775 708 2770
3 707 2776 2775
3 183 2777 2776
3 2776 2777 2775
3 2777 708 2775
3 183 2776 2763
3 707 2778 2776
3 2776 2778 2763
3 2778 704 2763
3 184 2779 2772
3 709 2780 2779
3 2779 2780 2772
3 2780 707 2772
3 707 2780 2778
3 709 2781 2780
3 2780 2781 2778
3 2781 704 2778
3 709 2782 2781
3 185 2767 2782
3 2782 2767 2781
3 2767 704 2781
3 184 2783 2779
3 710 2784 2783
3 2783 2784 2779
3 2784 709 2779
3 49 2785 2787
3 711 2786 2785
3 2785 2786 2787
3 2786 710 2787
3 710 2786 2784
3 711 2788 2786
3 2786 2788 2784
3 2788 709 2784
3 711 2789 2788
3 185 2782 2789
3 2789 2782 2788
3 2782 709 2788
3 49 2787 2739
3 710 2790 2787
3 2787 2790 2739
3 2790 697 2739
3 184 2791 2783
3 712 2792 2791
3 2791 2792 2783
3 2792 710 2783
3 710 2792 2790
3 712 2793 2792
3 2792 2793 2790
3 2793 697 2790
3 712 2794 2793
3 181 2744 2794
3 2794 2744 2793
3 2744 697 2793
3 50 2795 2769
3 713 2796 2795
3 2795 2796 2769
3 2796 706 2769
3 186 2797 2799
3 714 2798 2797
3 2797 2798 2799
3 2798 713 2799
3 713 2798 2796
3 714 2800 2798
3 2798 2800 2796
3 2800 706 2796
3 714 2801 2800
3 184 2774 2801
3 2801 2774 2800
3 2774 706 2800
3 184 2801 2791
3 714 2802 2801
3 2801 2802 2791
3 2802 712 2791
3 186 2803 2797
3 715 2804 2803
3 2803 2804 2797
3 2804 714 2797
3 714 2804 2802
3 715 2805 2804
3 2804 2805 2802
3 2805 712 2802
3 715 2806 2805
3 181 2794 2806
3 2806 2794 2805
3 2794 712 2805
3 186 2807 2803
3 716 2808 2807
3 2807 2808 2803
3 2808 715 2803
3 51 2757 2810
3 701 2809 2757
3 2757 2809 2810
3 2809 716 2810
3 716 2809 2808
3 701 2811 2809
3 2809 2811 2808
3 2811 715 2808
3 701 2753 2811
3 181 2806 2753
3 2753 2806 2811
3 2806 715 2811
3 50 2812 2795
3 717 2813 2812
3 2812 2813 2795
3 2813 713 2795
3 187 2814 2816
3 718 2815 2814
3 2814 2815 2816
3 2815 717 2816
3 717 2815 2813
3 718 2817 2815
3 2815 2817 2813
3 2817 713 2813
3 718 2818 2817
3 186 2799 2818
3 2818 2799 2817
3 2799 713 2817
3 16 2819 2821
3 719 2820 2819
3 2819 2820 2821
3 2820 721 2821
3 188 2822 2824
3 720 2823 2822
3 2822 2823 2824
3 2823 719 2824
3 719 2823 2820
3 720 2825 2823
3 2823 2825 2820
3 2825 721 2820
3 720 2826 2825
3 187 2827 2826
3 2826 2827 2825
3 2827 721 2825
3 187 2826 2814
3 720 2828 2826
3 2826 2828 2814
3 2828 718 2814
3 188 2829 2822
3 722 2830 2829
3 2829 2830 2822
3 2830 720 2822
3 720 2830 2828
3 722 2831 2830
3 2830 2831 2828
3 2831 718 2828
3 722 2832 2831
3 186 2818 2832
3 2832 2818 2831
3 2818 718 2831
3 188 2833 2829
3 723 2834 2833
3 2833 2834 2829
3 2834 722 2829
3 51 2810 2836
3 716 2835 2810
3 2810 2835 2836
3 2835 723 2836
3 723 2835 2834
3 716 2837 2835
3 2835 2837 2834
3 2837 722 2834
3 716 2807 2837
3 186 2832 2807
3 2807 2832 2837
3 2832 722 2837
3 0 2055 2839
3 525 2838 2055
3 2055 2838 2839
3 2838 725 2839
3 138 2840 2060
3 724 2841 2840
3 2840 2841 2060
3 2841 525 2060
3 525 2841 2838
3 724 2842 2841
3 2841 2842 2838
3 2842 725 2838
3 724 2843 2842
3 190 2844 2843
3 2843 2844 2842
3 2844 725 2842
3 39 2845 2075
3 726 2846 2845
3 2845 2846 2075
3 2846 530 2075
3 189 2847 2849
3 727 2848 2847
3 2847 2848 2849
3 2848 726 2849
3 726 2848 2846
3 727 2850 2848
3 2848 2850 2846
3 2850 530 2846
3 727 2851 2850
3 138 2079 2851
3 2851 2079 2850
3 2079 530 2850
3 138 2851 2840
3 727 2852 2851
3 2851 2852 2840
3 2852 724 2840
3 189 2853 2847
3 728 2854 2853
3 2853 2854 2847
3 2854 727 2847
3 727 2854 2852
3 728 2855 2854
3 2854 2855 2852
3 2855 724 2852
3 728 2856 2855
3 190 2843 2856
3 2856 2843 2855
3 2843 724 2855
3 189 2857 2853
3 729 2858 2857
3 2857 2858 2853
3 2858 728 2853
3 53 2859 2861
3 730 2860 2859
3 2859 2860 2861
3 2860 729 2861
3 729 2860 2858
3 730 2862 2860
3 2860 2862 2858
3 2862 728 2858
3 730 2863 2862
3 190 2856 2863
3 2863 2856 2862
3 2856 728 2862
3 11 2864 2135
3 731 2865 2864
3 2864 2865 2135
3 2865 545 2135
3 191 2866 2868
3 732 2867 2866
3 2866 2867 2868
3 2867 731 2868
3 731 2867 2865
3 732 2869 2867
3 2867 2869 2865
3 2869 545 2865
3 732 2870 2869
3 143 2140 2870
3 2870 2140 2869
3 2140 545 2869
3 52 2871 2873
3 733 2872 2871
3 2871 2872 2873
3 2872 735 2873
3 192 2874 2876
3 734 2875 2874
3 2874 2875 2876
3 2875 733 2876
3 733 2875 2872
3 734 2877 2875
3 2875 2877 2872
3 2877 735 2872
3 734 2878 2877
3 191 2879 2878
3 2878 2879 2877
3 2879 735 2877
3 191 2878 2866
3 734 2880 2878
3 2878 2880 2866
3 2880 732 2866
3 192 2881 2874
3 736 2882 2881
3 2881 2882 2874
3 2882 734 2874
3 734 2882 2880
3 736 2883 2882
3 2882 2883 2880
3 2883 732 2880
3 736 2884 2883
3 143 2870 2884
3 2884 2870 2883
3 2870 732 2883
3 192 2885 2881
3 737 2886 2885
3 2885 2886 2881
3 2886 736 2881
3 39 2152 2888
3 549 2887 2152
3 2152 2887 2888
3 2887 737 2888
3 737 2887 2886
3 549 2889 2887
3 2887 2889 2886
3 2889 736 2886
3 549 2149 2889
3 143 2884 2149
3 2149 2884 2889
3 2884 736 2889
3 39 2888 2845
3 737 2890 2888
3 2888 2890 2845
3 2890 726 2845
3 192 2891 2885
3 738 2892 2891
3 2891 2892 2885
3 2892 737 2885
3 737 2892 2890
3 738 2893 2892
3 2892 2893 2890
3 2893 726 2890
3 738 2894 2893
3 189 2849 2894
3 2894 2849 2893
3 2849 726 2893
3 52 2895 2871
3 739 2896 2895
3 2895 2896 2871
3 2896 733 2871
3 193 2897 2899
3 740 2898 2897
3 2897 2898 2899
3 2898 739 2899
3 739 2898 2896
3 740 2900 2898
3 2898 2900 2896
3 2900 733 2896
3 740 2901 2900
3 192 2876 2901
3 2901 2876 2900
3 2876 733 2900
3 192 2901 2891
3 740 2902 2901
3 2901 2902 2891
3 2902 738 2891
3 193 2903 2897
3 741 2904 2903
3 2903 2904 2897
3 2904 740 2897
3 740 2904 2902
3 741 2905 2904
3 2904 2905 2902
3 2905 738 2902
3 741 2906 2905
3 189 2894 2906
3 2906 2894 2905
3 2894 738 2905
3 193 2907 2903
3 742 2908 2907
3 2907 2908 2903
3 2908 741 2903
3 53 2861 2910
3 729 2909 2861
3 2861 2909 2910
3 2909 742 2910
3 742 2909 2908
3 729 2911 2909
3 2909 2911 2908
3 2911 741 2908
3 729 2857 2911
3 189 2906 2857
3 2857 2906 2911
3 2906 741 2911
3 52 2912 2895
3 743 2913 2912
3 2912 2913 2895
3 2913 739 2895
3 194 2914 2916
3 744 2915 2914
3 2914 2915 2916
3 2915 743 2916
3 743 2915 2913
3 744 2917 2915
3 2915 2917 2913
3 2917 739 2913
3 744 2918 2917
3 193 2899 2918
3 2918 2899 2917
3 2899 739 2917
3 15 2919 2921
3 745 2920 2919
3 2919 2920 2921
3 2920 747 2921
3 195 2922 2924
3 746 2923 2922
3 2922 2923 2924
3 2923 745 2924
3 745 2923 2920
3 746 2925 2923
3 2923 2925 2920
3 2925 747 2920
3 746 2926 2925
3 194 2927 2926
3 2926 2927 2925
3 2927 747 2925
3 194 2926 2914
3 746 2928 2926
3 2926 2928 2914
3 2928 744 2914
3 195 2929 2922
3 748 2930 2929
3 2929 2930 2922
3 2930 746 2922
3 746 2930 2928
3 748 2931 2930
3 2930 2931 2928
3 2931 744 2928
3 748 2932 2931
3 193 2918 2932
3 2932 2918 2931
3 2918 744 2931
3 195 2933 2929
3 749 2934 2933
3 2933 2934 2929
3 2934 748 2929
3 53 2910 2936
3 742 2935 2910
3 2910 2935 2936
3 2935 749 2936
3 749 2935 2934
3 742 2937 2935
3 2935 2937 2934
3 2937 748 2934
3 742 2907 2937
3 193 2932 2907
3 2907 2932 2937
3 2932 748 2937
3 15 2921 2760
3 747 2938 2921
3 2921 2938 2760
3 2938 703 2760
3 194 2939 2927
3 750 2940 2939
3 2939 2940 2927
3 2940 747 2927
3 747 2940 2938
3 750 2941 2940
3 2940 2941 2938
3 2941 703 2938
3 750 2942 2941
3 183 2765 2942
3 2942 2765 2941
3 2765 703 2941
3 52 2943 2912
3 751 2944 2943
3 2943 2944 2912
3 2944 743 2912
3 196 2945 2947
3 752 2946 2945
3 2945 2946 2947
3 2946 751 2947
3 751 2946 2944
3 752 2948 2946
3 2946 2948 2944
3 2948 743 2944
3 752 2949 2948
3 194 2916 2949
3 2949 2916 2948
3 2916 743 2948
3 194 2949 2939
3 752 2950 2949
3 2949 2950 2939
3 2950 750 2939
3 196 2951 2945
3 753 2952 2951
3 2951 2952 2945
3 2952 752 2945
3 752 2952 2950
3 753 2953 2952
3 2952 2953 2950
3 2953 750 2950
3 753 2954 2953
3 183 2942 2954
3 2954 2942 2953
3 2942 750 2953
3 196 2955 2951
3 754 2956 2955
3 2955 2956 2951
3 2956 753 2951
3 50 2771 2958
3 708 2957 2771
3 2771 2957 2958
3 2957 754 2958
3 754 2957 2956
3 708 2959 2957
3 2957 2959 2956
3 2959 753 2956
3 708 2777 2959
3 183 2954 2777
3 2777 2954 2959
3 2954 753 2959
3 11 2960 2864
3 755 2961 2960
3 2960 2961 2864
3 2961 731 2864
3 197 2962 2964
3 756 2963 2962
3 2962 2963 2964
3 2963 755 2964
3 755 2963 2961
3 756 2965 2963
3 2963 2965 2961
3 2965 731 2961
3 756 2966 2965
3 191 2868 2966
3 2966 2868 2965
3 2868 731 2965
3 54 2967 2969
3 757 2968 2967
3 2967 2968 2969
3 2968 759 2969
3 198 2970 2972
3 758 2971 2970
3 2970 2971 2972
3 2971 757 2972
3 757 2971 2968
3 758 2973 2971
3 2971 2973 2968
3 2973 759 2968
3 758 2974 2973
3 197 2975 2974
3 2974 2975 2973
3 2975 759 2973
3 197 2974 2962
3 758 2976 2974
3 2974 2976 2962
3 2976 756 2962
3 198 2977 2970
3 760 2978 2977
3 2977 2978 2970
3 2978 758 2970
3 758 2978 2976
3 760 2979 2978
3 2978 2979 2976
3 2979 756 2976
3 760 2980 2979
3 191 2966 2980
3 2980 2966 2979
3 2966 756 2979
3 198 2981 2977
3 761 2982 2981
3 2981 2982 2977
3 2982 760 2977
3 52 2873 2984
3 735 2983 2873
3 2873 2983 2984
3 2983 761 2984
3 761 2983 2982
3 735 2985 2983
3 2983 2985 2982
3 2985 760 2982
3 735 2879 2985
3 191 2980 2879
3 2879 2980 2985
3 2980 760 2985
3 52 2984 2943
3 761 2986 2984
3 2984 2986 2943
3 2986 751 2943
3 198 2987 2981
3 762 2988 2987
3 2987 2988 2981
3 2988 761 2981
3 761 2988 2986
3 762 2989 2988
3 2988 2989 2986
3 2989 751 2986
3 762 2990 2989
3 196 2947 2990
3 2990 2947 2989
3 2947 751 2989
3 54 2991 2967
3 763 2992 2991
3 2991 2992 2967
3 2992 757 2967
3 199 2993 2995
3 764 2994 2993
3 2993 2994 2995
3 2994 763 2995
3 763 2994 2992
3 764 2996 2994
3 2994 2996 2992
3 2996 757 2992
3 764 2997 2996
3 198 2972 2997
3 2997 2972 2996
3 2972 757 2996
3 198 2997 2987
3 764 2998 2997
3 2997 2998 2987
3 2998 762 2987
3 199 2999 2993
3 765 3000 2999
3 2999 3000 2993
3 3000 764 2993
3 764 3000 2998
3 765 3001 3000
3 3000 3001 2998
3 3001 762 2998
3 765 3002 3001
3 196 2990 3002
3 3002 2990 3001
3 2990 762 3001
3 199 3003 2999
3 766 3004 3003
3 3003 3004 2999
3 3004 765 2999
3 50 2958 3006
3 754 3005 2958
3 2958 3005 3006
3 3005 766 3006
3 766 3005 3004
3 754 3007 3005
3 3005 3007 3004
3 3007 765 3004
3 754 2955 3007
3 196 3002 2955
3 2955 3002 3007
3 3002 765 3007
3 54 3008 2991
3 767 3009 3008
3 3008 3009 2991
3 3009 763 2991
3 200 3010 3012
3 768 3011 3010
3 3010 3011 3012
3 3011 767 3012
3 767 3011 3009
3 768 3013 3011
3 3011 3013 3009
3 3013 763 3009
3 768 3014 3013
3 199 2995 3014
3 3014 2995 3013
3 2995 763 3013
3 16 2821 3016
3 721 3015 2821
3 2821 3015 3016
3 3015 770 3016
3 187 3017 2827
3 769 3018 3017
3 3017 3018 2827
3 3018 721 2827
3 721 3018 3015
3 769 3019 3018
3 3018 3019 3015
3 3019 770 3015
3 769 3020 3019
3 200 3021 3020
3 3020 3021 3019
3 3021 770 3019
3 200 3020 3010
3 769 3022 3020
3 3020 3022 3010
3 3022 768 3010
3 187 3023 3017
3 771 3024 3023
3 3023 3024 3017
3 3024 769 3017
3 769 3024 3022
3 771 3025 3024
3 3024 3025 3022
3 3025 768 3022
3 771 3026 3025
3 199 3014 3026
3 3026 3014 3025
3 3014 768 3025
3 187 2816 3023
3 717 3027 2816
3 2816 3027 3023
3 3027 771 3023
3 50 3006 2812
3 766 3028 3006
3 3006 3028 2812
3 3028 717 2812
3 717 3028 3027
3 766 3029 3028
3 3028 3029 3027
3 3029 771 3027
3 766 3003 3029
3 199 3026 3003
3 3003 3026 3029
3 3026 771 3029
3 11 1978 2960
3 505 3030 1978
3 1978 3030 2960
3 3030 755 2960
3 133 3031 1984
3 772 3032 3031
3 3031 3032 1984
3 3032 505 1984
3 505 3032 3030
3 772 3033 3032
3 3032 3033 3030
3 3033 755 3030
3 772 3034 3033
3 197 2964 3034
3 3034 2964 3033
3 2964 755 3033
3 35 3035 2001
3 773 3036 3035
3 3035 3036 2001
3 3036 511 2001
3 201 3037 3039
3 774 3038 3037
3 3037 3038 3039
3 3038 773 3039
3 773 3038 3036
3 774 3040 3038
3 3038 3040 3036
3 3040 511 3036
3 774 3041 3040
3 133 2005 3041
3 3041 2005 3040
3 2005 511 3040
3 133 3041 3031
3 774 3042 3041
3 3041 3042 3031
3 3042 772 3031
3 201 3043 3037
3 775 3044 3043
3 3043 3044 3037
3 3044 774 3037
3 774 3044 3042
3 775 3045 3044
3 3044 3045 3042
3 3045 772 3042
3 775 3046 3045
3 197 3034 3046
3 3046 3034 3045
3 3034 772 3045
3 201 3047 3043
3 776 3048 3047
3 3047 3048 3043
3 3048 775 3043
3 54 2969 3050
3 759 3049 2969
3 2969 3049 3050
3 3049 776 3050
3 776 3049 3048
3 759 3051 3049
3 3049 3051 3048
3 3051 775 3048
3 759 2975 3051
3 197 3046 2975
3 2975 3046 3051
3 3046 775 3051
3 3 3052 1946
3 777 3053 3052
3 3052 3053 1946
3 3053 494 1946
3 202 3054 3056
3 778 3055 3054
3 3054 3055 3056
3 3055 777 3056
3 777 3055 3053
3 778 3057 3055
3 3055 3057 3053
3 3057 494 3053
3 778 3058 3057
3 128 1951 3058
3 3058 1951 3057
3 1951 494 3057
3 55 3059 3061
3 779 3060 3059
3 3059 3060 3061
3 3060 781 3061
3 203 3062 3064
3 780 3063 3062
3 3062 3063 3064
3 3063 779 3064
3 779 3063 3060
3 780 3065 3063
3 3063 3065 3060
3 3065 781 3060
3 780 3066 3065
3 202 3067 3066
3 3066 3067 3065
3 3067 781 3065
3 202 3066 3054
3 780 3068 3066
3 3066 3068 3054
3 3068 778 3054
3 203 3069 3062
3 782 3070 3069
3 3069 3070 3062
3 3070 780 3062
3 780 3070 3068
3 782 3071 3070
3 3070 3071 3068
3 3071 778 3068
3 782 3072 3071
3 128 3058 3072
3 3072 3058 3071
3 3058 778 3071
3 203 3073 3069
3 783 3074 3073
3 3073 3074 3069
3 3074 782 3069
3 35 1957 3076
3 499 3075 1957
3 1957 3075 3076
3 3075 783 3076
3 783 3075 3074
3 499 3077 3075
3 3075 3077 3074
3 3077 782 3074
3 499 1963 3077
3 128 3072 1963
3 1963 3072 3077
3 3072 782 3077
3 35 3076 3035
3 783 3078 3076
3 3076 3078 3035
3 3078 773 3035
3 203 3079 3073
3 784 3080 3079
3 3079 3080 3073
3 3080 783 3073
3 783 3080 3078
3 784 3081 3080
3 3080 3081 3078
3 3081 773 3078
3 784 3082 3081
3 201 3039 3082
3 3082 3039 3081
3 3039 773 3081
3 55 3083 3059
3 785 3084 3083
3 3083 3084 3059
3 3084 779 3059
3 204 3085 3087
3 786 3086 3085
3 3085 3086 3087
3 3086 785 3087
3 785 3086 3084
3 786 3088 3086
3 3086 3088 3084
3 3088 779 3084
3 786 3089 3088
3 203 3064 3089
3 3089 3064 3088
3 3064 779 3088
3 203 3089 3079
3 786 3090 3089
3 3089 3090 3079
3 3090 784 3079
3 204 3091 3085
3 787 3092 3091
3 3091 3092 3085
3 3092 786 3085
3 786 3092 3090
3 787 3093 3092
3 3092 3093 3090
3 3093 784 3090
3 787 3094 3093
3 201 3082 3094
3 3094 3082 3093
3 3082 784 3093
3 204 3095 3091
3 788 3096 3095
3 3095 3096 3091
3 3096 787 3091
3 54 3050 3098
3 776 3097 3050
3 3050 3097 3098
3 3097 788 3098
3 788 3097 3096
3 776 3099 3097
3 3097 3099 3096
3 3099 787 3096
3 776 3047 3099
3 201 3094 3047
3 3047 3094 3099
3 3094 787 3099
3 55 3100 3083
3 789 3101 3100
3 3100 3101 3083
3 3101 785 3083
3 205 3102 3104
3 790 3103 3102
3 3102 3103 3104
3 3103 789 3104
3 789 3103 3101
3 790 3105 3103
3 3103 3105 3101
3 3105 785 3101
3 790 3106 3105
3 204 3087 3106
3 3106 3087 3105
3 3087 785 3105
3 16 3016 3108
3 770 3107 3016
3 3016 3107 3108
3 3107 792 3108
3 200 3109 3021
3 791 3110 3109
3 3109 3110 3021
3 3110 770 3021
3 770 3110 3107
3 791 3111 3110
3 3110 3111 3107
3 3111 792 3107
3 791 3112 3111
3 205 3113 3112
3 3112 3113 3111
3 3113 792 3111
3 205 3112 3102
3 791 3114 3112
3 3112 3114 3102
3 3114 790 3102
3 200 3115 3109
3 793 3116 3115
3 3115 3116 3109
3 3116 791 3109
3 791 3116 3114
3 793 3117 3116
3 3116 3117 3114
3 3117 790 3114
3 793 3118 3117
3 204 3106 3118
3 3118 3106 3117
3 3106 790 3117
3 200 3012 3115
3 767 3119 3012
3 3012 3119 3115
3 3119 793 3115
3 54 3098 3008
3 788 3120 3098
3 3098 3120 3008
3 3120 767 3008
3 767 3120 3119
3 788 3121 3120
3 3120 3121 3119
3 3121 793 3119
3 788 3095 3121
3 204 3118 3095
3 3095 3118 3121
3 3118 793 3121
3 5 3122 2730
3 794 3123 3122
3 3122 3123 2730
3 3123 694 2730
3 206 3124 3126
3 795 3125 3124
3 3124 3125 3126
3 3125 794 3126
3 794 3125 3123
3 795 3127 3125
3 3125 3127 3123
3 3127 694 3123
3 795 3128 3127
3 180 2735 3128
3 3128 2735 3127
3 2735 694 3127
3 56 3129 3131
3 796 3130 3129
3 3129 3130 3131
3 3130 798 3131
3 207 3132 3134
3 797 3133 3132
3 3132 3133 3134
3 3133 796 3134
3 796 3133 3130
3 797 3135 3133
3 3133 3135 3130
3 3135 798 3130
3 797 3136 3135
3 206 3137 3136
3 3136 3137 3135
3 3137 798 3135
3 206 3136 3124
3 797 3138 3136
3 3136 3138 3124
3 3138 795 3124
3 207 3139 3132
3 799 3140 3139
3 3139 3140 3132
3 3140 797 3132
3 797 3140 3138
3 799 3141 3140
3 3140 3141 3138
3 3141 795 3138
3 799 3142 3141
3 180 3128 3142
3 3142 3128 3141
3 3128 795 3141
3 207 3143 3139
3 800 3144 3143
3 3143 3144 3139
3 3144 799 3139
3 49 2741 3146
3 699 3145 2741
3 2741 3145 3146
3 3145 800 3146
3 800 3145 3144
3 699 3147 3145
3 3145 3147 3144
3 3147 799 3144
3 699 2747 3147
3 180 3142 2747
3 2747 3142 3147
3 3142 799 3147
3 17 3148 3150
3 801 3149 3148
3 3148 3149 3150
3 3149 803 3150
3 208 3151 3153
3 802 3152 3151
3 3151 3152 3153
3 3152 801 3153
3 801 3152 3149
3 802 3154 3152
3 3152 3154 3149
3 3154 803 3149
3 802 3155 3154
3 210 3156 3155
3 3155 3156 3154
3 3156 803 3154
3 57 3157 3159
3 804 3158 3157
3 3157 3158 3159
3 3158 806 3159
3 209 3160 3162
3 805 3161 3160
3 3160 3161 3162
3 3161 804 3162
3 804 3161 3158
3 805 3163 3161
3 3161 3163 3158
3 3163 806 3158
3 805 3164 3163
3 208 3165 3164
3 3164 3165 3163
3 3165 806 3163
3 208 3164 3151
3 805 3166 3164
3 3164 3166 3151
3 3166 802 3151
3 209 3167 3160
3 807 3168 3167
3 3167 3168 3160
3 3168 805 3160
3 805 3168 3166
3 807 3169 3168
3 3168 3169 3166
3 3169 802 3166
3 807 3170 3169
3 210 3155 3170
3 3170 3155 3169
3 3155 802 3169
3 209 3171 3167
3 808 3172 3171
3 3171 3172 3167
3 3172 807 3167
3 56 3173 3175
3 809 3174 3173
3 3173 3174 3175
3 3174 808 3175
3 808 3174 3172
3 809 3176 3174
3 3174 3176 3172
3 3176 807 3172
3 809 3177 3176
3 210 3170 3177
3 3177 3170 3176
3 3170 807 3176
3 56 3175 3129
3 808 3178 3175
3 3175 3178 3129
3 3178 796 3129
3 209 3179 3171
3 810 3180 3179
3 3179 3180 3171
3 3180 808 3171
3 808 3180 3178
3 810 3181 3180
3 3180 3181 3178
3 3181 796 3178
3 810 3182 3181
3 207 3134 3182
3 3182 3134 3181
3 3134 796 3181
3 57 3183 3157
3 811 3184 3183
3 3183 3184 3157
3 3184 804 3157
3 211 3185 3187
3 812 3186 3185
3 3185 3186 3187
3 3186 811 3187
3 811 3186 3184
3 812 3188 3186
3 3186 3188 3184
3 3188 804 3184
3 812 3189 3188
3 209 3162 3189
3 3189 3162 3188
3 3162 804 3188
3 209 3189 3179
3 812 3190 3189
3 3189 3190 3179
3 3190 810 3179
3 211 3191 3185
3 813 3192 3191
3 3191 3192 3185
3 3192 812 3185
3 812 3192 3190
3 813 3193 3192
3 3192 3193 3190
3 3193 810 3190
3 813 3194 3193
3 207 3182 3194
3 3194 3182 3193
3 3182 810 3193
3 211 3195 3191
3 814 3196 3195
3 3195 3196 3191
3 3196 813 3191
3 49 3146 3198
3 800 3197 3146
3 3146 3197 3198
3 3197 814 3198
3 814 3197 3196
3 800 3199 3197
3 3197 3199 3196
3 3199 813 3196
3 800 3143 3199
3 207 3194 3143
3 3143 3194 3199
3 3194 813 3199
3 57 3200 3183
3 815 3201 3200
3 3200 3201 3183
3 3201 811 3183
3 212 3202 3204
3 816 3203 3202
3 3202 3203 3204
3 3203 815 3204
3 815 3203 3201
3 816 3205 3203
3 3203 3205 3201
3 3205 811 3201
3 816 3206 3205
3 211 3187 3206
3 3206 3187 3205
3 3187 811 3205
3 15 2762 3208
3 705 3207 2762
3 2762 3207 3208
3 3207 818 3208
3 185 3209 2768
3 817 3210 3209
3 3209 3210 2768
3 3210 705 2768
3 705 3210 3207
3 817 3211 3210
3 3210 3211 3207
3 3211 818 3207
3 817 3212 3211
3 212 3213 3212
3 3212 3213 3211
3 3213 818 3211
3 212 3212 3202
3 817 3214 3212
3 3212 3214 3202
3 3214 816 3202
3 185 3215 3209
3 819 3216 3215
3 3215 3216 3209
3 3216 817 3209
3 817 3216 3214
3 819 3217 3216
3 3216 3217 3214
3 3217 816 3214
3 819 3218 3217
3 211 3206 3218
3 3218 3206 3217
3 3206 816 3217
3 185 2789 3215
3 711 3219 2789
3 2789 3219 3215
3 3219 819 3215
3 49 3198 2785
3 814 3220 3198
3 3198 3220 2785
3 3220 711 2785
3 711 3220 3219
3 814 3221 3220
3 3220 3221 3219
3 3221 819 3219
3 814 3195 3221
3 211 3218 3195
3 3195 3218 3221
3 3218 819 3221
3 4 2440 3223
3 622 3222 2440
3 2440 3222 3223
3 3222 821 3223
3 163 3224 2446
3 820 3225 3224
3 3224 3225 2446
3 3225 622 2446
3 622 3225 3222
3 820 3226 3225
3 3225 3226 3222
3 3226 821 3222
3 820 3227 3226
3 214 3228 3227
3 3227 3228 3226
3 3228 821 3226
3 46 3229 2463
3 822 3230 3229
3 3229 3230 2463
3 3230 628 2463
3 213 3231 3233
3 823 3232 3231
3 3231 3232 3233
3 3232 822 3233
3 822 3232 3230
3 823 3234 3232
3 3232 3234 3230
3 3234 628 3230
3 823 3235 3234
3 163 2467 3235
3 3235 2467 3234
3 2467 628 3234
3 163 3235 3224
3 823 3236 3235
3 3235 3236 3224
3 3236 820 3224
3 213 3237 3231
3 824 3238 3237
3 3237 3238 3231
3 3238 823 3231
3 823 3238 3236
3 824 3239 3238
3 3238 3239 3236
3 3239 820 3236
3 824 3240 3239
3 214 3227 3240
3 3240 3227 3239
3 3227 820 3239
3 213 3241 3237
3 825 3242 3241
3 3241 3242 3237
3 3242 824 3237
3 59 3243 3245
3 826 3244 3243
3 3243 3244 3245
3 3244 825 3245
3 825 3244 3242
3 826 3246 3244
3 3244 3246 3242
3 3246 824 3242
3 826 3247 3246
3 214 3240 3247
3 3247 3240 3246
3 3240 824 3246
3 13 3248 2527
3 827 3249 3248
3 3248 3249 2527
3 3249 645 2527
3 215 3250 3252
3 828 3251 3250
3 3250 3251 3252
3 3251 827 3252
3 827 3251 3249
3 828 3253 3251
3 3251 3253 3249
3 3253 645 3249
3 828 3254 3253
3 169 2532 3254
3 3254 2532 3253
3 2532 645 3253
3 58 3255 3257
3 829 3256 3255
3 3255 3256 3257
3 3256 831 3257
3 216 3258 3260
3 830 3259 3258
3 3258 3259 3260
3 3259 829 3260
3 829 3259 3256
3 830 3261 3259
3 3259 3261 3256
3 3261 831 3256
3 830 3262 3261
3 215 3263 3262
3 3262 3263 3261
3 3263 831 3261
3 215 3262 3250
3 830 3264 3262
3 3262 3264 3250
3 3264 828 3250
3 216 3265 3258
3 832 3266 3265
3 3265 3266 3258
3 3266 830 3258
3 830 3266 3264
3 832 3267 3266
3 3266 3267 3264
3 3267 828 3264
3 832 3268 3267
3 169 3254 3268
3 3268 3254 3267
3 3254 828 3267
3 216 3269 3265
3 833 3270 3269
3 3269 3270 3265
3 3270 832 3265
3 46 2544 3272
3 649 3271 2544
3 2544 3271 3272
3 3271 833 3272
3 833 3271 3270
3 649 3273 3271
3 3271 3273 3270
3 3273 832 3270
3 649 2541 3273
3 169 3268 2541
3 2541 3268 3273
3 3268 832 3273
3 46 3272 3229
3 833 3274 3272
3 3272 3274 3229
3 3274 822 3229
3 216 3275 3269
3 834 3276 3275
3 3275 3276 3269
3 3276 833 3269
3 833 3276 3274
3 834 3277 3276
3 3276 3277 3274
3 3277 822 3274
3 834 3278 3277
3 213 3233 3278
3 3278 3233 3277
3 3233 822 3277
3 58 3279 3255
3 835 3280 3279
3 3279 3280 3255
3 3280 829 3255
3 217 3281 3283
3 836 3282 3281
3 3281 3282 3283
3 3282 835 3283
3 835 3282 3280
3 836 3284 3282
3 3282 3284 3280
3 3284 829 3280
3 836 3285 3284
3 216 3260 3285
3 3285 3260 3284
3 3260 829 3284
3 216 3285 3275
3 836 3286 3285
3 3285 3286 3275
3 3286 834 3275
3 217 3287 3281
3 837 3288 3287
3 3287 3288 3281
3 3288 836 3281
3 836 3288 3286
3 837 3289 3288
3 3288 3289 3286
3 3289 834 3286
3 837 3290 3289
3 213 3278 3290
3 3290 3278 3289
3 3278 834 3289
3 217 3291 3287
3 838 3292 3291
3 3291 3292 3287
3 3292 837 3287
3 59 3245 3294
3 825 3293 3245
3 3245 3293 3294
3 3293 838 3294
3 838 3293 3292
3 825 3295 3293
3 3293 3295 3292
3 3295 837 3292
3 825 3241 3295
3 213 3290 3241
3 3241 3290 3295
3 3290 837 3295
3 58 3296 3279
3 839 3297 3296
3 3296 3297 3279
3 3297 835 3279
3 218 3298 3300
3 840 3299 3298
3 3298 3299 3300
3 3299 839 3300
3 839 3299 3297
3 840 3301 3299
3 3299 3301 3297
3 3301 835 3297
3 840 3302 3301
3 217 3283 3302
3 3302 3283 3301
3 3283 835 3301
3 17 3303 3305
3 841 3304 3303
3 3303 3304 3305
3 3304 843 3305
3 219 3306 3308
3 842 3307 3306
3 3306 3307 3308
3 3307 841 3308
3 841 3307 3304
3 842 3309 3307
3 3307 3309 3304
3 3309 843 3304
3 842 3310 3309
3 218 3311 3310
3 3310 3311 3309
3 3311 843 3309
3 218 3310 3298
3 842 3312 3310
3 3310 3312 3298
3 3312 840 3298
3 219 3313 3306
3 844 3314 3313
3 3313 3314 3306
3 3314 842 3306
3 842 3314 3312
3 844 3315 3314
3 3314 3315 3312
3 3315 840 3312
3 844 3316 3315
3 217 3302 3316
3 3316 3302 3315
3 3302 840 3315
3 219 3317 3313
3 845 3318 3317
3 3317 3318 3313
3 3318 844 3313
3 59 3294 3320
3 838 3319 3294
3 3294 3319 3320
3 3319 845 3320
3 845 3319 3318
3 838 3321 3319
3 3319 3321 3318
3 3321 844 3318
3 838 3291 3321
3 217 3316 3291
3 3291 3316 3321
3 3316 844 3321
3 17 3305 3148
3 843 3322 3305
3 3305 3322 3148
3 3322 801 3148
3 218 3323 3311
3 846 3324 3323
3 3323 3324 3311
3 3324 843 3311
3 843 3324 3322
3 846 3325 3324
3 3324 3325 3322
3 3325 801 3322
3 846 3326 3325
3 208 3153 3326
3 3326 3153 3325
3 3153 801 3325
3 58 3327 3296
3 847 3328 3327
3 3327 3328 3296
3 3328 839 3296
3 220 3329 3331
3 848 3330 3329
3 3329 3330 3331
3 3330 847 3331
3 847 3330 3328
3 848 3332 3330
3 3330 3332 3328
3 3332 839 3328
3 848 3333 3332
3 218 3300 3333
3 3333 3300 3332
3 3300 839 3332
3 218 3333 3323
3 848 3334 3333
3 3333 3334 3323
3 3334 846 3323
3 220 3335 3329
3 849 3336 3335
3 3335 3336 3329
3 3336 848 3329
3 848 3336 3334
3 849 3337 3336
3 3336 3337 3334
3 3337 846 3334
3 849 3338 3337
3 208 3326 3338
3 3338 3326 3337
3 3326 846 3337
3 220 3339 3335
3 850 3340 3339
3 3339 3340 3335
3 3340 849 3335
3 57 3159 3342
3 806 3341 3159
3 3159 3341 3342
3 3341 850 3342
3 850 3341 3340
3 806 3343 3341
3 3341 3343 3340
3 3343 849 3340
3 806 3165 3343
3 208 3338 3165
3 3165 3338 3343
3 3338 849 3343
3 13 3344 3248
3 851 3345 3344
3 3344 3345 3248
3 3345 827 3248
3 221 3346 3348
3 852 3347 3346
3 3346 3347 3348
3 3347 851 3348
3 851 3347 3345
3 852 3349 3347
3 3347 3349 3345
3 3349 827 3345
3 852 3350 3349
3 215 3252 3350
3 3350 3252 3349
3 3252 827 3349
3 60 3351 3353
3 853 3352 3351
3 3351 3352 3353
3 3352 855 3353
3 222 3354 3356
3 854 3355 3354
3 3354 3355 3356
3 3355 853 3356
3 853 3355 3352
3 854 3357 3355
3 3355 3357 3352
3 3357 855 3352
3 854 3358 3357
3 221 3359 3358
3 3358 3359 3357
3 3359 855 3357
3 221 3358 3346
3 854 3360 3358
3 3358 3360 3346
3 3360 852 3346
3 222 3361 3354
3 856 3362 3361
3 3361 3362 3354
3 3362 854 3354
3 854 3362 3360
3 856 3363 3362
3 3362 3363 3360
3 3363 852 3360
3 856 3364 3363
3 215 3350 3364
3 3364 3350 3363
3 3350 852 3363
3 222 3365 3361
3 857 3366 3365
3 3365 3366 3361
3 3366 856 3361
3 58 3257 3368
3 831 3367 3257
3 3257 3367 3368
3 3367 857 3368
3 857 3367 3366
3 831 3369 3367
3 3367 3369 3366
3 3369 856 3366
3 831 3263 3369
3 215 3364 3263
3 3263 3364 3369
3 3364 856 3369
3 58 3368 3327
3 857 3370 3368
3 3368 3370 3327
3 3370 847 3327
3 222 3371 3365
3 858 3372 3371
3 3371 3372 3365
3 3372 857 3365
3 857 3372 3370
3 858 3373 3372
3 3372 3373 3370
3 3373 847 3370
3 858 3374 3373
3 220 3331 3374
3 3374 3331 3373
3 3331 847 3373
3 60 3375 3351
3 859 3376 3375
3 3375 3376 3351
3 3376 853 3351
3 223 3377 3379
3 860 3378 3377
3 3377 3378 3379
3 3378 859 3379
3 859 3378 3376
3 860 3380 3378
3 3378 3380 3376
3 3380 853 3376
3 860 3381 3380
3 222 3356 3381
3 3381 3356 3380
3 3356 853 3380
3 222 3381 3371
3 860 3382 3381
3 3381 3382 3371
3 3382 858 3371
3 223 3383 3377
3 861 3384 3383
3 3383 3384 3377
3 3384 860 3377
3 860 3384 3382
3 861 3385 3384
3 3384 3385 3382
3 3385 858 3382
3 861 3386 3385
3 220 3374 3386
3 3386 3374 3385
3 3374 858 3385
3 223 3387 3383
3 862 3388 3387
3 3387 3388 3383
3 3388 861 3383
3 57 3342 3390
3 850 3389 3342
3 3342 3389 3390
3 3389 862 3390
3 862 3389 3388
3 850 3391 3389
3 3389 3391 3388
3 3391 861 3388
3 850 3339 3391
3 220 3386 3339
3 3339 3386 3391
3 3386 861 3391
3 60 3392 3375
3 863 3393 3392
3 3392 3393 3375
3 3393 859 3375
3 224 3394 3396
3 864 3395 3394
3 3394 3395 3396
3 3395 863 3396
3 863 3395 3393
3 864 3397 3395
3 3395 3397 3393
3 3397 859 3393
3 864 3398 3397
3 223 3379 3398
3 3398 3379 3397
3 3379 859 3397
3 15 3208 3400
3 818 3399 3208
3 3208 3399 3400
3 3399 866 3400
3 212 3401 3213
3 865 3402 3401
3 3401 3402 3213
3 3402 818 3213
3 818 3402 3399
3 865 3403 3402
3 3402 3403 3399
3 3403 866 3399
3 865 3404 3403
3 224 3405 3404
3 3404 3405 3403
3 3405 866 3403
3 224 3404 3394
3 865 3406 3404
3 3404 3406 3394
3 3406 864 3394
3 212 3407 3401
3 867 3408 3407
3 3407 3408 3401
3 3408 865 3401
3 865 3408 3406
3 867 3409 3408
3 3408 3409 3406
3 3409 864 3406
3 867 3410 3409
3 223 3398 3410
3 3410 3398 3409
3 3398 864 3409
3 212 3204 3407
3 815 3411 3204
3 3204 3411 3407
3 3411 867 3407
3 57 3390 3200
3 862 3412 3390
3 3390 3412 3200
3 3412 815 3200
3 815 3412 3411
3 862 3413 3412
3 3412 3413 3411
3 3413 867 3411
3 862 3387 3413
3 223 3410 3387
3 3387 3410 3413
3 3410 867 3413
3 13 2366 3344
3 603 3414 2366
3 2366 3414 3344
3 3414 851 3344
3 158 3415 2372
3 868 3416 3415
3 3415 3416 2372
3 3416 603 2372
3 603 3416 3414
3 868 3417 3416
3 3416 3417 3414
3 3417 851 3414
3 868 3418 3417
3 221 3348 3418
3 3418 3348 3417
3 3348 851 3417
3 42 3419 2389
3 869 3420 3419
3 3419 3420 2389
3 3420 609 2389
3 225 3421 3423
3 870 3422 3421
3 3421 3422 3423
3 3422 869 3423
3 869 3422 3420
3 870 3424 3422
3 3422 3424 3420
3 3424 609 3420
3 870 3425 3424
3 158 2393 3425
3 3425 2393 3424
3 2393 609 3424
3 158 3425 3415
3 870 3426 3425
3 3425 3426 3415
3 3426 868 3415
3 225 3427 3421
3 871 3428 3427
3 3427 3428 3421
3 3428 870 3421
3 870 3428 3426
3 871 3429 3428
3 3428 3429 3426
3 3429 868 3426
3 871 3430 3429
3 221 3418 3430
3 3430 3418 3429
3 3418 868 3429
3 225 3431 3427
3 872 3432 3431
3 3431 3432 3427
3 3432 871 3427
3 60 3353 3434
3 855 3433 3353
3 3353 3433 3434
3 3433 872 3434
3 872 3433 3432
3 855 3435 3433
3 3433 3435 3432
3 3435 871 3432
3 855 3359 3435
3 221 3430 3359
3 3359 3430 3435
3 3430 871 3435
3 0 2839 2338
3 725 3436 2839
3 2839 3436 2338
3 3436 594 2338
3 190 3437 2844
3 873 3438 3437
3 3437 3438 2844
3 3438 725 2844
3 725 3438 3436
3 873 3439 3438
3 3438 3439 3436
3 3439 594 3436
3 873 3440 3439
3 154 2342 3440
3 3440 2342 3439
3 2342 594 3439
3 53 3441 2859
3 874 3442 3441
3 3441 3442 2859
3 3442 730 2859
3 226 3443 3445
3 875 3444 3443
3 3443 3444 3445
3 3444 874 3445
3 874 3444 3442
3 875 3446 3444
3 3444 3446 3442
3 3446 730 3442
3 875 3447 3446
3 190 2863 3447
3 3447 2863 3446
3 2863 730 3446
3 190 3447 3437
3 875 3448 3447
3 3447 3448 3437
3 3448 873 3437
3 226 3449 3443
3 876 3450 3449
3 3449 3450 3443
3 3450 875 3443
3 875 3450 3448
3 876 3451 3450
3 3450 3451 3448
3 3451 873 3448
3 876 3452 3451
3 154 3440 3452
3 3452 3440 3451
3 3440 873 3451
3 226 3453 3449
3 877 3454 3453
3 3453 3454 3449
3 3454 876 3449
3 42 2347 3456
3 598 3455 2347
3 2347 3455 3456
3 3455 877 3456
3 877 3455 3454
3 598 3457 3455
3 3455 3457 3454
3 3457 876 3454
3 598 2353 3457
3 154 3452 2353
3 2353 3452 3457
3 3452 876 3457
3 42 3456 3419
3 877 3458 3456
3 3456 3458 3419
3 3458 869 3419
3 226 3459 3453
3 878 3460 3459
3 3459 3460 3453
3 3460 877 3453
3 877 3460 3458
3 878 3461 3460
3 3460 3461 3458
3 3461 869 3458
3 878 3462 3461
3 225 3423 3462
3 3462 3423 3461
3 3423 869 3461
3 53 3463 3441
3 879 3464 3463
3 3463 3464 3441
3 3464 874 3441
3 227 3465 3467
3 880 3466 3465
3 3465 3466 3467
3 3466 879 3467
3 879 3466 3464
3 880 3468 3466
3 3466 3468 3464
3 3468 874 3464
3 880 3469 3468
3 226 3445 3469
3 3469 3445 3468
3 3445 874 3468
3 226 3469 3459
3 880 3470 3469
3 3469 3470 3459
3 3470 878 3459
3 227 3471 3465
3 881 3472 3471
3 3471 3472 3465
3 3472 880 3465
3 880 3472 3470
3 881 3473 3472
3 3472 3473 3470
3 3473 878 3470
3 881 3474 3473
3 225 3462 3474
3 3474 3462 3473
3 3462 878 3473
3 227 3475 3471
3 882 3476 3475
3 3475 3476 3471
3 3476 881 3471
3 60 3434 3478
3 872 3477 3434
3 3434 3477 3478
3 3477 882 3478
3 882 3477 3476
3 872 3479 3477
3 3477 3479 3476
3 3479 881 3476
3 872 3431 3479
3 225 3474 3431
3 3431 3474 3479
3 3474 881 3479
3 53 2936 3463
3 749 3480 2936
3 2936 3480 3463
3 3480 879 3463
3 195 3481 2933
3 883 3482 3481
3 3481 3482 2933
3 3482 749 2933
3 749 3482 3480
3 883 3483 3482
3 3482 3483 3480
3 3483 879 3480
3 883 3484 3483
3 227 3467 3484
3 3484 3467 3483
3 3467 879 3483
3 15 3400 2919
3 866 3485 3400
3 3400 3485 2919
3 3485 745 2919
3 224 3486 3405
3 884 3487 3486
3 3486 3487 3405
3 3487 866 3405
3 866 3487 3485
3 884 3488 3487
3 3487 3488 3485
3 3488 745 3485
3 884 3489 3488
3 195 2924 3489
3 3489 2924 3488
3 2924 745 3488
3 195 3489 3481
3 884 3490 3489
3 3489 3490 3481
3 3490 883 3481
3 224 3491 3486
3 885 3492 3491
3 3491 3492 3486
3 3492 884 3486
3 884 3492 3490
3 885 3493 3492
3 3492 3493 3490
3 3493 883 3490
3 885 3494 3493
3 227 3484 3494
3 3494 3484 3493
3 3484 883 3493
3 224 3396 3491
3 863 3495 3396
3 3396 3495 3491
3 3495 885 3491
3 60 3478 3392
3 882 3496 3478
3 3478 3496 3392
3 3496 863 3392
3 863 3496 3495
3 882 3497 3496
3 3496 3497 3495
3 3497 885 3495
3 882 3475 3497
3 227 3494 3475
3 3475 3494 3497
3 3494 885 3497
3 2 1874 3499
3 477 3498 1874
3 1874 3498 3499
3 3498 887 3499
3 125 3500 1880
3 886 3501 3500
3 3500 3501 1880
3 3501 477 1880
3 477 3501 3498
3 886 3502 3501
3 3501 3502 3498
3 3502 887 3498
3 886 3503 3502
3 229 3504 3503
3 3503 3504 3502
3 3504 887 3502
3 33 3505 1897
3 888 3506 3505
3 3505 3506 1897
3 3506 483 1897
3 228 3507 3509
3 889 3508 3507
3 3507 3508 3509
3 3508 888 3509
3 888 3508 3506
3 889 3510 3508
3 3508 3510 3506
3 3510 483 3506
3 889 3511 3510
3 125 1901 3511
3 3511 1901 3510
3 1901 483 3510
3 125 3511 3500
3 889 3512 3511
3 3511 3512 3500
3 3512 886 3500
3 228 3513 3507
3 890 3514 3513
3 3513 3514 3507
3 3514 889 3507
3 889 3514 3512
3 890 3515 3514
3 3514 3515 3512
3 3515 886 3512
3 890 3516 3515
3 229 3503 3516
3 3516 3503 3515
3 3503 886 3515
3 228 3517 3513
3 891 3518 3517
3 3517 3518 3513
3 3518 890 3513
3 62 3519 3521
3 892 3520 3519
3 3519 3520 3521
3 3520 891 3521
3 891 3520 3518
3 892 3522 3520
3 3520 3522 3518
3 3522 890 3518
3 892 3523 3522
3 229 3516 3523
3 3523 3516 3522
3 3516 890 3522
3 9 3524 1846
3 893 3525 3524
3 3524 3525 1846
3 3525 468 1846
3 230 3526 3528
3 894 3527 3526
3 3526 3527 3528
3 3527 893 3528
3 893 3527 3525
3 894 3529 3527
3 3527 3529 3525
3 3529 468 3525
3 894 3530 3529
3 121 1850 3530
3 3530 1850 3529
3 1850 468 3529
3 61 3531 3533
3 895 3532 3531
3 3531 3532 3533
3 3532 897 3533
3 231 3534 3536
3 896 3535 3534
3 3534 3535 3536
3 3535 895 3536
3 895 3535 3532
3 896 3537 3535
3 3535 3537 3532
3 3537 897 3532
3 896 3538 3537
3 230 3539 3538
3 3538 3539 3537
3 3539 897 3537
3 230 3538 3526
3 896 3540 3538
3 3538 3540 3526
3 3540 894 3526
3 231 3541 3534
3 898 3542 3541
3 3541 3542 3534
3 3542 896 3534
3 896 3542 3540
3 898 3543 3542
3 3542 3543 3540
3 3543 894 3540
3 898 3544 3543
3 121 3530 3544
3 3544 3530 3543
3 3530 894 3543
3 231 3545 3541
3 899 3546 3545
3 3545 3546 3541
3 3546 898 3541
3 33 1855 3548
3 472 3547 1855
3 1855 3547 3548
3 3547 899 3548
3 899 3547 3546
3 472 3549 3547
3 3547 3549 3546
3 3549 898 3546
3 472 1861 3549
3 121 3544 1861
3 1861 3544 3549
3 3544 898 3549
3 33 3548 3505
3 899 3550 3548
3 3548 3550 3505
3 3550 888 3505
3 231 3551 3545
3 900 3552 3551
3 3551 3552 3545
3 3552 899 3545
3 899 3552 3550
3 900 3553 3552
3 3552 3553 3550
3 3553 888 3550
3 900 3554 3553
3 228 3509 3554
3 3554 3509 3553
3 3509 888 3553
3 61 3555 3531
3 901 3556 3555
3 3555 3556 3531
3 3556 895 3531
3 232 3557 3559
3 902 3558 3557
3 3557 3558 3559
3 3558 901 3559
3 901 3558 3556
3 902 3560 3558
3 3558 3560 3556
3 3560 895 3556
3 902 3561 3560
3 231 3536 3561
3 3561 3536 3560
3 3536 895 3560
3 231 3561 3551
3 902 3562 3561
3 3561 3562 3551
3 3562 900 3551
3 232 3563 3557
3 903 3564 3563
3 3563 3564 3557
3 3564 902 3557
3 902 3564 3562
3 903 3565 3564
3 3564 3565 3562
3 3565 900 3562
3 903 3566 3565
3 228 3554 3566
3 3566 3554 3565
3 3554 900 3565
3 232 3567 3563
3 904 3568 3567
3 3567 3568 3563
3 3568 903 3563
3 62 3521 3570
3 891 3569 3521
3 3521 3569 3570
3 3569 904 3570
3 904 3569 3568
3 891 3571 3569
3 3569 3571 3568
3 3571 903 3568
3 891 3517 3571
3 228 3566 3517
3 3517 3566 3571
3 3566 903 3571
3 61 3572 3555
3 905 3573 3572
3 3572 3573 3555
3 3573 901 3555
3 233 3574 3576
3 906 3575 3574
3 3574 3575 3576
3 3575 905 3576
3 905 3575 3573
3 906 3577 3575
3 3575 3577 3573
3 3577 901 3573
3 906 3578 3577
3 232 3559 3578
3 3578 3559 3577
3 3559 901 3577
3 19 3579 3581
3 907 3580 3579
3 3579 3580 3581
3 3580 909 3581
3 234 3582 3584
3 908 3583 3582
3 3582 3583 3584
3 3583 907 3584
3 907 3583 3580
3 908 3585 3583
3 3583 3585 3580
3 3585 909 3580
3 908 3586 3585
3 233 3587 3586
3 3586 3587 3585
3 3587 909 3585
3 233 3586 3574
3 908 3588 3586
3 3586 3588 3574
3 3588 906 3574
3 234 3589 3582
3 910 3590 3589
3 3589 3590 3582
3 3590 908 3582
3 908 3590 3588
3 910 3591 3590
3 3590 3591 3588
3 3591 906 3588
3 910 3592 3591
3 232 3578 3592
3 3592 3578 3591
3 3578 906 3591
3 234 3593 3589
3 911 3594 3593
3 3593 3594 3589
3 3594 910 3589
3 62 3570 3596
3 904 3595 3570
3 3570 3595 3596
3 3595 911 3596
3 911 3595 3594
3 904 3597 3595
3 3595 3597 3594
3 3597 910 3594
3 904 3567 3597
3 232 3592 3567
3 3567 3592 3597
3 3592 910 3597
3 1 3598 1646
3 912 3599 3598
3 3598 3599 1646
3 3599 416 1646
3 235 3600 3602
3 913 3601 3600
3 3600 3601 3602
3 3601 912 3602
3 912 3601 3599
3 913 3603 3601
3 3601 3603 3599
3 3603 416 3599
3 913 3604 3603
3 107 1651 3604
3 3604 1651 3603
3 1651 416 3603
3 63 3605 3607
3 914 3606 3605
3 3605 3606 3607
3 3606 916 3607
3 236 3608 3610
3 915 3609 3608
3 3608 3609 3610
3 3609 914 3610
3 914 3609 3606
3 915 3611 3609
3 3609 3611 3606
3 3611 916 3606
3 915 3612 3611
3 235 3613 3612
3 3612 3613 3611
3 3613 916 3611
3 235 3612 3600
3 915 3614 3612
3 3612 3614 3600
3 3614 913 3600
3 236 3615 3608
3 917 3616 3615
3 3615 3616 3608
3 3616 915 3608
3 915 3616 3614
3 917 3617 3616
3 3616 3617 3614
3 3617 913 3614
3 917 3618 3617
3 107 3604 3618
3 3618 3604 3617
3 3604 913 3617
3 236 3619 3615
3 918 3620 3619
3 3619 3620 3615
3 3620 917 3615
3 29 1657 3622
3 421 3621 1657
3 1657 3621 3622
3 3621 918 3622
3 918 3621 3620
3 421 3623 3621
3 3621 3623 3620
3 3623 917 3620
3 421 1663 3623
3 107 3618 1663
3 1663 3618 3623
3 3618 917 3623
3 18 3624 3626
3 919 3625 3624
3 3624 3625 3626
3 3625 921 3626
3 237 3627 3629
3 920 3628 3627
3 3627 3628 3629
3 3628 919 3629
3 919 3628 3625
3 920 3630 3628
3 3628 3630 3625
3 3630 921 3625
3 920 3631 3630
3 239 3632 3631
3 3631 3632 3630
3 3632 921 3630
3 64 3633 3635
3 922 3634 3633
3 3633 3634 3635
3 3634 924 3635
3 238 3636 3638
3 923 3637 3636
3 3636 3637 3638
3 3637 922 3638
3 922 3637 3634
3 923 3639 3637
3 3637 3639 3634
3 3639 924 3634
3 923 3640 3639
3 237 3641 3640
3 3640 3641 3639
3 3641 924 3639
3 237 3640 3627
3 923 3642 3640
3 3640 3642 3627
3 3642 920 3627
3 238 3643 3636
3 925 3644 3643
3 3643 3644 3636
3 3644 923 3636
3 923 3644 3642
3 925 3645 3644
3 3644 3645 3642
3 3645 920 3642
3 925 3646 3645
3 239 3631 3646
3 3646 3631 3645
3 3631 920 3645
3 238 3647 3643
3 926 3648 3647
3 3647 3648 3643
3 3648 925 3643
3 63 3649 3651
3 927 3650 3649
3 3649 3650 3651
3 3650 926 3651
3 926 3650 3648
3 927 3652 3650
3 3650 3652 3648
3 3652 925 3648
3 927 3653 3652
3 239 3646 3653
3 3653 3646 3652
3 3646 925 3652
3 63 3651 3605
3 926 3654 3651
3 3651 3654 3605
3 3654 914 3605
3 238 3655 3647
3 928 3656 3655
3 3655 3656 3647
3 3656 926 3647
3 926 3656 3654
3 928 3657 3656
3 3656 3657 3654
3 3657 914 3654
3 928 3658 3657
3 236 3610 3658
3 3658 3610 3657
3 3610 914 3657
3 64 3659 3633
3 929 3660 3659
3 3659 3660 3633
3 3660 922 3633
3 240 3661 3663
3 930 3662 3661
3 3661 3662 3663
3 3662 929 3663
3 929 3662 3660
3 930 3664 3662
3 3662 3664 3660
3 3664 922 3660
3 930 3665 3664
3 238 3638 3665
3 3665 3638 3664
3 3638 922 3664
3 238 3665 3655
3 930 3666 3665
3 3665 3666 3655
3 3666 928 3655
3 240 3667 3661
3 931 3668 3667
3 3667 3668 3661
3 3668 930 3661
3 930 3668 3666
3 931 3669 3668
3 3668 3669 3666
3 3669 928 3666
3 931 3670 3669
3 236 3658 3670
3 3670 3658 3669
3 3658 928 3669
3 240 3671 3667
3 932 3672 3671
3 3671 3672 3667
3 3672 931 3667
3 29 3622 3674
3 918 3673 3622
3 3622 3673 3674
3 3673 932 3674
3 932 3673 3672
3 918 3675 3673
3 3673 3675 3672
3 3675 931 3672
3 918 3619 3675
3 236 3670 3619
3 3619 3670 3675
3 3670 931 3675
3 64 3676 3659
3 933 3677 3676
3 3676 3677 3659
3 3677 929 3659
3 241 3678 3680
3 934 3679 3678
3 3678 3679 3680
3 3679 933 3680
3 933 3679 3677
3 934 3681 3679
3 3679 3681 3677
3 3681 929 3677
3 934 3682 3681
3 240 3663 3682
3 3682 3663 3681
3 3663 929 3681
3 9 1678 3684
3 427 3683 1678
3 1678 3683 3684
3 3683 936 3684
3 112 3685 1684
3 935 3686 3685
3 3685 3686 1684
3 3686 427 1684
3 427 3686 3683
3 935 3687 3686
3 3686 3687 3683
3 3687 936 3683
3 935 3688 3687
3 241 3689 3688
3 3688 3689 3687
3 3689 936 3687
3 241 3688 3678
3 935 3690 3688
3 3688 3690 3678
3 3690 934 3678
3 112 3691 3685
3 937 3692 3691
3 3691 3692 3685
3 3692 935 3685
3 935 3692 3690
3 937 3693 3692
3 3692 3693 3690
3 3693 934 3690
3 937 3694 3693
3 240 3682 3694
3 3694 3682 3693
3 3682 934 3693
3 112 1705 3691
3 433 3695 1705
3 1705 3695 3691
3 3695 937 3691
3 29 3674 1701
3 932 3696 3674
3 3674 3696 1701
3 3696 433 1701
3 433 3696 3695
3 932 3697 3696
3 3696 3697 3695
3 3697 937 3695
3 932 3671 3697
3 240 3694 3671
3 3671 3694 3697
3 3694 937 3697
3 9 3684 3524
3 936 3698 3684
3 3684 3698 3524
3 3698 893 3524
3 241 3699 3689
3 938 3700 3699
3 3699 3700 3689
3 3700 936 3689
3 936 3700 3698
3 938 3701 3700
3 3700 3701 3698
3 3701 893 3698
3 938 3702 3701
3 230 3528 3702
3 3702 3528 3701
3 3528 893 3701
3 64 3703 3676
3 939 3704 3703
3 3703 3704 3676
3 3704 933 3676
3 242 3705 3707
3 940 3706 3705
3 3705 3706 3707
3 3706 939 3707
3 939 3706 3704
3 940 3708 3706
3 3706 3708 3704
3 3708 933 3704
3 940 3709 3708
3 241 3680 3709
3 3709 3680 3708
3 3680 933 3708
3 241 3709 3699
3 940 3710 3709
3 3709 3710 3699
3 3710 938 3699
3 242 3711 3705
3 941 3712 3711
3 3711 3712 3705
3 3712 940 3705
3 940 3712 3710
3 941 3713 3712
3 3712 3713 3710
3 3713 938 3710
3 941 3714 3713
3 230 3702 3714
3 3714 3702 3713
3 3702 938 3713
3 242 3715 3711
3 942 3716 3715
3 3715 3716 3711
3 3716 941 3711
3 61 3533 3718
3 897 3717 3533
3 3533 3717 3718
3 3717 942 3718
3 942 3717 3716
3 897 3719 3717
3 3717 3719 3716
3 3719 941 3716
3 897 3539 3719
3 230 3714 3539
3 3539 3714 3719
3 3714 941 3719
3 18 3720 3624
3 943 3721 3720
3 3720 3721 3624
3 3721 919 3624
3 243 3722 3724
3 944 3723 3722
3 3722 3723 3724
3 3723 943 3724
3 943 3723 3721
3 944 3725 3723
3 3723 3725 3721
3 3725 919 3721
3 944 3726 3725
3 237 3629 3726
3 3726 3629 3725
3 3629 919 3725
3 65 3727 3729
3 945 3728 3727
3 3727 3728 3729
3 3728 947 3729
3 244 3730 3732
3 946 3731 3730
3 3730 3731 3732
3 3731 945 3732
3 945 3731 3728
3 946 3733 3731
3 3731 3733 3728
3 3733 947 3728
3 946 3734 3733
3 243 3735 3734
3 3734 3735 3733
3 3735 947 3733
3 243 3734 3722
3 946 3736 3734
3 3734 3736 3722
3 3736 944 3722
3 244 3737 3730
3 948 3738 3737
3 3737 3738 3730
3 3738 946 3730
3 946 3738 3736
3 948 3739 3738
3 3738 3739 3736
3 3739 944 3736
3 948 3740 3739
3 237 3726 3740
3 3740 3726 3739
3 3726 944 3739
3 244 3741 3737
3 949 3742 3741
3 3741 3742 3737
3 3742 948 3737
3 64 3635 3744
3 924 3743 3635
3 3635 3743 3744
3 3743 949 3744
3 949 3743 3742
3 924 3745 3743
3 3743 3745 3742
3 3745 948 3742
3 924 3641 3745
3 237 3740 3641
3 3641 3740 3745
3 3740 948 3745
3 64 3744 3703
3 949 3746 3744
3 3744 3746 3703
3 3746 939 3703
3 244 3747 3741
3 950 3748 3747
3 3747 3748 3741
3 3748 949 3741
3 949 3748 3746
3 950 3749 3748
3 3748 3749 3746
3 3749 939 3746
3 950 3750 3749
3 242 3707 3750
3 3750 3707 3749
3 3707 939 3749
3 65 3751 3727
3 951 3752 3751
3 3751 3752 3727
3 3752 945 3727
3 245 3753 3755
3 952 3754 3753
3 3753 3754 3755
3 3754 951 3755
3 951 3754 3752
3 952 3756 3754
3 3754 3756 3752
3 3756 945 3752
3 952 3757 3756
3 244 3732 3757
3 3757 3732 3756
3 3732 945 3756
3 244 3757 3747
3 952 3758 3757
3 3757 3758 3747
3 3758 950 3747
3 245 3759 3753
3 953 3760 3759
3 3759 3760 3753
3 3760 952 3753
3 952 3760 3758
3 953 3761 3760
3 3760 3761 3758
3 3761 950 3758
3 953 3762 3761
3 242 3750 3762
3 3762 3750 3761
3 3750 950 3761
3 245 3763 3759
3 954 3764 3763
3 3763 3764 3759
3 3764 953 3759
3 61 3718 3766
3 942 3765 3718
3 3718 3765 3766
3 3765 954 3766
3 954 3765 3764
3 942 3767 3765
3 3765 3767 3764
3 3767 953 3764
3 942 3715 3767
3 242 3762 3715
3 3715 3762 3767
3 3762 953 3767
3 65 3768 3751
3 955 3769 3768
3 3768 3769 3751
3 3769 951 3751
3 246 3770 3772
3 956 3771 3770
3 3770 3771 3772
3 3771 955 3772
3 955 3771 3769
3 956 3773 3771
3 3771 3773 3769
3 3773 951 3769
3 956 3774 3773
3 245 3755 3774
3 3774 3755 3773
3 3755 951 3773
3 19 3581 3776
3 909 3775 3581
3 3581 3775 3776
3 3775 958 3776
3 233 3777 3587
3 957 3778 3777
3 3777 3778 3587
3 3778 909 3587
3 909 3778 3775
3 957 3779 3778
3 3778 3779 3775
3 3779 958 3775
3 957 3780 3779
3 246 3781 3780
3 3780 3781 3779
3 3781 958 3779
3 246 3780 3770
3 957 3782 3780
3 3780 3782 3770
3 3782 956 3770
3 233 3783 3777
3 959 3784 3783
3 3783 3784 3777
3 3784 957 3777
3 957 3784 3782
3 959 3785 3784
3 3784 3785 3782
3 3785 956 3782
3 959 3786 3785
3 245 3774 3786
3 3786 3774 3785
3 3774 956 3785
3 233 3576 3783
3 905 3787 3576
3 3576 3787 3783
3 3787 959 3783
3 61 3766 3572
3 954 3788 3766
3 3766 3788 3572
3 3788 905 3572
3 905 3788 3787
3 954 3789 3788
3 3788 3789 3787
3 3789 959 3787
3 954 3763 3789
3 245 3786 3763
3 3763 3786 3789
3 3786 959 3789
3 18 3790 3720
3 960 3791 3790
3 3790 3791 3720
3 3791 943 3720
3 247 3792 3794
3 961 3793 3792
3 3792 3793 3794
3 3793 960 3794
3 960 3793 3791
3 961 3795 3793
3 3793 3795 3791
3 3795 943 3791
3 961 3796 3795
3 243 3724 3796
3 3796 3724 3795
3 3724 943 3795
3 66 3797 3799
3 962 3798 3797
3 3797 3798 3799
3 3798 964 3799
3 248 3800 3802
3 963 3801 3800
3 3800 3801 3802
3 3801 962 3802
3 962 3801 3798
3 963 3803 3801
3 3801 3803 3798
3 3803 964 3798
3 963 3804 3803
3 247 3805 3804
3 3804 3805 3803
3 3805 964 3803
3 247 3804 3792
3 963 3806 3804
3 3804 3806 3792
3 3806 961 3792
3 248 3807 3800
3 965 3808 3807
3 3807 3808 3800
3 3808 963 3800
3 963 3808 3806
3 965 3809 3808
3 3808 3809 3806
3 3809 961 3806
3 965 3810 3809
3 243 3796 3810
3 3810 3796 3809
3 3796 961 3809
3 248 3811 3807
3 966 3812 3811
3 3811 3812 3807
3 3812 965 3807
3 65 3729 3814
3 947 3813 3729
3 3729 3813 3814
3 3813 966 3814
3 966 3813 3812
3 947 3815 3813
3 3813 3815 3812
3 3815 965 3812
3 947 3735 3815
3 243 3810 3735
3 3735 3810 3815
3 3810 965 3815
3 6 3816 3818
3 967 3817 3816
3 3816 3817 3818
3 3817 969 3818
3 249 3819 3821
3 968 3820 3819
3 3819 3820 3821
3 3820 967 3821
3 967 3820 3817
3 968 3822 3820
3 3820 3822 3817
3 3822 969 3817
3 968 3823 3822
3 251 3824 3823
3 3823 3824 3822
3 3824 969 3822
3 67 3825 3827
3 970 3826 3825
3 3825 3826 3827
3 3826 972 3827
3 250 3828 3830
3 971 3829 3828
3 3828 3829 3830
3 3829 970 3830
3 970 3829 3826
3 971 3831 3829
3 3829 3831 3826
3 3831 972 3826
3 971 3832 3831
3 249 3833 3832
3 3832 3833 3831
3 3833 972 3831
3 249 3832 3819
3 971 3834 3832
3 3832 3834 3819
3 3834 968 3819
3 250 3835 3828
3 973 3836 3835
3 3835 3836 3828
3 3836 971 3828
3 971 3836 3834
3 973 3837 3836
3 3836 3837 3834
3 3837 968 3834
3 973 3838 3837
3 251 3823 3838
3 3838 3823 3837
3 3823 968 3837
3 250 3839 3835
3 974 3840 3839
3 3839 3840 3835
3 3840 973 3835
3 66 3841 3843
3 975 3842 3841
3 3841 3842 3843
3 3842 974 3843
3 974 3842 3840
3 975 3844 3842
3 3842 3844 3840
3 3844 973 3840
3 975 3845 3844
3 251 3838 3845
3 3845 3838 3844
3 3838 973 3844
3 66 3843 3797
3 974 3846 3843
3 3843 3846 3797
3 3846 962 3797
3 250 3847 3839
3 976 3848 3847
3 3847 3848 3839
3 3848 974 3839
3 974 3848 3846
3 976 3849 3848
3 3848 3849 3846
3 3849 962 3846
3 976 3850 3849
3 248 3802 3850
3 3850 3802 3849
3 3802 962 3849
3 67 3851 3825
3 977 3852 3851
3 3851 3852 3825
3 3852 970 3825
3 252 3853 3855
3 978 3854 3853
3 3853 3854 3855
3 3854 977 3855
3 977 3854 3852
3 978 3856 3854
3 3854 3856 3852
3 3856 970 3852
3 978 3857 3856
3 250 3830 3857
3 3857 3830 3856
3 3830 970 3856
3 250 3857 3847
3 978 3858 3857
3 3857 3858 3847
3 3858 976 3847
3 252 3859 3853
3 979 3860 3859
3 3859 3860 3853
3 3860 978 3853
3 978 3860 3858
3 979 3861 3860
3 3860 3861 3858
3 3861 976 3858
3 979 3862 3861
3 248 3850 3862
3 3862 3850 3861
3 3850 976 3861
3 252 3863 3859
3 980 3864 3863
3 3863 3864 3859
3 3864 979 3859
3 65 3814 3866
3 966 3865 3814
3 3814 3865 3866
3 3865 980 3866
3 980 3865 3864
3 966 3867 3865
3 3865 3867 3864
3 3867 979 3864
3 966 3811 3867
3 248 3862 3811
3 3811 3862 3867
3 3862 979 3867
3 67 3868 3851
3 981 3869 3868
3 3868 3869 3851
3 3869 977 3851
3 253 3870 3872
3 982 3871 3870
3 3870 3871 3872
3 3871 981 3872
3 981 3871 3869
3 982 3873 3871
3 3871 3873 3869
3 3873 977 3869
3 982 3874 3873
3 252 3855 3874
3 3874 3855 3873
3 3855 977 3873
3 19 3776 3876
3 958 3875 3776
3 3776 3875 3876
3 3875 984 3876
3 246 3877 3781
3 983 3878 3877
3 3877 3878 3781
3 3878 958 3781
3 958 3878 3875
3 983 3879 3878
3 3878 3879 3875
3 3879 984 3875
3 983 3880 3879
3 253 3881 3880
3 3880 3881 3879
3 3881 984 3879
3 253 3880 3870
3 983 3882 3880
3 3880 3882 3870
3 3882 982 3870
3 246 3883 3877
3 985 3884 3883
3 3883 3884 3877
3 3884 983 3877
3 983 3884 3882
3 985 3885 3884
3 3884 3885 3882
3 3885 982 3882
3 985 3886 3885
3 252 3874 3886
3 3886 3874 3885
3 3874 982 3885
3 246 3772 3883
3 955 3887 3772
3 3772 3887 3883
3 3887 985 3883
3 65 3866 3768
3 980 3888 3866
3 3866 3888 3768
3 3888 955 3768
3 955 3888 3887
3 980 3889 3888
3 3888 3889 3887
3 3889 985 3887
3 980 3863 3889
3 252 3886 3863
3 3863 3886 3889
3 3886 985 3889
3 1 2665 3598
3 680 3890 2665
3 2665 3890 3598
3 3890 912 3598
3 178 3891 2670
3 986 3892 3891
3 3891 3892 2670
3 3892 680 2670
3 680 3892 3890
3 986 3893 3892
3 3892 3893 3890
3 3893 912 3890
3 986 3894 3893
3 235 3602 3894
3 3894 3602 3893
3 3602 912 3893
3 48 3895 2685
3 987 3896 3895
3 3895 3896 2685
3 3896 685 2685
3 254 3897 3899
3 988 3898 3897
3 3897 3898 3899
3 3898 987 3899
3 987 3898 3896
3 988 3900 3898
3 3898 3900 3896
3 3900 685 3896
3 988 3901 3900
3 178 2689 3901
3 3901 2689 3900
3 2689 685 3900
3 178 3901 3891
3 988 3902 3901
3 3901 3902 3891
3 3902 986 3891
3 254 3903 3897
3 989 3904 3903
3 3903 3904 3897
3 3904 988 3897
3 988 3904 3902
3 989 3905 3904
3 3904 3905 3902
3 3905 986 3902
3 989 3906 3905
3 235 3894 3906
3 3906 3894 3905
3 3894 986 3905
3 254 3907 3903
3 990 3908 3907
3 3907 3908 3903
3 3908 989 3903
3 63 3607 3910
3 916 3909 3607
3 3607 3909 3910
3 3909 990 3910
3 990 3909 3908
3 916 3911 3909
3 3909 3911 3908
3 3911 989 3908
3 916 3613 3911
3 235 3906 3613
3 3613 3906 3911
3 3906 989 3911
3 14 3912 2638
3 991 3913 3912
3 3912 3913 2638
3 3913 672 2638
3 255 3914 3916
3 992 3915 3914
3 3914 3915 3916
3 3915 991 3916
3 991 3915 3913
3 992 3917 3915
3 3915 3917 3913
3 3917 672 3913
3 992 3918 3917
3 175 2642 3918
3 3918 2642 3917
3 2642 672 3917
3 68 3919 3921
3 993 3920 3919
3 3919 3920 3921
3 3920 995 3921
3 256 3922 3924
3 994 3923 3922
3 3922 3923 3924
3 3923 993 3924
3 993 3923 3920
3 994 3925 3923
3 3923 3925 3920
3 3925 995 3920
3 994 3926 3925
3 255 3927 3926
3 3926 3927 3925
3 3927 995 3925
3 255 3926 3914
3 994 3928 3926
3 3926 3928 3914
3 3928 992 3914
3 256 3929 3922
3 996 3930 3929
3 3929 3930 3922
3 3930 994 3922
3 994 3930 3928
3 996 3931 3930
3 3930 3931 3928
3 3931 992 3928
3 996 3932 3931
3 175 3918 3932
3 3932 3918 3931
3 3918 992 3931
3 256 3933 3929
3 997 3934 3933
3 3933 3934 3929
3 3934 996 3929
3 48 2647 3936
3 676 3935 2647
3 2647 3935 3936
3 3935 997 3936
3 997 3935 3934
3 676 3937 3935
3 3935 3937 3934
3 3937 996 3934
3 676 2653 3937
3 175 3932 2653
3 2653 3932 3937
3 3932 996 3937
3 48 3936 3895
3 997 3938 3936
3 3936 3938 3895
3 3938 987 3895
3 256 3939 3933
3 998 3940 3939
3 3939 3940 3933
3 3940 997 3933
3 997 3940 3938
3 998 3941 3940
3 3940 3941 3938
3 3941 987 3938
3 998 3942 3941
3 254 3899 3942
3 3942 3899 3941
3 3899 987 3941
3 68 3943 3919
3 999 3944 3943
3 3943 3944 3919
3 3944 993 3919
3 257 3945 3947
3 1000 3946 3945
3 3945 3946 3947
3 3946 999 3947
3 999 3946 3944
3 1000 3948 3946
3 3946 3948 3944
3 3948 993 3944
3 1000 3949 3948
3 256 3924 3949
3 3949 3924 3948
3 3924 993 3948
3 256 3949 3939
3 1000 3950 3949
3 3949 3950 3939
3 3950 998 3939
3 257 3951 3945
3 1001 3952 3951
3 3951 3952 3945
3 3952 1000 3945
3 1000 3952 3950
3 1001 3953 3952
3 3952 3953 3950
3 3953 998 3950
3 1001 3954 3953
3 254 3942 3954
3 3954 3942 3953
3 3942 998 3953
3 257 3955 3951
3 1002 3956 3955
3 3955 3956 3951
3 3956 1001 3951
3 63 3910 3958
3 990 3957 3910
3 3910 3957 3958
3 3957 1002 3958
3 1002 3957 3956
3 990 3959 3957
3 3957 3959 3956
3 3959 1001 3956
3 990 3907 3959
3 254 3954 3907
3 3907 3954 3959
3 3954 1001 3959
3 68 3960 3943
3 1003 3961 3960
3 3960 3961 3943
3 3961 999 3943
3 258 3962 3964
3 1004 3963 3962
3 3962 3963 3964
3 3963 1003 3964
3 1003 3963 3961
3 1004 3965 3963
3 3963 3965 3961
3 3965 999 3961
3 1004 3966 3965
3 257 3947 3966
3 3966 3947 3965
3 3947 999 3965
3 18 3626 3968
3 921 3967 3626
3 3626 3967 3968
3 3967 1006 3968
3 239 3969 3632
3 1005 3970 3969
3 3969 3970 3632
3 3970 921 3632
3 921 3970 3967
3 1005 3971 3970
3 3970 3971 3967
3 3971 1006 3967
3 1005 3972 3971
3 258 3973 3972
3 3972 3973 3971
3 3973 1006 3971
3 258 3972 3962
3 1005 3974 3972
3 3972 3974 3962
3 3974 1004 3962
3 239 3975 3969
3 1007 3976 3975
3 3975 3976 3969
3 3976 1005 3969
3 1005 3976 3974
3 1007 3977 3976
3 3976 3977 3974
3 3977 1004 3974
3 1007 3978 3977
3 257 3966 3978
3 3978 3966 3977
3 3966 1004 3977
3 239 3653 3975
3 927 3979 3653
3 3653 3979 3975
3 3979 1007 3975
3 63 3958 3649
3 1002 3980 3958
3 3958 3980 3649
3 3980 927 3649
3 927 3980 3979
3 1002 3981 3980
3 3980 3981 3979
3 3981 1007 3979
3 1002 3955 3981
3 257 3978 3955
3 3955 3978 3981
3 3978 1007 3981
3 4 3982 2438
3 1008 3983 3982
3 3982 3983 2438
3 3983 620 2438
3 259 3984 3986
3 1009 3985 3984
3 3984 3985 3986
3 3985 1008 3986
3 1008 3985 3983
3 1009 3987 3985
3 3985 3987 3983
3 3987 620 3983
3 1009 3988 3987
3 161 2443 3988
3 3988 2443 3987
3 2443 620 3987
3 69 3989 3991
3 1010 3990 3989
3 3989 3990 3991
3 3990 1012 3991
3 260 3992 3994
3 1011 3993 3992
3 3992 3993 3994
3 3993 1010 3994
3 1010 3993 3990
3 1011 3995 3993
3 3993 3995 3990
3 3995 1012 3990
3 1011 3996 3995
3 259 3997 3996
3 3996 3997 3995
3 3997 1012 3995
3 259 3996 3984
3 1011 3998 3996
3 3996 3998 3984
3 3998 1009 3984
3 260 3999 3992
3 1013 4000 3999
3 3999 4000 3992
3 4000 1011 3992
3 1011 4000 3998
3 1013 4001 4000
3 4000 4001 3998
3 4001 1009 3998
3 1013 4002 4001
3 161 3988 4002
3 4002 3988 4001
3 3988 1009 4001
3 260 4003 3999
3 1014 4004 4003
3 4003 4004 3999
3 4004 1013 3999
3 44 2449 4006
3 625 4005 2449
3 2449 4005 4006
3 4005 1014 4006
3 1014 4005 4004
3 625 4007 4005
3 4005 4007 4004
3 4007 1013 4004
3 625 2455 4007
3 161 4002 2455
3 2455 4002 4007
3 4002 1013 4007
3 20 4008 4010
3 1015 4009 4008
3 4008 4009 4010
3 4009 1017 4010
3 261 4011 4013
3 1016 4012 4011
3 4011 4012 4013
3 4012 1015 4013
3 1015 4012 4009
3 1016 4014 4012
3 4012 4014 4009
3 4014 1017 4009
3 1016 4015 4014
3 263 4016 4015
3 4015 4016 4014
3 4016 1017 4014
3 70 4017 4019
3 1018 4018 4017
3 4017 4018 4019
3 4018 1020 4019
3 262 4020 4022
3 1019 4021 4020
3 4020 4021 4022
3 4021 1018 4022
3 1018 4021 4018
3 1019 4023 4021
3 4021 4023 4018
3 4023 1020 4018
3 1019 4024 4023
3 261 4025 4024
3 4024 4025 4023
3 4025 1020 4023
3 261 4024 4011
3 1019 4026 4024
3 4024 4026 4011
3 4026 1016 4011
3 262 4027 4020
3 1021 4028 4027
3 4027 4028 4020
3 4028 1019 4020
3 1019 4028 4026
3 1021 4029 4028
3 4028 4029 4026
3 4029 1016 4026
3 1021 4030 4029
3 263 4015 4030
3 4030 4015 4029
3 4015 1016 4029
3 262 4031 4027
3 1022 4032 4031
3 4031 4032 4027
3 4032 1021 4027
3 69 4033 4035
3 1023 4034 4033
3 4033 4034 4035
3 4034 1022 4035
3 1022 4034 4032
3 1023 4036 4034
3 4034 4036 4032
3 4036 1021 4032
3 1023 4037 4036
3 263 4030 4037
3 4037 4030 4036
3 4030 1021 4036
3 69 4035 3989
3 1022 4038 4035
3 4035 4038 3989
3 4038 1010 3989
3 262 4039 4031
3 1024 4040 4039
3 4039 4040 4031
3 4040 1022 4031
3 1022 4040 4038
3 1024 4041 4040
3 4040 4041 4038
3 4041 1010 4038
3 1024 4042 4041
3 260 3994 4042
3 4042 3994 4041
3 3994 1010 4041
3 70 4043 4017
3 1025 4044 4043
3 4043 4044 4017
3 4044 1018 4017
3 264 4045 4047
3 1026 4046 4045
3 4045 4046 4047
3 4046 1025 4047
3 1025 4046 4044
3 1026 4048 4046
3 4046 4048 4044
3 4048 1018 4044
3 1026 4049 4048
3 262 4022 4049
3 4049 4022 4048
3 4022 1018 4048
3 262 4049 4039
3 1026 4050 4049
3 4049 4050 4039
3 4050 1024 4039
3 264 4051 4045
3 1027 4052 4051
3 4051 4052 4045
3 4052 1026 4045
3 1026 4052 4050
3 1027 4053 4052
3 4052 4053 4050
3 4053 1024 4050
3 1027 4054 4053
3 260 4042 4054
3 4054 4042 4053
3 4042 1024 4053
3 264 4055 4051
3 1028 4056 4055
3 4055 4056 4051
3 4056 1027 4051
3 44 4006 4058
3 1014 4057 4006
3 4006 4057 4058
3 4057 1028 4058
3 1028 4057 4056
3 1014 4059 4057
3 4057 4059 4056
3 4059 1027 4056
3 1014 4003 4059
3 260 4054 4003
3 4003 4054 4059
3 4054 1027 4059
3 70 4060 4043
3 1029 4061 4060
3 4060 4061 4043
3 4061 1025 4043
3 265 4062 4064
3 1030 4063 4062
3 4062 4063 4064
3 4063 1029 4064
3 1029 4063 4061
3 1030 4065 4063
3 4063 4065 4061
3 4065 1025 4061
3 1030 4066 4065
3 264 4047 4066
3 4066 4047 4065
3 4047 1025 4065
3 14 2470 4068
3 631 4067 2470
3 2470 4067 4068
3 4067 1032 4068
3 166 4069 2476
3 1031 4070 4069
3 4069 4070 2476
3 4070 631 2476
3 631 4070 4067
3 1031 4071 4070
3 4070 4071 4067
3 4071 1032 4067
3 1031 4072 4071
3 265 4073 4072
3 4072 4073 4071
3 4073 1032 4071
3 265 4072 4062
3 1031 4074 4072
3 4072 4074 4062
3 4074 1030 4062
3 166 4075 4069
3 1033 4076 4075
3 4075 4076 4069
3 4076 1031 4069
3 1031 4076 4074
3 1033 4077 4076
3 4076 4077 4074
3 4077 1030 4074
3 1033 4078 4077
3 264 4066 4078
3 4078 4066 4077
3 4066 1030 4077
3 166 2497 4075
3 637 4079 2497
3 2497 4079 4075
3 4079 1033 4075
3 44 4058 2493
3 1028 4080 4058
3 4058 4080 2493
3 4080 637 2493
3 637 4080 4079
3 1028 4081 4080
3 4080 4081 4079
3 4081 1033 4079
3 1028 4055 4081
3 264 4078 4055
3 4055 4078 4081
3 4078 1033 4081
3 14 4068 3912
3 1032 4082 4068
3 4068 4082 3912
3 4082 991 3912
3 265 4083 4073
3 1034 4084 4083
3 4083 4084 4073
3 4084 1032 4073
3 1032 4084 4082
3 1034 4085 4084
3 4084 4085 4082
3 4085 991 4082
3 1034 4086 4085
3 255 3916 4086
3 4086 3916 4085
3 3916 991 4085
3 70 4087 4060
3 1035 4088 4087
3 4087 4088 4060
3 4088 1029 4060
3 266 4089 4091
3 1036 4090 4089
3 4089 4090 4091
3 4090 1035 4091
3 1035 4090 4088
3 1036 4092 4090
3 4090 4092 4088
3 4092 1029 4088
3 1036 4093 4092
3 265 4064 4093
3 4093 4064 4092
3 4064 1029 4092
3 265 4093 4083
3 1036 4094 4093
3 4093 4094 4083
3 4094 1034 4083
3 266 4095 4089
3 1037 4096 4095
3 4095 4096 4089
3 4096 1036 4089
3 1036 4096 4094
3 1037 4097 4096
3 4096 4097 4094
3 4097 1034 4094
3 1037 4098 4097
3 255 4086 4098
3 4098 4086 4097
3 4086 1034 4097
3 266 4099 4095
3 1038 4100 4099
3 4099 4100 4095
3 4100 1037 4095
3 68 3921 4102
3 995 4101 3921
3 3921 4101 4102
3 4101 1038 4102
3 1038 4101 4100
3 995 4103 4101
3 4101 4103 4100
3 4103 1037 4100
3 995 3927 4103
3 255 4098 3927
3 3927 4098 4103
3 4098 1037 4103
3 20 4104 4008
3 1039 4105 4104
3 4104 4105 4008
3 4105 1015 4008
3 267 4106 4108
3 1040 4107 4106
3 4106 4107 4108
3 4107 1039 4108
3 1039 4107 4105
3 1040 4109 4107
3 4107 4109 4105
3 4109 1015 4105
3 1040 4110 4109
3 261 4013 4110
3 4110 4013 4109
3 4013 1015 4109
3 71 4111 4113
3 1041 4112 4111
3 4111 4112 4113
3 4112 1043 4113
3 268 4114 4116
3 1042 4115 4114
3 4114 4115 4116
3 4115 1041 4116
3 1041 4115 4112
3 1042 4117 4115
3 4115 4117 4112
3 4117 1043 4112
3 1042 4118 4117
3 267 4119 4118
3 4118 4119 4117
3 4119 1043 4117
3 267 4118 4106
3 1042 4120 4118
3 4118 4120 4106
3 4120 1040 4106
3 268 4121 4114
3 1044 4122 4121
3 4121 4122 4114
3 4122 1042 4114
3 1042 4122 4120
3 1044 4123 4122
3 4122 4123 4120
3 4123 1040 4120
3 1044 4124 4123
3 261 4110 4124
3 4124 4110 4123
3 4110 1040 4123
3 268 4125 4121
3 1045 4126 4125
3 4125 4126 4121
3 4126 1044 4121
3 70 4019 4128
3 1020 4127 4019
3 4019 4127 4128
3 4127 1045 4128
3 1045 4127 4126
3 1020 4129 4127
3 4127 4129 4126
3 4129 1044 4126
3 1020 4025 4129
3 261 4124 4025
3 4025 4124 4129
3 4124 1044 4129
3 70 4128 4087
3 1045 4130 4128
3 4128 4130 4087
3 4130 1035 4087
3 268 4131 4125
3 1046 4132 4131
3 4131 4132 4125
3 4132 1045 4125
3 1045 4132 4130
3 1046 4133 4132
3 4132 4133 4130
3 4133 1035 4130
3 1046 4134 4133
3 266 4091 4134
3 4134 4091 4133
3 4091 1035 4133
3 71 4135 4111
3 1047 4136 4135
3 4135 4136 4111
3 4136 1041 4111
3 269 4137 4139
3 1048 4138 4137
3 4137 4138 4139
3 4138 1047 4139
3 1047 4138 4136
3 1048 4140 4138
3 4138 4140 4136
3 4140 1041 4136
3 1048 4141 4140
3 268 4116 4141
3 4141 4116 4140
3 4116 1041 4140
3 268 4141 4131
3 1048 4142 4141
3 4141 4142 4131
3 4142 1046 4131
3 269 4143 4137
3 1049 4144 4143
3 4143 4144 4137
3 4144 1048 4137
3 1048 4144 4142
3 1049 4145 4144
3 4144 4145 4142
3 4145 1046 4142
3 1049 4146 4145
3 266 4134 4146
3 4146 4134 4145
3 4134 1046 4145
3 269 4147 4143
3 1050 4148 4147
3 4147 4148 4143
3 4148 1049 4143
3 68 4102 4150
3 1038 4149 4102
3 4102 4149 4150
3 4149 1050 4150
3 1050 4149 4148
3 1038 4151 4149
3 4149 4151 4148
3 4151 1049 4148
3 1038 4099 4151
3 266 4146 4099
3 4099 4146 4151
3 4146 1049 4151
3 71 4152 4135
3 1051 4153 4152
3 4152 4153 4135
3 4153 1047 4135
3 270 4154 4156
3 1052 4155 4154
3 4154 4155 4156
3 4155 1051 4156
3 1051 4155 4153
3 1052 4157 4155
3 4155 4157 4153
3 4157 1047 4153
3 1052 4158 4157
3 269 4139 4158
3 4158 4139 4157
3 4139 1047 4157
3 18 3968 4160
3 1006 4159 3968
3 3968 4159 4160
3 4159 1054 4160
3 258 4161 3973
3 1053 4162 4161
3 4161 4162 3973
3 4162 1006 3973
3 1006 4162 4159
3 1053 4163 4162
3 4162 4163 4159
3 4163 1054 4159
3 1053 4164 4163
3 270 4165 4164
3 4164 4165 4163
3 4165 1054 4163
3 270 4164 4154
3 1053 4166 4164
3 4164 4166 4154
3 4166 1052 4154
3 258 4167 4161
3 1055 4168 4167
3 4167 4168 4161
3 4168 1053 4161
3 1053 4168 4166
3 1055 4169 4168
3 4168 4169 4166
3 4169 1052 4166
3 1055 4170 4169
3 269 4158 4170
3 4170 4158 4169
3 4158 1052 4169
3 258 3964 4167
3 1003 4171 3964
3 3964 4171 4167
3 4171 1055 4167
3 68 4150 3960
3 1050 4172 4150
3 4150 4172 3960
3 4172 1003 3960
3 1003 4172 4171
3 1050 4173 4172
3 4172 4173 4171
3 4173 1055 4171
3 1050 4147 4173
3 269 4170 4147
3 4147 4170 4173
3 4170 1055 4173
3 20 4174 4104
3 1056 4175 4174
3 4174 4175 4104
3 4175 1039 4104
3 271 4176 4178
3 1057 4177 4176
3 4176 4177 4178
3 4177 1056 4178
3 1056 4177 4175
3 1057 4179 4177
3 4177 4179 4175
3 4179 1039 4175
3 1057 4180 4179
3 267 4108 4180
3 4180 4108 4179
3 4108 1039 4179
3 72 4181 4183
3 1058 4182 4181
3 4181 4182 4183
3 4182 1060 4183
3 272 4184 4186
3 1059 4185 4184
3 4184 4185 4186
3 4185 1058 4186
3 1058 4185 4182
3 1059 4187 4185
3 4185 4187 4182
3 4187 1060 4182
3 1059 4188 4187
3 271 4189 4188
3 4188 4189 4187
3 4189 1060 4187
3 271 4188 4176
3 1059 4190 4188
3 4188 4190 4176
3 4190 1057 4176
3 272 4191 4184
3 1061 4192 4191
3 4191 4192 4184
3 4192 1059 4184
3 1059 4192 4190
3 1061 4193 4192
3 4192 4193 4190
3 4193 1057 4190
3 1061 4194 4193
3 267 4180 4194
3 4194 4180 4193
3 4180 1057 4193
3 272 4195 4191
3 1062 4196 4195
3 4195 4196 4191
3 4196 1061 4191
3 71 4113 4198
3 1043 4197 4113
3 4113 4197 4198
3 4197 1062 4198
3 1062 4197 4196
3 1043 4199 4197
3 4197 4199 4196
3 4199 1061 4196
3 1043 4119 4199
3 267 4194 4119
3 4119 4194 4199
3 4194 1061 4199
3 6 3818 4201
3 969 4200 3818
3 3818 4200 4201
3 4200 1064 4201
3 251 4202 3824
3 1063 4203 4202
3 4202 4203 3824
3 4203 969 3824
3 969 4203 4200
3 1063 4204 4203
3 4203 4204 4200
3 4204 1064 4200
3 1063 4205 4204
3 274 4206 4205
3 4205 4206 4204
3 4206 1064 4204
3 66 4207 3841
3 1065 4208 4207
3 4207 4208 3841
3 4208 975 3841
3 273 4209 4211
3 1066 4210 4209
3 4209 4210 4211
3 4210 1065 4211
3 1065 4210 4208
3 1066 4212 4210
3 4210 4212 4208
3 4212 975 4208
3 1066 4213 4212
3 251 3845 4213
3 4213 3845 4212
3 3845 975 4212
3 251 4213 4202
3 1066 4214 4213
3 4213 4214 4202
3 4214 1063 4202
3 273 4215 4209
3 1067 4216 4215
3 4215 4216 4209
3 4216 1066 4209
3 1066 4216 4214
3 1067 4217 4216
3 4216 4217 4214
3 4217 1063 4214
3 1067 4218 4217
3 274 4205 4218
3 4218 4205 4217
3 4205 1063 4217
3 273 4219 4215
3 1068 4220 4219
3 4219 4220 4215
3 4220 1067 4215
3 72 4221 4223
3 1069 4222 4221
3 4221 4222 4223
3 4222 1068 4223
3 1068 4222 4220
3 1069 4224 4222
3 4222 4224 4220
3 4224 1067 4220
3 1069 4225 4224
3 274 4218 4225
3 4225 4218 4224
3 4218 1067 4224
3 72 4223 4181
3 1068 4226 4223
3 4223 4226 4181
3 4226 1058 4181
3 273 4227 4219
3 1070 4228 4227
3 4227 4228 4219
3 4228 1068 4219
3 1068 4228 4226
3 1070 4229 4228
3 4228 4229 4226
3 4229 1058 4226
3 1070 4230 4229
3 272 4186 4230
3 4230 4186 4229
3 4186 1058 4229
3 66 4231 4207
3 1071 4232 4231
3 4231 4232 4207
3 4232 1065 4207
3 275 4233 4235
3 1072 4234 4233
3 4233 4234 4235
3 4234 1071 4235
3 1071 4234 4232
3 1072 4236 4234
3 4234 4236 4232
3 4236 1065 4232
3 1072 4237 4236
3 273 4211 4237
3 4237 4211 4236
3 4211 1065 4236
3 273 4237 4227
3 1072 4238 4237
3 4237 4238 4227
3 4238 1070 4227
3 275 4239 4233
3 1073 4240 4239
3 4239 4240 4233
3 4240 1072 4233
3 1072 4240 4238
3 1073 4241 4240
3 4240 4241 4238
3 4241 1070 4238
3 1073 4242 4241
3 272 4230 4242
3 4242 4230 4241
3 4230 1070 4241
3 275 4243 4239
3 1074 4244 4243
3 4243 4244 4239
3 4244 1073 4239
3 71 4198 4246
3 1062 4245 4198
3 4198 4245 4246
3 4245 1074 4246
3 1074 4245 4244
3 1062 4247 4245
3 4245 4247 4244
3 4247 1073 4244
3 1062 4195 4247
3 272 4242 4195
3 4195 4242 4247
3 4242 1073 4247
3 66 3799 4231
3 964 4248 3799
3 3799 4248 4231
3 4248 1071 4231
3 247 4249 3805
3 1075 4250 4249
3 4249 4250 3805
3 4250 964 3805
3 964 4250 4248
3 1075 4251 4250
3 4250 4251 4248
3 4251 1071 4248
3 1075 4252 4251
3 275 4235 4252
3 4252 4235 4251
3 4235 1071 4251
3 18 4160 3790
3 1054 4253 4160
3 4160 4253 3790
3 4253 960 3790
3 270 4254 4165
3 1076 4255 4254
3 4254 4255 4165
3 4255 1054 4165
3 1054 4255 4253
3 1076 4256 4255
3 4255 4256 4253
3 4256 960 4253
3 1076 4257 4256
3 247 3794 4257
3 4257 3794 4256
3 3794 960 4256
3 247 4257 4249
3 1076 4258 4257
3 4257 4258 4249
3 4258 1075 4249
3 270 4259 4254
3 1077 4260 4259
3 4259 4260 4254
3 4260 1076 4254
3 1076 4260 4258
3 1077 4261 4260
3 4260 4261 4258
3 4261 1075 4258
3 1077 4262 4261
3 275 4252 4262
3 4262 4252 4261
3 4252 1075 4261
3 270 4156 4259
3 1051 4263 4156
3 4156 4263 4259
3 4263 1077 4259
3 71 4246 4152
3 1074 4264 4246
3 4246 4264 4152
3 4264 1051 4152
3 1051 4264 4263
3 1074 4265 4264
3 4264 4265 4263
3 4265 1077 4263
3 1074 4243 4265
3 275 4262 4243
3 4243 4262 4265
3 4262 1077 4265
3 6 4266 3816
3 1078 4267 4266
3 4266 4267 3816
3 4267 967 3816
3 276 4268 4270
3 1079 4269 4268
3 4268 4269 4270
3 4269 1078 4270
3 1078 4269 4267
3 1079 4271 4269
3 4269 4271 4267
3 4271 967 4267
3 1079 4272 4271
3 249 3821 4272
3 4272 3821 4271
3 3821 967 4271
3 73 4273 4275
3 1080 4274 4273
3 4273 4274 4275
3 4274 1082 4275
3 277 4276 4278
3 1081 4277 4276
3 4276 4277 4278
3 4277 1080 4278
3 1080 4277 4274
3 1081 4279 4277
3 4277 4279 4274
3 4279 1082 4274
3 1081 4280 4279
3 276 4281 4280
3 4280 4281 4279
3 4281 1082 4279
3 276 4280 4268
3 1081 4282 4280
3 4280 4282 4268
3 4282 1079 4268
3 277 4283 4276
3 1083 4284 4283
3 4283 4284 4276
3 4284 1081 4276
3 1081 4284 4282
3 1083 4285 4284
3 4284 4285 4282
3 4285 1079 4282
3 1083 4286 4285
3 249 4272 4286
3 4286 4272 4285
3 4272 1079 4285
3 277 4287 4283
3 1084 4288 4287
3 4287 4288 4283
3 4288 1083 4283
3 67 3827 4290
3 972 4289 3827
3 3827 4289 4290
3 4289 1084 4290
3 1084 4289 4288
3 972 4291 4289
3 4289 4291 4288
3 4291 1083 4288
3 972 3833 4291
3 249 4286 3833
3 3833 4286 4291
3 4286 1083 4291
3 21 4292 4294
3 1085 4293 4292
3 4292 4293 4294
3 4293 1087 4294
3 278 4295 4297
3 1086 4296 4295
3 4295 4296 4297
3 4296 1085 4297
3 1085 4296 4293
3 1086 4298 4296
3 4296 4298 4293
3 4298 1087 4293
3 1086 4299 4298
3 280 4300 4299
3 4299 4300 4298
3 4300 1087 4298
3 74 4301 4303
3 1088 4302 4301
3 4301 4302 4303
3 4302 1090 4303
3 279 4304 4306
3 1089 4305 4304
3 4304 4305 4306
3 4305 1088 4306
3 1088 4305 4302
3 1089 4307 4305
3 4305 4307 4302
3 4307 1090 4302
3 1089 4308 4307
3 278 4309 4308
3 4308 4309 4307
3 4309 1090 4307
3 278 4308 4295
3 1089 4310 4308
3 4308 4310 4295
3 4310 1086 4295
3 279 4311 4304
3 1091 4312 4311
3 4311 4312 4304
3 4312 1089 4304
3 1089 4312 4310
3 1091 4313 4312
3 4312 4313 4310
3 4313 1086 4310
3 1091 4314 4313
3 280 4299 4314
3 4314 4299 4313
3 4299 1086 4313
3 279 4315 4311
3 1092 4316 4315
3 4315 4316 4311
3 4316 1091 4311
3 73 4317 4319
3 1093 4318 4317
3 4317 4318 4319
3 4318 1092 4319
3 1092 4318 4316
3 1093 4320 4318
3 4318 4320 4316
3 4320 1091 4316
3 1093 4321 4320
3 280 4314 4321
3 4321 4314 4320
3 4314 1091 4320
3 73 4319 4273
3 1092 4322 4319
3 4319 4322 4273
3 4322 1080 4273
3 279 4323 4315
3 1094 4324 4323
3 4323 4324 4315
3 4324 1092 4315
3 1092 4324 4322
3 1094 4325 4324
3 4324 4325 4322
3 4325 1080 4322
3 1094 4326 4325
3 277 4278 4326
3 4326 4278 4325
3 4278 1080 4325
3 74 4327 4301
3 1095 4328 4327
3 4327 4328 4301
3 4328 1088 4301
3 281 4329 4331
3 1096 4330 4329
3 4329 4330 4331
3 4330 1095 4331
3 1095 4330 4328
3 1096 4332 4330
3 4330 4332 4328
3 4332 1088 4328
3 1096 4333 4332
3 279 4306 4333
3 4333 4306 4332
3 4306 1088 4332
3 279 4333 4323
3 1096 4334 4333
3 4333 4334 4323
3 4334 1094 4323
3 281 4335 4329
3 1097 4336 4335
3 4335 4336 4329
3 4336 1096 4329
3 1096 4336 4334
3 1097 4337 4336
3 4336 4337 4334
3 4337 1094 4334
3 1097 4338 4337
3 277 4326 4338
3 4338 4326 4337
3 4326 1094 4337
3 281 4339 4335
3 1098 4340 4339
3 4339 4340 4335
3 4340 1097 4335
3 67 4290 4342
3 1084 4341 4290
3 4290 4341 4342
3 4341 1098 4342
3 1098 4341 4340
3 1084 4343 4341
3 4341 4343 4340
3 4343 1097 4340
3 1084 4287 4343
3 277 4338 4287
3 4287 4338 4343
3 4338 1097 4343
3 74 4344 4327
3 1099 4345 4344
3 4344 4345 4327
3 4345 1095 4327
3 282 4346 4348
3 1100 4347 4346
3 4346 4347 4348
3 4347 1099 4348
3 1099 4347 4345
3 1100 4349 4347
3 4347 4349 4345
3 4349 1095 4345
3 1100 4350 4349
3 281 4331 4350
3 4350 4331 4349
3 4331 1095 4349
3 19 3876 4352
3 984 4351 3876
3 3876 4351 4352
3 4351 1102 4352
3 253 4353 3881
3 1101 4354 4353
3 4353 4354 3881
3 4354 984 3881
3 984 4354 4351
3 1101 4355 4354
3 4354 4355 4351
3 4355 1102 4351
3 1101 4356 4355
3 282 4357 4356
3 4356 4357 4355
3 4357 1102 4355
3 282 4356 4346
3 1101 4358 4356
3 4356 4358 4346
3 4358 1100 4346
3 253 4359 4353
3 1103 4360 4359
3 4359 4360 4353
3 4360 1101 4353
3 1101 4360 4358
3 1103 4361 4360
3 4360 4361 4358
3 4361 1100 4358
3 1103 4362 4361
3 281 4350 4362
3 4362 4350 4361
3 4350 1100 4361
3 253 3872 4359
3 981 4363 3872
3 3872 4363 4359
3 4363 1103 4359
3 67 4342 3868
3 1098 4364 4342
3 4342 4364 3868
3 4364 981 3868
3 981 4364 4363
3 1098 4365 4364
3 4364 4365 4363
3 4365 1103 4363
3 1098 4339 4365
3 281 4362 4339
3 4339 4362 4365
3 4362 1103 4365
3 3 1948 4367
3 496 4366 1948
3 1948 4366 4367
3 4366 1105 4367
3 130 4368 1954
3 1104 4369 4368
3 4368 4369 1954
3 4369 496 1954
3 496 4369 4366
3 1104 4370 4369
3 4369 4370 4366
3 4370 1105 4366
3 1104 4371 4370
3 284 4372 4371
3 4371 4372 4370
3 4372 1105 4370
3 37 4373 1971
3 1106 4374 4373
3 4373 4374 1971
3 4374 502 1971
3 283 4375 4377
3 1107 4376 4375
3 4375 4376 4377
3 4376 1106 4377
3 1106 4376 4374
3 1107 4378 4376
3 4376 4378 4374
3 4378 502 4374
3 1107 4379 4378
3 130 1975 4379
3 4379 1975 4378
3 1975 502 4378
3 130 4379 4368
3 1107 4380 4379
3 4379 4380 4368
3 4380 1104 4368
3 283 4381 4375
3 1108 4382 4381
3 4381 4382 4375
3 4382 1107 4375
3 1107 4382 4380
3 1108 4383 4382
3 4382 4383 4380
3 4383 1104 4380
3 1108 4384 4383
3 284 4371 4384
3 4384 4371 4383
3 4371 1104 4383
3 283 4385 4381
3 1109 4386 4385
3 4385 4386 4381
3 4386 1108 4381
3 76 4387 4389
3 1110 4388 4387
3 4387 4388 4389
3 4388 1109 4389
3 1109 4388 4386
3 1110 4390 4388
3 4388 4390 4386
3 4390 1108 4386
3 1110 4391 4390
3 284 4384 4391
3 4391 4384 4390
3 4384 1108 4390
3 12 4392 2035
3 1111 4393 4392
3 4392 4393 2035
3 4393 519 2035
3 285 4394 4396
3 1112 4395 4394
3 4394 4395 4396
3 4395 1111 4396
3 1111 4395 4393
3 1112 4397 4395
3 4395 4397 4393
3 4397 519 4393
3 1112 4398 4397
3 136 2040 4398
3 4398 2040 4397
3 2040 519 4397
3 75 4399 4401
3 1113 4400 4399
3 4399 4400 4401
3 4400 1115 4401
3 286 4402 4404
3 1114 4403 4402
3 4402 4403 4404
3 4403 1113 4404
3 1113 4403 4400
3 1114 4405 4403
3 4403 4405 4400
3 4405 1115 4400
3 1114 4406 4405
3 285 4407 4406
3 4406 4407 4405
3 4407 1115 4405
3 285 4406 4394
3 1114 4408 4406
3 4406 4408 4394
3 4408 1112 4394
3 286 4409 4402
3 1116 4410 4409
3 4409 4410 4402
3 4410 1114 4402
3 1114 4410 4408
3 1116 4411 4410
3 4410 4411 4408
3 4411 1112 4408
3 1116 4412 4411
3 136 4398 4412
3 4412 4398 4411
3 4398 1112 4411
3 286 4413 4409
3 1117 4414 4413
3 4413 4414 4409
3 4414 1116 4409
3 37 2052 4416
3 523 4415 2052
3 2052 4415 4416
3 4415 1117 4416
3 1117 4415 4414
3 523 4417 4415
3 4415 4417 4414
3 4417 1116 4414
3 523 2049 4417
3 136 4412 2049
3 2049 4412 4417
3 4412 1116 4417
3 37 4416 4373
3 1117 4418 4416
3 4416 4418 4373
3 4418 1106 4373
3 286 4419 4413
3 1118 4420 4419
3 4419 4420 4413
3 4420 1117 4413
3 1117 4420 4418
3 1118 4421 4420
3 4420 4421 4418
3 4421 1106 4418
3 1118 4422 4421
3 283 4377 4422
3 4422 4377 4421
3 4377 1106 4421
3 75 4423 4399
3 1119 4424 4423
3 4423 4424 4399
3 4424 1113 4399
3 287 4425 4427
3 1120 4426 4425
3 4425 4426 4427
3 4426 1119 4427
3 1119 4426 4424
3 1120 4428 4426
3 4426 4428 4424
3 4428 1113 4424
3 1120 4429 4428
3 286 4404 4429
3 4429 4404 4428
3 4404 1113 4428
3 286 4429 4419
3 1120 4430 4429
3 4429 4430 4419
3 4430 1118 4419
3 287 4431 4425
3 1121 4432 4431
3 4431 4432 4425
3 4432 1120 4425
3 1120 4432 4430
3 1121 4433 4432
3 4432 4433 4430
3 4433 1118 4430
3 1121 4434 4433
3 283 4422 4434
3 4434 4422 4433
3 4422 1118 4433
3 287 4435 4431
3 1122 4436 4435
3 4435 4436 4431
3 4436 1121 4431
3 76 4389 4438
3 1109 4437 4389
3 4389 4437 4438
3 4437 1122 4438
3 1122 4437 4436
3 1109 4439 4437
3 4437 4439 4436
3 4439 1121 4436
3 1109 4385 4439
3 283 4434 4385
3 4385 4434 4439
3 4434 1121 4439
3 75 4440 4423
3 1123 4441 4440
3 4440 4441 4423
3 4441 1119 4423
3 288 4442 4444
3 1124 4443 4442
3 4442 4443 4444
3 4443 1123 4444
3 1123 4443 4441
3 1124 4445 4443
3 4443 4445 4441
3 4445 1119 4441
3 1124 4446 4445
3 287 4427 4446
3 4446 4427 4445
3 4427 1119 4445
3 21 4447 4449
3 1125 4448 4447
3 4447 4448 4449
3 4448 1127 4449
3 289 4450 4452
3 1126 4451 4450
3 4450 4451 4452
3 4451 1125 4452
3 1125 4451 4448
3 1126 4453 4451
3 4451 4453 4448
3 4453 1127 4448
3 1126 4454 4453
3 288 4455 4454
3 4454 4455 4453
3 4455 1127 4453
3 288 4454 4442
3 1126 4456 4454
3 4454 4456 4442
3 4456 1124 4442
3 289 4457 4450
3 1128 4458 4457
3 4457 4458 4450
3 4458 1126 4450
3 1126 4458 4456
3 1128 4459 4458
3 4458 4459 4456
3 4459 1124 4456
3 1128 4460 4459
3 287 4446 4460
3 4460 4446 4459
3 4446 1124 4459
3 289 4461 4457
3 1129 4462 4461
3 4461 4462 4457
3 4462 1128 4457
3 76 4438 4464
3 1122 4463 4438
3 4438 4463 4464
3 4463 1129 4464
3 1129 4463 4462
3 1122 4465 4463
3 4463 4465 4462
3 4465 1128 4462
3 1122 4435 4465
3 287 4460 4435
3 4435 4460 4465
3 4460 1128 4465
3 21 4449 4292
3 1127 4466 4449
3 4449 4466 4292
3 4466 1085 4292
3 288 4467 4455
3 1130 4468 4467
3 4467 4468 4455
3 4468 1127 4455
3 1127 4468 4466
3 1130 4469 4468
3 4468 4469 4466
3 4469 1085 4466
3 1130 4470 4469
3 278 4297 4470
3 4470 4297 4469
3 4297 1085 4469
3 75 4471 4440
3 1131 4472 4471
3 4471 4472 4440
3 4472 1123 4440
3 290 4473 4475
3 1132 4474 4473
3 4473 4474 4475
3 4474 1131 4475
3 1131 4474 4472
3 1132 4476 4474
3 4474 4476 4472
3 4476 1123 4472
3 1132 4477 4476
3 288 4444 4477
3 4477 4444 4476
3 4444 1123 4476
3 288 4477 4467
3 1132 4478 4477
3 4477 4478 4467
3 4478 1130 4467
3 290 4479 4473
3 1133 4480 4479
3 4479 4480 4473
3 4480 1132 4473
3 1132 4480 4478
3 1133 4481 4480
3 4480 4481 4478
3 4481 1130 4478
3 1133 4482 4481
3 278 4470 4482
3 4482 4470 4481
3 4470 1130 4481
3 290 4483 4479
3 1134 4484 4483
3 4483 4484 4479
3 4484 1133 4479
3 74 4303 4486
3 1090 4485 4303
3 4303 4485 4486
3 4485 1134 4486
3 1134 4485 4484
3 1090 4487 4485
3 4485 4487 4484
3 4487 1133 4484
3 1090 4309 4487
3 278 4482 4309
3 4309 4482 4487
3 4482 1133 4487
3 12 4488 4392
3 1135 4489 4488
3 4488 4489 4392
3 4489 1111 4392
3 291 4490 4492
3 1136 4491 4490
3 4490 4491 4492
3 4491 1135 4492
3 1135 4491 4489
3 1136 4493 4491
3 4491 4493 4489
3 4493 1111 4489
3 1136 4494 4493
3 285 4396 4494
3 4494 4396 4493
3 4396 1111 4493
3 77 4495 4497
3 1137 4496 4495
3 4495 4496 4497
3 4496 1139 4497
3 292 4498 4500
3 1138 4499 4498
3 4498 4499 4500
3 4499 1137 4500
3 1137 4499 4496
3 1138 4501 4499
3 4499 4501 4496
3 4501 1139 4496
3 1138 4502 4501
3 291 4503 4502
3 4502 4503 4501
3 4503 1139 4501
3 291 4502 4490
3 1138 4504 4502
3 4502 4504 4490
3 4504 1136 4490
3 292 4505 4498
3 1140 4506 4505
3 4505 4506 4498
3 4506 1138 4498
3 1138 4506 4504
3 1140 4507 4506
3 4506 4507 4504
3 4507 1136 4504
3 1140 4508 4507
3 285 4494 4508
3 4508 4494 4507
3 4494 1136 4507
3 292 4509 4505
3 1141 4510 4509
3 4509 4510 4505
3 4510 1140 4505
3 75 4401 4512
3 1115 4511 4401
3 4401 4511 4512
3 4511 1141 4512
3 1141 4511 4510
3 1115 4513 4511
3 4511 4513 4510
3 4513 1140 4510
3 1115 4407 4513
3 285 4508 4407
3 4407 4508 4513
3 4508 1140 4513
3 75 4512 4471
3 1141 4514 4512
3 4512 4514 4471
3 4514 1131 4471
3 292 4515 4509
3 1142 4516 4515
3 4515 4516 4509
3 4516 1141 4509
3 1141 4516 4514
3 1142 4517 4516
3 4516 4517 4514
3 4517 1131 4514
3 1142 4518 4517
3 290 4475 4518
3 4518 4475 4517
3 4475 1131 4517
3 77 4519 4495
3 1143 4520 4519
3 4519 4520 4495
3 4520 1137 4495
3 293 4521 4523
3 1144 4522 4521
3 4521 4522 4523
3 4522 1143 4523
3 1143 4522 4520
3 1144 4524 4522
3 4522 4524 4520
3 4524 1137 4520
3 1144 4525 4524
3 292 4500 4525
3 4525 4500 4524
3 4500 1137 4524
3 292 4525 4515
3 1144 4526 4525
3 4525 4526 4515
3 4526 1142 4515
3 293 4527 4521
3 1145 4528 4527
3 4527 4528 4521
3 4528 1144 4521
3 1144 4528 4526
3 1145 4529 4528
3 4528 4529 4526
3 4529 1142 4526
3 1145 4530 4529
3 290 4518 4530
3 4530 4518 4529
3 4518 1142 4529
3 293 4531 4527
3 1146 4532 4531
3 4531 4532 4527
3 4532 1145 4527
3 74 4486 4534
3 1134 4533 4486
3 4486 4533 4534
3 4533 1146 4534
3 1146 4533 4532
3 1134 4535 4533
3 4533 4535 4532
3 4535 1145 4532
3 1134 4483 4535
3 290 4530 4483
3 4483 4530 4535
3 4530 1145 4535
3 77 4536 4519
3 1147 4537 4536
3 4536 4537 4519
3 4537 1143 4519
3 294 4538 4540
3 1148 4539 4538
3 4538 4539 4540
3 4539 1147 4540
3 1147 4539 4537
3 1148 4541 4539
3 4539 4541 4537
3 4541 1143 4537
3 1148 4542 4541
3 293 4523 4542
3 4542 4523 4541
3 4523 1143 4541
3 19 4352 4544
3 1102 4543 4352
3 4352 4543 4544
3 4543 1150 4544
3 282 4545 4357
3 1149 4546 4545
3 4545 4546 4357
3 4546 1102 4357
3 1102 4546 4543
3 1149 4547 4546
3 4546 4547 4543
3 4547 1150 4543
3 1149 4548 4547
3 294 4549 4548
3 4548 4549 4547
3 4549 1150 4547
3 294 4548 4538
3 1149 4550 4548
3 4548 4550 4538
3 4550 1148 4538
3 282 4551 4545
3 1151 4552 4551
3 4551 4552 4545
3 4552 1149 4545
3 1149 4552 4550
3 1151 4553 4552
3 4552 4553 4550
3 4553 1148 4550
3 1151 4554 4553
3 293 4542 4554
3 4554 4542 4553
3 4542 1148 4553
3 282 4348 4551
3 1099 4555 4348
3 4348 4555 4551
3 4555 1151 4551
3 74 4534 4344
3 1146 4556 4534
3 4534 4556 4344
3 4556 1099 4344
3 1099 4556 4555
3 1146 4557 4556
3 4556 4557 4555
3 4557 1151 4555
3 1146 4531 4557
3 293 4554 4531
3 4531 4554 4557
3 4554 1151 4557
3 12 2324 4488
3 592 4558 2324
3 2324 4558 4488
3 4558 1135 4488
3 153 4559 2329
3 1152 4560 4559
3 4559 4560 2329
3 4560 592 2329
3 592 4560 4558
3 1152 4561 4560
3 4560 4561 4558
3 4561 1135 4558
3 1152 4562 4561
3 291 4492 4562
3 4562 4492 4561
3 4492 1135 4561
3 41 4563 2316
3 1153 4564 4563
3 4563 4564 2316
3 4564 589 2316
3 295 4565 4567
3 1154 4566 4565
3 4565 4566 4567
3 4566 1153 4567
3 1153 4566 4564
3 1154 4568 4566
3 4566 4568 4564
3 4568 589 4564
3 1154 4569 4568
3 153 2320 4569
3 4569 2320 4568
3 2320 589 4568
3 153 4569 4559
3 1154 4570 4569
3 4569 4570 4559
3 4570 1152 4559
3 295 4571 4565
3 1155 4572 4571
3 4571 4572 4565
3 4572 1154 4565
3 1154 4572 4570
3 1155 4573 4572
3 4572 4573 4570
3 4573 1152 4570
3 1155 4574 4573
3 291 4562 4574
3 4574 4562 4573
3 4562 1152 4573
3 295 4575 4571
3 1156 4576 4575
3 4575 4576 4571
3 4576 1155 4571
3 77 4497 4578
3 1139 4577 4497
3 4497 4577 4578
3 4577 1156 4578
3 1156 4577 4576
3 1139 4579 4577
3 4577 4579 4576
3 4579 1155 4576
3 1139 4503 4579
3 291 4574 4503
3 4503 4574 4579
3 4574 1155 4579
3 2 3499 2268
3 887 4580 3499
3 3499 4580 2268
3 4580 577 2268
3 229 4581 3504
3 1157 4582 4581
3 4581 4582 3504
3 4582 887 3504
3 887 4582 4580
3 1157 4583 4582
3 4582 4583 4580
3 4583 577 4580
3 1157 4584 4583
3 150 2272 4584
3 4584 2272 4583
3 2272 577 4583
3 62 4585 3519
3 1158 4586 4585
3 4585 4586 3519
3 4586 892 3519
3 296 4587 4589
3 1159 4588 4587
3 4587 4588 4589
3 4588 1158 4589
3 1158 4588 4586
3 1159 4590 4588
3 4588 4590 4586
3 4590 892 4586
3 1159 4591 4590
3 229 3523 4591
3 4591 3523 4590
3 3523 892 4590
3 229 4591 4581
3 1159 4592 4591
3 4591 4592 4581
3 4592 1157 4581
3 296 4593 4587
3 1160 4594 4593
3 4593 4594 4587
3 4594 1159 4587
3 1159 4594 4592
3 1160 4595 4594
3 4594 4595 4592
3 4595 1157 4592
3 1160 4596 4595
3 150 4584 4596
3 4596 4584 4595
3 4584 1157 4595
3 296 4597 4593
3 1161 4598 4597
3 4597 4598 4593
3 4598 1160 4593
3 41 2277 4600
3 581 4599 2277
3 2277 4599 4600
3 4599 1161 4600
3 1161 4599 4598
3 581 4601 4599
3 4599 4601 4598
3 4601 1160 4598
3 581 2283 4601
3 150 4596 2283
3 2283 4596 4601
3 4596 1160 4601
3 41 4600 4563
3 1161 4602 4600
3 4600 4602 4563
3 4602 1153 4563
3 296 4603 4597
3 1162 4604 4603
3 4603 4604 4597
3 4604 1161 4597
3 1161 4604 4602
3 1162 4605 4604
3 4604 4605 4602
3 4605 1153 4602
3 1162 4606 4605
3 295 4567 4606
3 4606 4567 4605
3 4567 1153 4605
3 62 4607 4585
3 1163 4608 4607
3 4607 4608 4585
3 4608 1158 4585
3 297 4609 4611
3 1164 4610 4609
3 4609 4610 4611
3 4610 1163 4611
3 1163 4610 4608
3 1164 4612 4610
3 4610 4612 4608
3 4612 1158 4608
3 1164 4613 4612
3 296 4589 4613
3 4613 4589 4612
3 4589 1158 4612
3 296 4613 4603
3 1164 4614 4613
3 4613 4614 4603
3 4614 1162 4603
3 297 4615 4609
3 1165 4616 4615
3 4615 4616 4609
3 4616 1164 4609
3 1164 4616 4614
3 1165 4617 4616
3 4616 4617 4614
3 4617 1162 4614
3 1165 4618 4617
3 295 4606 4618
3 4618 4606 4617
3 4606 1162 4617
3 297 4619 4615
3 1166 4620 4619
3 4619 4620 4615
3 4620 1165 4615
3 77 4578 4622
3 1156 4621 4578
3 4578 4621 4622
3 4621 1166 4622
3 1166 4621 4620
3 1156 4623 4621
3 4621 4623 4620
3 4623 1165 4620
3 1156 4575 4623
3 295 4618 4575
3 4575 4618 4623
3 4618 1165 4623
3 62 3596 4607
3 911 4624 3596
3 3596 4624 4607
3 4624 1163 4607
3 234 4625 3593
3 1167 4626 4625
3 4625 4626 3593
3 4626 911 3593
3 911 4626 4624
3 1167 4627 4626
3 4626 4627 4624
3 4627 1163 4624
3 1167 4628 4627
3 297 4611 4628
3 4628 4611 4627
3 4611 1163 4627
3 19 4544 3579
3 1150 4629 4544
3 4544 4629 3579
3 4629 907 3579
3 294 4630 4549
3 1168 4631 4630
3 4630 4631 4549
3 4631 1150 4549
3 1150 4631 4629
3 1168 4632 4631
3 4631 4632 4629
3 4632 907 4629
3 1168 4633 4632
3 234 3584 4633
3 4633 3584 4632
3 3584 907 4632
3 234 4633 4625
3 1168 4634 4633
3 4633 4634 4625
3 4634 1167 4625
3 294 4635 4630
3 1169 4636 4635
3 4635 4636 4630
3 4636 1168 4630
3 1168 4636 4634
3 1169 4637 4636
3 4636 4637 4634
3 4637 1167 4634
3 1169 4638 4637
3 297 4628 4638
3 4638 4628 4637
3 4628 1167 4637
3 294 4540 4635
3 1147 4639 4540
3 4540 4639 4635
3 4639 1169 4635
3 77 4622 4536
3 1166 4640 4622
3 4622 4640 4536
3 4640 1147 4536
3 1147 4640 4639
3 1166 4641 4640
3 4640 4641 4639
3 4641 1169 4639
3 1166 4619 4641
3 297 4638 4619
3 4619 4638 4641
3 4638 1169 4641
3 7 4642 4644
3 1170 4643 4642
3 4642 4643 4644
3 4643 1172 4644
3 298 4645 4647
3 1171 4646 4645
3 4645 4646 4647
3 4646 1170 4647
3 1170 4646 4643
3 1171 4648 4646
3 4646 4648 4643
3 4648 1172 4643
3 1171 4649 4648
3 300 4650 4649
3 4649 4650 4648
3 4650 1172 4648
3 78 4651 4653
3 1173 4652 4651
3 4651 4652 4653
3 4652 1175 4653
3 299 4654 4656
3 1174 4655 4654
3 4654 4655 4656
3 4655 1173 4656
3 1173 4655 4652
3 1174 4657 4655
3 4655 4657 4652
3 4657 1175 4652
3 1174 4658 4657
3 298 4659 4658
3 4658 4659 4657
3 4659 1175 4657
3 298 4658 4645
3 1174 4660 4658
3 4658 4660 4645
3 4660 1171 4645
3 299 4661 4654
3 1176 4662 4661
3 4661 4662 4654
3 4662 1174 4654
3 1174 4662 4660
3 1176 4663 4662
3 4662 4663 4660
3 4663 1171 4660
3 1176 4664 4663
3 300 4649 4664
3 4664 4649 4663
3 4649 1171 4663
3 299 4665 4661
3 1177 4666 4665
3 4665 4666 4661
3 4666 1176 4661
3 80 4667 4669
3 1178 4668 4667
3 4667 4668 4669
3 4668 1177 4669
3 1177 4668 4666
3 1178 4670 4668
3 4668 4670 4666
3 4670 1176 4666
3 1178 4671 4670
3 300 4664 4671
3 4671 4664 4670
3 4664 1176 4670
3 22 4672 4674
3 1179 4673 4672
3 4672 4673 4674
3 4673 1181 4674
3 301 4675 4677
3 1180 4676 4675
3 4675 4676 4677
3 4676 1179 4677
3 1179 4676 4673
3 1180 4678 4676
3 4676 4678 4673
3 4678 1181 4673
3 1180 4679 4678
3 303 4680 4679
3 4679 4680 4678
3 4680 1181 4678
3 79 4681 4683
3 1182 4682 4681
3 4681 4682 4683
3 4682 1184 4683
3 302 4684 4686
3 1183 4685 4684
3 4684 4685 4686
3 4685 1182 4686
3 1182 4685 4682
3 1183 4687 4685
3 4685 4687 4682
3 4687 1184 4682
3 1183 4688 4687
3 301 4689 4688
3 4688 4689 4687
3 4689 1184 4687
3 301 4688 4675
3 1183 4690 4688
3 4688 4690 4675
3 4690 1180 4675
3 302 4691 4684
3 1185 4692 4691
3 4691 4692 4684
3 4692 1183 4684
3 1183 4692 4690
3 1185 4693 4692
3 4692 4693 4690
3 4693 1180 4690
3 1185 4694 4693
3 303 4679 4694
3 4694 4679 4693
3 4679 1180 4693
3 302 4695 4691
3 1186 4696 4695
3 4695 4696 4691
3 4696 1185 4691
3 78 4697 4699
3 1187 4698 4697
3 4697 4698 4699
3 4698 1186 4699
3 1186 4698 4696
3 1187 4700 4698
3 4698 4700 4696
3 4700 1185 4696
3 1187 4701 4700
3 303 4694 4701
3 4701 4694 4700
3 4694 1185 4700
3 78 4699 4651
3 1186 4702 4699
3 4699 4702 4651
3 4702 1173 4651
3 302 4703 4695
3 1188 4704 4703
3 4703 4704 4695
3 4704 1186 4695
3 1186 4704 4702
3 1188 4705 4704
3 4704 4705 4702
3 4705 1173 4702
3 1188 4706 4705
3 299 4656 4706
3 4706 4656 4705
3 4656 1173 4705
3 79 4707 4681
3 1189 4708 4707
3 4707 4708 4681
3 4708 1182 4681
3 304 4709 4711
3 1190 4710 4709
3 4709 4710 4711
3 4710 1189 4711
3 1189 4710 4708
3 1190 4712 4710
3 4710 4712 4708
3 4712 1182 4708
3 1190 4713 4712
3 302 4686 4713
3 4713 4686 4712
3 4686 1182 4712
3 302 4713 4703
3 1190 4714 4713
3 4713 4714 4703
3 4714 1188 4703
3 304 4715 4709
3 1191 4716 4715
3 4715 4716 4709
3 4716 1190 4709
3 1190 4716 4714
3 1191 4717 4716
3 4716 4717 4714
3 4717 1188 4714
3 1191 4718 4717
3 299 4706 4718
3 4718 4706 4717
3 4706 1188 4717
3 304 4719 4715
3 1192 4720 4719
3 4719 4720 4715
3 4720 1191 4715
3 80 4669 4722
3 1177 4721 4669
3 4669 4721 4722
3 4721 1192 4722
3 1192 4721 4720
3 1177 4723 4721
3 4721 4723 4720
3 4723 1191 4720
3 1177 4665 4723
3 299 4718 4665
3 4665 4718 4723
3 4718 1191 4723
3 79 4724 4707
3 1193 4725 4724
3 4724 4725 4707
3 4725 1189 4707
3 305 4726 4728
3 1194 4727 4726
3 4726 4727 4728
3 4727 1193 4728
3 1193 4727 4725
3 1194 4729 4727
3 4727 4729 4725
3 4729 1189 4725
3 1194 4730 4729
3 304 4711 4730
3 4730 4711 4729
3 4711 1189 4729
3 23 4731 4733
3 1195 4732 4731
3 4731 4732 4733
3 4732 1197 4733
3 306 4734 4736
3 1196 4735 4734
3 4734 4735 4736
3 4735 1195 4736
3 1195 4735 4732
3 1196 4737 4735
3 4735 4737 4732
3 4737 1197 4732
3 1196 4738 4737
3 305 4739 4738
3 4738 4739 4737
3 4739 1197 4737
3 305 4738 4726
3 1196 4740 4738
3 4738 4740 4726
3 4740 1194 4726
3 306 4741 4734
3 1198 4742 4741
3 4741 4742 4734
3 4742 1196 4734
3 1196 4742 4740
3 1198 4743 4742
3 4742 4743 4740
3 4743 1194 4740
3 1198 4744 4743
3 304 4730 4744
3 4744 4730 4743
3 4730 1194 4743
3 306 4745 4741
3 1199 4746 4745
3 4745 4746 4741
3 4746 1198 4741
3 80 4722 4748
3 1192 4747 4722
3 4722 4747 4748
3 4747 1199 4748
3 1199 4747 4746
3 1192 4749 4747
3 4747 4749 4746
3 4749 1198 4746
3 1192 4719 4749
3 304 4744 4719
3 4719 4744 4749
3 4744 1198 4749
3 3 4367 4751
3 1105 4750 4367
3 4367 4750 4751
3 4750 1201 4751
3 284 4752 4372
3 1200 4753 4752
3 4752 4753 4372
3 4753 1105 4372
3 1105 4753 4750
3 1200 4754 4753
3 4753 4754 4750
3 4754 1201 4750
3 1200 4755 4754
3 308 4756 4755
3 4755 4756 4754
3 4756 1201 4754
3 76 4757 4387
3 1202 4758 4757
3 4757 4758 4387
3 4758 1110 4387
3 307 4759 4761
3 1203 4760 4759
3 4759 4760 4761
3 4760 1202 4761
3 1202 4760 4758
3 1203 4762 4760
3 4760 4762 4758
3 4762 1110 4758
3 1203 4763 4762
3 284 4391 4763
3 4763 4391 4762
3 4391 1110 4762
3 284 4763 4752
3 1203 4764 4763
3 4763 4764 4752
3 4764 1200 4752
3 307 4765 4759
3 1204 4766 4765
3 4765 4766 4759
3 4766 1203 4759
3 1203 4766 4764
3 1204 4767 4766
3 4766 4767 4764
3 4767 1200 4764
3 1204 4768 4767
3 308 4755 4768
3 4768 4755 4767
3 4755 1200 4767
3 307 4769 4765
3 1205 4770 4769
3 4769 4770 4765
3 4770 1204 4765
3 82 4771 4773
3 1206 4772 4771
3 4771 4772 4773
3 4772 1205 4773
3 1205 4772 4770
3 1206 4774 4772
3 4772 4774 4770
3 4774 1204 4770
3 1206 4775 4774
3 308 4768 4775
3 4775 4768 4774
3 4768 1204 4774
3 21 4776 4447
3 1207 4777 4776
3 4776 4777 4447
3 4777 1125 4447
3 309 4778 4780
3 1208 4779 4778
3 4778 4779 4780
3 4779 1207 4780
3 1207 4779 4777
3 1208 4781 4779
3 4779 4781 4777
3 4781 1125 4777
3 1208 4782 4781
3 289 4452 4782
3 4782 4452 4781
3 4452 1125 4781
3 81 4783 4785
3 1209 4784 4783
3 4783 4784 4785
3 4784 1211 4785
3 310 4786 4788
3 1210 4787 4786
3 4786 4787 4788
3 4787 1209 4788
3 1209 4787 4784
3 1210 4789 4787
3 4787 4789 4784
3 4789 1211 4784
3 1210 4790 4789
3 309 4791 4790
3 4790 4791 4789
3 4791 1211 4789
3 309 4790 4778
3 1210 4792 4790
3 4790 4792 4778
3 4792 1208 4778
3 310 4793 4786
3 1212 4794 4793
3 4793 4794 4786
3 4794 1210 4786
3 1210 4794 4792
3 1212 4795 4794
3 4794 4795 4792
3 4795 1208 4792
3 1212 4796 4795
3 289 4782 4796
3 4796 4782 4795
3 4782 1208 4795
3 310 4797 4793
3 1213 4798 4797
3 4797 4798 4793
3 4798 1212 4793
3 76 4464 4800
3 1129 4799 4464
3 4464 4799 4800
3 4799 1213 4800
3 1213 4799 4798
3 1129 4801 4799
3 4799 4801 4798
3 4801 1212 4798
3 1129 4461 4801
3 289 4796 4461
3 4461 4796 4801
3 4796 1212 4801
3 76 4800 4757
3 1213 4802 4800
3 4800 4802 4757
3 4802 1202 4757
3 310 4803 4797
3 1214 4804 4803
3 4803 4804 4797
3 4804 1213 4797
3 1213 4804 4802
3 1214 4805 4804
3 4804 4805 4802
3 4805 1202 4802
3 1214 4806 4805
3 307 4761 4806
3 4806 4761 4805
3 4761 1202 4805
3 81 4807 4783
3 1215 4808 4807
3 4807 4808 4783
3 4808 1209 4783
3 311 4809 4811
3 1216 4810 4809
3 4809 4810 4811
3 4810 1215 4811
3 1215 4810 4808
3 1216 4812 4810
3 4810 4812 4808
3 4812 1209 4808
3 1216 4813 4812
3 310 4788 4813
3 4813 4788 4812
3 4788 1209 4812
3 310 4813 4803
3 1216 4814 4813
3 4813 4814 4803
3 4814 1214 4803
3 311 4815 4809
3 1217 4816 4815
3 4815 4816 4809
3 4816 1216 4809
3 1216 4816 4814
3 1217 4817 4816
3 4816 4817 4814
3 4817 1214 4814
3 1217 4818 4817
3 307 4806 4818
3 4818 4806 4817
3 4806 1214 4817
3 311 4819 4815
3 1218 4820 4819
3 4819 4820 4815
3 4820 1217 4815
3 82 4773 4822
3 1205 4821 4773
3 4773 4821 4822
3 4821 1218 4822
3 1218 4821 4820
3 1205 4823 4821
3 4821 4823 4820
3 4823 1217 4820
3 1205 4769 4823
3 307 4818 4769
3 4769 4818 4823
3 4818 1217 4823
3 81 4824 4807
3 1219 4825 4824
3 4824 4825 4807
3 4825 1215 4807
3 312 4826 4828
3 1220 4827 4826
3 4826 4827 4828
3 4827 1219 4828
3 1219 4827 4825
3 1220 4829 4827
3 4827 4829 4825
3 4829 1215 4825
3 1220 4830 4829
3 311 4811 4830
3 4830 4811 4829
3 4811 1215 4829
3 22 4831 4833
3 1221 4832 4831
3 4831 4832 4833
3 4832 1223 4833
3 313 4834 4836
3 1222 4835 4834
3 4834 4835 4836
3 4835 1221 4836
3 1221 4835 4832
3 1222 4837 4835
3 4835 4837 4832
3 4837 1223 4832
3 1222 4838 4837
3 312 4839 4838
3 4838 4839 4837
3 4839 1223 4837
3 312 4838 4826
3 1222 4840 4838
3 4838 4840 4826
3 4840 1220 4826
3 313 4841 4834
3 1224 4842 4841
3 4841 4842 4834
3 4842 1222 4834
3 1222 4842 4840
3 1224 4843 4842
3 4842 4843 4840
3 4843 1220 4840
3 1224 4844 4843
3 311 4830 4844
3 4844 4830 4843
3 4830 1220 4843
3 313 4845 4841
3 1225 4846 4845
3 4845 4846 4841
3 4846 1224 4841
3 82 4822 4848
3 1218 4847 4822
3 4822 4847 4848
3 4847 1225 4848
3 1225 4847 4846
3 1218 4849 4847
3 4847 4849 4846
3 4849 1224 4846
3 1218 4819 4849
3 311 4844 4819
3 4819 4844 4849
3 4844 1224 4849
3 22 4833 4672
3 1223 4850 4833
3 4833 4850 4672
3 4850 1179 4672
3 312 4851 4839
3 1226 4852 4851
3 4851 4852 4839
3 4852 1223 4839
3 1223 4852 4850
3 1226 4853 4852
3 4852 4853 4850
3 4853 1179 4850
3 1226 4854 4853
3 301 4677 4854
3 4854 4677 4853
3 4677 1179 4853
3 81 4855 4824
3 1227 4856 4855
3 4855 4856 4824
3 4856 1219 4824
3 314 4857 4859
3 1228 4858 4857
3 4857 4858 4859
3 4858 1227 4859
3 1227 4858 4856
3 1228 4860 4858
3 4858 4860 4856
3 4860 1219 4856
3 1228 4861 4860
3 312 4828 4861
3 4861 4828 4860
3 4828 1219 4860
3 312 4861 4851
3 1228 4862 4861
3 4861 4862 4851
3 4862 1226 4851
3 314 4863 4857
3 1229 4864 4863
3 4863 4864 4857
3 4864 1228 4857
3 1228 4864 4862
3 1229 4865 4864
3 4864 4865 4862
3 4865 1226 4862
3 1229 4866 4865
3 301 4854 4866
3 4866 4854 4865
3 4854 1226 4865
3 314 4867 4863
3 1230 4868 4867
3 4867 4868 4863
3 4868 1229 4863
3 79 4683 4870
3 1184 4869 4683
3 4683 4869 4870
3 4869 1230 4870
3 1230 4869 4868
3 1184 4871 4869
3 4869 4871 4868
3 4871 1229 4868
3 1184 4689 4871
3 301 4866 4689
3 4689 4866 4871
3 4866 1229 4871
3 21 4872 4776
3 1231 4873 4872
3 4872 4873 4776
3 4873 1207 4776
3 315 4874 4876
3 1232 4875 4874
3 4874 4875 4876
3 4875 1231 4876
3 1231 4875 4873
3 1232 4877 4875
3 4875 4877 4873
3 4877 1207 4873
3 1232 4878 4877
3 309 4780 4878
3 4878 4780 4877
3 4780 1207 4877
3 83 4879 4881
3 1233 4880 4879
3 4879 4880 4881
3 4880 1235 4881
3 316 4882 4884
3 1234 4883 4882
3 4882 4883 4884
3 4883 1233 4884
3 1233 4883 4880
3 1234 4885 4883
3 4883 4885 4880
3 4885 1235 4880
3 1234 4886 4885
3 315 4887 4886
3 4886 4887 4885
3 4887 1235 4885
3 315 4886 4874
3 1234 4888 4886
3 4886 4888 4874
3 4888 1232 4874
3 316 4889 4882
3 1236 4890 4889
3 4889 4890 4882
3 4890 1234 4882
3 1234 4890 4888
3 1236 4891 4890
3 4890 4891 4888
3 4891 1232 4888
3 1236 4892 4891
3 309 4878 4892
3 4892 4878 4891
3 4878 1232 4891
3 316 4893 4889
3 1237 4894 4893
3 4893 4894 4889
3 4894 1236 4889
3 81 4785 4896
3 1211 4895 4785
3 4785 4895 4896
3 4895 1237 4896
3 1237 4895 4894
3 1211 4897 4895
3 4895 4897 4894
3 4897 1236 4894
3 1211 4791 4897
3 309 4892 4791
3 4791 4892 4897
3 4892 1236 4897
3 81 4896 4855
3 1237 4898 4896
3 4896 4898 4855
3 4898 1227 4855
3 316 4899 4893
3 1238 4900 4899
3 4899 4900 4893
3 4900 1237 4893
3 1237 4900 4898
3 1238 4901 4900
3 4900 4901 4898
3 4901 1227 4898
3 1238 4902 4901
3 314 4859 4902
3 4902 4859 4901
3 4859 1227 4901
3 83 4903 4879
3 1239 4904 4903
3 4903 4904 4879
3 4904 1233 4879
3 317 4905 4907
3 1240 4906 4905
3 4905 4906 4907
3 4906 1239 4907
3 1239 4906 4904
3 1240 4908 4906
3 4906 4908 4904
3 4908 1233 4904
3 1240 4909 4908
3 316 4884 4909
3 4909 4884 4908
3 4884 1233 4908
3 316 4909 4899
3 1240 4910 4909
3 4909 4910 4899
3 4910 1238 4899
3 317 4911 4905
3 1241 4912 4911
3 4911 4912 4905
3 4912 1240 4905
3 1240 4912 4910
3 1241 4913 4912
3 4912 4913 4910
3 4913 1238 4910
3 1241 4914 4913
3 314 4902 4914
3 4914 4902 4913
3 4902 1238 4913
3 317 4915 4911
3 1242 4916 4915
3 4915 4916 4911
3 4916 1241 4911
3 79 4870 4918
3 1230 4917 4870
3 4870 4917 4918
3 4917 1242 4918
3 1242 4917 4916
3 1230 4919 4917
3 4917 4919 4916
3 4919 1241 4916
3 1230 4867 4919
3 314 4914 4867
3 4867 4914 4919
3 4914 1241 4919
3 83 4920 4903
3 1243 4921 4920
3 4920 4921 4903
3 4921 1239 4903
3 318 4922 4924
3 1244 4923 4922
3 4922 4923 4924
3 4923 1243 4924
3 1243 4923 4921
3 1244 4925 4923
3 4923 4925 4921
3 4925 1239 4921
3 1244 4926 4925
3 317 4907 4926
3 4926 4907 4925
3 4907 1239 4925
3 23 4733 4928
3 1197 4927 4733
3 4733 4927 4928
3 4927 1246 4928
3 305 4929 4739
3 1245 4930 4929
3 4929 4930 4739
3 4930 1197 4739
3 1197 4930 4927
3 1245 4931 4930
3 4930 4931 4927
3 4931 1246 4927
3 1245 4932 4931
3 318 4933 4932
3 4932 4933 4931
3 4933 1246 4931
3 318 4932 4922
3 1245 4934 4932
3 4932 4934 4922
3 4934 1244 4922
3 305 4935 4929
3 1247 4936 4935
3 4935 4936 4929
3 4936 1245 4929
3 1245 4936 4934
3 1247 4937 4936
3 4936 4937 4934
3 4937 1244 4934
3 1247 4938 4937
3 317 4926 4938
3 4938 4926 4937
3 4926 1244 4937
3 305 4728 4935
3 1193 4939 4728
3 4728 4939 4935
3 4939 1247 4935
3 79 4918 4724
3 1242 4940 4918
3 4918 4940 4724
3 4940 1193 4724
3 1193 4940 4939
3 1242 4941 4940
3 4940 4941 4939
3 4941 1247 4939
3 1242 4915 4941
3 317 4938 4915
3 4915 4938 4941
3 4938 1247 4941
3 21 4294 4872
3 1087 4942 4294
3 4294 4942 4872
3 4942 1231 4872
3 280 4943 4300
3 1248 4944 4943
3 4943 4944 4300
3 4944 1087 4300
3 1087 4944 4942
3 1248 4945 4944
3 4944 4945 4942
3 4945 1231 4942
3 1248 4946 4945
3 315 4876 4946
3 4946 4876 4945
3 4876 1231 4945
3 73 4947 4317
3 1249 4948 4947
3 4947 4948 4317
3 4948 1093 4317
3 319 4949 4951
3 1250 4950 4949
3 4949 4950 4951
3 4950 1249 4951
3 1249 4950 4948
3 1250 4952 4950
3 4950 4952 4948
3 4952 1093 4948
3 1250 4953 4952
3 280 4321 4953
3 4953 4321 4952
3 4321 1093 4952
3 280 4953 4943
3 1250 4954 4953
3 4953 4954 4943
3 4954 1248 4943
3 319 4955 4949
3 1251 4956 4955
3 4955 4956 4949
3 4956 1250 4949
3 1250 4956 4954
3 1251 4957 4956
3 4956 4957 4954
3 4957 1248 4954
3 1251 4958 4957
3 315 4946 4958
3 4958 4946 4957
3 4946 1248 4957
3 319 4959 4955
3 1252 4960 4959
3 4959 4960 4955
3 4960 1251 4955
3 83 4881 4962
3 1235 4961 4881
3 4881 4961 4962
3 4961 1252 4962
3 1252 4961 4960
3 1235 4963 4961
3 4961 4963 4960
3 4963 1251 4960
3 1235 4887 4963
3 315 4958 4887
3 4887 4958 4963
3 4958 1251 4963
3 6 4964 4266
3 1253 4965 4964
3 4964 4965 4266
3 4965 1078 4266
3 320 4966 4968
3 1254 4967 4966
3 4966 4967 4968
3 4967 1253 4968
3 1253 4967 4965
3 1254 4969 4967
3 4967 4969 4965
3 4969 1078 4965
3 1254 4970 4969
3 276 4270 4970
3 4970 4270 4969
3 4270 1078 4969
3 84 4971 4973
3 1255 4972 4971
3 4971 4972 4973
3 4972 1257 4973
3 321 4974 4976
3 1256 4975 4974
3 4974 4975 4976
3 4975 1255 4976
3 1255 4975 4972
3 1256 4977 4975
3 4975 4977 4972
3 4977 1257 4972
3 1256 4978 4977
3 320 4979 4978
3 4978 4979 4977
3 4979 1257 4977
3 320 4978 4966
3 1256 4980 4978
3 4978 4980 4966
3 4980 1254 4966
3 321 4981 4974
3 1258 4982 4981
3 4981 4982 4974
3 4982 1256 4974
3 1256 4982 4980
3 1258 4983 4982
3 4982 4983 4980
3 4983 1254 4980
3 1258 4984 4983
3 276 4970 4984
3 4984 4970 4983
3 4970 1254 4983
3 321 4985 4981
3 1259 4986 4985
3 4985 4986 4981
3 4986 1258 4981
3 73 4275 4988
3 1082 4987 4275
3 4275 4987 4988
3 4987 1259 4988
3 1259 4987 4986
3 1082 4989 4987
3 4987 4989 4986
3 4989 1258 4986
3 1082 4281 4989
3 276 4984 4281
3 4281 4984 4989
3 4984 1258 4989
3 73 4988 4947
3 1259 4990 4988
3 4988 4990 4947
3 4990 1249 4947
3 321 4991 4985
3 1260 4992 4991
3 4991 4992 4985
3 4992 1259 4985
3 1259 4992 4990
3 1260 4993 4992
3 4992 4993 4990
3 4993 1249 4990
3 1260 4994 4993
3 319 4951 4994
3 4994 4951 4993
3 4951 1249 4993
3 84 4995 4971
3 1261 4996 4995
3 4995 4996 4971
3 4996 1255 4971
3 322 4997 4999
3 1262 4998 4997
3 4997 4998 4999
3 4998 1261 4999
3 1261 4998 4996
3 1262 5000 4998
3 4998 5000 4996
3 5000 1255 4996
3 1262 5001 5000
3 321 4976 5001
3 5001 4976 5000
3 4976 1255 5000
3 321 5001 4991
3 1262 5002 5001
3 5001 5002 4991
3 5002 1260 4991
3 322 5003 4997
3 1263 5004 5003
3 5003 5004 4997
3 5004 1262 4997
3 1262 5004 5002
3 1263 5005 5004
3 5004 5005 5002
3 5005 1260 5002
3 1263 5006 5005
3 319 4994 5006
3 5006 4994 5005
3 4994 1260 5005
3 322 5007 5003
3 1264 5008 5007
3 5007 5008 5003
3 5008 1263 5003
3 83 4962 5010
3 1252 5009 4962
3 4962 5009 5010
3 5009 1264 5010
3 1264 5009 5008
3 1252 5011 5009
3 5009 5011 5008
3 5011 1263 5008
3 1252 4959 5011
3 319 5006 4959
3 4959 5006 5011
3 5006 1263 5011
3 84 5012 4995
3 1265 5013 5012
3 5012 5013 4995
3 5013 1261 4995
3 323 5014 5016
3 1266 5015 5014
3 5014 5015 5016
3 5015 1265 5016
3 1265 5015 5013
3 1266 5017 5015
3 5015 5017 5013
3 5017 1261 5013
3 1266 5018 5017
3 322 4999 5018
3 5018 4999 5017
3 4999 1261 5017
3 23 4928 5020
3 1246 5019 4928
3 4928 5019 5020
3 5019 1268 5020
3 318 5021 4933
3 1267 5022 5021
3 5021 5022 4933
3 5022 1246 4933
3 1246 5022 5019
3 1267 5023 5022
3 5022 5023 5019
3 5023 1268 5019
3 1267 5024 5023
3 323 5025 5024
3 5024 5025 5023
3 5025 1268 5023
3 323 5024 5014
3 1267 5026 5024
3 5024 5026 5014
3 5026 1266 5014
3 318 5027 5021
3 1269 5028 5027
3 5027 5028 5021
3 5028 1267 5021
3 1267 5028 5026
3 1269 5029 5028
3 5028 5029 5026
3 5029 1266 5026
3 1269 5030 5029
3 322 5018 5030
3 5030 5018 5029
3 5018 1266 5029
3 318 4924 5027
3 1243 5031 4924
3 4924 5031 5027
3 5031 1269 5027
3 83 5010 4920
3 1264 5032 5010
3 5010 5032 4920
3 5032 1243 4920
3 1243 5032 5031
3 1264 5033 5032
3 5032 5033 5031
3 5033 1269 5031
3 1264 5007 5033
3 322 5030 5007
3 5007 5030 5033
3 5030 1269 5033
3 6 4201 4964
3 1064 5034 4201
3 4201 5034 4964
3 5034 1253 4964
3 274 5035 4206
3 1270 5036 5035
3 5035 5036 4206
3 5036 1064 4206
3 1064 5036 5034
3 1270 5037 5036
3 5036 5037 5034
3 5037 1253 5034
3 1270 5038 5037
3 320 4968 5038
3 5038 4968 5037
3 4968 1253 5037
3 72 5039 4221
3 1271 5040 5039
3 5039 5040 4221
3 5040 1069 4221
3 324 5041 5043
3 1272 5042 5041
3 5041 5042 5043
3 5042 1271 5043
3 1271 5042 5040
3 1272 5044 5042
3 5042 5044 5040
3 5044 1069 5040
3 1272 5045 5044
3 274 4225 5045
3 5045 4225 5044
3 4225 1069 5044
3 274 5045 5035
3 1272 5046 5045
3 5045 5046 5035
3 5046 1270 5035
3 324 5047 5041
3 1273 5048 5047
3 5047 5048 5041
3 5048 1272 5041
3 1272 5048 5046
3 1273 5049 5048
3 5048 5049 5046
3 5049 1270 5046
3 1273 5050 5049
3 320 5038 5050
3 5050 5038 5049
3 5038 1270 5049
3 324 5051 5047
3 1274 5052 5051
3 5051 5052 5047
3 5052 1273 5047
3 84 4973 5054
3 1257 5053 4973
3 4973 5053 5054
3 5053 1274 5054
3 1274 5053 5052
3 1257 5055 5053
3 5053 5055 5052
3 5055 1273 5052
3 1257 4979 5055
3 320 5050 4979
3 4979 5050 5055
3 5050 1273 5055
3 20 5056 4174
3 1275 5057 5056
3 5056 5057 4174
3 5057 1056 4174
3 325 5058 5060
3 1276 5059 5058
3 5058 5059 5060
3 5059 1275 5060
3 1275 5059 5057
3 1276 5061 5059
3 5059 5061 5057
3 5061 1056 5057
3 1276 5062 5061
3 271 4178 5062
3 5062 4178 5061
3 4178 1056 5061
3 85 5063 5065
3 1277 5064 5063
3 5063 5064 5065
3 5064 1279 5065
3 326 5066 5068
3 1278 5067 5066
3 5066 5067 5068
3 5067 1277 5068
3 1277 5067 5064
3 1278 5069 5067
3 5067 5069 5064
3 5069 1279 5064
3 1278 5070 5069
3 325 5071 5070
3 5070 5071 5069
3 5071 1279 5069
3 325 5070 5058
3 1278 5072 5070
3 5070 5072 5058
3 5072 1276 5058
3 326 5073 5066
3 1280 5074 5073
3 5073 5074 5066
3 5074 1278 5066
3 1278 5074 5072
3 1280 5075 5074
3 5074 5075 5072
3 5075 1276 5072
3 1280 5076 5075
3 271 5062 5076
3 5076 5062 5075
3 5062 1276 5075
3 326 5077 5073
3 1281 5078 5077
3 5077 5078 5073
3 5078 1280 5073
3 72 4183 5080
3 1060 5079 4183
3 4183 5079 5080
3 5079 1281 5080
3 1281 5079 5078
3 1060 5081 5079
3 5079 5081 5078
3 5081 1280 5078
3 1060 4189 5081
3 271 5076 4189
3 4189 5076 5081
3 5076 1280 5081
3 72 5080 5039
3 1281 5082 5080
3 5080 5082 5039
3 5082 1271 5039
3 326 5083 5077
3 1282 5084 5083
3 5083 5084 5077
3 5084 1281 5077
3 1281 5084 5082
3 1282 5085 5084
3 5084 5085 5082
3 5085 1271 5082
3 1282 5086 5085
3 324 5043 5086
3 5086 5043 5085
3 5043 1271 5085
3 85 5087 5063
3 1283 5088 5087
3 5087 5088 5063
3 5088 1277 5063
3 327 5089 5091
3 1284 5090 5089
3 5089 5090 5091
3 5090 1283 5091
3 1283 5090 5088
3 1284 5092 5090
3 5090 5092 5088
3 5092 1277 5088
3 1284 5093 5092
3 326 5068 5093
3 5093 5068 5092
3 5068 1277 5092
3 326 5093 5083
3 1284 5094 5093
3 5093 5094 5083
3 5094 1282 5083
3 327 5095 5089
3 1285 5096 5095
3 5095 5096 5089
3 5096 1284 5089
3 1284 5096 5094
3 1285 5097 5096
3 5096 5097 5094
3 5097 1282 5094
3 1285 5098 5097
3 324 5086 5098
3 5098 5086 5097
3 5086 1282 5097
3 327 5099 5095
3 1286 5100 5099
3 5099 5100 5095
3 5100 1285 5095
3 84 5054 5102
3 1274 5101 5054
3 5054 5101 5102
3 5101 1286 5102
3 1286 5101 5100
3 1274 5103 5101
3 5101 5103 5100
3 5103 1285 5100
3 1274 5051 5103
3 324 5098 5051
3 5051 5098 5103
3 5098 1285 5103
3 85 5104 5087
3 1287 5105 5104
3 5104 5105 5087
3 5105 1283 5087
3 328 5106 5108
3 1288 5107 5106
3 5106 5107 5108
3 5107 1287 5108
3 1287 5107 5105
3 1288 5109 5107
3 5107 5109 5105
3 5109 1283 5105
3 1288 5110 5109
3 327 5091 5110
3 5110 5091 5109
3 5091 1283 5109
3 23 5020 5112
3 1268 5111 5020
3 5020 5111 5112
3 5111 1290 5112
3 323 5113 5025
3 1289 5114 5113
3 5113 5114 5025
3 5114 1268 5025
3 1268 5114 5111
3 1289 5115 5114
3 5114 5115 5111
3 5115 1290 5111
3 1289 5116 5115
3 328 5117 5116
3 5116 5117 5115
3 5117 1290 5115
3 328 5116 5106
3 1289 5118 5116
3 5116 5118 5106
3 5118 1288 5106
3 323 5119 5113
3 1291 5120 5119
3 5119 5120 5113
3 5120 1289 5113
3 1289 5120 5118
3 1291 5121 5120
3 5120 5121 5118
3 5121 1288 5118
3 1291 5122 5121
3 327 5110 5122
3 5122 5110 5121
3 5110 1288 5121
3 323 5016 5119
3 1265 5123 5016
3 5016 5123 5119
3 5123 1291 5119
3 84 5102 5012
3 1286 5124 5102
3 5102 5124 5012
3 5124 1265 5012
3 1265 5124 5123
3 1286 5125 5124
3 5124 5125 5123
3 5125 1291 5123
3 1286 5099 5125
3 327 5122 5099
3 5099 5122 5125
3 5122 1291 5125
3 4 5126 3982
3 1292 5127 5126
3 5126 5127 3982
3 5127 1008 3982
3 329 5128 5130
3 1293 5129 5128
3 5128 5129 5130
3 5129 1292 5130
3 1292 5129 5127
3 1293 5131 5129
3 5129 5131 5127
3 5131 1008 5127
3 1293 5132 5131
3 259 3986 5132
3 5132 3986 5131
3 3986 1008 5131
3 86 5133 5135
3 1294 5134 5133
3 5133 5134 5135
3 5134 1296 5135
3 330 5136 5138
3 1295 5137 5136
3 5136 5137 5138
3 5137 1294 5138
3 1294 5137 5134
3 1295 5139 5137
3 5137 5139 5134
3 5139 1296 5134
3 1295 5140 5139
3 329 5141 5140
3 5140 5141 5139
3 5141 1296 5139
3 329 5140 5128
3 1295 5142 5140
3 5140 5142 5128
3 5142 1293 5128
3 330 5143 5136
3 1297 5144 5143
3 5143 5144 5136
3 5144 1295 5136
3 1295 5144 5142
3 1297 5145 5144
3 5144 5145 5142
3 5145 1293 5142
3 1297 5146 5145
3 259 5132 5146
3 5146 5132 5145
3 5132 1293 5145
3 330 5147 5143
3 1298 5148 5147
3 5147 5148 5143
3 5148 1297 5143
3 69 3991 5150
3 1012 5149 3991
3 3991 5149 5150
3 5149 1298 5150
3 1298 5149 5148
3 1012 5151 5149
3 5149 5151 5148
3 5151 1297 5148
3 1012 3997 5151
3 259 5146 3997
3 3997 5146 5151
3 5146 1297 5151
3 24 5152 5154
3 1299 5153 5152
3 5152 5153 5154
3 5153 1301 5154
3 331 5155 5157
3 1300 5156 5155
3 5155 5156 5157
3 5156 1299 5157
3 1299 5156 5153
3 1300 5158 5156
3 5156 5158 5153
3 5158 1301 5153
3 1300 5159 5158
3 333 5160 5159
3 5159 5160 5158
3 5160 1301 5158
3 87 5161 5163
3 1302 5162 5161
3 5161 5162 5163
3 5162 1304 5163
3 332 5164 5166
3 1303 5165 5164
3 5164 5165 5166
3 5165 1302 5166
3 1302 5165 5162
3 1303 5167 5165
3 5165 5167 5162
3 5167 1304 5162
3 1303 5168 5167
3 331 5169 5168
3 5168 5169 5167
3 5169 1304 5167
3 331 5168 5155
3 1303 5170 5168
3 5168 5170 5155
3 5170 1300 5155
3 332 5171 5164
3 1305 5172 5171
3 5171 5172 5164
3 5172 1303 5164
3 1303 5172 5170
3 1305 5173 5172
3 5172 5173 5170
3 5173 1300 5170
3 1305 5174 5173
3 333 5159 5174
3 5174 5159 5173
3 5159 1300 5173
3 332 5175 5171
3 1306 5176 5175
3 5175 5176 5171
3 5176 1305 5171
3 86 5177 5179
3 1307 5178 5177
3 5177 5178 5179
3 5178 1306 5179
3 1306 5178 5176
3 1307 5180 5178
3 5178 5180 5176
3 5180 1305 5176
3 1307 5181 5180
3 333 5174 5181
3 5181 5174 5180
3 5174 1305 5180
3 86 5179 5133
3 1306 5182 5179
3 5179 5182 5133
3 5182 1294 5133
3 332 5183 5175
3 1308 5184 5183
3 5183 5184 5175
3 5184 1306 5175
3 1306 5184 5182
3 1308 5185 5184
3 5184 5185 5182
3 5185 1294 5182
3 1308 5186 5185
3 330 5138 5186
3 5186 5138 5185
3 5138 1294 5185
3 87 5187 5161
3 1309 5188 5187
3 5187 5188 5161
3 5188 1302 5161
3 334 5189 5191
3 1310 5190 5189
3 5189 5190 5191
3 5190 1309 5191
3 1309 5190 5188
3 1310 5192 5190
3 5190 5192 5188
3 5192 1302 5188
3 1310 5193 5192
3 332 5166 5193
3 5193 5166 5192
3 5166 1302 5192
3 332 5193 5183
3 1310 5194 5193
3 5193 5194 5183
3 5194 1308 5183
3 334 5195 5189
3 1311 5196 5195
3 5195 5196 5189
3 5196 1310 5189
3 1310 5196 5194
3 1311 5197 5196
3 5196 5197 5194
3 5197 1308 5194
3 1311 5198 5197
3 330 5186 5198
3 5198 5186 5197
3 5186 1308 5197
3 334 5199 5195
3 1312 5200 5199
3 5199 5200 5195
3 5200 1311 5195
3 69 5150 5202
3 1298 5201 5150
3 5150 5201 5202
3 5201 1312 5202
3 1312 5201 5200
3 1298 5203 5201
3 5201 5203 5200
3 5203 1311 5200
3 1298 5147 5203
3 330 5198 5147
3 5147 5198 5203
3 5198 1311 5203
3 87 5204 5187
3 1313 5205 5204
3 5204 5205 5187
3 5205 1309 5187
3 335 5206 5208
3 1314 5207 5206
3 5206 5207 5208
3 5207 1313 5208
3 1313 5207 5205
3 1314 5209 5207
3 5207 5209 5205
3 5209 1309 5205
3 1314 5210 5209
3 334 5191 5210
3 5210 5191 5209
3 5191 1309 5209
3 20 4010 5212
3 1017 5211 4010
3 4010 5211 5212
3 5211 1316 5212
3 263 5213 4016
3 1315 5214 5213
3 5213 5214 4016
3 5214 1017 4016
3 1017 5214 5211
3 1315 5215 5214
3 5214 5215 5211
3 5215 1316 5211
3 1315 5216 5215
3 335 5217 5216
3 5216 5217 5215
3 5217 1316 5215
3 335 5216 5206
3 1315 5218 5216
3 5216 5218 5206
3 5218 1314 5206
3 263 5219 5213
3 1317 5220 5219
3 5219 5220 5213
3 5220 1315 5213
3 1315 5220 5218
3 1317 5221 5220
3 5220 5221 5218
3 5221 1314 5218
3 1317 5222 5221
3 334 5210 5222
3 5222 5210 5221
3 5210 1314 5221
3 263 4037 5219
3 1023 5223 4037
3 4037 5223 5219
3 5223 1317 5219
3 69 5202 4033
3 1312 5224 5202
3 5202 5224 4033
3 5224 1023 4033
3 1023 5224 5223
3 1312 5225 5224
3 5224 5225 5223
3 5225 1317 5223
3 1312 5199 5225
3 334 5222 5199
3 5199 5222 5225
3 5222 1317 5225
3 20 5212 5056
3 1316 5226 5212
3 5212 5226 5056
3 5226 1275 5056
3 335 5227 5217
3 1318 5228 5227
3 5227 5228 5217
3 5228 1316 5217
3 1316 5228 5226
3 1318 5229 5228
3 5228 5229 5226
3 5229 1275 5226
3 1318 5230 5229
3 325 5060 5230
3 5230 5060 5229
3 5060 1275 5229
3 87 5231 5204
3 1319 5232 5231
3 5231 5232 5204
3 5232 1313 5204
3 336 5233 5235
3 1320 5234 5233
3 5233 5234 5235
3 5234 1319 5235
3 1319 5234 5232
3 1320 5236 5234
3 5234 5236 5232
3 5236 1313 5232
3 1320 5237 5236
3 335 5208 5237
3 5237 5208 5236
3 5208 1313 5236
3 335 5237 5227
3 1320 5238 5237
3 5237 5238 5227
3 5238 1318 5227
3 336 5239 5233
3 1321 5240 5239
3 5239 5240 5233
3 5240 1320 5233
3 1320 5240 5238
3 1321 5241 5240
3 5240 5241 5238
3 5241 1318 5238
3 1321 5242 5241
3 325 5230 5242
3 5242 5230 5241
3 5230 1318 5241
3 336 5243 5239
3 1322 5244 5243
3 5243 5244 5239
3 5244 1321 5239
3 85 5065 5246
3 1279 5245 5065
3 5065 5245 5246
3 5245 1322 5246
3 1322 5245 5244
3 1279 5247 5245
3 5245 5247 5244
3 5247 1321 5244
3 1279 5071 5247
3 325 5242 5071
3 5071 5242 5247
3 5242 1321 5247
3 24 5248 5152
3 1323 5249 5248
3 5248 5249 5152
3 5249 1299 5152
3 337 5250 5252
3 1324 5251 5250
3 5250 5251 5252
3 5251 1323 5252
3 1323 5251 5249
3 1324 5253 5251
3 5251 5253 5249
3 5253 1299 5249
3 1324 5254 5253
3 331 5157 5254
3 5254 5157 5253
3 5157 1299 5253
3 88 5255 5257
3 1325 5256 5255
3 5255 5256 5257
3 5256 1327 5257
3 338 5258 5260
3 1326 5259 5258
3 5258 5259 5260
3 5259 1325 5260
3 1325 5259 5256
3 1326 5261 5259
3 5259 5261 5256
3 5261 1327 5256
3 1326 5262 5261
3 337 5263 5262
3 5262 5263 5261
3 5263 1327 5261
3 337 5262 5250
3 1326 5264 5262
3 5262 5264 5250
3 5264 1324 5250
3 338 5265 5258
3 1328 5266 5265
3 5265 5266 5258
3 5266 1326 5258
3 1326 5266 5264
3 1328 5267 5266
3 5266 5267 5264
3 5267 1324 5264
3 1328 5268 5267
3 331 5254 5268
3 5268 5254 5267
3 5254 1324 5267
3 338 5269 5265
3 1329 5270 5269
3 5269 5270 5265
3 5270 1328 5265
3 87 5163 5272
3 1304 5271 5163
3 5163 5271 5272
3 5271 1329 5272
3 1329 5271 5270
3 1304 5273 5271
3 5271 5273 5270
3 5273 1328 5270
3 1304 5169 5273
3 331 5268 5169
3 5169 5268 5273
3 5268 1328 5273
3 87 5272 5231
3 1329 5274 5272
3 5272 5274 5231
3 5274 1319 5231
3 338 5275 5269
3 1330 5276 5275
3 5275 5276 5269
3 5276 1329 5269
3 1329 5276 5274
3 1330 5277 5276
3 5276 5277 5274
3 5277 1319 5274
3 1330 5278 5277
3 336 5235 5278
3 5278 5235 5277
3 5235 1319 5277
3 88 5279 5255
3 1331 5280 5279
3 5279 5280 5255
3 5280 1325 5255
3 339 5281 5283
3 1332 5282 5281
3 5281 5282 5283
3 5282 1331 5283
3 1331 5282 5280
3 1332 5284 5282
3 5282 5284 5280
3 5284 1325 5280
3 1332 5285 5284
3 338 5260 5285
3 5285 5260 5284
3 5260 1325 5284
3 338 5285 5275
3 1332 5286 5285
3 5285 5286 5275
3 5286 1330 5275
3 339 5287 5281
3 1333 5288 5287
3 5287 5288 5281
3 5288 1332 5281
3 1332 5288 5286
3 1333 5289 5288
3 5288 5289 5286
3 5289 1330 5286
3 1333 5290 5289
3 336 5278 5290
3 5290 5278 5289
3 5278 1330 5289
3 339 5291 5287
3 1334 5292 5291
3 5291 5292 5287
3 5292 1333 5287
3 85 5246 5294
3 1322 5293 5246
3 5246 5293 5294
3 5293 1334 5294
3 1334 5293 5292
3 1322 5295 5293
3 5293 5295 5292
3 5295 1333 5292
3 1322 5243 5295
3 336 5290 5243
3 5243 5290 5295
3 5290 1333 5295
3 88 5296 5279
3 1335 5297 5296
3 5296 5297 5279
3 5297 1331 5279
3 340 5298 5300
3 1336 5299 5298
3 5298 5299 5300
3 5299 1335 5300
3 1335 5299 5297
3 1336 5301 5299
3 5299 5301 5297
3 5301 1331 5297
3 1336 5302 5301
3 339 5283 5302
3 5302 5283 5301
3 5283 1331 5301
3 23 5112 5304
3 1290 5303 5112
3 5112 5303 5304
3 5303 1338 5304
3 328 5305 5117
3 1337 5306 5305
3 5305 5306 5117
3 5306 1290 5117
3 1290 5306 5303
3 1337 5307 5306
3 5306 5307 5303
3 5307 1338 5303
3 1337 5308 5307
3 340 5309 5308
3 5308 5309 5307
3 5309 1338 5307
3 340 5308 5298
3 1337 5310 5308
3 5308 5310 5298
3 5310 1336 5298
3 328 5311 5305
3 1339 5312 5311
3 5311 5312 5305
3 5312 1337 5305
3 1337 5312 5310
3 1339 5313 5312
3 5312 5313 5310
3 5313 1336 5310
3 1339 5314 5313
3 339 5302 5314
3 5314 5302 5313
3 5302 1336 5313
3 328 5108 5311
3 1287 5315 5108
3 5108 5315 5311
3 5315 1339 5311
3 85 5294 5104
3 1334 5316 5294
3 5294 5316 5104
3 5316 1287 5104
3 1287 5316 5315
3 1334 5317 5316
3 5316 5317 5315
3 5317 1339 5315
3 1334 5291 5317
3 339 5314 5291
3 5291 5314 5317
3 5314 1339 5317
3 24 5318 5248
3 1340 5319 5318
3 5318 5319 5248
3 5319 1323 5248
3 341 5320 5322
3 1341 5321 5320
3 5320 5321 5322
3 5321 1340 5322
3 1340 5321 5319
3 1341 5323 5321
3 5321 5323 5319
3 5323 1323 5319
3 1341 5324 5323
3 337 5252 5324
3 5324 5252 5323
3 5252 1323 5323
3 89 5325 5327
3 1342 5326 5325
3 5325 5326 5327
3 5326 1344 5327
3 342 5328 5330
3 1343 5329 5328
3 5328 5329 5330
3 5329 1342 5330
3 1342 5329 5326
3 1343 5331 5329
3 5329 5331 5326
3 5331 1344 5326
3 1343 5332 5331
3 341 5333 5332
3 5332 5333 5331
3 5333 1344 5331
3 341 5332 5320
3 1343 5334 5332
3 5332 5334 5320
3 5334 1341 5320
3 342 5335 5328
3 1345 5336 5335
3 5335 5336 5328
3 5336 1343 5328
3 1343 5336 5334
3 1345 5337 5336
3 5336 5337 5334
3 5337 1341 5334
3 1345 5338 5337
3 337 5324 5338
3 5338 5324 5337
3 5324 1341 5337
3 342 5339 5335
3 1346 5340 5339
3 5339 5340 5335
3 5340 1345 5335
3 88 5257 5342
3 1327 5341 5257
3 5257 5341 5342
3 5341 1346 5342
3 1346 5341 5340
3 1327 5343 5341
3 5341 5343 5340
3 5343 1345 5340
3 1327 5263 5343
3 337 5338 5263
3 5263 5338 5343
3 5338 1345 5343
3 7 4644 5345
3 1172 5344 4644
3 4644 5344 5345
3 5344 1348 5345
3 300 5346 4650
3 1347 5347 5346
3 5346 5347 4650
3 5347 1172 4650
3 1172 5347 5344
3 1347 5348 5347
3 5347 5348 5344
3 5348 1348 5344
3 1347 5349 5348
3 344 5350 5349
3 5349 5350 5348
3 5350 1348 5348
3 80 5351 4667
3 1349 5352 5351
3 5351 5352 4667
3 5352 1178 4667
3 343 5353 5355
3 1350 5354 5353
3 5353 5354 5355
3 5354 1349 5355
3 1349 5354 5352
3 1350 5356 5354
3 5354 5356 5352
3 5356 1178 5352
3 1350 5357 5356
3 300 4671 5357
3 5357 4671 5356
3 4671 1178 5356
3 300 5357 5346
3 1350 5358 5357
3 5357 5358 5346
3 5358 1347 5346
3 343 5359 5353
3 1351 5360 5359
3 5359 5360 5353
3 5360 1350 5353
3 1350 5360 5358
3 1351 5361 5360
3 5360 5361 5358
3 5361 1347 5358
3 1351 5362 5361
3 344 5349 5362
3 5362 5349 5361
3 5349 1347 5361
3 343 5363 5359
3 1352 5364 5363
3 5363 5364 5359
3 5364 1351 5359
3 89 5365 5367
3 1353 5366 5365
3 5365 5366 5367
3 5366 1352 5367
3 1352 5366 5364
3 1353 5368 5366
3 5366 5368 5364
3 5368 1351 5364
3 1353 5369 5368
3 344 5362 5369
3 5369 5362 5368
3 5362 1351 5368
3 89 5367 5325
3 1352 5370 5367
3 5367 5370 5325
3 5370 1342 5325
3 343 5371 5363
3 1354 5372 5371
3 5371 5372 5363
3 5372 1352 5363
3 1352 5372 5370
3 1354 5373 5372
3 5372 5373 5370
3 5373 1342 5370
3 1354 5374 5373
3 342 5330 5374
3 5374 5330 5373
3 5330 1342 5373
3 80 5375 5351
3 1355 5376 5375
3 5375 5376 5351
3 5376 1349 5351
3 345 5377 5379
3 1356 5378 5377
3 5377 5378 5379
3 5378 1355 5379
3 1355 5378 5376
3 1356 5380 5378
3 5378 5380 5376
3 5380 1349 5376
3 1356 5381 5380
3 343 5355 5381
3 5381 5355 5380
3 5355 1349 5380
3 343 5381 5371
3 1356 5382 5381
3 5381 5382 5371
3 5382 1354 5371
3 345 5383 5377
3 1357 5384 5383
3 5383 5384 5377
3 5384 1356 5377
3 1356 5384 5382
3 1357 5385 5384
3 5384 5385 5382
3 5385 1354 5382
3 1357 5386 5385
3 342 5374 5386
3 5386 5374 5385
3 5374 1354 5385
3 345 5387 5383
3 1358 5388 5387
3 5387 5388 5383
3 5388 1357 5383
3 88 5342 5390
3 1346 5389 5342
3 5342 5389 5390
3 5389 1358 5390
3 1358 5389 5388
3 1346 5391 5389
3 5389 5391 5388
3 5391 1357 5388
3 1346 5339 5391
3 342 5386 5339
3 5339 5386 5391
3 5386 1357 5391
3 80 4748 5375
3 1199 5392 4748
3 4748 5392 5375
3 5392 1355 5375
3 306 5393 4745
3 1359 5394 5393
3 5393 5394 4745
3 5394 1199 4745
3 1199 5394 5392
3 1359 5395 5394
3 5394 5395 5392
3 5395 1355 5392
3 1359 5396 5395
3 345 5379 5396
3 5396 5379 5395
3 5379 1355 5395
3 23 5304 4731
3 1338 5397 5304
3 5304 5397 4731
3 5397 1195 4731
3 340 5398 5309
3 1360 5399 5398
3 5398 5399 5309
3 5399 1338 5309
3 1338 5399 5397
3 1360 5400 5399
3 5399 5400 5397
3 5400 1195 5397
3 1360 5401 5400
3 306 4736 5401
3 5401 4736 5400
3 4736 1195 5400
3 306 5401 5393
3 1360 5402 5401
3 5401 5402 5393
3 5402 1359 5393
3 340 5403 5398
3 1361 5404 5403
3 5403 5404 5398
3 5404 1360 5398
3 1360 5404 5402
3 1361 5405 5404
3 5404 5405 5402
3 5405 1359 5402
3 1361 5406 5405
3 345 5396 5406
3 5406 5396 5405
3 5396 1359 5405
3 340 5300 5403
3 1335 5407 5300
3 5300 5407 5403
3 5407 1361 5403
3 88 5390 5296
3 1358 5408 5390
3 5390 5408 5296
3 5408 1335 5296
3 1335 5408 5407
3 1358 5409 5408
3 5408 5409 5407
3 5409 1361 5407
3 1358 5387 5409
3 345 5406 5387
3 5387 5406 5409
3 5406 1361 5409
3 7 5410 4642
3 1362 5411 5410
3 5410 5411 4642
3 5411 1170 4642
3 346 5412 5414
3 1363 5413 5412
3 5412 5413 5414
3 5413 1362 5414
3 1362 5413 5411
3 1363 5415 5413
3 5413 5415 5411
3 5415 1170 5411
3 1363 5416 5415
3 298 4647 5416
3 5416 4647 5415
3 4647 1170 5415
3 90 5417 5419
3 1364 5418 5417
3 5417 5418 5419
3 5418 1366 5419
3 347 5420 5422
3 1365 5421 5420
3 5420 5421 5422
3 5421 1364 5422
3 1364 5421 5418
3 1365 5423 5421
3 5421 5423 5418
3 5423 1366 5418
3 1365 5424 5423
3 346 5425 5424
3 5424 5425 5423
3 5425 1366 5423
3 346 5424 5412
3 1365 5426 5424
3 5424 5426 5412
3 5426 1363 5412
3 347 5427 5420
3 1367 5428 5427
3 5427 5428 5420
3 5428 1365 5420
3 1365 5428 5426
3 1367 5429 5428
3 5428 5429 5426
3 5429 1363 5426
3 1367 5430 5429
3 298 5416 5430
3 5430 5416 5429
3 5416 1363 5429
3 347 5431 5427
3 1368 5432 5431
3 5431 5432 5427
3 5432 1367 5427
3 78 4653 5434
3 1175 5433 4653
3 4653 5433 5434
3 5433 1368 5434
3 1368 5433 5432
3 1175 5435 5433
3 5433 5435 5432
3 5435 1367 5432
3 1175 4659 5435
3 298 5430 4659
3 4659 5430 5435
3 5430 1367 5435
3 25 5436 5438
3 1369 5437 5436
3 5436 5437 5438
3 5437 1371 5438
3 348 5439 5441
3 1370 5440 5439
3 5439 5440 5441
3 5440 1369 5441
3 1369 5440 5437
3 1370 5442 5440
3 5440 5442 5437
3 5442 1371 5437
3 1370 5443 5442
3 350 5444 5443
3 5443 5444 5442
3 5444 1371 5442
3 91 5445 5447
3 1372 5446 5445
3 5445 5446 5447
3 5446 1374 5447
3 349 5448 5450
3 1373 5449 5448
3 5448 5449 5450
3 5449 1372 5450
3 1372 5449 5446
3 1373 5451 5449
3 5449 5451 5446
3 5451 1374 5446
3 1373 5452 5451
3 348 5453 5452
3 5452 5453 5451
3 5453 1374 5451
3 348 5452 5439
3 1373 5454 5452
3 5452 5454 5439
3 5454 1370 5439
3 349 5455 5448
3 1375 5456 5455
3 5455 5456 5448
3 5456 1373 5448
3 1373 5456 5454
3 1375 5457 5456
3 5456 5457 5454
3 5457 1370 5454
3 1375 5458 5457
3 350 5443 5458
3 5458 5443 5457
3 5443 1370 5457
3 349 5459 5455
3 1376 5460 5459
3 5459 5460 5455
3 5460 1375 5455
3 90 5461 5463
3 1377 5462 5461
3 5461 5462 5463
3 5462 1376 5463
3 1376 5462 5460
3 1377 5464 5462
3 5462 5464 5460
3 5464 1375 5460
3 1377 5465 5464
3 350 5458 5465
3 5465 5458 5464
3 5458 1375 5464
3 90 5463 5417
3 1376 5466 5463
3 5463 5466 5417
3 5466 1364 5417
3 349 5467 5459
3 1378 5468 5467
3 5467 5468 5459
3 5468 1376 5459
3 1376 5468 5466
3 1378 5469 5468
3 5468 5469 5466
3 5469 1364 5466
3 1378 5470 5469
3 347 5422 5470
3 5470 5422 5469
3 5422 1364 5469
3 91 5471 5445
3 1379 5472 5471
3 5471 5472 5445
3 5472 1372 5445
3 351 5473 5475
3 1380 5474 5473
3 5473 5474 5475
3 5474 1379 5475
3 1379 5474 5472
3 1380 5476 5474
3 5474 5476 5472
3 5476 1372 5472
3 1380 5477 5476
3 349 5450 5477
3 5477 5450 5476
3 5450 1372 5476
3 349 5477 5467
3 1380 5478 5477
3 5477 5478 5467
3 5478 1378 5467
3 351 5479 5473
3 1381 5480 5479
3 5479 5480 5473
3 5480 1380 5473
3 1380 5480 5478
3 1381 5481 5480
3 5480 5481 5478
3 5481 1378 5478
3 1381 5482 5481
3 347 5470 5482
3 5482 5470 5481
3 5470 1378 5481
3 351 5483 5479
3 1382 5484 5483
3 5483 5484 5479
3 5484 1381 5479
3 78 5434 5486
3 1368 5485 5434
3 5434 5485 5486
3 5485 1382 5486
3 1382 5485 5484
3 1368 5487 5485
3 5485 5487 5484
3 5487 1381 5484
3 1368 5431 5487
3 347 5482 5431
3 5431 5482 5487
3 5482 1381 5487
3 91 5488 5471
3 1383 5489 5488
3 5488 5489 5471
3 5489 1379 5471
3 352 5490 5492
3 1384 5491 5490
3 5490 5491 5492
3 5491 1383 5492
3 1383 5491 5489
3 1384 5493 5491
3 5491 5493 5489
3 5493 1379 5489
3 1384 5494 5493
3 351 5475 5494
3 5494 5475 5493
3 5475 1379 5493
3 22 4674 5496
3 1181 5495 4674
3 4674 5495 5496
3 5495 1386 5496
3 303 5497 4680
3 1385 5498 5497
3 5497 5498 4680
3 5498 1181 4680
3 1181 5498 5495
3 1385 5499 5498
3 5498 5499 5495
3 5499 1386 5495
3 1385 5500 5499
3 352 5501 5500
3 5500 5501 5499
3 5501 1386 5499
3 352 5500 5490
3 1385 5502 5500
3 5500 5502 5490
3 5502 1384 5490
3 303 5503 5497
3 1387 5504 5503
3 5503 5504 5497
3 5504 1385 5497
3 1385 5504 5502
3 1387 5505 5504
3 5504 5505 5502
3 5505 1384 5502
3 1387 5506 5505
3 351 5494 5506
3 5506 5494 5505
3 5494 1384 5505
3 303 4701 5503
3 1187 5507 4701
3 4701 5507 5503
3 5507 1387 5503
3 78 5486 4697
3 1382 5508 5486
3 5486 5508 4697
3 5508 1187 4697
3 1187 5508 5507
3 1382 5509 5508
3 5508 5509 5507
3 5509 1387 5507
3 1382 5483 5509
3 351 5506 5483
3 5483 5506 5509
3 5506 1387 5509
3 5 2732 5511
3 696 5510 2732
3 2732 5510 5511
3 5510 1389 5511
3 182 5512 2738
3 1388 5513 5512
3 5512 5513 2738
3 5513 696 2738
3 696 5513 5510
3 1388 5514 5513
3 5513 5514 5510
3 5514 1389 5510
3 1388 5515 5514
3 354 5516 5515
3 5515 5516 5514
3 5516 1389 5514
3 51 5517 2755
3 1390 5518 5517
3 5517 5518 2755
3 5518 702 2755
3 353 5519 5521
3 1391 5520 5519
3 5519 5520 5521
3 5520 1390 5521
3 1390 5520 5518
3 1391 5522 5520
3 5520 5522 5518
3 5522 702 5518
3 1391 5523 5522
3 182 2759 5523
3 5523 2759 5522
3 2759 702 5522
3 182 5523 5512
3 1391 5524 5523
3 5523 5524 5512
3 5524 1388 5512
3 353 5525 5519
3 1392 5526 5525
3 5525 5526 5519
3 5526 1391 5519
3 1391 5526 5524
3 1392 5527 5526
3 5526 5527 5524
3 5527 1388 5524
3 1392 5528 5527
3 354 5515 5528
3 5528 5515 5527
3 5515 1388 5527
3 353 5529 5525
3 1393 5530 5529
3 5529 5530 5525
3 5530 1392 5525
3 93 5531 5533
3 1394 5532 5531
3 5531 5532 5533
3 5532 1393 5533
3 1393 5532 5530
3 1394 5534 5532
3 5532 5534 5530
3 5534 1392 5530
3 1394 5535 5534
3 354 5528 5535
3 5535 5528 5534
3 5528 1392 5534
3 16 5536 2819
3 1395 5537 5536
3 5536 5537 2819
3 5537 719 2819
3 355 5538 5540
3 1396 5539 5538
3 5538 5539 5540
3 5539 1395 5540
3 1395 5539 5537
3 1396 5541 5539
3 5539 5541 5537
3 5541 719 5537
3 1396 5542 5541
3 188 2824 5542
3 5542 2824 5541
3 2824 719 5541
3 92 5543 5545
3 1397 5544 5543
3 5543 5544 5545
3 5544 1399 5545
3 356 5546 5548
3 1398 5547 5546
3 5546 5547 5548
3 5547 1397 5548
3 1397 5547 5544
3 1398 5549 5547
3 5547 5549 5544
3 5549 1399 5544
3 1398 5550 5549
3 355 5551 5550
3 5550 5551 5549
3 5551 1399 5549
3 355 5550 5538
3 1398 5552 5550
3 5550 5552 5538
3 5552 1396 5538
3 356 5553 5546
3 1400 5554 5553
3 5553 5554 5546
3 5554 1398 5546
3 1398 5554 5552
3 1400 5555 5554
3 5554 5555 5552
3 5555 1396 5552
3 1400 5556 5555
3 188 5542 5556
3 5556 5542 5555
3 5542 1396 5555
3 356 5557 5553
3 1401 5558 5557
3 5557 5558 5553
3 5558 1400 5553
3 51 2836 5560
3 723 5559 2836
3 2836 5559 5560
3 5559 1401 5560
3 1401 5559 5558
3 723 5561 5559
3 5559 5561 5558
3 5561 1400 5558
3 723 2833 5561
3 188 5556 2833
3 2833 5556 5561
3 5556 1400 5561
3 51 5560 5517
3 1401 5562 5560
3 5560 5562 5517
3 5562 1390 5517
3 356 5563 5557
3 1402 5564 5563
3 5563 5564 5557
3 5564 1401 5557
3 1401 5564 5562
3 1402 5565 5564
3 5564 5565 5562
3 5565 1390 5562
3 1402 5566 5565
3 353 5521 5566
3 5566 5521 5565
3 5521 1390 5565
3 92 5567 5543
3 1403 5568 5567
3 5567 5568 5543
3 5568 1397 5543
3 357 5569 5571
3 1404 5570 5569
3 5569 5570 5571
3 5570 1403 5571
3 1403 5570 5568
3 1404 5572 5570
3 5570 5572 5568
3 5572 1397 5568
3 1404 5573 5572
3 356 5548 5573
3 5573 5548 5572
3 5548 1397 5572
3 356 5573 5563
3 1404 5574 5573
3 5573 5574 5563
3 5574 1402 5563
3 357 5575 5569
3 1405 5576 5575
3 5575 5576 5569
3 5576 1404 5569
3 1404 5576 5574
3 1405 5577 5576
3 5576 5577 5574
3 5577 1402 5574
3 1405 5578 5577
3 353 5566 5578
3 5578 5566 5577
3 5566 1402 5577
3 357 5579 5575
3 1406 5580 5579
3 5579 5580 5575
3 5580 1405 5575
3 93 5533 5582
3 1393 5581 5533
3 5533 5581 5582
3 5581 1406 5582
3 1406 5581 5580
3 1393 5583 5581
3 5581 5583 5580
3 5583 1405 5580
3 1393 5529 5583
3 353 5578 5529
3 5529 5578 5583
3 5578 1405 5583
3 92 5584 5567
3 1407 5585 5584
3 5584 5585 5567
3 5585 1403 5567
3 358 5586 5588
3 1408 5587 5586
3 5586 5587 5588
3 5587 1407 5588
3 1407 5587 5585
3 1408 5589 5587
3 5587 5589 5585
3 5589 1403 5585
3 1408 5590 5589
3 357 5571 5590
3 5590 5571 5589
3 5571 1403 5589
3 25 5591 5593
3 1409 5592 5591
3 5591 5592 5593
3 5592 1411 5593
3 359 5594 5596
3 1410 5595 5594
3 5594 5595 5596
3 5595 1409 5596
3 1409 5595 5592
3 1410 5597 5595
3 5595 5597 5592
3 5597 1411 5592
3 1410 5598 5597
3 358 5599 5598
3 5598 5599 5597
3 5599 1411 5597
3 358 5598 5586
3 1410 5600 5598
3 5598 5600 5586
3 5600 1408 5586
3 359 5601 5594
3 1412 5602 5601
3 5601 5602 5594
3 5602 1410 5594
3 1410 5602 5600
3 1412 5603 5602
3 5602 5603 5600
3 5603 1408 5600
3 1412 5604 5603
3 357 5590 5604
3 5604 5590 5603
3 5590 1408 5603
3 359 5605 5601
3 1413 5606 5605
3 5605 5606 5601
3 5606 1412 5601
3 93 5582 5608
3 1406 5607 5582
3 5582 5607 5608
3 5607 1413 5608
3 1413 5607 5606
3 1406 5609 5607
3 5607 5609 5606
3 5609 1412 5606
3 1406 5579 5609
3 357 5604 5579
3 5579 5604 5609
3 5604 1412 5609
3 25 5593 5436
3 1411 5610 5593
3 5593 5610 5436
3 5610 1369 5436
3 358 5611 5599
3 1414 5612 5611
3 5611 5612 5599
3 5612 1411 5599
3 1411 5612 5610
3 1414 5613 5612
3 5612 5613 5610
3 5613 1369 5610
3 1414 5614 5613
3 348 5441 5614
3 5614 5441 5613
3 5441 1369 5613
3 92 5615 5584
3 1415 5616 5615
3 5615 5616 5584
3 5616 1407 5584
3 360 5617 5619
3 1416 5618 5617
3 5617 5618 5619
3 5618 1415 5619
3 1415 5618 5616
3 1416 5620 5618
3 5618 5620 5616
3 5620 1407 5616
3 1416 5621 5620
3 358 5588 5621
3 5621 5588 5620
3 5588 1407 5620
3 358 5621 5611
3 1416 5622 5621
3 5621 5622 5611
3 5622 1414 5611
3 360 5623 5617
3 1417 5624 5623
3 5623 5624 5617
3 5624 1416 5617
3 1416 5624 5622
3 1417 5625 5624
3 5624 5625 5622
3 5625 1414 5622
3 1417 5626 5625
3 348 5614 5626
3 5626 5614 5625
3 5614 1414 5625
3 360 5627 5623
3 1418 5628 5627
3 5627 5628 5623
3 5628 1417 5623
3 91 5447 5630
3 1374 5629 5447
3 5447 5629 5630
3 5629 1418 5630
3 1418 5629 5628
3 1374 5631 5629
3 5629 5631 5628
3 5631 1417 5628
3 1374 5453 5631
3 348 5626 5453
3 5453 5626 5631
3 5626 1417 5631
3 16 5632 5536
3 1419 5633 5632
3 5632 5633 5536
3 5633 1395 5536
3 361 5634 5636
3 1420 5635 5634
3 5634 5635 5636
3 5635 1419 5636
3 1419 5635 5633
3 1420 5637 5635
3 5635 5637 5633
3 5637 1395 5633
3 1420 5638 5637
3 355 5540 5638
3 5638 5540 5637
3 5540 1395 5637
3 94 5639 5641
3 1421 5640 5639
3 5639 5640 5641
3 5640 1423 5641
3 362 5642 5644
3 1422 5643 5642
3 5642 5643 5644
3 5643 1421 5644
3 1421 5643 5640
3 1422 5645 5643
3 5643 5645 5640
3 5645 1423 5640
3 1422 5646 5645
3 361 5647 5646
3 5646 5647 5645
3 5647 1423 5645
3 361 5646 5634
3 1422 5648 5646
3 5646 5648 5634
3 5648 1420 5634
3 362 5649 5642
3 1424 5650 5649
3 5649 5650 5642
3 5650 1422 5642
3 1422 5650 5648
3 1424 5651 5650
3 5650 5651 5648
3 5651 1420 5648
3 1424 5652 5651
3 355 5638 5652
3 5652 5638 5651
3 5638 1420 5651
3 362 5653 5649
3 1425 5654 5653
3 5653 5654 5649
3 5654 1424 5649
3 92 5545 5656
3 1399 5655 5545
3 5545 5655 5656
3 5655 1425 5656
3 1425 5655 5654
3 1399 5657 5655
3 5655 5657 5654
3 5657 1424 5654
3 1399 5551 5657
3 355 5652 5551
3 5551 5652 5657
3 5652 1424 5657
3 92 5656 5615
3 1425 5658 5656
3 5656 5658 5615
3 5658 1415 5615
3 362 5659 5653
3 1426 5660 5659
3 5659 5660 5653
3 5660 1425 5653
3 1425 5660 5658
3 1426 5661 5660
3 5660 5661 5658
3 5661 1415 5658
3 1426 5662 5661
3 360 5619 5662
3 5662 5619 5661
3 5619 1415 5661
3 94 5663 5639
3 1427 5664 5663
3 5663 5664 5639
3 5664 1421 5639
3 363 5665 5667
3 1428 5666 5665
3 5665 5666 5667
3 5666 1427 5667
3 1427 5666 5664
3 1428 5668 5666
3 5666 5668 5664
3 5668 1421 5664
3 1428 5669 5668
3 362 5644 5669
3 5669 5644 5668
3 5644 1421 5668
3 362 5669 5659
3 1428 5670 5669
3 5669 5670 5659
3 5670 1426 5659
3 363 5671 5665
3 1429 5672 5671
3 5671 5672 5665
3 5672 1428 5665
3 1428 5672 5670
3 1429 5673 5672
3 5672 5673 5670
3 5673 1426 5670
3 1429 5674 5673
3 360 5662 5674
3 5674 5662 5673
3 5662 1426 5673
3 363 5675 5671
3 1430 5676 5675
3 5675 5676 5671
3 5676 1429 5671
3 91 5630 5678
3 1418 5677 5630
3 5630 5677 5678
3 5677 1430 5678
3 1430 5677 5676
3 1418 5679 5677
3 5677 5679 5676
3 5679 1429 5676
3 1418 5627 5679
3 360 5674 5627
3 5627 5674 5679
3 5674 1429 5679
3 94 5680 5663
3 1431 5681 5680
3 5680 5681 5663
3 5681 1427 5663
3 364 5682 5684
3 1432 5683 5682
3 5682 5683 5684
3 5683 1431 5684
3 1431 5683 5681
3 1432 5685 5683
3 5683 5685 5681
3 5685 1427 5681
3 1432 5686 5685
3 363 5667 5686
3 5686 5667 5685
3 5667 1427 5685
3 22 5496 5688
3 1386 5687 5496
3 5496 5687 5688
3 5687 1434 5688
3 352 5689 5501
3 1433 5690 5689
3 5689 5690 5501
3 5690 1386 5501
3 1386 5690 5687
3 1433 5691 5690
3 5690 5691 5687
3 5691 1434 5687
3 1433 5692 5691
3 364 5693 5692
3 5692 5693 5691
3 5693 1434 5691
3 364 5692 5682
3 1433 5694 5692
3 5692 5694 5682
3 5694 1432 5682
3 352 5695 5689
3 1435 5696 5695
3 5695 5696 5689
3 5696 1433 5689
3 1433 5696 5694
3 1435 5697 5696
3 5696 5697 5694
3 5697 1432 5694
3 1435 5698 5697
3 363 5686 5698
3 5698 5686 5697
3 5686 1432 5697
3 352 5492 5695
3 1383 5699 5492
3 5492 5699 5695
3 5699 1435 5695
3 91 5678 5488
3 1430 5700 5678
3 5678 5700 5488
3 5700 1383 5488
3 1383 5700 5699
3 1430 5701 5700
3 5700 5701 5699
3 5701 1435 5699
3 1430 5675 5701
3 363 5698 5675
3 5675 5698 5701
3 5698 1435 5701
3 16 3108 5632
3 792 5702 3108
3 3108 5702 5632
3 5702 1419 5632
3 205 5703 3113
3 1436 5704 5703
3 5703 5704 3113
3 5704 792 3113
3 792 5704 5702
3 1436 5705 5704
3 5704 5705 5702
3 5705 1419 5702
3 1436 5706 5705
3 361 5636 5706
3 5706 5636 5705
3 5636 1419 5705
3 55 5707 3100
3 1437 5708 5707
3 5707 5708 3100
3 5708 789 3100
3 365 5709 5711
3 1438 5710 5709
3 5709 5710 5711
3 5710 1437 5711
3 1437 5710 5708
3 1438 5712 5710
3 5710 5712 5708
3 5712 789 5708
3 1438 5713 5712
3 205 3104 5713
3 5713 3104 5712
3 3104 789 5712
3 205 5713 5703
3 1438 5714 5713
3 5713 5714 5703
3 5714 1436 5703
3 365 5715 5709
3 1439 5716 5715
3 5715 5716 5709
3 5716 1438 5709
3 1438 5716 5714
3 1439 5717 5716
3 5716 5717 5714
3 5717 1436 5714
3 1439 5718 5717
3 361 5706 5718
3 5718 5706 5717
3 5706 1436 5717
3 365 5719 5715
3 1440 5720 5719
3 5719 5720 5715
3 5720 1439 5715
3 94 5641 5722
3 1423 5721 5641
3 5641 5721 5722
3 5721 1440 5722
3 1440 5721 5720
3 1423 5723 5721
3 5721 5723 5720
3 5723 1439 5720
3 1423 5647 5723
3 361 5718 5647
3 5647 5718 5723
3 5718 1439 5723
3 3 4751 3052
3 1201 5724 4751
3 4751 5724 3052
3 5724 777 3052
3 308 5725 4756
3 1441 5726 5725
3 5725 5726 4756
3 5726 1201 4756
3 1201 5726 5724
3 1441 5727 5726
3 5726 5727 5724
3 5727 777 5724
3 1441 5728 5727
3 202 3056 5728
3 5728 3056 5727
3 3056 777 5727
3 82 5729 4771
3 1442 5730 5729
3 5729 5730 4771
3 5730 1206 4771
3 366 5731 5733
3 1443 5732 5731
3 5731 5732 5733
3 5732 1442 5733
3 1442 5732 5730
3 1443 5734 5732
3 5732 5734 5730
3 5734 1206 5730
3 1443 5735 5734
3 308 4775 5735
3 5735 4775 5734
3 4775 1206 5734
3 308 5735 5725
3 1443 5736 5735
3 5735 5736 5725
3 5736 1441 5725
3 366 5737 5731
3 1444 5738 5737
3 5737 5738 5731
3 5738 1443 5731
3 1443 5738 5736
3 1444 5739 5738
3 5738 5739 5736
3 5739 1441 5736
3 1444 5740 5739
3 202 5728 5740
3 5740 5728 5739
3 5728 1441 5739
3 366 5741 5737
3 1445 5742 5741
3 5741 5742 5737
3 5742 1444 5737
3 55 3061 5744
3 781 5743 3061
3 3061 5743 5744
3 5743 1445 5744
3 1445 5743 5742
3 781 5745 5743
3 5743 5745 5742
3 5745 1444 5742
3 781 3067 5745
3 202 5740 3067
3 3067 5740 5745
3 5740 1444 5745
3 55 5744 5707
3 1445 5746 5744
3 5744 5746 5707
3 5746 1437 5707
3 366 5747 5741
3 1446 5748 5747
3 5747 5748 5741
3 5748 1445 5741
3 1445 5748 5746
3 1446 5749 5748
3 5748 5749 5746
3 5749 1437 5746
3 1446 5750 5749
3 365 5711 5750
3 5750 5711 5749
3 5711 1437 5749
3 82 5751 5729
3 1447 5752 5751
3 5751 5752 5729
3 5752 1442 5729
3 367 5753 5755
3 1448 5754 5753
3 5753 5754 5755
3 5754 1447 5755
3 1447 5754 5752
3 1448 5756 5754
3 5754 5756 5752
3 5756 1442 5752
3 1448 5757 5756
3 366 5733 5757
3 5757 5733 5756
3 5733 1442 5756
3 366 5757 5747
3 1448 5758 5757
3 5757 5758 5747
3 5758 1446 5747
3 367 5759 5753
3 1449 5760 5759
3 5759 5760 5753
3 5760 1448 5753
3 1448 5760 5758
3 1449 5761 5760
3 5760 5761 5758
3 5761 1446 5758
3 1449 5762 5761
3 365 5750 5762
3 5762 5750 5761
3 5750 1446 5761
3 367 5763 5759
3 1450 5764 5763
3 5763 5764 5759
3 5764 1449 5759
3 94 5722 5766
3 1440 5765 5722
3 5722 5765 5766
3 5765 1450 5766
3 1450 5765 5764
3 1440 5767 5765
3 5765 5767 5764
3 5767 1449 5764
3 1440 5719 5767
3 365 5762 5719
3 5719 5762 5767
3 5762 1449 5767
3 82 4848 5751
3 1225 5768 4848
3 4848 5768 5751
3 5768 1447 5751
3 313 5769 4845
3 1451 5770 5769
3 5769 5770 4845
3 5770 1225 4845
3 1225 5770 5768
3 1451 5771 5770
3 5770 5771 5768
3 5771 1447 5768
3 1451 5772 5771
3 367 5755 5772
3 5772 5755 5771
3 5755 1447 5771
3 22 5688 4831
3 1434 5773 5688
3 5688 5773 4831
3 5773 1221 4831
3 364 5774 5693
3 1452 5775 5774
3 5774 5775 5693
3 5775 1434 5693
3 1434 5775 5773
3 1452 5776 5775
3 5775 5776 5773
3 5776 1221 5773
3 1452 5777 5776
3 313 4836 5777
3 5777 4836 5776
3 4836 1221 5776
3 313 5777 5769
3 1452 5778 5777
3 5777 5778 5769
3 5778 1451 5769
3 364 5779 5774
3 1453 5780 5779
3 5779 5780 5774
3 5780 1452 5774
3 1452 5780 5778
3 1453 5781 5780
3 5780 5781 5778
3 5781 1451 5778
3 1453 5782 5781
3 367 5772 5782
3 5782 5772 5781
3 5772 1451 5781
3 364 5684 5779
3 1431 5783 5684
3 5684 5783 5779
3 5783 1453 5779
3 94 5766 5680
3 1450 5784 5766
3 5766 5784 5680
3 5784 1431 5680
3 1431 5784 5783
3 1450 5785 5784
3 5784 5785 5783
3 5785 1453 5783
3 1450 5763 5785
3 367 5782 5763
3 5763 5782 5785
3 5782 1453 5785
3 4 3223 5126
3 821 5786 3223
3 3223 5786 5126
3 5786 1292 5126
3 214 5787 3228
3 1454 5788 5787
3 5787 5788 3228
3 5788 821 3228
3 821 5788 5786
3 1454 5789 5788
3 5788 5789 5786
3 5789 1292 5786
3 1454 5790 5789
3 329 5130 5790
3 5790 5130 5789
3 5130 1292 5789
3 59 5791 3243
3 1455 5792 5791
3 5791 5792 3243
3 5792 826 3243
3 368 5793 5795
3 1456 5794 5793
3 5793 5794 5795
3 5794 1455 5795
3 1455 5794 5792
3 1456 5796 5794
3 5794 5796 5792
3 5796 826 5792
3 1456 5797 5796
3 214 3247 5797
3 5797 3247 5796
3 3247 826 5796
3 214 5797 5787
3 1456 5798 5797
3 5797 5798 5787
3 5798 1454 5787
3 368 5799 5793
3 1457 5800 5799
3 5799 5800 5793
3 5800 1456 5793
3 1456 5800 5798
3 1457 5801 5800
3 5800 5801 5798
3 5801 1454 5798
3 1457 5802 5801
3 329 5790 5802
3 5802 5790 5801
3 5790 1454 5801
3 368 5803 5799
3 1458 5804 5803
3 5803 5804 5799
3 5804 1457 5799
3 86 5135 5806
3 1296 5805 5135
3 5135 5805 5806
3 5805 1458 5806
3 1458 5805 5804
3 1296 5807 5805
3 5805 5807 5804
3 5807 1457 5804
3 1296 5141 5807
3 329 5802 5141
3 5141 5802 5807
3 5802 1457 5807
3 17 5808 3303
3 1459 5809 5808
3 5808 5809 3303
3 5809 841 3303
3 369 5810 5812
3 1460 5811 5810
3 5810 5811 5812
3 5811 1459 5812
3 1459 5811 5809
3 1460 5813 5811
3 5811 5813 5809
3 5813 841 5809
3 1460 5814 5813
3 219 3308 5814
3 5814 3308 5813
3 3308 841 5813
3 95 5815 5817
3 1461 5816 5815
3 5815 5816 5817
3 5816 1463 5817
3 370 5818 5820
3 1462 5819 5818
3 5818 5819 5820
3 5819 1461 5820
3 1461 5819 5816
3 1462 5821 5819
3 5819 5821 5816
3 5821 1463 5816
3 1462 5822 5821
3 369 5823 5822
3 5822 5823 5821
3 5823 1463 5821
3 369 5822 5810
3 1462 5824 5822
3 5822 5824 5810
3 5824 1460 5810
3 370 5825 5818
3 1464 5826 5825
3 5825 5826 5818
3 5826 1462 5818
3 1462 5826 5824
3 1464 5827 5826
3 5826 5827 5824
3 5827 1460 5824
3 1464 5828 5827
3 219 5814 5828
3 5828 5814 5827
3 5814 1460 5827
3 370 5829 5825
3 1465 5830 5829
3 5829 5830 5825
3 5830 1464 5825
3 59 3320 5832
3 845 5831 3320
3 3320 5831 5832
3 5831 1465 5832
3 1465 5831 5830
3 845 5833 5831
3 5831 5833 5830
3 5833 1464 5830
3 845 3317 5833
3 219 5828 3317
3 3317 5828 5833
3 5828 1464 5833
3 59 5832 5791
3 1465 5834 5832
3 5832 5834 5791
3 5834 1455 5791
3 370 5835 5829
3 1466 5836 5835
3 5835 5836 5829
3 5836 1465 5829
3 1465 5836 5834
3 1466 5837 5836
3 5836 5837 5834
3 5837 1455 5834
3 1466 5838 5837
3 368 5795 5838
3 5838 5795 5837
3 5795 1455 5837
3 95 5839 5815
3 1467 5840 5839
3 5839 5840 5815
3 5840 1461 5815
3 371 5841 5843
3 1468 5842 5841
3 5841 5842 5843
3 5842 1467 5843
3 1467 5842 5840
3 1468 5844 5842
3 5842 5844 5840
3 5844 1461 5840
3 1468 5845 5844
3 370 5820 5845
3 5845 5820 5844
3 5820 1461 5844
3 370 5845 5835
3 1468 5846 5845
3 5845 5846 5835
3 5846 1466 5835
3 371 5847 5841
3 1469 5848 5847
3 5847 5848 5841
3 5848 1468 5841
3 1468 5848 5846
3 1469 5849 5848
3 5848 5849 5846
3 5849 1466 5846
3 1469 5850 5849
3 368 5838 5850
3 5850 5838 5849
3 5838 1466 5849
3 371 5851 5847
3 1470 5852 5851
3 5851 5852 5847
3 5852 1469 5847
3 86 5806 5854
3 1458 5853 5806
3 5806 5853 5854
3 5853 1470 5854
3 1470 5853 5852
3 1458 5855 5853
3 5853 5855 5852
3 5855 1469 5852
3 1458 5803 5855
3 368 5850 5803
3 5803 5850 5855
3 5850 1469 5855
3 95 5856 5839
3 1471 5857 5856
3 5856 5857 5839
3 5857 1467 5839
3 372 5858 5860
3 1472 5859 5858
3 5858 5859 5860
3 5859 1471 5860
3 1471 5859 5857
3 1472 5861 5859
3 5859 5861 5857
3 5861 1467 5857
3 1472 5862 5861
3 371 5843 5862
3 5862 5843 5861
3 5843 1467 5861
3 24 5154 5864
3 1301 5863 5154
3 5154 5863 5864
3 5863 1474 5864
3 333 5865 5160
3 1473 5866 5865
3 5865 5866 5160
3 5866 1301 5160
3 1301 5866 5863
3 1473 5867 5866
3 5866 5867 5863
3 5867 1474 5863
3 1473 5868 5867
3 372 5869 5868
3 5868 5869 5867
3 5869 1474 5867
3 372 5868 5858
3 1473 5870 5868
3 5868 5870 5858
3 5870 1472 5858
3 333 5871 5865
3 1475 5872 5871
3 5871 5872 5865
3 5872 1473 5865
3 1473 5872 5870
3 1475 5873 5872
3 5872 5873 5870
3 5873 1472 5870
3 1475 5874 5873
3 371 5862 5874
3 5874 5862 5873
3 5862 1472 5873
3 333 5181 5871
3 1307 5875 5181
3 5181 5875 5871
3 5875 1475 5871
3 86 5854 5177
3 1470 5876 5854
3 5854 5876 5177
3 5876 1307 5177
3 1307 5876 5875
3 1470 5877 5876
3 5876 5877 5875
3 5877 1475 5875
3 1470 5851 5877
3 371 5874 5851
3 5851 5874 5877
3 5874 1475 5877
3 5 5511 3122
3 1389 5878 5511
3 5511 5878 3122
3 5878 794 3122
3 354 5879 5516
3 1476 5880 5879
3 5879 5880 5516
3 5880 1389 5516
3 1389 5880 5878
3 1476 5881 5880
3 5880 5881 5878
3 5881 794 5878
3 1476 5882 5881
3 206 3126 5882
3 5882 3126 5881
3 3126 794 5881
3 93 5883 5531
3 1477 5884 5883
3 5883 5884 5531
3 5884 1394 5531
3 373 5885 5887
3 1478 5886 5885
3 5885 5886 5887
3 5886 1477 5887
3 1477 5886 5884
3 1478 5888 5886
3 5886 5888 5884
3 5888 1394 5884
3 1478 5889 5888
3 354 5535 5889
3 5889 5535 5888
3 5535 1394 5888
3 354 5889 5879
3 1478 5890 5889
3 5889 5890 5879
3 5890 1476 5879
3 373 5891 5885
3 1479 5892 5891
3 5891 5892 5885
3 5892 1478 5885
3 1478 5892 5890
3 1479 5893 5892
3 5892 5893 5890
3 5893 1476 5890
3 1479 5894 5893
3 206 5882 5894
3 5894 5882 5893
3 5882 1476 5893
3 373 5895 5891
3 1480 5896 5895
3 5895 5896 5891
3 5896 1479 5891
3 56 3131 5898
3 798 5897 3131
3 3131 5897 5898
3 5897 1480 5898
3 1480 5897 5896
3 798 5899 5897
3 5897 5899 5896
3 5899 1479 5896
3 798 3137 5899
3 206 5894 3137
3 3137 5894 5899
3 5894 1479 5899
3 25 5900 5591
3 1481 5901 5900
3 5900 5901 5591
3 5901 1409 5591
3 374 5902 5904
3 1482 5903 5902
3 5902 5903 5904
3 5903 1481 5904
3 1481 5903 5901
3 1482 5905 5903
3 5903 5905 5901
3 5905 1409 5901
3 1482 5906 5905
3 359 5596 5906
3 5906 5596 5905
3 5596 1409 5905
3 96 5907 5909
3 1483 5908 5907
3 5907 5908 5909
3 5908 1485 5909
3 375 5910 5912
3 1484 5911 5910
3 5910 5911 5912
3 5911 1483 5912
3 1483 5911 5908
3 1484 5913 5911
3 5911 5913 5908
3 5913 1485 5908
3 1484 5914 5913
3 374 5915 5914
3 5914 5915 5913
3 5915 1485 5913
3 374 5914 5902
3 1484 5916 5914
3 5914 5916 5902
3 5916 1482 5902
3 375 5917 5910
3 1486 5918 5917
3 5917 5918 5910
3 5918 1484 5910
3 1484 5918 5916
3 1486 5919 5918
3 5918 5919 5916
3 5919 1482 5916
3 1486 5920 5919
3 359 5906 5920
3 5920 5906 5919
3 5906 1482 5919
3 375 5921 5917
3 1487 5922 5921
3 5921 5922 5917
3 5922 1486 5917
3 93 5608 5924
3 1413 5923 5608
3 5608 5923 5924
3 5923 1487 5924
3 1487 5923 5922
3 1413 5925 5923
3 5923 5925 5922
3 5925 1486 5922
3 1413 5605 5925
3 359 5920 5605
3 5605 5920 5925
3 5920 1486 5925
3 93 5924 5883
3 1487 5926 5924
3 5924 5926 5883
3 5926 1477 5883
3 375 5927 5921
3 1488 5928 5927
3 5927 5928 5921
3 5928 1487 5921
3 1487 5928 5926
3 1488 5929 5928
3 5928 5929 5926
3 5929 1477 5926
3 1488 5930 5929
3 373 5887 5930
3 5930 5887 5929
3 5887 1477 5929
3 96 5931 5907
3 1489 5932 5931
3 5931 5932 5907
3 5932 1483 5907
3 376 5933 5935
3 1490 5934 5933
3 5933 5934 5935
3 5934 1489 5935
3 1489 5934 5932
3 1490 5936 5934
3 5934 5936 5932
3 5936 1483 5932
3 1490 5937 5936
3 375 5912 5937
3 5937 5912 5936
3 5912 1483 5936
3 375 5937 5927
3 1490 5938 5937
3 5937 5938 5927
3 5938 1488 5927
3 376 5939 5933
3 1491 5940 5939
3 5939 5940 5933
3 5940 1490 5933
3 1490 5940 5938
3 1491 5941 5940
3 5940 5941 5938
3 5941 1488 5938
3 1491 5942 5941
3 373 5930 5942
3 5942 5930 5941
3 5930 1488 5941
3 376 5943 5939
3 1492 5944 5943
3 5943 5944 5939
3 5944 1491 5939
3 56 5898 5946
3 1480 5945 5898
3 5898 5945 5946
3 5945 1492 5946
3 1492 5945 5944
3 1480 5947 5945
3 5945 5947 5944
3 5947 1491 5944
3 1480 5895 5947
3 373 5942 5895
3 5895 5942 5947
3 5942 1491 5947
3 96 5948 5931
3 1493 5949 5948
3 5948 5949 5931
3 5949 1489 5931
3 377 5950 5952
3 1494 5951 5950
3 5950 5951 5952
3 5951 1493 5952
3 1493 5951 5949
3 1494 5953 5951
3 5951 5953 5949
3 5953 1489 5949
3 1494 5954 5953
3 376 5935 5954
3 5954 5935 5953
3 5935 1489 5953
3 17 3150 5956
3 803 5955 3150
3 3150 5955 5956
3 5955 1496 5956
3 210 5957 3156
3 1495 5958 5957
3 5957 5958 3156
3 5958 803 3156
3 803 5958 5955
3 1495 5959 5958
3 5958 5959 5955
3 5959 1496 5955
3 1495 5960 5959
3 377 5961 5960
3 5960 5961 5959
3 5961 1496 5959
3 377 5960 5950
3 1495 5962 5960
3 5960 5962 5950
3 5962 1494 5950
3 210 5963 5957
3 1497 5964 5963
3 5963 5964 5957
3 5964 1495 5957
3 1495 5964 5962
3 1497 5965 5964
3 5964 5965 5962
3 5965 1494 5962
3 1497 5966 5965
3 376 5954 5966
3 5966 5954 5965
3 5954 1494 5965
3 210 3177 5963
3 809 5967 3177
3 3177 5967 5963
3 5967 1497 5963
3 56 5946 3173
3 1492 5968 5946
3 5946 5968 3173
3 5968 809 3173
3 809 5968 5967
3 1492 5969 5968
3 5968 5969 5967
3 5969 1497 5967
3 1492 5943 5969
3 376 5966 5943
3 5943 5966 5969
3 5966 1497 5969
3 17 5956 5808
3 1496 5970 5956
3 5956 5970 5808
3 5970 1459 5808
3 377 5971 5961
3 1498 5972 5971
3 5971 5972 5961
3 5972 1496 5961
3 1496 5972 5970
3 1498 5973 5972
3 5972 5973 5970
3 5973 1459 5970
3 1498 5974 5973
3 369 5812 5974
3 5974 5812 5973
3 5812 1459 5973
3 96 5975 5948
3 1499 5976 5975
3 5975 5976 5948
3 5976 1493 5948
3 378 5977 5979
3 1500 5978 5977
3 5977 5978 5979
3 5978 1499 5979
3 1499 5978 5976
3 1500 5980 5978
3 5978 5980 5976
3 5980 1493 5976
3 1500 5981 5980
3 377 5952 5981
3 5981 5952 5980
3 5952 1493 5980
3 377 5981 5971
3 1500 5982 5981
3 5981 5982 5971
3 5982 1498 5971
3 378 5983 5977
3 1501 5984 5983
3 5983 5984 5977
3 5984 1500 5977
3 1500 5984 5982
3 1501 5985 5984
3 5984 5985 5982
3 5985 1498 5982
3 1501 5986 5985
3 369 5974 5986
3 5986 5974 5985
3 5974 1498 5985
3 378 5987 5983
3 1502 5988 5987
3 5987 5988 5983
3 5988 1501 5983
3 95 5817 5990
3 1463 5989 5817
3 5817 5989 5990
3 5989 1502 5990
3 1502 5989 5988
3 1463 5991 5989
3 5989 5991 5988
3 5991 1501 5988
3 1463 5823 5991
3 369 5986 5823
3 5823 5986 5991
3 5986 1501 5991
3 25 5992 5900
3 1503 5993 5992
3 5992 5993 5900
3 5993 1481 5900
3 379 5994 5996
3 1504 5995 5994
3 5994 5995 5996
3 5995 1503 5996
3 1503 5995 5993
3 1504 5997 5995
3 5995 5997 5993
3 5997 1481 5993
3 1504 5998 5997
3 374 5904 5998
3 5998 5904 5997
3 5904 1481 5997
3 97 5999 6001
3 1505 6000 5999
3 5999 6000 6001
3 6000 1507 6001
3 380 6002 6004
3 1506 6003 6002
3 6002 6003 6004
3 6003 1505 6004
3 1505 6003 6000
3 1506 6005 6003
3 6003 6005 6000
3 6005 1507 6000
3 1506 6006 6005
3 379 6007 6006
3 6006 6007 6005
3 6007 1507 6005
3 379 6006 5994
3 1506 6008 6006
3 6006 6008 5994
3 6008 1504 5994
3 380 6009 6002
3 1508 6010 6009
3 6009 6010 6002
3 6010 1506 6002
3 1506 6010 6008
3 1508 6011 6010
3 6010 6011 6008
3 6011 1504 6008
3 1508 6012 6011
3 374 5998 6012
3 6012 5998 6011
3 5998 1504 6011
3 380 6013 6009
3 1509 6014 6013
3 6013 6014 6009
3 6014 1508 6009
3 96 5909 6016
3 1485 6015 5909
3 5909 6015 6016
3 6015 1509 6016
3 1509 6015 6014
3 1485 6017 6015
3 6015 6017 6014
3 6017 1508 6014
3 1485 5915 6017
3 374 6012 5915
3 5915 6012 6017
3 6012 1508 6017
3 96 6016 5975
3 1509 6018 6016
3 6016 6018 5975
3 6018 1499 5975
3 380 6019 6013
3 1510 6020 6019
3 6019 6020 6013
3 6020 1509 6013
3 1509 6020 6018
3 1510 6021 6020
3 6020 6021 6018
3 6021 1499 6018
3 1510 6022 6021
3 378 5979 6022
3 6022 5979 6021
3 5979 1499 6021
3 97 6023 5999
3 1511 6024 6023
3 6023 6024 5999
3 6024 1505 5999
3 381 6025 6027
3 1512 6026 6025
3 6025 6026 6027
3 6026 1511 6027
3 1511 6026 6024
3 1512 6028 6026
3 6026 6028 6024
3 6028 1505 6024
3 1512 6029 6028
3 380 6004 6029
3 6029 6004 6028
3 6004 1505 6028
3 380 6029 6019
3 1512 6030 6029
3 6029 6030 6019
3 6030 1510 6019
3 381 6031 6025
3 1513 6032 6031
3 6031 6032 6025
3 6032 1512 6025
3 1512 6032 6030
3 1513 6033 6032
3 6032 6033 6030
3 6033 1510 6030
3 1513 6034 6033
3 378 6022 6034
3 6034 6022 6033
3 6022 1510 6033
3 381 6035 6031
3 1514 6036 6035
3 6035 6036 6031
3 6036 1513 6031
3 95 5990 6038
3 1502 6037 5990
3 5990 6037 6038
3 6037 1514 6038
3 1514 6037 6036
3 1502 6039 6037
3 6037 6039 6036
3 6039 1513 6036
3 1502 5987 6039
3 378 6034 5987
3 5987 6034 6039
3 6034 1513 6039
3 97 6040 6023
3 1515 6041 6040
3 6040 6041 6023
3 6041 1511 6023
3 382 6042 6044
3 1516 6043 6042
3 6042 6043 6044
3 6043 1515 6044
3 1515 6043 6041
3 1516 6045 6043
3 6043 6045 6041
3 6045 1511 6041
3 1516 6046 6045
3 381 6027 6046
3 6046 6027 6045
3 6027 1511 6045
3 24 5864 6048
3 1474 6047 5864
3 5864 6047 6048
3 6047 1518 6048
3 372 6049 5869
3 1517 6050 6049
3 6049 6050 5869
3 6050 1474 5869
3 1474 6050 6047
3 1517 6051 6050
3 6050 6051 6047
3 6051 1518 6047
3 1517 6052 6051
3 382 6053 6052
3 6052 6053 6051
3 6053 1518 6051
3 382 6052 6042
3 1517 6054 6052
3 6052 6054 6042
3 6054 1516 6042
3 372 6055 6049
3 1519 6056 6055
3 6055 6056 6049
3 6056 1517 6049
3 1517 6056 6054
3 1519 6057 6056
3 6056 6057 6054
3 6057 1516 6054
3 1519 6058 6057
3 381 6046 6058
3 6058 6046 6057
3 6046 1516 6057
3 372 5860 6055
3 1471 6059 5860
3 5860 6059 6055
3 6059 1519 6055
3 95 6038 5856
3 1514 6060 6038
3 6038 6060 5856
3 6060 1471 5856
3 1471 6060 6059
3 1514 6061 6060
3 6060 6061 6059
3 6061 1519 6059
3 1514 6035 6061
3 381 6058 6035
3 6035 6058 6061
3 6058 1519 6061
3 25 5438 5992
3 1371 6062 5438
3 5438 6062 5992
3 6062 1503 5992
3 350 6063 5444
3 1520 6064 6063
3 6063 6064 5444
3 6064 1371 5444
3 1371 6064 6062
3 1520 6065 6064
3 6064 6065 6062
3 6065 1503 6062
3 1520 6066 6065
3 379 5996 6066
3 6066 5996 6065
3 5996 1503 6065
3 90 6067 5461
3 1521 6068 6067
3 6067 6068 5461
3 6068 1377 5461
3 383 6069 6071
3 1522 6070 6069
3 6069 6070 6071
3 6070 1521 6071
3 1521 6070 6068
3 1522 6072 6070
3 6070 6072 6068
3 6072 1377 6068
3 1522 6073 6072
3 350 5465 6073
3 6073 5465 6072
3 5465 1377 6072
3 350 6073 6063
3 1522 6074 6073
3 6073 6074 6063
3 6074 1520 6063
3 383 6075 6069
3 1523 6076 6075
3 6075 6076 6069
3 6076 1522 6069
3 1522 6076 6074
3 1523 6077 6076
3 6076 6077 6074
3 6077 1520 6074
3 1523 6078 6077
3 379 6066 6078
3 6078 6066 6077
3 6066 1520 6077
3 383 6079 6075
3 1524 6080 6079
3 6079 6080 6075
3 6080 1523 6075
3 97 6001 6082
3 1507 6081 6001
3 6001 6081 6082
3 6081 1524 6082
3 1524 6081 6080
3 1507 6083 6081
3 6081 6083 6080
3 6083 1523 6080
3 1507 6007 6083
3 379 6078 6007
3 6007 6078 6083
3 6078 1523 6083
3 7 5345 5410
3 1348 6084 5345
3 5345 6084 5410
3 6084 1362 5410
3 344 6085 5350
3 1525 6086 6085
3 6085 6086 5350
3 6086 1348 5350
3 1348 6086 6084
3 1525 6087 6086
3 6086 6087 6084
3 6087 1362 6084
3 1525 6088 6087
3 346 5414 6088
3 6088 5414 6087
3 5414 1362 6087
3 89 6089 5365
3 1526 6090 6089
3 6089 6090 5365
3 6090 1353 5365
3 384 6091 6093
3 1527 6092 6091
3 6091 6092 6093
3 6092 1526 6093
3 1526 6092 6090
3 1527 6094 6092
3 6092 6094 6090
3 6094 1353 6090
3 1527 6095 6094
3 344 5369 6095
3 6095 5369 6094
3 5369 1353 6094
3 344 6095 6085
3 1527 6096 6095
3 6095 6096 6085
3 6096 1525 6085
3 384 6097 6091
3 1528 6098 6097
3 6097 6098 6091
3 6098 1527 6091
3 1527 6098 6096
3 1528 6099 6098
3 6098 6099 6096
3 6099 1525 6096
3 1528 6100 6099
3 346 6088 6100
3 6100 6088 6099
3 6088 1525 6099
3 384 6101 6097
3 1529 6102 6101
3 6101 6102 6097
3 6102 1528 6097
3 90 5419 6104
3 1366 6103 5419
3 5419 6103 6104
3 6103 1529 6104
3 1529 6103 6102
3 1366 6105 6103
3 6103 6105 6102
3 6105 1528 6102
3 1366 5425 6105
3 346 6100 5425
3 5425 6100 6105
3 6100 1528 6105
3 90 6104 6067
3 1529 6106 6104
3 6104 6106 6067
3 6106 1521 6067
3 384 6107 6101
3 1530 6108 6107
3 6107 6108 6101
3 6108 1529 6101
3 1529 6108 6106
3 1530 6109 6108
3 6108 6109 6106
3 6109 1521 6106
3 1530 6110 6109
3 383 6071 6110
3 6110 6071 6109
3 6071 1521 6109
3 89 6111 6089
3 1531 6112 6111
3 6111 6112 6089
3 6112 1526 6089
3 385 6113 6115
3 1532 6114 6113
3 6113 6114 6115
3 6114 1531 6115
3 1531 6114 6112
3 1532 6116 6114
3 6114 6116 6112
3 6116 1526 6112
3 1532 6117 6116
3 384 6093 6117
3 6117 6093 6116
3 6093 1526 6116
3 384 6117 6107
3 1532 6118 6117
3 6117 6118 6107
3 6118 1530 6107
3 385 6119 6113
3 1533 6120 6119
3 6119 6120 6113
3 6120 1532 6113
3 1532 6120 6118
3 1533 6121 6120
3 6120 6121 6118
3 6121 1530 6118
3 1533 6122 6121
3 383 6110 6122
3 6122 6110 6121
3 6110 1530 6121
3 385 6123 6119
3 1534 6124 6123
3 6123 6124 6119
3 6124 1533 6119
3 97 6082 6126
3 1524 6125 6082
3 6082 6125 6126
3 6125 1534 6126
3 1534 6125 6124
3 1524 6127 6125
3 6125 6127 6124
3 6127 1533 6124
3 1524 6079 6127
3 383 6122 6079
3 6079 6122 6127
3 6122 1533 6127
3 89 5327 6111
3 1344 6128 5327
3 5327 6128 6111
3 6128 1531 6111
3 341 6129 5333
3 1535 6130 6129
3 6129 6130 5333
3 6130 1344 5333
3 1344 6130 6128
3 1535 6131 6130
3 6130 6131 6128
3 6131 1531 6128
3 1535 6132 6131
3 385 6115 6132
3 6132 6115 6131
3 6115 1531 6131
3 24 6048 5318
3 1518 6133 6048
3 6048 6133 5318
3 6133 1340 5318
3 382 6134 6053
3 1536 6135 6134
3 6134 6135 6053
3 6135 1518 6053
3 1518 6135 6133
3 1536 6136 6135
3 6135 6136 6133
3 6136 1340 6133
3 1536 6137 6136
3 341 5322 6137
3 6137 5322 6136
3 5322 1340 6136
3 341 6137 6129
3 1536 6138 6137
3 6137 6138 6129
3 6138 1535 6129
3 382 6139 6134
3 1537 6140 6139
3 6139 6140 6134
3 6140 1536 6134
3 1536 6140 6138
3 1537 6141 6140
3 6140 6141 6138
3 6141 1535 6138
3 1537 6142 6141
3 385 6132 6142
3 6142 6132 6141
3 6132 1535 6141
3 382 6044 6139
3 1515 6143 6044
3 6044 6143 6139
3 6143 1537 6139
3 97 6126 6040
3 1534 6144 6126
3 6126 6144 6040
3 6144 1515 6040
3 1515 6144 6143
3 1534 6145 6144
3 6144 6145 6143
3 6145 1537 6143
3 1534 6123 6145
3 385 6142 6123
3 6123 6142 6145
3 6142 1537 6145
